{"centroid": [295.0, 304.0], "heading": [[-0.6545996618544285, 0.7559757156814417], [-0.7559757156814417, -0.6545996618544285]]}