{"centroid": [381.0, 319.0], "heading": [[-0.7947439435093647, 0.6069448609677682], [-0.6069448609677682, -0.7947439435093647]]}