{"centroid": [268.0, 316.0], "heading": [[0.01383950490610352, 0.9999042294659793], [-0.9999042294659793, 0.01383950490610352]]}