{"centroid": [1003.790196777354, 1041.0738326576557], "heading": [[0.0, 1.0], [-1.0, 0.0]]}