{"cam_to_proj": [[0.7695981651105136, 2.1804823065352408, -30.593964768994173], [-1.8259395705659038, -2.4936949428646367, 1847.66050674211], [4.70833632882403e-15, -6.991802969924521e-15, 0.9999999999999996]], "proj_to_cam": [[-1.2091897511393266, -1.0573133113818782, 1916.5621400476352], [0.8853959548130027, 0.3731772470466023, -662.4170887345922], [1.1883786100151694e-14, 7.587368459137226e-15, 0.9999999999863451]]}