{"cam_to_proj": [[-0.002500670814326337, -0.45304755705955335, 1471.5565994078675], [-0.4566500639477512, 0.004406435321788527, 514.9203107963394], [-4.919034723582279e-19, 1.3010426069826053e-18, 1.0]], "proj_to_cam": [[-0.021297908329684773, -2.189744007255074, 1158.8847423363359], [-2.207156236383338, 0.012086653695535436, 3241.7316620967395], [2.8611277887407554e-18, -1.0928679321781268e-18, 0.9999999999999964]]}