{"cam_to_proj": [[-0.006703898774111059, -0.4451625940666313, 1463.0174992854163], [-0.447585426096538, 0.0007721340723028103, 487.26942892435164], [-5.127961577105405e-19, 4.336808689942018e-18, 0.9999999999999994]], "proj_to_cam": [[-0.003875134968206291, -2.2341523275419544, 1094.3035190419582], [-2.246311875291454, 0.033645079908807815, 3269.9993635307596], [9.739837706761627e-18, -1.291577004225887e-18, 0.9999999999999869]]}