{"cam_to_proj": [[3.890636546925149, 0.005950943956765209, -65.47865069388224], [-0.06617479239275097, -3.8728241593314205, 1936.6169325779945], [6.0656483719340755e-18, -5.204170427930421e-18, 1.0000000000000004]], "proj_to_cam": [[0.25703406732374123, 0.00039495604930510857, 16.065365338010675], [-0.004391930886413488, -0.25821625124007896, 499.7783867099672], [-1.5819346288344315e-18, -1.3461970432321236e-18, 1.0000000000000022]]}