{"cam_to_proj": [[-0.003159991347475814, -0.43725461362527085, 1453.2667704989285], [-0.43382913937439044, 0.001022944859673025, 479.3384699461777], [4.580341255992339e-19, -8.673617379884035e-19, 1.0000000000000002]], "proj_to_cam": [[-0.0053925192475868956, -2.305015659224449, 1112.7194483264216], [-2.286958052643509, 0.01665809647737496, 3315.575276954069], [-1.9811499534091027e-18, 1.0702244274776066e-18, 1.0000000000000022]]}