{"cam_to_proj": [[-0.007830088284973462, -0.4313049278147818, 1455.671201044816], [-0.44399609794325234, 0.003045425974713467, 483.8688399375495], [6.868244078717178e-15, -6.8252695162307475e-15, 0.9999999999999998]], "proj_to_cam": [[-0.015901218235288894, -2.2519916203802564, 1112.8155183491162], [-2.318256592026781, 0.04088358859440537, 3354.8370630600284], [-1.5713512600372464e-14, 1.5746269622944917e-14, 1.000000000015255]]}