{"cam_to_proj": [[-0.0010614241505127534, -0.16553516481358854, 1448.1309063053372], [-0.16679400562318492, 0.0010514808476408954, 467.47057424061006], [8.632282220507517e-17, -8.782037597132586e-17, 0.9999999999999994]], "proj_to_cam": [[-0.038081417675111646, -5.995176959311237, 2857.7156937345517], [-6.040768320075228, 0.03844153367129474, 8729.853016311105], [-5.272152495773955e-16, 5.208965446865147e-16, 1.0000000000005205]]}