{"cam_to_proj": [[-0.007937502712342764, -0.42555874645443303, 1446.7512186482506], [-0.43729962513091464, 0.0005755947744043866, 481.75430884946377], [-1.6596424858233657e-19, -1.734723475976807e-18, 1.0]], "proj_to_cam": [[-0.003092911935026045, -2.286705481862153, 1106.104893067952], [-2.349794143192885, 0.04265152841019791, 3379.0199826462], [-4.076756376714732e-18, -3.0552274940689995e-19, 1.000000000000006]]}