{"cam_to_proj": [[-3.0315306361307786e-05, -0.4273214665930465, 1447.436835967054], [-0.4334411286556771, 0.0037917506389928413, 479.34548895718905], [-3.554673437763149e-19, 1.3010426069826053e-18, 1.0000000000000004]], "proj_to_cam": [[-0.02047173590357602, -2.307116960715207, 1135.5376522584795], [-2.3401571359516677, 0.00016367293230524905, 3387.151184645839], [3.037367107323369e-18, -8.203176832652578e-19, 0.9999999999999956]]}