{"cam_to_proj": [[0.004550665278423736, -0.39371582356244383, 1472.7915585746393], [-0.3936544211438372, 0.007751865860118112, 488.4898029674182], [2.810246857327956e-15, -2.8878809066323896e-15, 1.0]], "proj_to_cam": [[-0.05002730470643255, -2.54087748997828, 1314.8725365137132], [-2.540481224449597, -0.02936809309658646, 3755.945316097011], [-7.196018145914227e-15, 7.05568142574897e-15, 1.0000000000071516]]}