ISO-10303-21;
HEADER;
FILE_DESCRIPTION(('FreeCAD Model'),'2;1');
FILE_NAME('Open CASCADE Shape Model','2026-05-25T12:24:36',('Author'),(
    ''),'Open CASCADE STEP processor 7.8','FreeCAD','Unknown');
FILE_SCHEMA(('AUTOMOTIVE_DESIGN { 1 0 10303 214 1 1 1 1 }'));
ENDSEC;
DATA;
#1 = APPLICATION_PROTOCOL_DEFINITION('international standard',
  'automotive_design',2000,#2);
#2 = APPLICATION_CONTEXT(
  'core data for automotive mechanical design processes');
#3 = SHAPE_DEFINITION_REPRESENTATION(#4,#10);
#4 = PRODUCT_DEFINITION_SHAPE('','',#5);
#5 = PRODUCT_DEFINITION('design','',#6,#9);
#6 = PRODUCT_DEFINITION_FORMATION('','',#7);
#7 = PRODUCT('Fillet','Fillet','',(#8));
#8 = PRODUCT_CONTEXT('',#2,'mechanical');
#9 = PRODUCT_DEFINITION_CONTEXT('part definition',#2,'design');
#10 = ADVANCED_BREP_SHAPE_REPRESENTATION('',(#11,#15),#2099);
#11 = AXIS2_PLACEMENT_3D('',#12,#13,#14);
#12 = CARTESIAN_POINT('',(0.,0.,0.));
#13 = DIRECTION('',(0.,0.,1.));
#14 = DIRECTION('',(1.,0.,-0.));
#15 = MANIFOLD_SOLID_BREP('',#16);
#16 = CLOSED_SHELL('',(#17,#57,#124,#149,#174,#667,#684,#701,#718,#735,
    #747,#776,#799,#822,#839,#868,#891,#914,#931,#960,#983,#1006,#1023,
    #1052,#1075,#1098,#1115,#1144,#1167,#1190,#1207,#1236,#1259,#1282,
    #1299,#1328,#1351,#1374,#1391,#1420,#1443,#1466,#1483,#1512,#1535,
    #1558,#1575,#1604,#1627,#1650,#1667,#1696,#1719,#1742,#1759,#1788,
    #1811,#1834,#1851,#1880,#1903,#1926,#1943,#1955,#1967,#1979,#1991,
    #2003,#2015,#2027,#2039,#2051,#2063,#2075,#2087));
#17 = ADVANCED_FACE('',(#18),#52,.F.);
#18 = FACE_BOUND('',#19,.F.);
#19 = EDGE_LOOP('',(#20,#30,#38,#46));
#20 = ORIENTED_EDGE('',*,*,#21,.F.);
#21 = EDGE_CURVE('',#22,#24,#26,.T.);
#22 = VERTEX_POINT('',#23);
#23 = CARTESIAN_POINT('',(-37.5,35.5,0.));
#24 = VERTEX_POINT('',#25);
#25 = CARTESIAN_POINT('',(-37.5,-35.5,0.));
#26 = LINE('',#27,#28);
#27 = CARTESIAN_POINT('',(-37.5,37.5,0.));
#28 = VECTOR('',#29,1.);
#29 = DIRECTION('',(0.,-1.,0.));
#30 = ORIENTED_EDGE('',*,*,#31,.T.);
#31 = EDGE_CURVE('',#22,#32,#34,.T.);
#32 = VERTEX_POINT('',#33);
#33 = CARTESIAN_POINT('',(-37.5,35.5,4.));
#34 = LINE('',#35,#36);
#35 = CARTESIAN_POINT('',(-37.5,35.5,0.));
#36 = VECTOR('',#37,1.);
#37 = DIRECTION('',(0.,0.,1.));
#38 = ORIENTED_EDGE('',*,*,#39,.T.);
#39 = EDGE_CURVE('',#32,#40,#42,.T.);
#40 = VERTEX_POINT('',#41);
#41 = CARTESIAN_POINT('',(-37.5,-35.5,4.));
#42 = LINE('',#43,#44);
#43 = CARTESIAN_POINT('',(-37.5,37.5,4.));
#44 = VECTOR('',#45,1.);
#45 = DIRECTION('',(0.,-1.,0.));
#46 = ORIENTED_EDGE('',*,*,#47,.F.);
#47 = EDGE_CURVE('',#24,#40,#48,.T.);
#48 = LINE('',#49,#50);
#49 = CARTESIAN_POINT('',(-37.5,-35.5,0.));
#50 = VECTOR('',#51,1.);
#51 = DIRECTION('',(0.,0.,1.));
#52 = PLANE('',#53);
#53 = AXIS2_PLACEMENT_3D('',#54,#55,#56);
#54 = CARTESIAN_POINT('',(-37.5,37.5,0.));
#55 = DIRECTION('',(1.,0.,0.));
#56 = DIRECTION('',(0.,-1.,0.));
#57 = ADVANCED_FACE('',(#58),#119,.F.);
#58 = FACE_BOUND('',#59,.F.);
#59 = EDGE_LOOP('',(#60,#61,#70,#78,#87,#95,#104,#112));
#60 = ORIENTED_EDGE('',*,*,#21,.T.);
#61 = ORIENTED_EDGE('',*,*,#62,.T.);
#62 = EDGE_CURVE('',#24,#63,#65,.T.);
#63 = VERTEX_POINT('',#64);
#64 = CARTESIAN_POINT('',(-35.5,-37.5,0.));
#65 = CIRCLE('',#66,2.);
#66 = AXIS2_PLACEMENT_3D('',#67,#68,#69);
#67 = CARTESIAN_POINT('',(-35.5,-35.5,0.));
#68 = DIRECTION('',(0.,0.,1.));
#69 = DIRECTION('',(0.,-1.,0.));
#70 = ORIENTED_EDGE('',*,*,#71,.T.);
#71 = EDGE_CURVE('',#63,#72,#74,.T.);
#72 = VERTEX_POINT('',#73);
#73 = CARTESIAN_POINT('',(35.5,-37.5,0.));
#74 = LINE('',#75,#76);
#75 = CARTESIAN_POINT('',(-37.5,-37.5,0.));
#76 = VECTOR('',#77,1.);
#77 = DIRECTION('',(1.,0.,0.));
#78 = ORIENTED_EDGE('',*,*,#79,.T.);
#79 = EDGE_CURVE('',#72,#80,#82,.T.);
#80 = VERTEX_POINT('',#81);
#81 = CARTESIAN_POINT('',(37.5,-35.5,0.));
#82 = CIRCLE('',#83,2.);
#83 = AXIS2_PLACEMENT_3D('',#84,#85,#86);
#84 = CARTESIAN_POINT('',(35.5,-35.5,0.));
#85 = DIRECTION('',(0.,0.,1.));
#86 = DIRECTION('',(0.,-1.,0.));
#87 = ORIENTED_EDGE('',*,*,#88,.T.);
#88 = EDGE_CURVE('',#80,#89,#91,.T.);
#89 = VERTEX_POINT('',#90);
#90 = CARTESIAN_POINT('',(37.5,35.5,0.));
#91 = LINE('',#92,#93);
#92 = CARTESIAN_POINT('',(37.5,-37.5,0.));
#93 = VECTOR('',#94,1.);
#94 = DIRECTION('',(0.,1.,0.));
#95 = ORIENTED_EDGE('',*,*,#96,.F.);
#96 = EDGE_CURVE('',#97,#89,#99,.T.);
#97 = VERTEX_POINT('',#98);
#98 = CARTESIAN_POINT('',(35.5,37.5,0.));
#99 = CIRCLE('',#100,2.);
#100 = AXIS2_PLACEMENT_3D('',#101,#102,#103);
#101 = CARTESIAN_POINT('',(35.5,35.5,0.));
#102 = DIRECTION('',(-0.,-0.,-1.));
#103 = DIRECTION('',(0.,-1.,0.));
#104 = ORIENTED_EDGE('',*,*,#105,.T.);
#105 = EDGE_CURVE('',#97,#106,#108,.T.);
#106 = VERTEX_POINT('',#107);
#107 = CARTESIAN_POINT('',(-35.5,37.5,0.));
#108 = LINE('',#109,#110);
#109 = CARTESIAN_POINT('',(37.5,37.5,0.));
#110 = VECTOR('',#111,1.);
#111 = DIRECTION('',(-1.,0.,0.));
#112 = ORIENTED_EDGE('',*,*,#113,.F.);
#113 = EDGE_CURVE('',#22,#106,#114,.T.);
#114 = CIRCLE('',#115,2.);
#115 = AXIS2_PLACEMENT_3D('',#116,#117,#118);
#116 = CARTESIAN_POINT('',(-35.5,35.5,0.));
#117 = DIRECTION('',(-0.,-0.,-1.));
#118 = DIRECTION('',(0.,-1.,0.));
#119 = PLANE('',#120);
#120 = AXIS2_PLACEMENT_3D('',#121,#122,#123);
#121 = CARTESIAN_POINT('',(0.,-1.515824502955E-15,0.));
#122 = DIRECTION('',(0.,0.,1.));
#123 = DIRECTION('',(1.,0.,0.));
#124 = ADVANCED_FACE('',(#125),#144,.T.);
#125 = FACE_BOUND('',#126,.F.);
#126 = EDGE_LOOP('',(#127,#128,#136,#143));
#127 = ORIENTED_EDGE('',*,*,#113,.T.);
#128 = ORIENTED_EDGE('',*,*,#129,.T.);
#129 = EDGE_CURVE('',#106,#130,#132,.T.);
#130 = VERTEX_POINT('',#131);
#131 = CARTESIAN_POINT('',(-35.5,37.5,4.));
#132 = LINE('',#133,#134);
#133 = CARTESIAN_POINT('',(-35.5,37.5,0.));
#134 = VECTOR('',#135,1.);
#135 = DIRECTION('',(0.,0.,1.));
#136 = ORIENTED_EDGE('',*,*,#137,.F.);
#137 = EDGE_CURVE('',#32,#130,#138,.T.);
#138 = CIRCLE('',#139,2.);
#139 = AXIS2_PLACEMENT_3D('',#140,#141,#142);
#140 = CARTESIAN_POINT('',(-35.5,35.5,4.));
#141 = DIRECTION('',(-0.,-0.,-1.));
#142 = DIRECTION('',(0.,-1.,0.));
#143 = ORIENTED_EDGE('',*,*,#31,.F.);
#144 = CYLINDRICAL_SURFACE('',#145,2.);
#145 = AXIS2_PLACEMENT_3D('',#146,#147,#148);
#146 = CARTESIAN_POINT('',(-35.5,35.5,0.));
#147 = DIRECTION('',(0.,0.,1.));
#148 = DIRECTION('',(-1.,0.,0.));
#149 = ADVANCED_FACE('',(#150),#169,.T.);
#150 = FACE_BOUND('',#151,.T.);
#151 = EDGE_LOOP('',(#152,#153,#161,#168));
#152 = ORIENTED_EDGE('',*,*,#62,.T.);
#153 = ORIENTED_EDGE('',*,*,#154,.T.);
#154 = EDGE_CURVE('',#63,#155,#157,.T.);
#155 = VERTEX_POINT('',#156);
#156 = CARTESIAN_POINT('',(-35.5,-37.5,4.));
#157 = LINE('',#158,#159);
#158 = CARTESIAN_POINT('',(-35.5,-37.5,0.));
#159 = VECTOR('',#160,1.);
#160 = DIRECTION('',(0.,0.,1.));
#161 = ORIENTED_EDGE('',*,*,#162,.F.);
#162 = EDGE_CURVE('',#40,#155,#163,.T.);
#163 = CIRCLE('',#164,2.);
#164 = AXIS2_PLACEMENT_3D('',#165,#166,#167);
#165 = CARTESIAN_POINT('',(-35.5,-35.5,4.));
#166 = DIRECTION('',(0.,0.,1.));
#167 = DIRECTION('',(0.,-1.,0.));
#168 = ORIENTED_EDGE('',*,*,#47,.F.);
#169 = CYLINDRICAL_SURFACE('',#170,2.);
#170 = AXIS2_PLACEMENT_3D('',#171,#172,#173);
#171 = CARTESIAN_POINT('',(-35.5,-35.5,0.));
#172 = DIRECTION('',(0.,0.,1.));
#173 = DIRECTION('',(-1.,0.,0.));
#174 = ADVANCED_FACE('',(#175,#220,#254,#288,#322,#356,#390,#424,#458,
    #492,#526,#560,#594,#628),#662,.T.);
#175 = FACE_BOUND('',#176,.T.);
#176 = EDGE_LOOP('',(#177,#178,#179,#187,#196,#204,#213,#219));
#177 = ORIENTED_EDGE('',*,*,#39,.T.);
#178 = ORIENTED_EDGE('',*,*,#162,.T.);
#179 = ORIENTED_EDGE('',*,*,#180,.T.);
#180 = EDGE_CURVE('',#155,#181,#183,.T.);
#181 = VERTEX_POINT('',#182);
#182 = CARTESIAN_POINT('',(35.5,-37.5,4.));
#183 = LINE('',#184,#185);
#184 = CARTESIAN_POINT('',(-37.5,-37.5,4.));
#185 = VECTOR('',#186,1.);
#186 = DIRECTION('',(1.,0.,0.));
#187 = ORIENTED_EDGE('',*,*,#188,.T.);
#188 = EDGE_CURVE('',#181,#189,#191,.T.);
#189 = VERTEX_POINT('',#190);
#190 = CARTESIAN_POINT('',(37.5,-35.5,4.));
#191 = CIRCLE('',#192,2.);
#192 = AXIS2_PLACEMENT_3D('',#193,#194,#195);
#193 = CARTESIAN_POINT('',(35.5,-35.5,4.));
#194 = DIRECTION('',(0.,0.,1.));
#195 = DIRECTION('',(0.,-1.,0.));
#196 = ORIENTED_EDGE('',*,*,#197,.T.);
#197 = EDGE_CURVE('',#189,#198,#200,.T.);
#198 = VERTEX_POINT('',#199);
#199 = CARTESIAN_POINT('',(37.5,35.5,4.));
#200 = LINE('',#201,#202);
#201 = CARTESIAN_POINT('',(37.5,-37.5,4.));
#202 = VECTOR('',#203,1.);
#203 = DIRECTION('',(0.,1.,0.));
#204 = ORIENTED_EDGE('',*,*,#205,.F.);
#205 = EDGE_CURVE('',#206,#198,#208,.T.);
#206 = VERTEX_POINT('',#207);
#207 = CARTESIAN_POINT('',(35.5,37.5,4.));
#208 = CIRCLE('',#209,2.);
#209 = AXIS2_PLACEMENT_3D('',#210,#211,#212);
#210 = CARTESIAN_POINT('',(35.5,35.5,4.));
#211 = DIRECTION('',(-0.,-0.,-1.));
#212 = DIRECTION('',(0.,-1.,0.));
#213 = ORIENTED_EDGE('',*,*,#214,.T.);
#214 = EDGE_CURVE('',#206,#130,#215,.T.);
#215 = LINE('',#216,#217);
#216 = CARTESIAN_POINT('',(37.5,37.5,4.));
#217 = VECTOR('',#218,1.);
#218 = DIRECTION('',(-1.,0.,0.));
#219 = ORIENTED_EDGE('',*,*,#137,.F.);
#220 = FACE_BOUND('',#221,.T.);
#221 = EDGE_LOOP('',(#222,#232,#240,#248));
#222 = ORIENTED_EDGE('',*,*,#223,.F.);
#223 = EDGE_CURVE('',#224,#226,#228,.T.);
#224 = VERTEX_POINT('',#225);
#225 = CARTESIAN_POINT('',(-25.,25.,4.));
#226 = VERTEX_POINT('',#227);
#227 = CARTESIAN_POINT('',(-25.,-25.,4.));
#228 = LINE('',#229,#230);
#229 = CARTESIAN_POINT('',(-25.,25.,4.));
#230 = VECTOR('',#231,1.);
#231 = DIRECTION('',(0.,-1.,0.));
#232 = ORIENTED_EDGE('',*,*,#233,.F.);
#233 = EDGE_CURVE('',#234,#224,#236,.T.);
#234 = VERTEX_POINT('',#235);
#235 = CARTESIAN_POINT('',(-23.,25.,4.));
#236 = LINE('',#237,#238);
#237 = CARTESIAN_POINT('',(-23.,25.,4.));
#238 = VECTOR('',#239,1.);
#239 = DIRECTION('',(-1.,0.,0.));
#240 = ORIENTED_EDGE('',*,*,#241,.F.);
#241 = EDGE_CURVE('',#242,#234,#244,.T.);
#242 = VERTEX_POINT('',#243);
#243 = CARTESIAN_POINT('',(-23.,-25.,4.));
#244 = LINE('',#245,#246);
#245 = CARTESIAN_POINT('',(-23.,-25.,4.));
#246 = VECTOR('',#247,1.);
#247 = DIRECTION('',(0.,1.,0.));
#248 = ORIENTED_EDGE('',*,*,#249,.F.);
#249 = EDGE_CURVE('',#226,#242,#250,.T.);
#250 = LINE('',#251,#252);
#251 = CARTESIAN_POINT('',(-25.,-25.,4.));
#252 = VECTOR('',#253,1.);
#253 = DIRECTION('',(1.,0.,0.));
#254 = FACE_BOUND('',#255,.T.);
#255 = EDGE_LOOP('',(#256,#266,#274,#282));
#256 = ORIENTED_EDGE('',*,*,#257,.F.);
#257 = EDGE_CURVE('',#258,#260,#262,.T.);
#258 = VERTEX_POINT('',#259);
#259 = CARTESIAN_POINT('',(-21.,25.,4.));
#260 = VERTEX_POINT('',#261);
#261 = CARTESIAN_POINT('',(-21.,-25.,4.));
#262 = LINE('',#263,#264);
#263 = CARTESIAN_POINT('',(-21.,25.,4.));
#264 = VECTOR('',#265,1.);
#265 = DIRECTION('',(0.,-1.,0.));
#266 = ORIENTED_EDGE('',*,*,#267,.F.);
#267 = EDGE_CURVE('',#268,#258,#270,.T.);
#268 = VERTEX_POINT('',#269);
#269 = CARTESIAN_POINT('',(-19.,25.,4.));
#270 = LINE('',#271,#272);
#271 = CARTESIAN_POINT('',(-19.,25.,4.));
#272 = VECTOR('',#273,1.);
#273 = DIRECTION('',(-1.,0.,0.));
#274 = ORIENTED_EDGE('',*,*,#275,.F.);
#275 = EDGE_CURVE('',#276,#268,#278,.T.);
#276 = VERTEX_POINT('',#277);
#277 = CARTESIAN_POINT('',(-19.,-25.,4.));
#278 = LINE('',#279,#280);
#279 = CARTESIAN_POINT('',(-19.,-25.,4.));
#280 = VECTOR('',#281,1.);
#281 = DIRECTION('',(0.,1.,0.));
#282 = ORIENTED_EDGE('',*,*,#283,.F.);
#283 = EDGE_CURVE('',#260,#276,#284,.T.);
#284 = LINE('',#285,#286);
#285 = CARTESIAN_POINT('',(-21.,-25.,4.));
#286 = VECTOR('',#287,1.);
#287 = DIRECTION('',(1.,0.,0.));
#288 = FACE_BOUND('',#289,.T.);
#289 = EDGE_LOOP('',(#290,#300,#308,#316));
#290 = ORIENTED_EDGE('',*,*,#291,.F.);
#291 = EDGE_CURVE('',#292,#294,#296,.T.);
#292 = VERTEX_POINT('',#293);
#293 = CARTESIAN_POINT('',(-17.,25.,4.));
#294 = VERTEX_POINT('',#295);
#295 = CARTESIAN_POINT('',(-17.,-25.,4.));
#296 = LINE('',#297,#298);
#297 = CARTESIAN_POINT('',(-17.,25.,4.));
#298 = VECTOR('',#299,1.);
#299 = DIRECTION('',(0.,-1.,0.));
#300 = ORIENTED_EDGE('',*,*,#301,.F.);
#301 = EDGE_CURVE('',#302,#292,#304,.T.);
#302 = VERTEX_POINT('',#303);
#303 = CARTESIAN_POINT('',(-15.,25.,4.));
#304 = LINE('',#305,#306);
#305 = CARTESIAN_POINT('',(-15.,25.,4.));
#306 = VECTOR('',#307,1.);
#307 = DIRECTION('',(-1.,0.,0.));
#308 = ORIENTED_EDGE('',*,*,#309,.F.);
#309 = EDGE_CURVE('',#310,#302,#312,.T.);
#310 = VERTEX_POINT('',#311);
#311 = CARTESIAN_POINT('',(-15.,-25.,4.));
#312 = LINE('',#313,#314);
#313 = CARTESIAN_POINT('',(-15.,-25.,4.));
#314 = VECTOR('',#315,1.);
#315 = DIRECTION('',(0.,1.,0.));
#316 = ORIENTED_EDGE('',*,*,#317,.F.);
#317 = EDGE_CURVE('',#294,#310,#318,.T.);
#318 = LINE('',#319,#320);
#319 = CARTESIAN_POINT('',(-17.,-25.,4.));
#320 = VECTOR('',#321,1.);
#321 = DIRECTION('',(1.,0.,0.));
#322 = FACE_BOUND('',#323,.T.);
#323 = EDGE_LOOP('',(#324,#334,#342,#350));
#324 = ORIENTED_EDGE('',*,*,#325,.F.);
#325 = EDGE_CURVE('',#326,#328,#330,.T.);
#326 = VERTEX_POINT('',#327);
#327 = CARTESIAN_POINT('',(-13.,25.,4.));
#328 = VERTEX_POINT('',#329);
#329 = CARTESIAN_POINT('',(-13.,-25.,4.));
#330 = LINE('',#331,#332);
#331 = CARTESIAN_POINT('',(-13.,25.,4.));
#332 = VECTOR('',#333,1.);
#333 = DIRECTION('',(0.,-1.,0.));
#334 = ORIENTED_EDGE('',*,*,#335,.F.);
#335 = EDGE_CURVE('',#336,#326,#338,.T.);
#336 = VERTEX_POINT('',#337);
#337 = CARTESIAN_POINT('',(-11.,25.,4.));
#338 = LINE('',#339,#340);
#339 = CARTESIAN_POINT('',(-11.,25.,4.));
#340 = VECTOR('',#341,1.);
#341 = DIRECTION('',(-1.,0.,0.));
#342 = ORIENTED_EDGE('',*,*,#343,.F.);
#343 = EDGE_CURVE('',#344,#336,#346,.T.);
#344 = VERTEX_POINT('',#345);
#345 = CARTESIAN_POINT('',(-11.,-25.,4.));
#346 = LINE('',#347,#348);
#347 = CARTESIAN_POINT('',(-11.,-25.,4.));
#348 = VECTOR('',#349,1.);
#349 = DIRECTION('',(0.,1.,0.));
#350 = ORIENTED_EDGE('',*,*,#351,.F.);
#351 = EDGE_CURVE('',#328,#344,#352,.T.);
#352 = LINE('',#353,#354);
#353 = CARTESIAN_POINT('',(-13.,-25.,4.));
#354 = VECTOR('',#355,1.);
#355 = DIRECTION('',(1.,0.,0.));
#356 = FACE_BOUND('',#357,.T.);
#357 = EDGE_LOOP('',(#358,#368,#376,#384));
#358 = ORIENTED_EDGE('',*,*,#359,.F.);
#359 = EDGE_CURVE('',#360,#362,#364,.T.);
#360 = VERTEX_POINT('',#361);
#361 = CARTESIAN_POINT('',(-9.,25.,4.));
#362 = VERTEX_POINT('',#363);
#363 = CARTESIAN_POINT('',(-9.,-25.,4.));
#364 = LINE('',#365,#366);
#365 = CARTESIAN_POINT('',(-9.,25.,4.));
#366 = VECTOR('',#367,1.);
#367 = DIRECTION('',(0.,-1.,0.));
#368 = ORIENTED_EDGE('',*,*,#369,.F.);
#369 = EDGE_CURVE('',#370,#360,#372,.T.);
#370 = VERTEX_POINT('',#371);
#371 = CARTESIAN_POINT('',(-7.,25.,4.));
#372 = LINE('',#373,#374);
#373 = CARTESIAN_POINT('',(-7.,25.,4.));
#374 = VECTOR('',#375,1.);
#375 = DIRECTION('',(-1.,0.,0.));
#376 = ORIENTED_EDGE('',*,*,#377,.F.);
#377 = EDGE_CURVE('',#378,#370,#380,.T.);
#378 = VERTEX_POINT('',#379);
#379 = CARTESIAN_POINT('',(-7.,-25.,4.));
#380 = LINE('',#381,#382);
#381 = CARTESIAN_POINT('',(-7.,-25.,4.));
#382 = VECTOR('',#383,1.);
#383 = DIRECTION('',(0.,1.,0.));
#384 = ORIENTED_EDGE('',*,*,#385,.F.);
#385 = EDGE_CURVE('',#362,#378,#386,.T.);
#386 = LINE('',#387,#388);
#387 = CARTESIAN_POINT('',(-9.,-25.,4.));
#388 = VECTOR('',#389,1.);
#389 = DIRECTION('',(1.,0.,0.));
#390 = FACE_BOUND('',#391,.T.);
#391 = EDGE_LOOP('',(#392,#402,#410,#418));
#392 = ORIENTED_EDGE('',*,*,#393,.F.);
#393 = EDGE_CURVE('',#394,#396,#398,.T.);
#394 = VERTEX_POINT('',#395);
#395 = CARTESIAN_POINT('',(-5.,25.,4.));
#396 = VERTEX_POINT('',#397);
#397 = CARTESIAN_POINT('',(-5.,-25.,4.));
#398 = LINE('',#399,#400);
#399 = CARTESIAN_POINT('',(-5.,25.,4.));
#400 = VECTOR('',#401,1.);
#401 = DIRECTION('',(0.,-1.,0.));
#402 = ORIENTED_EDGE('',*,*,#403,.F.);
#403 = EDGE_CURVE('',#404,#394,#406,.T.);
#404 = VERTEX_POINT('',#405);
#405 = CARTESIAN_POINT('',(-3.,25.,4.));
#406 = LINE('',#407,#408);
#407 = CARTESIAN_POINT('',(-3.,25.,4.));
#408 = VECTOR('',#409,1.);
#409 = DIRECTION('',(-1.,0.,0.));
#410 = ORIENTED_EDGE('',*,*,#411,.F.);
#411 = EDGE_CURVE('',#412,#404,#414,.T.);
#412 = VERTEX_POINT('',#413);
#413 = CARTESIAN_POINT('',(-3.,-25.,4.));
#414 = LINE('',#415,#416);
#415 = CARTESIAN_POINT('',(-3.,-25.,4.));
#416 = VECTOR('',#417,1.);
#417 = DIRECTION('',(0.,1.,0.));
#418 = ORIENTED_EDGE('',*,*,#419,.F.);
#419 = EDGE_CURVE('',#396,#412,#420,.T.);
#420 = LINE('',#421,#422);
#421 = CARTESIAN_POINT('',(-5.,-25.,4.));
#422 = VECTOR('',#423,1.);
#423 = DIRECTION('',(1.,0.,0.));
#424 = FACE_BOUND('',#425,.T.);
#425 = EDGE_LOOP('',(#426,#436,#444,#452));
#426 = ORIENTED_EDGE('',*,*,#427,.F.);
#427 = EDGE_CURVE('',#428,#430,#432,.T.);
#428 = VERTEX_POINT('',#429);
#429 = CARTESIAN_POINT('',(-1.,25.,4.));
#430 = VERTEX_POINT('',#431);
#431 = CARTESIAN_POINT('',(-1.,-25.,4.));
#432 = LINE('',#433,#434);
#433 = CARTESIAN_POINT('',(-1.,25.,4.));
#434 = VECTOR('',#435,1.);
#435 = DIRECTION('',(0.,-1.,0.));
#436 = ORIENTED_EDGE('',*,*,#437,.F.);
#437 = EDGE_CURVE('',#438,#428,#440,.T.);
#438 = VERTEX_POINT('',#439);
#439 = CARTESIAN_POINT('',(1.,25.,4.));
#440 = LINE('',#441,#442);
#441 = CARTESIAN_POINT('',(1.,25.,4.));
#442 = VECTOR('',#443,1.);
#443 = DIRECTION('',(-1.,0.,0.));
#444 = ORIENTED_EDGE('',*,*,#445,.F.);
#445 = EDGE_CURVE('',#446,#438,#448,.T.);
#446 = VERTEX_POINT('',#447);
#447 = CARTESIAN_POINT('',(1.,-25.,4.));
#448 = LINE('',#449,#450);
#449 = CARTESIAN_POINT('',(1.,-25.,4.));
#450 = VECTOR('',#451,1.);
#451 = DIRECTION('',(0.,1.,0.));
#452 = ORIENTED_EDGE('',*,*,#453,.F.);
#453 = EDGE_CURVE('',#430,#446,#454,.T.);
#454 = LINE('',#455,#456);
#455 = CARTESIAN_POINT('',(-1.,-25.,4.));
#456 = VECTOR('',#457,1.);
#457 = DIRECTION('',(1.,0.,0.));
#458 = FACE_BOUND('',#459,.T.);
#459 = EDGE_LOOP('',(#460,#470,#478,#486));
#460 = ORIENTED_EDGE('',*,*,#461,.F.);
#461 = EDGE_CURVE('',#462,#464,#466,.T.);
#462 = VERTEX_POINT('',#463);
#463 = CARTESIAN_POINT('',(3.,25.,4.));
#464 = VERTEX_POINT('',#465);
#465 = CARTESIAN_POINT('',(3.,-25.,4.));
#466 = LINE('',#467,#468);
#467 = CARTESIAN_POINT('',(3.,25.,4.));
#468 = VECTOR('',#469,1.);
#469 = DIRECTION('',(0.,-1.,0.));
#470 = ORIENTED_EDGE('',*,*,#471,.F.);
#471 = EDGE_CURVE('',#472,#462,#474,.T.);
#472 = VERTEX_POINT('',#473);
#473 = CARTESIAN_POINT('',(5.,25.,4.));
#474 = LINE('',#475,#476);
#475 = CARTESIAN_POINT('',(5.,25.,4.));
#476 = VECTOR('',#477,1.);
#477 = DIRECTION('',(-1.,0.,0.));
#478 = ORIENTED_EDGE('',*,*,#479,.F.);
#479 = EDGE_CURVE('',#480,#472,#482,.T.);
#480 = VERTEX_POINT('',#481);
#481 = CARTESIAN_POINT('',(5.,-25.,4.));
#482 = LINE('',#483,#484);
#483 = CARTESIAN_POINT('',(5.,-25.,4.));
#484 = VECTOR('',#485,1.);
#485 = DIRECTION('',(0.,1.,0.));
#486 = ORIENTED_EDGE('',*,*,#487,.F.);
#487 = EDGE_CURVE('',#464,#480,#488,.T.);
#488 = LINE('',#489,#490);
#489 = CARTESIAN_POINT('',(3.,-25.,4.));
#490 = VECTOR('',#491,1.);
#491 = DIRECTION('',(1.,0.,0.));
#492 = FACE_BOUND('',#493,.T.);
#493 = EDGE_LOOP('',(#494,#504,#512,#520));
#494 = ORIENTED_EDGE('',*,*,#495,.F.);
#495 = EDGE_CURVE('',#496,#498,#500,.T.);
#496 = VERTEX_POINT('',#497);
#497 = CARTESIAN_POINT('',(7.,25.,4.));
#498 = VERTEX_POINT('',#499);
#499 = CARTESIAN_POINT('',(7.,-25.,4.));
#500 = LINE('',#501,#502);
#501 = CARTESIAN_POINT('',(7.,25.,4.));
#502 = VECTOR('',#503,1.);
#503 = DIRECTION('',(0.,-1.,0.));
#504 = ORIENTED_EDGE('',*,*,#505,.F.);
#505 = EDGE_CURVE('',#506,#496,#508,.T.);
#506 = VERTEX_POINT('',#507);
#507 = CARTESIAN_POINT('',(9.,25.,4.));
#508 = LINE('',#509,#510);
#509 = CARTESIAN_POINT('',(9.,25.,4.));
#510 = VECTOR('',#511,1.);
#511 = DIRECTION('',(-1.,0.,0.));
#512 = ORIENTED_EDGE('',*,*,#513,.F.);
#513 = EDGE_CURVE('',#514,#506,#516,.T.);
#514 = VERTEX_POINT('',#515);
#515 = CARTESIAN_POINT('',(9.,-25.,4.));
#516 = LINE('',#517,#518);
#517 = CARTESIAN_POINT('',(9.,-25.,4.));
#518 = VECTOR('',#519,1.);
#519 = DIRECTION('',(0.,1.,0.));
#520 = ORIENTED_EDGE('',*,*,#521,.F.);
#521 = EDGE_CURVE('',#498,#514,#522,.T.);
#522 = LINE('',#523,#524);
#523 = CARTESIAN_POINT('',(7.,-25.,4.));
#524 = VECTOR('',#525,1.);
#525 = DIRECTION('',(1.,0.,0.));
#526 = FACE_BOUND('',#527,.T.);
#527 = EDGE_LOOP('',(#528,#538,#546,#554));
#528 = ORIENTED_EDGE('',*,*,#529,.F.);
#529 = EDGE_CURVE('',#530,#532,#534,.T.);
#530 = VERTEX_POINT('',#531);
#531 = CARTESIAN_POINT('',(11.,25.,4.));
#532 = VERTEX_POINT('',#533);
#533 = CARTESIAN_POINT('',(11.,-25.,4.));
#534 = LINE('',#535,#536);
#535 = CARTESIAN_POINT('',(11.,25.,4.));
#536 = VECTOR('',#537,1.);
#537 = DIRECTION('',(0.,-1.,0.));
#538 = ORIENTED_EDGE('',*,*,#539,.F.);
#539 = EDGE_CURVE('',#540,#530,#542,.T.);
#540 = VERTEX_POINT('',#541);
#541 = CARTESIAN_POINT('',(13.,25.,4.));
#542 = LINE('',#543,#544);
#543 = CARTESIAN_POINT('',(13.,25.,4.));
#544 = VECTOR('',#545,1.);
#545 = DIRECTION('',(-1.,0.,0.));
#546 = ORIENTED_EDGE('',*,*,#547,.F.);
#547 = EDGE_CURVE('',#548,#540,#550,.T.);
#548 = VERTEX_POINT('',#549);
#549 = CARTESIAN_POINT('',(13.,-25.,4.));
#550 = LINE('',#551,#552);
#551 = CARTESIAN_POINT('',(13.,-25.,4.));
#552 = VECTOR('',#553,1.);
#553 = DIRECTION('',(0.,1.,0.));
#554 = ORIENTED_EDGE('',*,*,#555,.F.);
#555 = EDGE_CURVE('',#532,#548,#556,.T.);
#556 = LINE('',#557,#558);
#557 = CARTESIAN_POINT('',(11.,-25.,4.));
#558 = VECTOR('',#559,1.);
#559 = DIRECTION('',(1.,0.,0.));
#560 = FACE_BOUND('',#561,.T.);
#561 = EDGE_LOOP('',(#562,#572,#580,#588));
#562 = ORIENTED_EDGE('',*,*,#563,.F.);
#563 = EDGE_CURVE('',#564,#566,#568,.T.);
#564 = VERTEX_POINT('',#565);
#565 = CARTESIAN_POINT('',(15.,25.,4.));
#566 = VERTEX_POINT('',#567);
#567 = CARTESIAN_POINT('',(15.,-25.,4.));
#568 = LINE('',#569,#570);
#569 = CARTESIAN_POINT('',(15.,25.,4.));
#570 = VECTOR('',#571,1.);
#571 = DIRECTION('',(0.,-1.,0.));
#572 = ORIENTED_EDGE('',*,*,#573,.F.);
#573 = EDGE_CURVE('',#574,#564,#576,.T.);
#574 = VERTEX_POINT('',#575);
#575 = CARTESIAN_POINT('',(17.,25.,4.));
#576 = LINE('',#577,#578);
#577 = CARTESIAN_POINT('',(17.,25.,4.));
#578 = VECTOR('',#579,1.);
#579 = DIRECTION('',(-1.,0.,0.));
#580 = ORIENTED_EDGE('',*,*,#581,.F.);
#581 = EDGE_CURVE('',#582,#574,#584,.T.);
#582 = VERTEX_POINT('',#583);
#583 = CARTESIAN_POINT('',(17.,-25.,4.));
#584 = LINE('',#585,#586);
#585 = CARTESIAN_POINT('',(17.,-25.,4.));
#586 = VECTOR('',#587,1.);
#587 = DIRECTION('',(0.,1.,0.));
#588 = ORIENTED_EDGE('',*,*,#589,.F.);
#589 = EDGE_CURVE('',#566,#582,#590,.T.);
#590 = LINE('',#591,#592);
#591 = CARTESIAN_POINT('',(15.,-25.,4.));
#592 = VECTOR('',#593,1.);
#593 = DIRECTION('',(1.,0.,0.));
#594 = FACE_BOUND('',#595,.T.);
#595 = EDGE_LOOP('',(#596,#606,#614,#622));
#596 = ORIENTED_EDGE('',*,*,#597,.F.);
#597 = EDGE_CURVE('',#598,#600,#602,.T.);
#598 = VERTEX_POINT('',#599);
#599 = CARTESIAN_POINT('',(19.,25.,4.));
#600 = VERTEX_POINT('',#601);
#601 = CARTESIAN_POINT('',(19.,-25.,4.));
#602 = LINE('',#603,#604);
#603 = CARTESIAN_POINT('',(19.,25.,4.));
#604 = VECTOR('',#605,1.);
#605 = DIRECTION('',(0.,-1.,0.));
#606 = ORIENTED_EDGE('',*,*,#607,.F.);
#607 = EDGE_CURVE('',#608,#598,#610,.T.);
#608 = VERTEX_POINT('',#609);
#609 = CARTESIAN_POINT('',(21.,25.,4.));
#610 = LINE('',#611,#612);
#611 = CARTESIAN_POINT('',(21.,25.,4.));
#612 = VECTOR('',#613,1.);
#613 = DIRECTION('',(-1.,0.,0.));
#614 = ORIENTED_EDGE('',*,*,#615,.F.);
#615 = EDGE_CURVE('',#616,#608,#618,.T.);
#616 = VERTEX_POINT('',#617);
#617 = CARTESIAN_POINT('',(21.,-25.,4.));
#618 = LINE('',#619,#620);
#619 = CARTESIAN_POINT('',(21.,-25.,4.));
#620 = VECTOR('',#621,1.);
#621 = DIRECTION('',(0.,1.,0.));
#622 = ORIENTED_EDGE('',*,*,#623,.F.);
#623 = EDGE_CURVE('',#600,#616,#624,.T.);
#624 = LINE('',#625,#626);
#625 = CARTESIAN_POINT('',(19.,-25.,4.));
#626 = VECTOR('',#627,1.);
#627 = DIRECTION('',(1.,0.,0.));
#628 = FACE_BOUND('',#629,.T.);
#629 = EDGE_LOOP('',(#630,#640,#648,#656));
#630 = ORIENTED_EDGE('',*,*,#631,.F.);
#631 = EDGE_CURVE('',#632,#634,#636,.T.);
#632 = VERTEX_POINT('',#633);
#633 = CARTESIAN_POINT('',(23.,25.,4.));
#634 = VERTEX_POINT('',#635);
#635 = CARTESIAN_POINT('',(23.,-25.,4.));
#636 = LINE('',#637,#638);
#637 = CARTESIAN_POINT('',(23.,25.,4.));
#638 = VECTOR('',#639,1.);
#639 = DIRECTION('',(0.,-1.,0.));
#640 = ORIENTED_EDGE('',*,*,#641,.F.);
#641 = EDGE_CURVE('',#642,#632,#644,.T.);
#642 = VERTEX_POINT('',#643);
#643 = CARTESIAN_POINT('',(25.,25.,4.));
#644 = LINE('',#645,#646);
#645 = CARTESIAN_POINT('',(25.,25.,4.));
#646 = VECTOR('',#647,1.);
#647 = DIRECTION('',(-1.,0.,0.));
#648 = ORIENTED_EDGE('',*,*,#649,.F.);
#649 = EDGE_CURVE('',#650,#642,#652,.T.);
#650 = VERTEX_POINT('',#651);
#651 = CARTESIAN_POINT('',(25.,-25.,4.));
#652 = LINE('',#653,#654);
#653 = CARTESIAN_POINT('',(25.,-25.,4.));
#654 = VECTOR('',#655,1.);
#655 = DIRECTION('',(0.,1.,0.));
#656 = ORIENTED_EDGE('',*,*,#657,.F.);
#657 = EDGE_CURVE('',#634,#650,#658,.T.);
#658 = LINE('',#659,#660);
#659 = CARTESIAN_POINT('',(23.,-25.,4.));
#660 = VECTOR('',#661,1.);
#661 = DIRECTION('',(1.,0.,0.));
#662 = PLANE('',#663);
#663 = AXIS2_PLACEMENT_3D('',#664,#665,#666);
#664 = CARTESIAN_POINT('',(0.,-1.515824502955E-15,4.));
#665 = DIRECTION('',(0.,0.,1.));
#666 = DIRECTION('',(1.,0.,0.));
#667 = ADVANCED_FACE('',(#668),#679,.F.);
#668 = FACE_BOUND('',#669,.F.);
#669 = EDGE_LOOP('',(#670,#671,#677,#678));
#670 = ORIENTED_EDGE('',*,*,#105,.F.);
#671 = ORIENTED_EDGE('',*,*,#672,.T.);
#672 = EDGE_CURVE('',#97,#206,#673,.T.);
#673 = LINE('',#674,#675);
#674 = CARTESIAN_POINT('',(35.5,37.5,0.));
#675 = VECTOR('',#676,1.);
#676 = DIRECTION('',(0.,0.,1.));
#677 = ORIENTED_EDGE('',*,*,#214,.T.);
#678 = ORIENTED_EDGE('',*,*,#129,.F.);
#679 = PLANE('',#680);
#680 = AXIS2_PLACEMENT_3D('',#681,#682,#683);
#681 = CARTESIAN_POINT('',(37.5,37.5,0.));
#682 = DIRECTION('',(0.,-1.,0.));
#683 = DIRECTION('',(-1.,0.,0.));
#684 = ADVANCED_FACE('',(#685),#696,.F.);
#685 = FACE_BOUND('',#686,.F.);
#686 = EDGE_LOOP('',(#687,#688,#689,#690));
#687 = ORIENTED_EDGE('',*,*,#71,.F.);
#688 = ORIENTED_EDGE('',*,*,#154,.T.);
#689 = ORIENTED_EDGE('',*,*,#180,.T.);
#690 = ORIENTED_EDGE('',*,*,#691,.F.);
#691 = EDGE_CURVE('',#72,#181,#692,.T.);
#692 = LINE('',#693,#694);
#693 = CARTESIAN_POINT('',(35.5,-37.5,0.));
#694 = VECTOR('',#695,1.);
#695 = DIRECTION('',(0.,0.,1.));
#696 = PLANE('',#697);
#697 = AXIS2_PLACEMENT_3D('',#698,#699,#700);
#698 = CARTESIAN_POINT('',(-37.5,-37.5,0.));
#699 = DIRECTION('',(0.,1.,0.));
#700 = DIRECTION('',(1.,0.,0.));
#701 = ADVANCED_FACE('',(#702),#713,.T.);
#702 = FACE_BOUND('',#703,.F.);
#703 = EDGE_LOOP('',(#704,#705,#711,#712));
#704 = ORIENTED_EDGE('',*,*,#96,.T.);
#705 = ORIENTED_EDGE('',*,*,#706,.T.);
#706 = EDGE_CURVE('',#89,#198,#707,.T.);
#707 = LINE('',#708,#709);
#708 = CARTESIAN_POINT('',(37.5,35.5,0.));
#709 = VECTOR('',#710,1.);
#710 = DIRECTION('',(0.,0.,1.));
#711 = ORIENTED_EDGE('',*,*,#205,.F.);
#712 = ORIENTED_EDGE('',*,*,#672,.F.);
#713 = CYLINDRICAL_SURFACE('',#714,2.);
#714 = AXIS2_PLACEMENT_3D('',#715,#716,#717);
#715 = CARTESIAN_POINT('',(35.5,35.5,0.));
#716 = DIRECTION('',(0.,0.,1.));
#717 = DIRECTION('',(-0.,1.,0.));
#718 = ADVANCED_FACE('',(#719),#730,.T.);
#719 = FACE_BOUND('',#720,.T.);
#720 = EDGE_LOOP('',(#721,#722,#728,#729));
#721 = ORIENTED_EDGE('',*,*,#79,.T.);
#722 = ORIENTED_EDGE('',*,*,#723,.T.);
#723 = EDGE_CURVE('',#80,#189,#724,.T.);
#724 = LINE('',#725,#726);
#725 = CARTESIAN_POINT('',(37.5,-35.5,0.));
#726 = VECTOR('',#727,1.);
#727 = DIRECTION('',(0.,0.,1.));
#728 = ORIENTED_EDGE('',*,*,#188,.F.);
#729 = ORIENTED_EDGE('',*,*,#691,.F.);
#730 = CYLINDRICAL_SURFACE('',#731,2.);
#731 = AXIS2_PLACEMENT_3D('',#732,#733,#734);
#732 = CARTESIAN_POINT('',(35.5,-35.5,0.));
#733 = DIRECTION('',(0.,0.,1.));
#734 = DIRECTION('',(0.,-1.,0.));
#735 = ADVANCED_FACE('',(#736),#742,.F.);
#736 = FACE_BOUND('',#737,.F.);
#737 = EDGE_LOOP('',(#738,#739,#740,#741));
#738 = ORIENTED_EDGE('',*,*,#88,.F.);
#739 = ORIENTED_EDGE('',*,*,#723,.T.);
#740 = ORIENTED_EDGE('',*,*,#197,.T.);
#741 = ORIENTED_EDGE('',*,*,#706,.F.);
#742 = PLANE('',#743);
#743 = AXIS2_PLACEMENT_3D('',#744,#745,#746);
#744 = CARTESIAN_POINT('',(37.5,-37.5,0.));
#745 = DIRECTION('',(-1.,0.,0.));
#746 = DIRECTION('',(0.,1.,0.));
#747 = ADVANCED_FACE('',(#748),#771,.T.);
#748 = FACE_BOUND('',#749,.T.);
#749 = EDGE_LOOP('',(#750,#751,#758,#766));
#750 = ORIENTED_EDGE('',*,*,#223,.T.);
#751 = ORIENTED_EDGE('',*,*,#752,.T.);
#752 = EDGE_CURVE('',#226,#753,#755,.T.);
#753 = VERTEX_POINT('',#754);
#754 = CARTESIAN_POINT('',(-24.56362337679,-24.56362337679,29.));
#755 = B_SPLINE_CURVE_WITH_KNOTS('',1,(#756,#757),.UNSPECIFIED.,.F.,.F.,
  (2,2),(0.,1.),.PIECEWISE_BEZIER_KNOTS.);
#756 = CARTESIAN_POINT('',(-25.,-25.,4.));
#757 = CARTESIAN_POINT('',(-24.56362337679,-24.56362337679,29.));
#758 = ORIENTED_EDGE('',*,*,#759,.F.);
#759 = EDGE_CURVE('',#760,#753,#762,.T.);
#760 = VERTEX_POINT('',#761);
#761 = CARTESIAN_POINT('',(-24.56362337679,24.563623376795,29.));
#762 = LINE('',#763,#764);
#763 = CARTESIAN_POINT('',(-24.56362337679,25.,29.));
#764 = VECTOR('',#765,1.);
#765 = DIRECTION('',(0.,-1.,0.));
#766 = ORIENTED_EDGE('',*,*,#767,.F.);
#767 = EDGE_CURVE('',#224,#760,#768,.T.);
#768 = B_SPLINE_CURVE_WITH_KNOTS('',1,(#769,#770),.UNSPECIFIED.,.F.,.F.,
  (2,2),(0.,1.),.PIECEWISE_BEZIER_KNOTS.);
#769 = CARTESIAN_POINT('',(-25.,25.,4.));
#770 = CARTESIAN_POINT('',(-24.56362337679,24.563623376795,29.));
#771 = B_SPLINE_SURFACE_WITH_KNOTS('',1,1,(
    (#772,#773)
    ,(#774,#775
  )),.UNSPECIFIED.,.F.,.F.,.F.,(2,2),(2,2),(0.,50.),(0.,1.),
  .PIECEWISE_BEZIER_KNOTS.);
#772 = CARTESIAN_POINT('',(-25.,25.,4.));
#773 = CARTESIAN_POINT('',(-24.56362337679,24.563623376795,29.));
#774 = CARTESIAN_POINT('',(-25.,-25.,4.));
#775 = CARTESIAN_POINT('',(-24.56362337679,-24.56362337679,29.));
#776 = ADVANCED_FACE('',(#777),#794,.T.);
#777 = FACE_BOUND('',#778,.T.);
#778 = EDGE_LOOP('',(#779,#780,#787,#793));
#779 = ORIENTED_EDGE('',*,*,#249,.T.);
#780 = ORIENTED_EDGE('',*,*,#781,.T.);
#781 = EDGE_CURVE('',#242,#782,#784,.T.);
#782 = VERTEX_POINT('',#783);
#783 = CARTESIAN_POINT('',(-23.4363766232,-24.56362337679,29.));
#784 = B_SPLINE_CURVE_WITH_KNOTS('',1,(#785,#786),.UNSPECIFIED.,.F.,.F.,
  (2,2),(0.,1.),.PIECEWISE_BEZIER_KNOTS.);
#785 = CARTESIAN_POINT('',(-23.,-25.,4.));
#786 = CARTESIAN_POINT('',(-23.4363766232,-24.56362337679,29.));
#787 = ORIENTED_EDGE('',*,*,#788,.F.);
#788 = EDGE_CURVE('',#753,#782,#789,.T.);
#789 = LINE('',#790,#791);
#790 = CARTESIAN_POINT('',(-25.,-24.56362337679,29.));
#791 = VECTOR('',#792,1.);
#792 = DIRECTION('',(1.,0.,0.));
#793 = ORIENTED_EDGE('',*,*,#752,.F.);
#794 = B_SPLINE_SURFACE_WITH_KNOTS('',1,1,(
    (#795,#796)
    ,(#797,#798)),.UNSPECIFIED.,.F.,.F.,.F.,(2,2),(2,2),(0.,2.),(0.,1.),
  .PIECEWISE_BEZIER_KNOTS.);
#795 = CARTESIAN_POINT('',(-25.,-25.,4.));
#796 = CARTESIAN_POINT('',(-24.56362337679,-24.56362337679,29.));
#797 = CARTESIAN_POINT('',(-23.,-25.,4.));
#798 = CARTESIAN_POINT('',(-23.4363766232,-24.56362337679,29.));
#799 = ADVANCED_FACE('',(#800),#817,.T.);
#800 = FACE_BOUND('',#801,.T.);
#801 = EDGE_LOOP('',(#802,#803,#810,#816));
#802 = ORIENTED_EDGE('',*,*,#241,.T.);
#803 = ORIENTED_EDGE('',*,*,#804,.T.);
#804 = EDGE_CURVE('',#234,#805,#807,.T.);
#805 = VERTEX_POINT('',#806);
#806 = CARTESIAN_POINT('',(-23.4363766232,24.563623376795,29.));
#807 = B_SPLINE_CURVE_WITH_KNOTS('',1,(#808,#809),.UNSPECIFIED.,.F.,.F.,
  (2,2),(0.,1.),.PIECEWISE_BEZIER_KNOTS.);
#808 = CARTESIAN_POINT('',(-23.,25.,4.));
#809 = CARTESIAN_POINT('',(-23.4363766232,24.563623376795,29.));
#810 = ORIENTED_EDGE('',*,*,#811,.F.);
#811 = EDGE_CURVE('',#782,#805,#812,.T.);
#812 = LINE('',#813,#814);
#813 = CARTESIAN_POINT('',(-23.4363766232,-25.,29.));
#814 = VECTOR('',#815,1.);
#815 = DIRECTION('',(0.,1.,0.));
#816 = ORIENTED_EDGE('',*,*,#781,.F.);
#817 = B_SPLINE_SURFACE_WITH_KNOTS('',1,1,(
    (#818,#819)
    ,(#820,#821
  )),.UNSPECIFIED.,.F.,.F.,.F.,(2,2),(2,2),(0.,50.),(0.,1.),
  .PIECEWISE_BEZIER_KNOTS.);
#818 = CARTESIAN_POINT('',(-23.,-25.,4.));
#819 = CARTESIAN_POINT('',(-23.4363766232,-24.56362337679,29.));
#820 = CARTESIAN_POINT('',(-23.,25.,4.));
#821 = CARTESIAN_POINT('',(-23.4363766232,24.563623376795,29.));
#822 = ADVANCED_FACE('',(#823),#834,.T.);
#823 = FACE_BOUND('',#824,.T.);
#824 = EDGE_LOOP('',(#825,#826,#827,#833));
#825 = ORIENTED_EDGE('',*,*,#233,.T.);
#826 = ORIENTED_EDGE('',*,*,#767,.T.);
#827 = ORIENTED_EDGE('',*,*,#828,.F.);
#828 = EDGE_CURVE('',#805,#760,#829,.T.);
#829 = LINE('',#830,#831);
#830 = CARTESIAN_POINT('',(-23.,24.563623376795,29.));
#831 = VECTOR('',#832,1.);
#832 = DIRECTION('',(-1.,0.,0.));
#833 = ORIENTED_EDGE('',*,*,#804,.F.);
#834 = B_SPLINE_SURFACE_WITH_KNOTS('',1,1,(
    (#835,#836)
    ,(#837,#838)),.UNSPECIFIED.,.F.,.F.,.F.,(2,2),(2,2),(0.,2.),(0.,1.),
  .PIECEWISE_BEZIER_KNOTS.);
#835 = CARTESIAN_POINT('',(-23.,25.,4.));
#836 = CARTESIAN_POINT('',(-23.4363766232,24.563623376795,29.));
#837 = CARTESIAN_POINT('',(-25.,25.,4.));
#838 = CARTESIAN_POINT('',(-24.56362337679,24.563623376795,29.));
#839 = ADVANCED_FACE('',(#840),#863,.T.);
#840 = FACE_BOUND('',#841,.T.);
#841 = EDGE_LOOP('',(#842,#843,#850,#858));
#842 = ORIENTED_EDGE('',*,*,#257,.T.);
#843 = ORIENTED_EDGE('',*,*,#844,.T.);
#844 = EDGE_CURVE('',#260,#845,#847,.T.);
#845 = VERTEX_POINT('',#846);
#846 = CARTESIAN_POINT('',(-20.56362337679,-24.56362337679,29.));
#847 = B_SPLINE_CURVE_WITH_KNOTS('',1,(#848,#849),.UNSPECIFIED.,.F.,.F.,
  (2,2),(0.,1.),.PIECEWISE_BEZIER_KNOTS.);
#848 = CARTESIAN_POINT('',(-21.,-25.,4.));
#849 = CARTESIAN_POINT('',(-20.56362337679,-24.56362337679,29.));
#850 = ORIENTED_EDGE('',*,*,#851,.F.);
#851 = EDGE_CURVE('',#852,#845,#854,.T.);
#852 = VERTEX_POINT('',#853);
#853 = CARTESIAN_POINT('',(-20.56362337679,24.563623376795,29.));
#854 = LINE('',#855,#856);
#855 = CARTESIAN_POINT('',(-20.56362337679,25.,29.));
#856 = VECTOR('',#857,1.);
#857 = DIRECTION('',(0.,-1.,0.));
#858 = ORIENTED_EDGE('',*,*,#859,.F.);
#859 = EDGE_CURVE('',#258,#852,#860,.T.);
#860 = B_SPLINE_CURVE_WITH_KNOTS('',1,(#861,#862),.UNSPECIFIED.,.F.,.F.,
  (2,2),(0.,1.),.PIECEWISE_BEZIER_KNOTS.);
#861 = CARTESIAN_POINT('',(-21.,25.,4.));
#862 = CARTESIAN_POINT('',(-20.56362337679,24.563623376795,29.));
#863 = B_SPLINE_SURFACE_WITH_KNOTS('',1,1,(
    (#864,#865)
    ,(#866,#867
  )),.UNSPECIFIED.,.F.,.F.,.F.,(2,2),(2,2),(0.,50.),(0.,1.),
  .PIECEWISE_BEZIER_KNOTS.);
#864 = CARTESIAN_POINT('',(-21.,25.,4.));
#865 = CARTESIAN_POINT('',(-20.56362337679,24.563623376795,29.));
#866 = CARTESIAN_POINT('',(-21.,-25.,4.));
#867 = CARTESIAN_POINT('',(-20.56362337679,-24.56362337679,29.));
#868 = ADVANCED_FACE('',(#869),#886,.T.);
#869 = FACE_BOUND('',#870,.T.);
#870 = EDGE_LOOP('',(#871,#872,#879,#885));
#871 = ORIENTED_EDGE('',*,*,#283,.T.);
#872 = ORIENTED_EDGE('',*,*,#873,.T.);
#873 = EDGE_CURVE('',#276,#874,#876,.T.);
#874 = VERTEX_POINT('',#875);
#875 = CARTESIAN_POINT('',(-19.4363766232,-24.56362337679,29.));
#876 = B_SPLINE_CURVE_WITH_KNOTS('',1,(#877,#878),.UNSPECIFIED.,.F.,.F.,
  (2,2),(0.,1.),.PIECEWISE_BEZIER_KNOTS.);
#877 = CARTESIAN_POINT('',(-19.,-25.,4.));
#878 = CARTESIAN_POINT('',(-19.4363766232,-24.56362337679,29.));
#879 = ORIENTED_EDGE('',*,*,#880,.F.);
#880 = EDGE_CURVE('',#845,#874,#881,.T.);
#881 = LINE('',#882,#883);
#882 = CARTESIAN_POINT('',(-21.,-24.56362337679,29.));
#883 = VECTOR('',#884,1.);
#884 = DIRECTION('',(1.,0.,0.));
#885 = ORIENTED_EDGE('',*,*,#844,.F.);
#886 = B_SPLINE_SURFACE_WITH_KNOTS('',1,1,(
    (#887,#888)
    ,(#889,#890)),.UNSPECIFIED.,.F.,.F.,.F.,(2,2),(2,2),(0.,2.),(0.,1.),
  .PIECEWISE_BEZIER_KNOTS.);
#887 = CARTESIAN_POINT('',(-21.,-25.,4.));
#888 = CARTESIAN_POINT('',(-20.56362337679,-24.56362337679,29.));
#889 = CARTESIAN_POINT('',(-19.,-25.,4.));
#890 = CARTESIAN_POINT('',(-19.4363766232,-24.56362337679,29.));
#891 = ADVANCED_FACE('',(#892),#909,.T.);
#892 = FACE_BOUND('',#893,.T.);
#893 = EDGE_LOOP('',(#894,#895,#902,#908));
#894 = ORIENTED_EDGE('',*,*,#275,.T.);
#895 = ORIENTED_EDGE('',*,*,#896,.T.);
#896 = EDGE_CURVE('',#268,#897,#899,.T.);
#897 = VERTEX_POINT('',#898);
#898 = CARTESIAN_POINT('',(-19.4363766232,24.563623376795,29.));
#899 = B_SPLINE_CURVE_WITH_KNOTS('',1,(#900,#901),.UNSPECIFIED.,.F.,.F.,
  (2,2),(0.,1.),.PIECEWISE_BEZIER_KNOTS.);
#900 = CARTESIAN_POINT('',(-19.,25.,4.));
#901 = CARTESIAN_POINT('',(-19.4363766232,24.563623376795,29.));
#902 = ORIENTED_EDGE('',*,*,#903,.F.);
#903 = EDGE_CURVE('',#874,#897,#904,.T.);
#904 = LINE('',#905,#906);
#905 = CARTESIAN_POINT('',(-19.4363766232,-25.,29.));
#906 = VECTOR('',#907,1.);
#907 = DIRECTION('',(0.,1.,0.));
#908 = ORIENTED_EDGE('',*,*,#873,.F.);
#909 = B_SPLINE_SURFACE_WITH_KNOTS('',1,1,(
    (#910,#911)
    ,(#912,#913
  )),.UNSPECIFIED.,.F.,.F.,.F.,(2,2),(2,2),(0.,50.),(0.,1.),
  .PIECEWISE_BEZIER_KNOTS.);
#910 = CARTESIAN_POINT('',(-19.,-25.,4.));
#911 = CARTESIAN_POINT('',(-19.4363766232,-24.56362337679,29.));
#912 = CARTESIAN_POINT('',(-19.,25.,4.));
#913 = CARTESIAN_POINT('',(-19.4363766232,24.563623376795,29.));
#914 = ADVANCED_FACE('',(#915),#926,.T.);
#915 = FACE_BOUND('',#916,.T.);
#916 = EDGE_LOOP('',(#917,#918,#919,#925));
#917 = ORIENTED_EDGE('',*,*,#267,.T.);
#918 = ORIENTED_EDGE('',*,*,#859,.T.);
#919 = ORIENTED_EDGE('',*,*,#920,.F.);
#920 = EDGE_CURVE('',#897,#852,#921,.T.);
#921 = LINE('',#922,#923);
#922 = CARTESIAN_POINT('',(-19.,24.563623376795,29.));
#923 = VECTOR('',#924,1.);
#924 = DIRECTION('',(-1.,0.,0.));
#925 = ORIENTED_EDGE('',*,*,#896,.F.);
#926 = B_SPLINE_SURFACE_WITH_KNOTS('',1,1,(
    (#927,#928)
    ,(#929,#930)),.UNSPECIFIED.,.F.,.F.,.F.,(2,2),(2,2),(0.,2.),(0.,1.),
  .PIECEWISE_BEZIER_KNOTS.);
#927 = CARTESIAN_POINT('',(-19.,25.,4.));
#928 = CARTESIAN_POINT('',(-19.4363766232,24.563623376795,29.));
#929 = CARTESIAN_POINT('',(-21.,25.,4.));
#930 = CARTESIAN_POINT('',(-20.56362337679,24.563623376795,29.));
#931 = ADVANCED_FACE('',(#932),#955,.T.);
#932 = FACE_BOUND('',#933,.T.);
#933 = EDGE_LOOP('',(#934,#935,#942,#950));
#934 = ORIENTED_EDGE('',*,*,#291,.T.);
#935 = ORIENTED_EDGE('',*,*,#936,.T.);
#936 = EDGE_CURVE('',#294,#937,#939,.T.);
#937 = VERTEX_POINT('',#938);
#938 = CARTESIAN_POINT('',(-16.56362337679,-24.56362337679,29.));
#939 = B_SPLINE_CURVE_WITH_KNOTS('',1,(#940,#941),.UNSPECIFIED.,.F.,.F.,
  (2,2),(0.,1.),.PIECEWISE_BEZIER_KNOTS.);
#940 = CARTESIAN_POINT('',(-17.,-25.,4.));
#941 = CARTESIAN_POINT('',(-16.56362337679,-24.56362337679,29.));
#942 = ORIENTED_EDGE('',*,*,#943,.F.);
#943 = EDGE_CURVE('',#944,#937,#946,.T.);
#944 = VERTEX_POINT('',#945);
#945 = CARTESIAN_POINT('',(-16.56362337679,24.563623376795,29.));
#946 = LINE('',#947,#948);
#947 = CARTESIAN_POINT('',(-16.56362337679,25.,29.));
#948 = VECTOR('',#949,1.);
#949 = DIRECTION('',(0.,-1.,0.));
#950 = ORIENTED_EDGE('',*,*,#951,.F.);
#951 = EDGE_CURVE('',#292,#944,#952,.T.);
#952 = B_SPLINE_CURVE_WITH_KNOTS('',1,(#953,#954),.UNSPECIFIED.,.F.,.F.,
  (2,2),(0.,1.),.PIECEWISE_BEZIER_KNOTS.);
#953 = CARTESIAN_POINT('',(-17.,25.,4.));
#954 = CARTESIAN_POINT('',(-16.56362337679,24.563623376795,29.));
#955 = B_SPLINE_SURFACE_WITH_KNOTS('',1,1,(
    (#956,#957)
    ,(#958,#959
  )),.UNSPECIFIED.,.F.,.F.,.F.,(2,2),(2,2),(0.,50.),(0.,1.),
  .PIECEWISE_BEZIER_KNOTS.);
#956 = CARTESIAN_POINT('',(-17.,25.,4.));
#957 = CARTESIAN_POINT('',(-16.56362337679,24.563623376795,29.));
#958 = CARTESIAN_POINT('',(-17.,-25.,4.));
#959 = CARTESIAN_POINT('',(-16.56362337679,-24.56362337679,29.));
#960 = ADVANCED_FACE('',(#961),#978,.T.);
#961 = FACE_BOUND('',#962,.T.);
#962 = EDGE_LOOP('',(#963,#964,#971,#977));
#963 = ORIENTED_EDGE('',*,*,#317,.T.);
#964 = ORIENTED_EDGE('',*,*,#965,.T.);
#965 = EDGE_CURVE('',#310,#966,#968,.T.);
#966 = VERTEX_POINT('',#967);
#967 = CARTESIAN_POINT('',(-15.4363766232,-24.56362337679,29.));
#968 = B_SPLINE_CURVE_WITH_KNOTS('',1,(#969,#970),.UNSPECIFIED.,.F.,.F.,
  (2,2),(0.,1.),.PIECEWISE_BEZIER_KNOTS.);
#969 = CARTESIAN_POINT('',(-15.,-25.,4.));
#970 = CARTESIAN_POINT('',(-15.4363766232,-24.56362337679,29.));
#971 = ORIENTED_EDGE('',*,*,#972,.F.);
#972 = EDGE_CURVE('',#937,#966,#973,.T.);
#973 = LINE('',#974,#975);
#974 = CARTESIAN_POINT('',(-17.,-24.56362337679,29.));
#975 = VECTOR('',#976,1.);
#976 = DIRECTION('',(1.,0.,0.));
#977 = ORIENTED_EDGE('',*,*,#936,.F.);
#978 = B_SPLINE_SURFACE_WITH_KNOTS('',1,1,(
    (#979,#980)
    ,(#981,#982)),.UNSPECIFIED.,.F.,.F.,.F.,(2,2),(2,2),(0.,2.),(0.,1.),
  .PIECEWISE_BEZIER_KNOTS.);
#979 = CARTESIAN_POINT('',(-17.,-25.,4.));
#980 = CARTESIAN_POINT('',(-16.56362337679,-24.56362337679,29.));
#981 = CARTESIAN_POINT('',(-15.,-25.,4.));
#982 = CARTESIAN_POINT('',(-15.4363766232,-24.56362337679,29.));
#983 = ADVANCED_FACE('',(#984),#1001,.T.);
#984 = FACE_BOUND('',#985,.T.);
#985 = EDGE_LOOP('',(#986,#987,#994,#1000));
#986 = ORIENTED_EDGE('',*,*,#309,.T.);
#987 = ORIENTED_EDGE('',*,*,#988,.T.);
#988 = EDGE_CURVE('',#302,#989,#991,.T.);
#989 = VERTEX_POINT('',#990);
#990 = CARTESIAN_POINT('',(-15.4363766232,24.563623376795,29.));
#991 = B_SPLINE_CURVE_WITH_KNOTS('',1,(#992,#993),.UNSPECIFIED.,.F.,.F.,
  (2,2),(0.,1.),.PIECEWISE_BEZIER_KNOTS.);
#992 = CARTESIAN_POINT('',(-15.,25.,4.));
#993 = CARTESIAN_POINT('',(-15.4363766232,24.563623376795,29.));
#994 = ORIENTED_EDGE('',*,*,#995,.F.);
#995 = EDGE_CURVE('',#966,#989,#996,.T.);
#996 = LINE('',#997,#998);
#997 = CARTESIAN_POINT('',(-15.4363766232,-25.,29.));
#998 = VECTOR('',#999,1.);
#999 = DIRECTION('',(0.,1.,0.));
#1000 = ORIENTED_EDGE('',*,*,#965,.F.);
#1001 = B_SPLINE_SURFACE_WITH_KNOTS('',1,1,(
    (#1002,#1003)
    ,(#1004,#1005
    )),.UNSPECIFIED.,.F.,.F.,.F.,(2,2),(2,2),(0.,50.),(0.,1.),
  .PIECEWISE_BEZIER_KNOTS.);
#1002 = CARTESIAN_POINT('',(-15.,-25.,4.));
#1003 = CARTESIAN_POINT('',(-15.4363766232,-24.56362337679,29.));
#1004 = CARTESIAN_POINT('',(-15.,25.,4.));
#1005 = CARTESIAN_POINT('',(-15.4363766232,24.563623376795,29.));
#1006 = ADVANCED_FACE('',(#1007),#1018,.T.);
#1007 = FACE_BOUND('',#1008,.T.);
#1008 = EDGE_LOOP('',(#1009,#1010,#1011,#1017));
#1009 = ORIENTED_EDGE('',*,*,#301,.T.);
#1010 = ORIENTED_EDGE('',*,*,#951,.T.);
#1011 = ORIENTED_EDGE('',*,*,#1012,.F.);
#1012 = EDGE_CURVE('',#989,#944,#1013,.T.);
#1013 = LINE('',#1014,#1015);
#1014 = CARTESIAN_POINT('',(-15.,24.563623376795,29.));
#1015 = VECTOR('',#1016,1.);
#1016 = DIRECTION('',(-1.,0.,0.));
#1017 = ORIENTED_EDGE('',*,*,#988,.F.);
#1018 = B_SPLINE_SURFACE_WITH_KNOTS('',1,1,(
    (#1019,#1020)
    ,(#1021,#1022
    )),.UNSPECIFIED.,.F.,.F.,.F.,(2,2),(2,2),(0.,2.),(0.,1.),
  .PIECEWISE_BEZIER_KNOTS.);
#1019 = CARTESIAN_POINT('',(-15.,25.,4.));
#1020 = CARTESIAN_POINT('',(-15.4363766232,24.563623376795,29.));
#1021 = CARTESIAN_POINT('',(-17.,25.,4.));
#1022 = CARTESIAN_POINT('',(-16.56362337679,24.563623376795,29.));
#1023 = ADVANCED_FACE('',(#1024),#1047,.T.);
#1024 = FACE_BOUND('',#1025,.T.);
#1025 = EDGE_LOOP('',(#1026,#1027,#1034,#1042));
#1026 = ORIENTED_EDGE('',*,*,#325,.T.);
#1027 = ORIENTED_EDGE('',*,*,#1028,.T.);
#1028 = EDGE_CURVE('',#328,#1029,#1031,.T.);
#1029 = VERTEX_POINT('',#1030);
#1030 = CARTESIAN_POINT('',(-12.56362337679,-24.56362337679,29.));
#1031 = B_SPLINE_CURVE_WITH_KNOTS('',1,(#1032,#1033),.UNSPECIFIED.,.F.,
  .F.,(2,2),(0.,1.),.PIECEWISE_BEZIER_KNOTS.);
#1032 = CARTESIAN_POINT('',(-13.,-25.,4.));
#1033 = CARTESIAN_POINT('',(-12.56362337679,-24.56362337679,29.));
#1034 = ORIENTED_EDGE('',*,*,#1035,.F.);
#1035 = EDGE_CURVE('',#1036,#1029,#1038,.T.);
#1036 = VERTEX_POINT('',#1037);
#1037 = CARTESIAN_POINT('',(-12.56362337679,24.563623376795,29.));
#1038 = LINE('',#1039,#1040);
#1039 = CARTESIAN_POINT('',(-12.56362337679,25.,29.));
#1040 = VECTOR('',#1041,1.);
#1041 = DIRECTION('',(0.,-1.,0.));
#1042 = ORIENTED_EDGE('',*,*,#1043,.F.);
#1043 = EDGE_CURVE('',#326,#1036,#1044,.T.);
#1044 = B_SPLINE_CURVE_WITH_KNOTS('',1,(#1045,#1046),.UNSPECIFIED.,.F.,
  .F.,(2,2),(0.,1.),.PIECEWISE_BEZIER_KNOTS.);
#1045 = CARTESIAN_POINT('',(-13.,25.,4.));
#1046 = CARTESIAN_POINT('',(-12.56362337679,24.563623376795,29.));
#1047 = B_SPLINE_SURFACE_WITH_KNOTS('',1,1,(
    (#1048,#1049)
    ,(#1050,#1051
    )),.UNSPECIFIED.,.F.,.F.,.F.,(2,2),(2,2),(0.,50.),(0.,1.),
  .PIECEWISE_BEZIER_KNOTS.);
#1048 = CARTESIAN_POINT('',(-13.,25.,4.));
#1049 = CARTESIAN_POINT('',(-12.56362337679,24.563623376795,29.));
#1050 = CARTESIAN_POINT('',(-13.,-25.,4.));
#1051 = CARTESIAN_POINT('',(-12.56362337679,-24.56362337679,29.));
#1052 = ADVANCED_FACE('',(#1053),#1070,.T.);
#1053 = FACE_BOUND('',#1054,.T.);
#1054 = EDGE_LOOP('',(#1055,#1056,#1063,#1069));
#1055 = ORIENTED_EDGE('',*,*,#351,.T.);
#1056 = ORIENTED_EDGE('',*,*,#1057,.T.);
#1057 = EDGE_CURVE('',#344,#1058,#1060,.T.);
#1058 = VERTEX_POINT('',#1059);
#1059 = CARTESIAN_POINT('',(-11.4363766232,-24.56362337679,29.));
#1060 = B_SPLINE_CURVE_WITH_KNOTS('',1,(#1061,#1062),.UNSPECIFIED.,.F.,
  .F.,(2,2),(0.,1.),.PIECEWISE_BEZIER_KNOTS.);
#1061 = CARTESIAN_POINT('',(-11.,-25.,4.));
#1062 = CARTESIAN_POINT('',(-11.4363766232,-24.56362337679,29.));
#1063 = ORIENTED_EDGE('',*,*,#1064,.F.);
#1064 = EDGE_CURVE('',#1029,#1058,#1065,.T.);
#1065 = LINE('',#1066,#1067);
#1066 = CARTESIAN_POINT('',(-13.,-24.56362337679,29.));
#1067 = VECTOR('',#1068,1.);
#1068 = DIRECTION('',(1.,0.,0.));
#1069 = ORIENTED_EDGE('',*,*,#1028,.F.);
#1070 = B_SPLINE_SURFACE_WITH_KNOTS('',1,1,(
    (#1071,#1072)
    ,(#1073,#1074
    )),.UNSPECIFIED.,.F.,.F.,.F.,(2,2),(2,2),(0.,2.),(0.,1.),
  .PIECEWISE_BEZIER_KNOTS.);
#1071 = CARTESIAN_POINT('',(-13.,-25.,4.));
#1072 = CARTESIAN_POINT('',(-12.56362337679,-24.56362337679,29.));
#1073 = CARTESIAN_POINT('',(-11.,-25.,4.));
#1074 = CARTESIAN_POINT('',(-11.4363766232,-24.56362337679,29.));
#1075 = ADVANCED_FACE('',(#1076),#1093,.T.);
#1076 = FACE_BOUND('',#1077,.T.);
#1077 = EDGE_LOOP('',(#1078,#1079,#1086,#1092));
#1078 = ORIENTED_EDGE('',*,*,#343,.T.);
#1079 = ORIENTED_EDGE('',*,*,#1080,.T.);
#1080 = EDGE_CURVE('',#336,#1081,#1083,.T.);
#1081 = VERTEX_POINT('',#1082);
#1082 = CARTESIAN_POINT('',(-11.4363766232,24.563623376795,29.));
#1083 = B_SPLINE_CURVE_WITH_KNOTS('',1,(#1084,#1085),.UNSPECIFIED.,.F.,
  .F.,(2,2),(0.,1.),.PIECEWISE_BEZIER_KNOTS.);
#1084 = CARTESIAN_POINT('',(-11.,25.,4.));
#1085 = CARTESIAN_POINT('',(-11.4363766232,24.563623376795,29.));
#1086 = ORIENTED_EDGE('',*,*,#1087,.F.);
#1087 = EDGE_CURVE('',#1058,#1081,#1088,.T.);
#1088 = LINE('',#1089,#1090);
#1089 = CARTESIAN_POINT('',(-11.4363766232,-25.,29.));
#1090 = VECTOR('',#1091,1.);
#1091 = DIRECTION('',(0.,1.,0.));
#1092 = ORIENTED_EDGE('',*,*,#1057,.F.);
#1093 = B_SPLINE_SURFACE_WITH_KNOTS('',1,1,(
    (#1094,#1095)
    ,(#1096,#1097
    )),.UNSPECIFIED.,.F.,.F.,.F.,(2,2),(2,2),(0.,50.),(0.,1.),
  .PIECEWISE_BEZIER_KNOTS.);
#1094 = CARTESIAN_POINT('',(-11.,-25.,4.));
#1095 = CARTESIAN_POINT('',(-11.4363766232,-24.56362337679,29.));
#1096 = CARTESIAN_POINT('',(-11.,25.,4.));
#1097 = CARTESIAN_POINT('',(-11.4363766232,24.563623376795,29.));
#1098 = ADVANCED_FACE('',(#1099),#1110,.T.);
#1099 = FACE_BOUND('',#1100,.T.);
#1100 = EDGE_LOOP('',(#1101,#1102,#1103,#1109));
#1101 = ORIENTED_EDGE('',*,*,#335,.T.);
#1102 = ORIENTED_EDGE('',*,*,#1043,.T.);
#1103 = ORIENTED_EDGE('',*,*,#1104,.F.);
#1104 = EDGE_CURVE('',#1081,#1036,#1105,.T.);
#1105 = LINE('',#1106,#1107);
#1106 = CARTESIAN_POINT('',(-11.,24.563623376795,29.));
#1107 = VECTOR('',#1108,1.);
#1108 = DIRECTION('',(-1.,0.,0.));
#1109 = ORIENTED_EDGE('',*,*,#1080,.F.);
#1110 = B_SPLINE_SURFACE_WITH_KNOTS('',1,1,(
    (#1111,#1112)
    ,(#1113,#1114
    )),.UNSPECIFIED.,.F.,.F.,.F.,(2,2),(2,2),(0.,2.),(0.,1.),
  .PIECEWISE_BEZIER_KNOTS.);
#1111 = CARTESIAN_POINT('',(-11.,25.,4.));
#1112 = CARTESIAN_POINT('',(-11.4363766232,24.563623376795,29.));
#1113 = CARTESIAN_POINT('',(-13.,25.,4.));
#1114 = CARTESIAN_POINT('',(-12.56362337679,24.563623376795,29.));
#1115 = ADVANCED_FACE('',(#1116),#1139,.T.);
#1116 = FACE_BOUND('',#1117,.T.);
#1117 = EDGE_LOOP('',(#1118,#1119,#1126,#1134));
#1118 = ORIENTED_EDGE('',*,*,#359,.T.);
#1119 = ORIENTED_EDGE('',*,*,#1120,.T.);
#1120 = EDGE_CURVE('',#362,#1121,#1123,.T.);
#1121 = VERTEX_POINT('',#1122);
#1122 = CARTESIAN_POINT('',(-8.563623376795,-24.56362337679,29.));
#1123 = B_SPLINE_CURVE_WITH_KNOTS('',1,(#1124,#1125),.UNSPECIFIED.,.F.,
  .F.,(2,2),(0.,1.),.PIECEWISE_BEZIER_KNOTS.);
#1124 = CARTESIAN_POINT('',(-9.,-25.,4.));
#1125 = CARTESIAN_POINT('',(-8.563623376795,-24.56362337679,29.));
#1126 = ORIENTED_EDGE('',*,*,#1127,.F.);
#1127 = EDGE_CURVE('',#1128,#1121,#1130,.T.);
#1128 = VERTEX_POINT('',#1129);
#1129 = CARTESIAN_POINT('',(-8.563623376795,24.563623376795,29.));
#1130 = LINE('',#1131,#1132);
#1131 = CARTESIAN_POINT('',(-8.563623376795,25.,29.));
#1132 = VECTOR('',#1133,1.);
#1133 = DIRECTION('',(0.,-1.,0.));
#1134 = ORIENTED_EDGE('',*,*,#1135,.F.);
#1135 = EDGE_CURVE('',#360,#1128,#1136,.T.);
#1136 = B_SPLINE_CURVE_WITH_KNOTS('',1,(#1137,#1138),.UNSPECIFIED.,.F.,
  .F.,(2,2),(0.,1.),.PIECEWISE_BEZIER_KNOTS.);
#1137 = CARTESIAN_POINT('',(-9.,25.,4.));
#1138 = CARTESIAN_POINT('',(-8.563623376795,24.563623376795,29.));
#1139 = B_SPLINE_SURFACE_WITH_KNOTS('',1,1,(
    (#1140,#1141)
    ,(#1142,#1143
    )),.UNSPECIFIED.,.F.,.F.,.F.,(2,2),(2,2),(0.,50.),(0.,1.),
  .PIECEWISE_BEZIER_KNOTS.);
#1140 = CARTESIAN_POINT('',(-9.,25.,4.));
#1141 = CARTESIAN_POINT('',(-8.563623376795,24.563623376795,29.));
#1142 = CARTESIAN_POINT('',(-9.,-25.,4.));
#1143 = CARTESIAN_POINT('',(-8.563623376795,-24.56362337679,29.));
#1144 = ADVANCED_FACE('',(#1145),#1162,.T.);
#1145 = FACE_BOUND('',#1146,.T.);
#1146 = EDGE_LOOP('',(#1147,#1148,#1155,#1161));
#1147 = ORIENTED_EDGE('',*,*,#385,.T.);
#1148 = ORIENTED_EDGE('',*,*,#1149,.T.);
#1149 = EDGE_CURVE('',#378,#1150,#1152,.T.);
#1150 = VERTEX_POINT('',#1151);
#1151 = CARTESIAN_POINT('',(-7.436376623205,-24.56362337679,29.));
#1152 = B_SPLINE_CURVE_WITH_KNOTS('',1,(#1153,#1154),.UNSPECIFIED.,.F.,
  .F.,(2,2),(0.,1.),.PIECEWISE_BEZIER_KNOTS.);
#1153 = CARTESIAN_POINT('',(-7.,-25.,4.));
#1154 = CARTESIAN_POINT('',(-7.436376623205,-24.56362337679,29.));
#1155 = ORIENTED_EDGE('',*,*,#1156,.F.);
#1156 = EDGE_CURVE('',#1121,#1150,#1157,.T.);
#1157 = LINE('',#1158,#1159);
#1158 = CARTESIAN_POINT('',(-9.,-24.56362337679,29.));
#1159 = VECTOR('',#1160,1.);
#1160 = DIRECTION('',(1.,0.,0.));
#1161 = ORIENTED_EDGE('',*,*,#1120,.F.);
#1162 = B_SPLINE_SURFACE_WITH_KNOTS('',1,1,(
    (#1163,#1164)
    ,(#1165,#1166
    )),.UNSPECIFIED.,.F.,.F.,.F.,(2,2),(2,2),(0.,2.),(0.,1.),
  .PIECEWISE_BEZIER_KNOTS.);
#1163 = CARTESIAN_POINT('',(-9.,-25.,4.));
#1164 = CARTESIAN_POINT('',(-8.563623376795,-24.56362337679,29.));
#1165 = CARTESIAN_POINT('',(-7.,-25.,4.));
#1166 = CARTESIAN_POINT('',(-7.436376623205,-24.56362337679,29.));
#1167 = ADVANCED_FACE('',(#1168),#1185,.T.);
#1168 = FACE_BOUND('',#1169,.T.);
#1169 = EDGE_LOOP('',(#1170,#1171,#1178,#1184));
#1170 = ORIENTED_EDGE('',*,*,#377,.T.);
#1171 = ORIENTED_EDGE('',*,*,#1172,.T.);
#1172 = EDGE_CURVE('',#370,#1173,#1175,.T.);
#1173 = VERTEX_POINT('',#1174);
#1174 = CARTESIAN_POINT('',(-7.436376623205,24.563623376795,29.));
#1175 = B_SPLINE_CURVE_WITH_KNOTS('',1,(#1176,#1177),.UNSPECIFIED.,.F.,
  .F.,(2,2),(0.,1.),.PIECEWISE_BEZIER_KNOTS.);
#1176 = CARTESIAN_POINT('',(-7.,25.,4.));
#1177 = CARTESIAN_POINT('',(-7.436376623205,24.563623376795,29.));
#1178 = ORIENTED_EDGE('',*,*,#1179,.F.);
#1179 = EDGE_CURVE('',#1150,#1173,#1180,.T.);
#1180 = LINE('',#1181,#1182);
#1181 = CARTESIAN_POINT('',(-7.436376623205,-25.,29.));
#1182 = VECTOR('',#1183,1.);
#1183 = DIRECTION('',(0.,1.,0.));
#1184 = ORIENTED_EDGE('',*,*,#1149,.F.);
#1185 = B_SPLINE_SURFACE_WITH_KNOTS('',1,1,(
    (#1186,#1187)
    ,(#1188,#1189
    )),.UNSPECIFIED.,.F.,.F.,.F.,(2,2),(2,2),(0.,50.),(0.,1.),
  .PIECEWISE_BEZIER_KNOTS.);
#1186 = CARTESIAN_POINT('',(-7.,-25.,4.));
#1187 = CARTESIAN_POINT('',(-7.436376623205,-24.56362337679,29.));
#1188 = CARTESIAN_POINT('',(-7.,25.,4.));
#1189 = CARTESIAN_POINT('',(-7.436376623205,24.563623376795,29.));
#1190 = ADVANCED_FACE('',(#1191),#1202,.T.);
#1191 = FACE_BOUND('',#1192,.T.);
#1192 = EDGE_LOOP('',(#1193,#1194,#1195,#1201));
#1193 = ORIENTED_EDGE('',*,*,#369,.T.);
#1194 = ORIENTED_EDGE('',*,*,#1135,.T.);
#1195 = ORIENTED_EDGE('',*,*,#1196,.F.);
#1196 = EDGE_CURVE('',#1173,#1128,#1197,.T.);
#1197 = LINE('',#1198,#1199);
#1198 = CARTESIAN_POINT('',(-7.,24.563623376795,29.));
#1199 = VECTOR('',#1200,1.);
#1200 = DIRECTION('',(-1.,0.,0.));
#1201 = ORIENTED_EDGE('',*,*,#1172,.F.);
#1202 = B_SPLINE_SURFACE_WITH_KNOTS('',1,1,(
    (#1203,#1204)
    ,(#1205,#1206
    )),.UNSPECIFIED.,.F.,.F.,.F.,(2,2),(2,2),(0.,2.),(0.,1.),
  .PIECEWISE_BEZIER_KNOTS.);
#1203 = CARTESIAN_POINT('',(-7.,25.,4.));
#1204 = CARTESIAN_POINT('',(-7.436376623205,24.563623376795,29.));
#1205 = CARTESIAN_POINT('',(-9.,25.,4.));
#1206 = CARTESIAN_POINT('',(-8.563623376795,24.563623376795,29.));
#1207 = ADVANCED_FACE('',(#1208),#1231,.T.);
#1208 = FACE_BOUND('',#1209,.T.);
#1209 = EDGE_LOOP('',(#1210,#1211,#1218,#1226));
#1210 = ORIENTED_EDGE('',*,*,#393,.T.);
#1211 = ORIENTED_EDGE('',*,*,#1212,.T.);
#1212 = EDGE_CURVE('',#396,#1213,#1215,.T.);
#1213 = VERTEX_POINT('',#1214);
#1214 = CARTESIAN_POINT('',(-4.563623376795,-24.56362337679,29.));
#1215 = B_SPLINE_CURVE_WITH_KNOTS('',1,(#1216,#1217),.UNSPECIFIED.,.F.,
  .F.,(2,2),(0.,1.),.PIECEWISE_BEZIER_KNOTS.);
#1216 = CARTESIAN_POINT('',(-5.,-25.,4.));
#1217 = CARTESIAN_POINT('',(-4.563623376795,-24.56362337679,29.));
#1218 = ORIENTED_EDGE('',*,*,#1219,.F.);
#1219 = EDGE_CURVE('',#1220,#1213,#1222,.T.);
#1220 = VERTEX_POINT('',#1221);
#1221 = CARTESIAN_POINT('',(-4.563623376795,24.563623376795,29.));
#1222 = LINE('',#1223,#1224);
#1223 = CARTESIAN_POINT('',(-4.563623376795,25.,29.));
#1224 = VECTOR('',#1225,1.);
#1225 = DIRECTION('',(0.,-1.,0.));
#1226 = ORIENTED_EDGE('',*,*,#1227,.F.);
#1227 = EDGE_CURVE('',#394,#1220,#1228,.T.);
#1228 = B_SPLINE_CURVE_WITH_KNOTS('',1,(#1229,#1230),.UNSPECIFIED.,.F.,
  .F.,(2,2),(0.,1.),.PIECEWISE_BEZIER_KNOTS.);
#1229 = CARTESIAN_POINT('',(-5.,25.,4.));
#1230 = CARTESIAN_POINT('',(-4.563623376795,24.563623376795,29.));
#1231 = B_SPLINE_SURFACE_WITH_KNOTS('',1,1,(
    (#1232,#1233)
    ,(#1234,#1235
    )),.UNSPECIFIED.,.F.,.F.,.F.,(2,2),(2,2),(0.,50.),(0.,1.),
  .PIECEWISE_BEZIER_KNOTS.);
#1232 = CARTESIAN_POINT('',(-5.,25.,4.));
#1233 = CARTESIAN_POINT('',(-4.563623376795,24.563623376795,29.));
#1234 = CARTESIAN_POINT('',(-5.,-25.,4.));
#1235 = CARTESIAN_POINT('',(-4.563623376795,-24.56362337679,29.));
#1236 = ADVANCED_FACE('',(#1237),#1254,.T.);
#1237 = FACE_BOUND('',#1238,.T.);
#1238 = EDGE_LOOP('',(#1239,#1240,#1247,#1253));
#1239 = ORIENTED_EDGE('',*,*,#419,.T.);
#1240 = ORIENTED_EDGE('',*,*,#1241,.T.);
#1241 = EDGE_CURVE('',#412,#1242,#1244,.T.);
#1242 = VERTEX_POINT('',#1243);
#1243 = CARTESIAN_POINT('',(-3.436376623205,-24.56362337679,29.));
#1244 = B_SPLINE_CURVE_WITH_KNOTS('',1,(#1245,#1246),.UNSPECIFIED.,.F.,
  .F.,(2,2),(0.,1.),.PIECEWISE_BEZIER_KNOTS.);
#1245 = CARTESIAN_POINT('',(-3.,-25.,4.));
#1246 = CARTESIAN_POINT('',(-3.436376623205,-24.56362337679,29.));
#1247 = ORIENTED_EDGE('',*,*,#1248,.F.);
#1248 = EDGE_CURVE('',#1213,#1242,#1249,.T.);
#1249 = LINE('',#1250,#1251);
#1250 = CARTESIAN_POINT('',(-5.,-24.56362337679,29.));
#1251 = VECTOR('',#1252,1.);
#1252 = DIRECTION('',(1.,0.,0.));
#1253 = ORIENTED_EDGE('',*,*,#1212,.F.);
#1254 = B_SPLINE_SURFACE_WITH_KNOTS('',1,1,(
    (#1255,#1256)
    ,(#1257,#1258
    )),.UNSPECIFIED.,.F.,.F.,.F.,(2,2),(2,2),(0.,2.),(0.,1.),
  .PIECEWISE_BEZIER_KNOTS.);
#1255 = CARTESIAN_POINT('',(-5.,-25.,4.));
#1256 = CARTESIAN_POINT('',(-4.563623376795,-24.56362337679,29.));
#1257 = CARTESIAN_POINT('',(-3.,-25.,4.));
#1258 = CARTESIAN_POINT('',(-3.436376623205,-24.56362337679,29.));
#1259 = ADVANCED_FACE('',(#1260),#1277,.T.);
#1260 = FACE_BOUND('',#1261,.T.);
#1261 = EDGE_LOOP('',(#1262,#1263,#1270,#1276));
#1262 = ORIENTED_EDGE('',*,*,#411,.T.);
#1263 = ORIENTED_EDGE('',*,*,#1264,.T.);
#1264 = EDGE_CURVE('',#404,#1265,#1267,.T.);
#1265 = VERTEX_POINT('',#1266);
#1266 = CARTESIAN_POINT('',(-3.436376623205,24.563623376795,29.));
#1267 = B_SPLINE_CURVE_WITH_KNOTS('',1,(#1268,#1269),.UNSPECIFIED.,.F.,
  .F.,(2,2),(0.,1.),.PIECEWISE_BEZIER_KNOTS.);
#1268 = CARTESIAN_POINT('',(-3.,25.,4.));
#1269 = CARTESIAN_POINT('',(-3.436376623205,24.563623376795,29.));
#1270 = ORIENTED_EDGE('',*,*,#1271,.F.);
#1271 = EDGE_CURVE('',#1242,#1265,#1272,.T.);
#1272 = LINE('',#1273,#1274);
#1273 = CARTESIAN_POINT('',(-3.436376623205,-25.,29.));
#1274 = VECTOR('',#1275,1.);
#1275 = DIRECTION('',(0.,1.,0.));
#1276 = ORIENTED_EDGE('',*,*,#1241,.F.);
#1277 = B_SPLINE_SURFACE_WITH_KNOTS('',1,1,(
    (#1278,#1279)
    ,(#1280,#1281
    )),.UNSPECIFIED.,.F.,.F.,.F.,(2,2),(2,2),(0.,50.),(0.,1.),
  .PIECEWISE_BEZIER_KNOTS.);
#1278 = CARTESIAN_POINT('',(-3.,-25.,4.));
#1279 = CARTESIAN_POINT('',(-3.436376623205,-24.56362337679,29.));
#1280 = CARTESIAN_POINT('',(-3.,25.,4.));
#1281 = CARTESIAN_POINT('',(-3.436376623205,24.563623376795,29.));
#1282 = ADVANCED_FACE('',(#1283),#1294,.T.);
#1283 = FACE_BOUND('',#1284,.T.);
#1284 = EDGE_LOOP('',(#1285,#1286,#1287,#1293));
#1285 = ORIENTED_EDGE('',*,*,#403,.T.);
#1286 = ORIENTED_EDGE('',*,*,#1227,.T.);
#1287 = ORIENTED_EDGE('',*,*,#1288,.F.);
#1288 = EDGE_CURVE('',#1265,#1220,#1289,.T.);
#1289 = LINE('',#1290,#1291);
#1290 = CARTESIAN_POINT('',(-3.,24.563623376795,29.));
#1291 = VECTOR('',#1292,1.);
#1292 = DIRECTION('',(-1.,0.,0.));
#1293 = ORIENTED_EDGE('',*,*,#1264,.F.);
#1294 = B_SPLINE_SURFACE_WITH_KNOTS('',1,1,(
    (#1295,#1296)
    ,(#1297,#1298
    )),.UNSPECIFIED.,.F.,.F.,.F.,(2,2),(2,2),(0.,2.),(0.,1.),
  .PIECEWISE_BEZIER_KNOTS.);
#1295 = CARTESIAN_POINT('',(-3.,25.,4.));
#1296 = CARTESIAN_POINT('',(-3.436376623205,24.563623376795,29.));
#1297 = CARTESIAN_POINT('',(-5.,25.,4.));
#1298 = CARTESIAN_POINT('',(-4.563623376795,24.563623376795,29.));
#1299 = ADVANCED_FACE('',(#1300),#1323,.T.);
#1300 = FACE_BOUND('',#1301,.T.);
#1301 = EDGE_LOOP('',(#1302,#1303,#1310,#1318));
#1302 = ORIENTED_EDGE('',*,*,#427,.T.);
#1303 = ORIENTED_EDGE('',*,*,#1304,.T.);
#1304 = EDGE_CURVE('',#430,#1305,#1307,.T.);
#1305 = VERTEX_POINT('',#1306);
#1306 = CARTESIAN_POINT('',(-0.563623376795,-24.56362337679,29.));
#1307 = B_SPLINE_CURVE_WITH_KNOTS('',1,(#1308,#1309),.UNSPECIFIED.,.F.,
  .F.,(2,2),(0.,1.),.PIECEWISE_BEZIER_KNOTS.);
#1308 = CARTESIAN_POINT('',(-1.,-25.,4.));
#1309 = CARTESIAN_POINT('',(-0.563623376795,-24.56362337679,29.));
#1310 = ORIENTED_EDGE('',*,*,#1311,.F.);
#1311 = EDGE_CURVE('',#1312,#1305,#1314,.T.);
#1312 = VERTEX_POINT('',#1313);
#1313 = CARTESIAN_POINT('',(-0.563623376795,24.563623376795,29.));
#1314 = LINE('',#1315,#1316);
#1315 = CARTESIAN_POINT('',(-0.563623376795,25.,29.));
#1316 = VECTOR('',#1317,1.);
#1317 = DIRECTION('',(0.,-1.,0.));
#1318 = ORIENTED_EDGE('',*,*,#1319,.F.);
#1319 = EDGE_CURVE('',#428,#1312,#1320,.T.);
#1320 = B_SPLINE_CURVE_WITH_KNOTS('',1,(#1321,#1322),.UNSPECIFIED.,.F.,
  .F.,(2,2),(0.,1.),.PIECEWISE_BEZIER_KNOTS.);
#1321 = CARTESIAN_POINT('',(-1.,25.,4.));
#1322 = CARTESIAN_POINT('',(-0.563623376795,24.563623376795,29.));
#1323 = B_SPLINE_SURFACE_WITH_KNOTS('',1,1,(
    (#1324,#1325)
    ,(#1326,#1327
    )),.UNSPECIFIED.,.F.,.F.,.F.,(2,2),(2,2),(0.,50.),(0.,1.),
  .PIECEWISE_BEZIER_KNOTS.);
#1324 = CARTESIAN_POINT('',(-1.,25.,4.));
#1325 = CARTESIAN_POINT('',(-0.563623376795,24.563623376795,29.));
#1326 = CARTESIAN_POINT('',(-1.,-25.,4.));
#1327 = CARTESIAN_POINT('',(-0.563623376795,-24.56362337679,29.));
#1328 = ADVANCED_FACE('',(#1329),#1346,.T.);
#1329 = FACE_BOUND('',#1330,.T.);
#1330 = EDGE_LOOP('',(#1331,#1332,#1339,#1345));
#1331 = ORIENTED_EDGE('',*,*,#453,.T.);
#1332 = ORIENTED_EDGE('',*,*,#1333,.T.);
#1333 = EDGE_CURVE('',#446,#1334,#1336,.T.);
#1334 = VERTEX_POINT('',#1335);
#1335 = CARTESIAN_POINT('',(0.563623376795,-24.56362337679,29.));
#1336 = B_SPLINE_CURVE_WITH_KNOTS('',1,(#1337,#1338),.UNSPECIFIED.,.F.,
  .F.,(2,2),(0.,1.),.PIECEWISE_BEZIER_KNOTS.);
#1337 = CARTESIAN_POINT('',(1.,-25.,4.));
#1338 = CARTESIAN_POINT('',(0.563623376795,-24.56362337679,29.));
#1339 = ORIENTED_EDGE('',*,*,#1340,.F.);
#1340 = EDGE_CURVE('',#1305,#1334,#1341,.T.);
#1341 = LINE('',#1342,#1343);
#1342 = CARTESIAN_POINT('',(-1.,-24.56362337679,29.));
#1343 = VECTOR('',#1344,1.);
#1344 = DIRECTION('',(1.,0.,0.));
#1345 = ORIENTED_EDGE('',*,*,#1304,.F.);
#1346 = B_SPLINE_SURFACE_WITH_KNOTS('',1,1,(
    (#1347,#1348)
    ,(#1349,#1350
    )),.UNSPECIFIED.,.F.,.F.,.F.,(2,2),(2,2),(0.,2.),(0.,1.),
  .PIECEWISE_BEZIER_KNOTS.);
#1347 = CARTESIAN_POINT('',(-1.,-25.,4.));
#1348 = CARTESIAN_POINT('',(-0.563623376795,-24.56362337679,29.));
#1349 = CARTESIAN_POINT('',(1.,-25.,4.));
#1350 = CARTESIAN_POINT('',(0.563623376795,-24.56362337679,29.));
#1351 = ADVANCED_FACE('',(#1352),#1369,.T.);
#1352 = FACE_BOUND('',#1353,.T.);
#1353 = EDGE_LOOP('',(#1354,#1355,#1362,#1368));
#1354 = ORIENTED_EDGE('',*,*,#445,.T.);
#1355 = ORIENTED_EDGE('',*,*,#1356,.T.);
#1356 = EDGE_CURVE('',#438,#1357,#1359,.T.);
#1357 = VERTEX_POINT('',#1358);
#1358 = CARTESIAN_POINT('',(0.563623376795,24.563623376795,29.));
#1359 = B_SPLINE_CURVE_WITH_KNOTS('',1,(#1360,#1361),.UNSPECIFIED.,.F.,
  .F.,(2,2),(0.,1.),.PIECEWISE_BEZIER_KNOTS.);
#1360 = CARTESIAN_POINT('',(1.,25.,4.));
#1361 = CARTESIAN_POINT('',(0.563623376795,24.563623376795,29.));
#1362 = ORIENTED_EDGE('',*,*,#1363,.F.);
#1363 = EDGE_CURVE('',#1334,#1357,#1364,.T.);
#1364 = LINE('',#1365,#1366);
#1365 = CARTESIAN_POINT('',(0.563623376795,-25.,29.));
#1366 = VECTOR('',#1367,1.);
#1367 = DIRECTION('',(0.,1.,0.));
#1368 = ORIENTED_EDGE('',*,*,#1333,.F.);
#1369 = B_SPLINE_SURFACE_WITH_KNOTS('',1,1,(
    (#1370,#1371)
    ,(#1372,#1373
    )),.UNSPECIFIED.,.F.,.F.,.F.,(2,2),(2,2),(0.,50.),(0.,1.),
  .PIECEWISE_BEZIER_KNOTS.);
#1370 = CARTESIAN_POINT('',(1.,-25.,4.));
#1371 = CARTESIAN_POINT('',(0.563623376795,-24.56362337679,29.));
#1372 = CARTESIAN_POINT('',(1.,25.,4.));
#1373 = CARTESIAN_POINT('',(0.563623376795,24.563623376795,29.));
#1374 = ADVANCED_FACE('',(#1375),#1386,.T.);
#1375 = FACE_BOUND('',#1376,.T.);
#1376 = EDGE_LOOP('',(#1377,#1378,#1379,#1385));
#1377 = ORIENTED_EDGE('',*,*,#437,.T.);
#1378 = ORIENTED_EDGE('',*,*,#1319,.T.);
#1379 = ORIENTED_EDGE('',*,*,#1380,.F.);
#1380 = EDGE_CURVE('',#1357,#1312,#1381,.T.);
#1381 = LINE('',#1382,#1383);
#1382 = CARTESIAN_POINT('',(1.,24.563623376795,29.));
#1383 = VECTOR('',#1384,1.);
#1384 = DIRECTION('',(-1.,0.,0.));
#1385 = ORIENTED_EDGE('',*,*,#1356,.F.);
#1386 = B_SPLINE_SURFACE_WITH_KNOTS('',1,1,(
    (#1387,#1388)
    ,(#1389,#1390
    )),.UNSPECIFIED.,.F.,.F.,.F.,(2,2),(2,2),(0.,2.),(0.,1.),
  .PIECEWISE_BEZIER_KNOTS.);
#1387 = CARTESIAN_POINT('',(1.,25.,4.));
#1388 = CARTESIAN_POINT('',(0.563623376795,24.563623376795,29.));
#1389 = CARTESIAN_POINT('',(-1.,25.,4.));
#1390 = CARTESIAN_POINT('',(-0.563623376795,24.563623376795,29.));
#1391 = ADVANCED_FACE('',(#1392),#1415,.T.);
#1392 = FACE_BOUND('',#1393,.T.);
#1393 = EDGE_LOOP('',(#1394,#1395,#1402,#1410));
#1394 = ORIENTED_EDGE('',*,*,#461,.T.);
#1395 = ORIENTED_EDGE('',*,*,#1396,.T.);
#1396 = EDGE_CURVE('',#464,#1397,#1399,.T.);
#1397 = VERTEX_POINT('',#1398);
#1398 = CARTESIAN_POINT('',(3.436376623205,-24.56362337679,29.));
#1399 = B_SPLINE_CURVE_WITH_KNOTS('',1,(#1400,#1401),.UNSPECIFIED.,.F.,
  .F.,(2,2),(0.,1.),.PIECEWISE_BEZIER_KNOTS.);
#1400 = CARTESIAN_POINT('',(3.,-25.,4.));
#1401 = CARTESIAN_POINT('',(3.436376623205,-24.56362337679,29.));
#1402 = ORIENTED_EDGE('',*,*,#1403,.F.);
#1403 = EDGE_CURVE('',#1404,#1397,#1406,.T.);
#1404 = VERTEX_POINT('',#1405);
#1405 = CARTESIAN_POINT('',(3.436376623205,24.563623376795,29.));
#1406 = LINE('',#1407,#1408);
#1407 = CARTESIAN_POINT('',(3.436376623205,25.,29.));
#1408 = VECTOR('',#1409,1.);
#1409 = DIRECTION('',(0.,-1.,0.));
#1410 = ORIENTED_EDGE('',*,*,#1411,.F.);
#1411 = EDGE_CURVE('',#462,#1404,#1412,.T.);
#1412 = B_SPLINE_CURVE_WITH_KNOTS('',1,(#1413,#1414),.UNSPECIFIED.,.F.,
  .F.,(2,2),(0.,1.),.PIECEWISE_BEZIER_KNOTS.);
#1413 = CARTESIAN_POINT('',(3.,25.,4.));
#1414 = CARTESIAN_POINT('',(3.436376623205,24.563623376795,29.));
#1415 = B_SPLINE_SURFACE_WITH_KNOTS('',1,1,(
    (#1416,#1417)
    ,(#1418,#1419
    )),.UNSPECIFIED.,.F.,.F.,.F.,(2,2),(2,2),(0.,50.),(0.,1.),
  .PIECEWISE_BEZIER_KNOTS.);
#1416 = CARTESIAN_POINT('',(3.,25.,4.));
#1417 = CARTESIAN_POINT('',(3.436376623205,24.563623376795,29.));
#1418 = CARTESIAN_POINT('',(3.,-25.,4.));
#1419 = CARTESIAN_POINT('',(3.436376623205,-24.56362337679,29.));
#1420 = ADVANCED_FACE('',(#1421),#1438,.T.);
#1421 = FACE_BOUND('',#1422,.T.);
#1422 = EDGE_LOOP('',(#1423,#1424,#1431,#1437));
#1423 = ORIENTED_EDGE('',*,*,#487,.T.);
#1424 = ORIENTED_EDGE('',*,*,#1425,.T.);
#1425 = EDGE_CURVE('',#480,#1426,#1428,.T.);
#1426 = VERTEX_POINT('',#1427);
#1427 = CARTESIAN_POINT('',(4.563623376795,-24.56362337679,29.));
#1428 = B_SPLINE_CURVE_WITH_KNOTS('',1,(#1429,#1430),.UNSPECIFIED.,.F.,
  .F.,(2,2),(0.,1.),.PIECEWISE_BEZIER_KNOTS.);
#1429 = CARTESIAN_POINT('',(5.,-25.,4.));
#1430 = CARTESIAN_POINT('',(4.563623376795,-24.56362337679,29.));
#1431 = ORIENTED_EDGE('',*,*,#1432,.F.);
#1432 = EDGE_CURVE('',#1397,#1426,#1433,.T.);
#1433 = LINE('',#1434,#1435);
#1434 = CARTESIAN_POINT('',(3.,-24.56362337679,29.));
#1435 = VECTOR('',#1436,1.);
#1436 = DIRECTION('',(1.,0.,0.));
#1437 = ORIENTED_EDGE('',*,*,#1396,.F.);
#1438 = B_SPLINE_SURFACE_WITH_KNOTS('',1,1,(
    (#1439,#1440)
    ,(#1441,#1442
    )),.UNSPECIFIED.,.F.,.F.,.F.,(2,2),(2,2),(0.,2.),(0.,1.),
  .PIECEWISE_BEZIER_KNOTS.);
#1439 = CARTESIAN_POINT('',(3.,-25.,4.));
#1440 = CARTESIAN_POINT('',(3.436376623205,-24.56362337679,29.));
#1441 = CARTESIAN_POINT('',(5.,-25.,4.));
#1442 = CARTESIAN_POINT('',(4.563623376795,-24.56362337679,29.));
#1443 = ADVANCED_FACE('',(#1444),#1461,.T.);
#1444 = FACE_BOUND('',#1445,.T.);
#1445 = EDGE_LOOP('',(#1446,#1447,#1454,#1460));
#1446 = ORIENTED_EDGE('',*,*,#479,.T.);
#1447 = ORIENTED_EDGE('',*,*,#1448,.T.);
#1448 = EDGE_CURVE('',#472,#1449,#1451,.T.);
#1449 = VERTEX_POINT('',#1450);
#1450 = CARTESIAN_POINT('',(4.563623376795,24.563623376795,29.));
#1451 = B_SPLINE_CURVE_WITH_KNOTS('',1,(#1452,#1453),.UNSPECIFIED.,.F.,
  .F.,(2,2),(0.,1.),.PIECEWISE_BEZIER_KNOTS.);
#1452 = CARTESIAN_POINT('',(5.,25.,4.));
#1453 = CARTESIAN_POINT('',(4.563623376795,24.563623376795,29.));
#1454 = ORIENTED_EDGE('',*,*,#1455,.F.);
#1455 = EDGE_CURVE('',#1426,#1449,#1456,.T.);
#1456 = LINE('',#1457,#1458);
#1457 = CARTESIAN_POINT('',(4.563623376795,-25.,29.));
#1458 = VECTOR('',#1459,1.);
#1459 = DIRECTION('',(0.,1.,0.));
#1460 = ORIENTED_EDGE('',*,*,#1425,.F.);
#1461 = B_SPLINE_SURFACE_WITH_KNOTS('',1,1,(
    (#1462,#1463)
    ,(#1464,#1465
    )),.UNSPECIFIED.,.F.,.F.,.F.,(2,2),(2,2),(0.,50.),(0.,1.),
  .PIECEWISE_BEZIER_KNOTS.);
#1462 = CARTESIAN_POINT('',(5.,-25.,4.));
#1463 = CARTESIAN_POINT('',(4.563623376795,-24.56362337679,29.));
#1464 = CARTESIAN_POINT('',(5.,25.,4.));
#1465 = CARTESIAN_POINT('',(4.563623376795,24.563623376795,29.));
#1466 = ADVANCED_FACE('',(#1467),#1478,.T.);
#1467 = FACE_BOUND('',#1468,.T.);
#1468 = EDGE_LOOP('',(#1469,#1470,#1471,#1477));
#1469 = ORIENTED_EDGE('',*,*,#471,.T.);
#1470 = ORIENTED_EDGE('',*,*,#1411,.T.);
#1471 = ORIENTED_EDGE('',*,*,#1472,.F.);
#1472 = EDGE_CURVE('',#1449,#1404,#1473,.T.);
#1473 = LINE('',#1474,#1475);
#1474 = CARTESIAN_POINT('',(5.,24.563623376795,29.));
#1475 = VECTOR('',#1476,1.);
#1476 = DIRECTION('',(-1.,0.,0.));
#1477 = ORIENTED_EDGE('',*,*,#1448,.F.);
#1478 = B_SPLINE_SURFACE_WITH_KNOTS('',1,1,(
    (#1479,#1480)
    ,(#1481,#1482
    )),.UNSPECIFIED.,.F.,.F.,.F.,(2,2),(2,2),(0.,2.),(0.,1.),
  .PIECEWISE_BEZIER_KNOTS.);
#1479 = CARTESIAN_POINT('',(5.,25.,4.));
#1480 = CARTESIAN_POINT('',(4.563623376795,24.563623376795,29.));
#1481 = CARTESIAN_POINT('',(3.,25.,4.));
#1482 = CARTESIAN_POINT('',(3.436376623205,24.563623376795,29.));
#1483 = ADVANCED_FACE('',(#1484),#1507,.T.);
#1484 = FACE_BOUND('',#1485,.T.);
#1485 = EDGE_LOOP('',(#1486,#1487,#1494,#1502));
#1486 = ORIENTED_EDGE('',*,*,#495,.T.);
#1487 = ORIENTED_EDGE('',*,*,#1488,.T.);
#1488 = EDGE_CURVE('',#498,#1489,#1491,.T.);
#1489 = VERTEX_POINT('',#1490);
#1490 = CARTESIAN_POINT('',(7.436376623205,-24.56362337679,29.));
#1491 = B_SPLINE_CURVE_WITH_KNOTS('',1,(#1492,#1493),.UNSPECIFIED.,.F.,
  .F.,(2,2),(0.,1.),.PIECEWISE_BEZIER_KNOTS.);
#1492 = CARTESIAN_POINT('',(7.,-25.,4.));
#1493 = CARTESIAN_POINT('',(7.436376623205,-24.56362337679,29.));
#1494 = ORIENTED_EDGE('',*,*,#1495,.F.);
#1495 = EDGE_CURVE('',#1496,#1489,#1498,.T.);
#1496 = VERTEX_POINT('',#1497);
#1497 = CARTESIAN_POINT('',(7.436376623205,24.563623376795,29.));
#1498 = LINE('',#1499,#1500);
#1499 = CARTESIAN_POINT('',(7.436376623205,25.,29.));
#1500 = VECTOR('',#1501,1.);
#1501 = DIRECTION('',(0.,-1.,0.));
#1502 = ORIENTED_EDGE('',*,*,#1503,.F.);
#1503 = EDGE_CURVE('',#496,#1496,#1504,.T.);
#1504 = B_SPLINE_CURVE_WITH_KNOTS('',1,(#1505,#1506),.UNSPECIFIED.,.F.,
  .F.,(2,2),(0.,1.),.PIECEWISE_BEZIER_KNOTS.);
#1505 = CARTESIAN_POINT('',(7.,25.,4.));
#1506 = CARTESIAN_POINT('',(7.436376623205,24.563623376795,29.));
#1507 = B_SPLINE_SURFACE_WITH_KNOTS('',1,1,(
    (#1508,#1509)
    ,(#1510,#1511
    )),.UNSPECIFIED.,.F.,.F.,.F.,(2,2),(2,2),(0.,50.),(0.,1.),
  .PIECEWISE_BEZIER_KNOTS.);
#1508 = CARTESIAN_POINT('',(7.,25.,4.));
#1509 = CARTESIAN_POINT('',(7.436376623205,24.563623376795,29.));
#1510 = CARTESIAN_POINT('',(7.,-25.,4.));
#1511 = CARTESIAN_POINT('',(7.436376623205,-24.56362337679,29.));
#1512 = ADVANCED_FACE('',(#1513),#1530,.T.);
#1513 = FACE_BOUND('',#1514,.T.);
#1514 = EDGE_LOOP('',(#1515,#1516,#1523,#1529));
#1515 = ORIENTED_EDGE('',*,*,#521,.T.);
#1516 = ORIENTED_EDGE('',*,*,#1517,.T.);
#1517 = EDGE_CURVE('',#514,#1518,#1520,.T.);
#1518 = VERTEX_POINT('',#1519);
#1519 = CARTESIAN_POINT('',(8.563623376795,-24.56362337679,29.));
#1520 = B_SPLINE_CURVE_WITH_KNOTS('',1,(#1521,#1522),.UNSPECIFIED.,.F.,
  .F.,(2,2),(0.,1.),.PIECEWISE_BEZIER_KNOTS.);
#1521 = CARTESIAN_POINT('',(9.,-25.,4.));
#1522 = CARTESIAN_POINT('',(8.563623376795,-24.56362337679,29.));
#1523 = ORIENTED_EDGE('',*,*,#1524,.F.);
#1524 = EDGE_CURVE('',#1489,#1518,#1525,.T.);
#1525 = LINE('',#1526,#1527);
#1526 = CARTESIAN_POINT('',(7.,-24.56362337679,29.));
#1527 = VECTOR('',#1528,1.);
#1528 = DIRECTION('',(1.,0.,0.));
#1529 = ORIENTED_EDGE('',*,*,#1488,.F.);
#1530 = B_SPLINE_SURFACE_WITH_KNOTS('',1,1,(
    (#1531,#1532)
    ,(#1533,#1534
    )),.UNSPECIFIED.,.F.,.F.,.F.,(2,2),(2,2),(0.,2.),(0.,1.),
  .PIECEWISE_BEZIER_KNOTS.);
#1531 = CARTESIAN_POINT('',(7.,-25.,4.));
#1532 = CARTESIAN_POINT('',(7.436376623205,-24.56362337679,29.));
#1533 = CARTESIAN_POINT('',(9.,-25.,4.));
#1534 = CARTESIAN_POINT('',(8.563623376795,-24.56362337679,29.));
#1535 = ADVANCED_FACE('',(#1536),#1553,.T.);
#1536 = FACE_BOUND('',#1537,.T.);
#1537 = EDGE_LOOP('',(#1538,#1539,#1546,#1552));
#1538 = ORIENTED_EDGE('',*,*,#513,.T.);
#1539 = ORIENTED_EDGE('',*,*,#1540,.T.);
#1540 = EDGE_CURVE('',#506,#1541,#1543,.T.);
#1541 = VERTEX_POINT('',#1542);
#1542 = CARTESIAN_POINT('',(8.563623376795,24.563623376795,29.));
#1543 = B_SPLINE_CURVE_WITH_KNOTS('',1,(#1544,#1545),.UNSPECIFIED.,.F.,
  .F.,(2,2),(0.,1.),.PIECEWISE_BEZIER_KNOTS.);
#1544 = CARTESIAN_POINT('',(9.,25.,4.));
#1545 = CARTESIAN_POINT('',(8.563623376795,24.563623376795,29.));
#1546 = ORIENTED_EDGE('',*,*,#1547,.F.);
#1547 = EDGE_CURVE('',#1518,#1541,#1548,.T.);
#1548 = LINE('',#1549,#1550);
#1549 = CARTESIAN_POINT('',(8.563623376795,-25.,29.));
#1550 = VECTOR('',#1551,1.);
#1551 = DIRECTION('',(0.,1.,0.));
#1552 = ORIENTED_EDGE('',*,*,#1517,.F.);
#1553 = B_SPLINE_SURFACE_WITH_KNOTS('',1,1,(
    (#1554,#1555)
    ,(#1556,#1557
    )),.UNSPECIFIED.,.F.,.F.,.F.,(2,2),(2,2),(0.,50.),(0.,1.),
  .PIECEWISE_BEZIER_KNOTS.);
#1554 = CARTESIAN_POINT('',(9.,-25.,4.));
#1555 = CARTESIAN_POINT('',(8.563623376795,-24.56362337679,29.));
#1556 = CARTESIAN_POINT('',(9.,25.,4.));
#1557 = CARTESIAN_POINT('',(8.563623376795,24.563623376795,29.));
#1558 = ADVANCED_FACE('',(#1559),#1570,.T.);
#1559 = FACE_BOUND('',#1560,.T.);
#1560 = EDGE_LOOP('',(#1561,#1562,#1563,#1569));
#1561 = ORIENTED_EDGE('',*,*,#505,.T.);
#1562 = ORIENTED_EDGE('',*,*,#1503,.T.);
#1563 = ORIENTED_EDGE('',*,*,#1564,.F.);
#1564 = EDGE_CURVE('',#1541,#1496,#1565,.T.);
#1565 = LINE('',#1566,#1567);
#1566 = CARTESIAN_POINT('',(9.,24.563623376795,29.));
#1567 = VECTOR('',#1568,1.);
#1568 = DIRECTION('',(-1.,0.,0.));
#1569 = ORIENTED_EDGE('',*,*,#1540,.F.);
#1570 = B_SPLINE_SURFACE_WITH_KNOTS('',1,1,(
    (#1571,#1572)
    ,(#1573,#1574
    )),.UNSPECIFIED.,.F.,.F.,.F.,(2,2),(2,2),(0.,2.),(0.,1.),
  .PIECEWISE_BEZIER_KNOTS.);
#1571 = CARTESIAN_POINT('',(9.,25.,4.));
#1572 = CARTESIAN_POINT('',(8.563623376795,24.563623376795,29.));
#1573 = CARTESIAN_POINT('',(7.,25.,4.));
#1574 = CARTESIAN_POINT('',(7.436376623205,24.563623376795,29.));
#1575 = ADVANCED_FACE('',(#1576),#1599,.T.);
#1576 = FACE_BOUND('',#1577,.T.);
#1577 = EDGE_LOOP('',(#1578,#1579,#1586,#1594));
#1578 = ORIENTED_EDGE('',*,*,#529,.T.);
#1579 = ORIENTED_EDGE('',*,*,#1580,.T.);
#1580 = EDGE_CURVE('',#532,#1581,#1583,.T.);
#1581 = VERTEX_POINT('',#1582);
#1582 = CARTESIAN_POINT('',(11.436376623205,-24.56362337679,29.));
#1583 = B_SPLINE_CURVE_WITH_KNOTS('',1,(#1584,#1585),.UNSPECIFIED.,.F.,
  .F.,(2,2),(0.,1.),.PIECEWISE_BEZIER_KNOTS.);
#1584 = CARTESIAN_POINT('',(11.,-25.,4.));
#1585 = CARTESIAN_POINT('',(11.436376623205,-24.56362337679,29.));
#1586 = ORIENTED_EDGE('',*,*,#1587,.F.);
#1587 = EDGE_CURVE('',#1588,#1581,#1590,.T.);
#1588 = VERTEX_POINT('',#1589);
#1589 = CARTESIAN_POINT('',(11.436376623205,24.563623376795,29.));
#1590 = LINE('',#1591,#1592);
#1591 = CARTESIAN_POINT('',(11.436376623205,25.,29.));
#1592 = VECTOR('',#1593,1.);
#1593 = DIRECTION('',(0.,-1.,0.));
#1594 = ORIENTED_EDGE('',*,*,#1595,.F.);
#1595 = EDGE_CURVE('',#530,#1588,#1596,.T.);
#1596 = B_SPLINE_CURVE_WITH_KNOTS('',1,(#1597,#1598),.UNSPECIFIED.,.F.,
  .F.,(2,2),(0.,1.),.PIECEWISE_BEZIER_KNOTS.);
#1597 = CARTESIAN_POINT('',(11.,25.,4.));
#1598 = CARTESIAN_POINT('',(11.436376623205,24.563623376795,29.));
#1599 = B_SPLINE_SURFACE_WITH_KNOTS('',1,1,(
    (#1600,#1601)
    ,(#1602,#1603
    )),.UNSPECIFIED.,.F.,.F.,.F.,(2,2),(2,2),(0.,50.),(0.,1.),
  .PIECEWISE_BEZIER_KNOTS.);
#1600 = CARTESIAN_POINT('',(11.,25.,4.));
#1601 = CARTESIAN_POINT('',(11.436376623205,24.563623376795,29.));
#1602 = CARTESIAN_POINT('',(11.,-25.,4.));
#1603 = CARTESIAN_POINT('',(11.436376623205,-24.56362337679,29.));
#1604 = ADVANCED_FACE('',(#1605),#1622,.T.);
#1605 = FACE_BOUND('',#1606,.T.);
#1606 = EDGE_LOOP('',(#1607,#1608,#1615,#1621));
#1607 = ORIENTED_EDGE('',*,*,#555,.T.);
#1608 = ORIENTED_EDGE('',*,*,#1609,.T.);
#1609 = EDGE_CURVE('',#548,#1610,#1612,.T.);
#1610 = VERTEX_POINT('',#1611);
#1611 = CARTESIAN_POINT('',(12.563623376795,-24.56362337679,29.));
#1612 = B_SPLINE_CURVE_WITH_KNOTS('',1,(#1613,#1614),.UNSPECIFIED.,.F.,
  .F.,(2,2),(0.,1.),.PIECEWISE_BEZIER_KNOTS.);
#1613 = CARTESIAN_POINT('',(13.,-25.,4.));
#1614 = CARTESIAN_POINT('',(12.563623376795,-24.56362337679,29.));
#1615 = ORIENTED_EDGE('',*,*,#1616,.F.);
#1616 = EDGE_CURVE('',#1581,#1610,#1617,.T.);
#1617 = LINE('',#1618,#1619);
#1618 = CARTESIAN_POINT('',(11.,-24.56362337679,29.));
#1619 = VECTOR('',#1620,1.);
#1620 = DIRECTION('',(1.,0.,0.));
#1621 = ORIENTED_EDGE('',*,*,#1580,.F.);
#1622 = B_SPLINE_SURFACE_WITH_KNOTS('',1,1,(
    (#1623,#1624)
    ,(#1625,#1626
    )),.UNSPECIFIED.,.F.,.F.,.F.,(2,2),(2,2),(0.,2.),(0.,1.),
  .PIECEWISE_BEZIER_KNOTS.);
#1623 = CARTESIAN_POINT('',(11.,-25.,4.));
#1624 = CARTESIAN_POINT('',(11.436376623205,-24.56362337679,29.));
#1625 = CARTESIAN_POINT('',(13.,-25.,4.));
#1626 = CARTESIAN_POINT('',(12.563623376795,-24.56362337679,29.));
#1627 = ADVANCED_FACE('',(#1628),#1645,.T.);
#1628 = FACE_BOUND('',#1629,.T.);
#1629 = EDGE_LOOP('',(#1630,#1631,#1638,#1644));
#1630 = ORIENTED_EDGE('',*,*,#547,.T.);
#1631 = ORIENTED_EDGE('',*,*,#1632,.T.);
#1632 = EDGE_CURVE('',#540,#1633,#1635,.T.);
#1633 = VERTEX_POINT('',#1634);
#1634 = CARTESIAN_POINT('',(12.563623376795,24.563623376795,29.));
#1635 = B_SPLINE_CURVE_WITH_KNOTS('',1,(#1636,#1637),.UNSPECIFIED.,.F.,
  .F.,(2,2),(0.,1.),.PIECEWISE_BEZIER_KNOTS.);
#1636 = CARTESIAN_POINT('',(13.,25.,4.));
#1637 = CARTESIAN_POINT('',(12.563623376795,24.563623376795,29.));
#1638 = ORIENTED_EDGE('',*,*,#1639,.F.);
#1639 = EDGE_CURVE('',#1610,#1633,#1640,.T.);
#1640 = LINE('',#1641,#1642);
#1641 = CARTESIAN_POINT('',(12.563623376795,-25.,29.));
#1642 = VECTOR('',#1643,1.);
#1643 = DIRECTION('',(0.,1.,0.));
#1644 = ORIENTED_EDGE('',*,*,#1609,.F.);
#1645 = B_SPLINE_SURFACE_WITH_KNOTS('',1,1,(
    (#1646,#1647)
    ,(#1648,#1649
    )),.UNSPECIFIED.,.F.,.F.,.F.,(2,2),(2,2),(0.,50.),(0.,1.),
  .PIECEWISE_BEZIER_KNOTS.);
#1646 = CARTESIAN_POINT('',(13.,-25.,4.));
#1647 = CARTESIAN_POINT('',(12.563623376795,-24.56362337679,29.));
#1648 = CARTESIAN_POINT('',(13.,25.,4.));
#1649 = CARTESIAN_POINT('',(12.563623376795,24.563623376795,29.));
#1650 = ADVANCED_FACE('',(#1651),#1662,.T.);
#1651 = FACE_BOUND('',#1652,.T.);
#1652 = EDGE_LOOP('',(#1653,#1654,#1655,#1661));
#1653 = ORIENTED_EDGE('',*,*,#539,.T.);
#1654 = ORIENTED_EDGE('',*,*,#1595,.T.);
#1655 = ORIENTED_EDGE('',*,*,#1656,.F.);
#1656 = EDGE_CURVE('',#1633,#1588,#1657,.T.);
#1657 = LINE('',#1658,#1659);
#1658 = CARTESIAN_POINT('',(13.,24.563623376795,29.));
#1659 = VECTOR('',#1660,1.);
#1660 = DIRECTION('',(-1.,0.,0.));
#1661 = ORIENTED_EDGE('',*,*,#1632,.F.);
#1662 = B_SPLINE_SURFACE_WITH_KNOTS('',1,1,(
    (#1663,#1664)
    ,(#1665,#1666
    )),.UNSPECIFIED.,.F.,.F.,.F.,(2,2),(2,2),(0.,2.),(0.,1.),
  .PIECEWISE_BEZIER_KNOTS.);
#1663 = CARTESIAN_POINT('',(13.,25.,4.));
#1664 = CARTESIAN_POINT('',(12.563623376795,24.563623376795,29.));
#1665 = CARTESIAN_POINT('',(11.,25.,4.));
#1666 = CARTESIAN_POINT('',(11.436376623205,24.563623376795,29.));
#1667 = ADVANCED_FACE('',(#1668),#1691,.T.);
#1668 = FACE_BOUND('',#1669,.T.);
#1669 = EDGE_LOOP('',(#1670,#1671,#1678,#1686));
#1670 = ORIENTED_EDGE('',*,*,#563,.T.);
#1671 = ORIENTED_EDGE('',*,*,#1672,.T.);
#1672 = EDGE_CURVE('',#566,#1673,#1675,.T.);
#1673 = VERTEX_POINT('',#1674);
#1674 = CARTESIAN_POINT('',(15.436376623205,-24.56362337679,29.));
#1675 = B_SPLINE_CURVE_WITH_KNOTS('',1,(#1676,#1677),.UNSPECIFIED.,.F.,
  .F.,(2,2),(0.,1.),.PIECEWISE_BEZIER_KNOTS.);
#1676 = CARTESIAN_POINT('',(15.,-25.,4.));
#1677 = CARTESIAN_POINT('',(15.436376623205,-24.56362337679,29.));
#1678 = ORIENTED_EDGE('',*,*,#1679,.F.);
#1679 = EDGE_CURVE('',#1680,#1673,#1682,.T.);
#1680 = VERTEX_POINT('',#1681);
#1681 = CARTESIAN_POINT('',(15.436376623205,24.563623376795,29.));
#1682 = LINE('',#1683,#1684);
#1683 = CARTESIAN_POINT('',(15.436376623205,25.,29.));
#1684 = VECTOR('',#1685,1.);
#1685 = DIRECTION('',(0.,-1.,0.));
#1686 = ORIENTED_EDGE('',*,*,#1687,.F.);
#1687 = EDGE_CURVE('',#564,#1680,#1688,.T.);
#1688 = B_SPLINE_CURVE_WITH_KNOTS('',1,(#1689,#1690),.UNSPECIFIED.,.F.,
  .F.,(2,2),(0.,1.),.PIECEWISE_BEZIER_KNOTS.);
#1689 = CARTESIAN_POINT('',(15.,25.,4.));
#1690 = CARTESIAN_POINT('',(15.436376623205,24.563623376795,29.));
#1691 = B_SPLINE_SURFACE_WITH_KNOTS('',1,1,(
    (#1692,#1693)
    ,(#1694,#1695
    )),.UNSPECIFIED.,.F.,.F.,.F.,(2,2),(2,2),(0.,50.),(0.,1.),
  .PIECEWISE_BEZIER_KNOTS.);
#1692 = CARTESIAN_POINT('',(15.,25.,4.));
#1693 = CARTESIAN_POINT('',(15.436376623205,24.563623376795,29.));
#1694 = CARTESIAN_POINT('',(15.,-25.,4.));
#1695 = CARTESIAN_POINT('',(15.436376623205,-24.56362337679,29.));
#1696 = ADVANCED_FACE('',(#1697),#1714,.T.);
#1697 = FACE_BOUND('',#1698,.T.);
#1698 = EDGE_LOOP('',(#1699,#1700,#1707,#1713));
#1699 = ORIENTED_EDGE('',*,*,#589,.T.);
#1700 = ORIENTED_EDGE('',*,*,#1701,.T.);
#1701 = EDGE_CURVE('',#582,#1702,#1704,.T.);
#1702 = VERTEX_POINT('',#1703);
#1703 = CARTESIAN_POINT('',(16.563623376795,-24.56362337679,29.));
#1704 = B_SPLINE_CURVE_WITH_KNOTS('',1,(#1705,#1706),.UNSPECIFIED.,.F.,
  .F.,(2,2),(0.,1.),.PIECEWISE_BEZIER_KNOTS.);
#1705 = CARTESIAN_POINT('',(17.,-25.,4.));
#1706 = CARTESIAN_POINT('',(16.563623376795,-24.56362337679,29.));
#1707 = ORIENTED_EDGE('',*,*,#1708,.F.);
#1708 = EDGE_CURVE('',#1673,#1702,#1709,.T.);
#1709 = LINE('',#1710,#1711);
#1710 = CARTESIAN_POINT('',(15.,-24.56362337679,29.));
#1711 = VECTOR('',#1712,1.);
#1712 = DIRECTION('',(1.,0.,0.));
#1713 = ORIENTED_EDGE('',*,*,#1672,.F.);
#1714 = B_SPLINE_SURFACE_WITH_KNOTS('',1,1,(
    (#1715,#1716)
    ,(#1717,#1718
    )),.UNSPECIFIED.,.F.,.F.,.F.,(2,2),(2,2),(0.,2.),(0.,1.),
  .PIECEWISE_BEZIER_KNOTS.);
#1715 = CARTESIAN_POINT('',(15.,-25.,4.));
#1716 = CARTESIAN_POINT('',(15.436376623205,-24.56362337679,29.));
#1717 = CARTESIAN_POINT('',(17.,-25.,4.));
#1718 = CARTESIAN_POINT('',(16.563623376795,-24.56362337679,29.));
#1719 = ADVANCED_FACE('',(#1720),#1737,.T.);
#1720 = FACE_BOUND('',#1721,.T.);
#1721 = EDGE_LOOP('',(#1722,#1723,#1730,#1736));
#1722 = ORIENTED_EDGE('',*,*,#581,.T.);
#1723 = ORIENTED_EDGE('',*,*,#1724,.T.);
#1724 = EDGE_CURVE('',#574,#1725,#1727,.T.);
#1725 = VERTEX_POINT('',#1726);
#1726 = CARTESIAN_POINT('',(16.563623376795,24.563623376795,29.));
#1727 = B_SPLINE_CURVE_WITH_KNOTS('',1,(#1728,#1729),.UNSPECIFIED.,.F.,
  .F.,(2,2),(0.,1.),.PIECEWISE_BEZIER_KNOTS.);
#1728 = CARTESIAN_POINT('',(17.,25.,4.));
#1729 = CARTESIAN_POINT('',(16.563623376795,24.563623376795,29.));
#1730 = ORIENTED_EDGE('',*,*,#1731,.F.);
#1731 = EDGE_CURVE('',#1702,#1725,#1732,.T.);
#1732 = LINE('',#1733,#1734);
#1733 = CARTESIAN_POINT('',(16.563623376795,-25.,29.));
#1734 = VECTOR('',#1735,1.);
#1735 = DIRECTION('',(0.,1.,0.));
#1736 = ORIENTED_EDGE('',*,*,#1701,.F.);
#1737 = B_SPLINE_SURFACE_WITH_KNOTS('',1,1,(
    (#1738,#1739)
    ,(#1740,#1741
    )),.UNSPECIFIED.,.F.,.F.,.F.,(2,2),(2,2),(0.,50.),(0.,1.),
  .PIECEWISE_BEZIER_KNOTS.);
#1738 = CARTESIAN_POINT('',(17.,-25.,4.));
#1739 = CARTESIAN_POINT('',(16.563623376795,-24.56362337679,29.));
#1740 = CARTESIAN_POINT('',(17.,25.,4.));
#1741 = CARTESIAN_POINT('',(16.563623376795,24.563623376795,29.));
#1742 = ADVANCED_FACE('',(#1743),#1754,.T.);
#1743 = FACE_BOUND('',#1744,.T.);
#1744 = EDGE_LOOP('',(#1745,#1746,#1747,#1753));
#1745 = ORIENTED_EDGE('',*,*,#573,.T.);
#1746 = ORIENTED_EDGE('',*,*,#1687,.T.);
#1747 = ORIENTED_EDGE('',*,*,#1748,.F.);
#1748 = EDGE_CURVE('',#1725,#1680,#1749,.T.);
#1749 = LINE('',#1750,#1751);
#1750 = CARTESIAN_POINT('',(17.,24.563623376795,29.));
#1751 = VECTOR('',#1752,1.);
#1752 = DIRECTION('',(-1.,0.,0.));
#1753 = ORIENTED_EDGE('',*,*,#1724,.F.);
#1754 = B_SPLINE_SURFACE_WITH_KNOTS('',1,1,(
    (#1755,#1756)
    ,(#1757,#1758
    )),.UNSPECIFIED.,.F.,.F.,.F.,(2,2),(2,2),(0.,2.),(0.,1.),
  .PIECEWISE_BEZIER_KNOTS.);
#1755 = CARTESIAN_POINT('',(17.,25.,4.));
#1756 = CARTESIAN_POINT('',(16.563623376795,24.563623376795,29.));
#1757 = CARTESIAN_POINT('',(15.,25.,4.));
#1758 = CARTESIAN_POINT('',(15.436376623205,24.563623376795,29.));
#1759 = ADVANCED_FACE('',(#1760),#1783,.T.);
#1760 = FACE_BOUND('',#1761,.T.);
#1761 = EDGE_LOOP('',(#1762,#1763,#1770,#1778));
#1762 = ORIENTED_EDGE('',*,*,#597,.T.);
#1763 = ORIENTED_EDGE('',*,*,#1764,.T.);
#1764 = EDGE_CURVE('',#600,#1765,#1767,.T.);
#1765 = VERTEX_POINT('',#1766);
#1766 = CARTESIAN_POINT('',(19.436376623205,-24.56362337679,29.));
#1767 = B_SPLINE_CURVE_WITH_KNOTS('',1,(#1768,#1769),.UNSPECIFIED.,.F.,
  .F.,(2,2),(0.,1.),.PIECEWISE_BEZIER_KNOTS.);
#1768 = CARTESIAN_POINT('',(19.,-25.,4.));
#1769 = CARTESIAN_POINT('',(19.436376623205,-24.56362337679,29.));
#1770 = ORIENTED_EDGE('',*,*,#1771,.F.);
#1771 = EDGE_CURVE('',#1772,#1765,#1774,.T.);
#1772 = VERTEX_POINT('',#1773);
#1773 = CARTESIAN_POINT('',(19.436376623205,24.563623376795,29.));
#1774 = LINE('',#1775,#1776);
#1775 = CARTESIAN_POINT('',(19.436376623205,25.,29.));
#1776 = VECTOR('',#1777,1.);
#1777 = DIRECTION('',(0.,-1.,0.));
#1778 = ORIENTED_EDGE('',*,*,#1779,.F.);
#1779 = EDGE_CURVE('',#598,#1772,#1780,.T.);
#1780 = B_SPLINE_CURVE_WITH_KNOTS('',1,(#1781,#1782),.UNSPECIFIED.,.F.,
  .F.,(2,2),(0.,1.),.PIECEWISE_BEZIER_KNOTS.);
#1781 = CARTESIAN_POINT('',(19.,25.,4.));
#1782 = CARTESIAN_POINT('',(19.436376623205,24.563623376795,29.));
#1783 = B_SPLINE_SURFACE_WITH_KNOTS('',1,1,(
    (#1784,#1785)
    ,(#1786,#1787
    )),.UNSPECIFIED.,.F.,.F.,.F.,(2,2),(2,2),(0.,50.),(0.,1.),
  .PIECEWISE_BEZIER_KNOTS.);
#1784 = CARTESIAN_POINT('',(19.,25.,4.));
#1785 = CARTESIAN_POINT('',(19.436376623205,24.563623376795,29.));
#1786 = CARTESIAN_POINT('',(19.,-25.,4.));
#1787 = CARTESIAN_POINT('',(19.436376623205,-24.56362337679,29.));
#1788 = ADVANCED_FACE('',(#1789),#1806,.T.);
#1789 = FACE_BOUND('',#1790,.T.);
#1790 = EDGE_LOOP('',(#1791,#1792,#1799,#1805));
#1791 = ORIENTED_EDGE('',*,*,#623,.T.);
#1792 = ORIENTED_EDGE('',*,*,#1793,.T.);
#1793 = EDGE_CURVE('',#616,#1794,#1796,.T.);
#1794 = VERTEX_POINT('',#1795);
#1795 = CARTESIAN_POINT('',(20.563623376795,-24.56362337679,29.));
#1796 = B_SPLINE_CURVE_WITH_KNOTS('',1,(#1797,#1798),.UNSPECIFIED.,.F.,
  .F.,(2,2),(0.,1.),.PIECEWISE_BEZIER_KNOTS.);
#1797 = CARTESIAN_POINT('',(21.,-25.,4.));
#1798 = CARTESIAN_POINT('',(20.563623376795,-24.56362337679,29.));
#1799 = ORIENTED_EDGE('',*,*,#1800,.F.);
#1800 = EDGE_CURVE('',#1765,#1794,#1801,.T.);
#1801 = LINE('',#1802,#1803);
#1802 = CARTESIAN_POINT('',(19.,-24.56362337679,29.));
#1803 = VECTOR('',#1804,1.);
#1804 = DIRECTION('',(1.,0.,0.));
#1805 = ORIENTED_EDGE('',*,*,#1764,.F.);
#1806 = B_SPLINE_SURFACE_WITH_KNOTS('',1,1,(
    (#1807,#1808)
    ,(#1809,#1810
    )),.UNSPECIFIED.,.F.,.F.,.F.,(2,2),(2,2),(0.,2.),(0.,1.),
  .PIECEWISE_BEZIER_KNOTS.);
#1807 = CARTESIAN_POINT('',(19.,-25.,4.));
#1808 = CARTESIAN_POINT('',(19.436376623205,-24.56362337679,29.));
#1809 = CARTESIAN_POINT('',(21.,-25.,4.));
#1810 = CARTESIAN_POINT('',(20.563623376795,-24.56362337679,29.));
#1811 = ADVANCED_FACE('',(#1812),#1829,.T.);
#1812 = FACE_BOUND('',#1813,.T.);
#1813 = EDGE_LOOP('',(#1814,#1815,#1822,#1828));
#1814 = ORIENTED_EDGE('',*,*,#615,.T.);
#1815 = ORIENTED_EDGE('',*,*,#1816,.T.);
#1816 = EDGE_CURVE('',#608,#1817,#1819,.T.);
#1817 = VERTEX_POINT('',#1818);
#1818 = CARTESIAN_POINT('',(20.563623376795,24.563623376795,29.));
#1819 = B_SPLINE_CURVE_WITH_KNOTS('',1,(#1820,#1821),.UNSPECIFIED.,.F.,
  .F.,(2,2),(0.,1.),.PIECEWISE_BEZIER_KNOTS.);
#1820 = CARTESIAN_POINT('',(21.,25.,4.));
#1821 = CARTESIAN_POINT('',(20.563623376795,24.563623376795,29.));
#1822 = ORIENTED_EDGE('',*,*,#1823,.F.);
#1823 = EDGE_CURVE('',#1794,#1817,#1824,.T.);
#1824 = LINE('',#1825,#1826);
#1825 = CARTESIAN_POINT('',(20.563623376795,-25.,29.));
#1826 = VECTOR('',#1827,1.);
#1827 = DIRECTION('',(0.,1.,0.));
#1828 = ORIENTED_EDGE('',*,*,#1793,.F.);
#1829 = B_SPLINE_SURFACE_WITH_KNOTS('',1,1,(
    (#1830,#1831)
    ,(#1832,#1833
    )),.UNSPECIFIED.,.F.,.F.,.F.,(2,2),(2,2),(0.,50.),(0.,1.),
  .PIECEWISE_BEZIER_KNOTS.);
#1830 = CARTESIAN_POINT('',(21.,-25.,4.));
#1831 = CARTESIAN_POINT('',(20.563623376795,-24.56362337679,29.));
#1832 = CARTESIAN_POINT('',(21.,25.,4.));
#1833 = CARTESIAN_POINT('',(20.563623376795,24.563623376795,29.));
#1834 = ADVANCED_FACE('',(#1835),#1846,.T.);
#1835 = FACE_BOUND('',#1836,.T.);
#1836 = EDGE_LOOP('',(#1837,#1838,#1839,#1845));
#1837 = ORIENTED_EDGE('',*,*,#607,.T.);
#1838 = ORIENTED_EDGE('',*,*,#1779,.T.);
#1839 = ORIENTED_EDGE('',*,*,#1840,.F.);
#1840 = EDGE_CURVE('',#1817,#1772,#1841,.T.);
#1841 = LINE('',#1842,#1843);
#1842 = CARTESIAN_POINT('',(21.,24.563623376795,29.));
#1843 = VECTOR('',#1844,1.);
#1844 = DIRECTION('',(-1.,0.,0.));
#1845 = ORIENTED_EDGE('',*,*,#1816,.F.);
#1846 = B_SPLINE_SURFACE_WITH_KNOTS('',1,1,(
    (#1847,#1848)
    ,(#1849,#1850
    )),.UNSPECIFIED.,.F.,.F.,.F.,(2,2),(2,2),(0.,2.),(0.,1.),
  .PIECEWISE_BEZIER_KNOTS.);
#1847 = CARTESIAN_POINT('',(21.,25.,4.));
#1848 = CARTESIAN_POINT('',(20.563623376795,24.563623376795,29.));
#1849 = CARTESIAN_POINT('',(19.,25.,4.));
#1850 = CARTESIAN_POINT('',(19.436376623205,24.563623376795,29.));
#1851 = ADVANCED_FACE('',(#1852),#1875,.T.);
#1852 = FACE_BOUND('',#1853,.T.);
#1853 = EDGE_LOOP('',(#1854,#1855,#1862,#1870));
#1854 = ORIENTED_EDGE('',*,*,#631,.T.);
#1855 = ORIENTED_EDGE('',*,*,#1856,.T.);
#1856 = EDGE_CURVE('',#634,#1857,#1859,.T.);
#1857 = VERTEX_POINT('',#1858);
#1858 = CARTESIAN_POINT('',(23.436376623205,-24.56362337679,29.));
#1859 = B_SPLINE_CURVE_WITH_KNOTS('',1,(#1860,#1861),.UNSPECIFIED.,.F.,
  .F.,(2,2),(0.,1.),.PIECEWISE_BEZIER_KNOTS.);
#1860 = CARTESIAN_POINT('',(23.,-25.,4.));
#1861 = CARTESIAN_POINT('',(23.436376623205,-24.56362337679,29.));
#1862 = ORIENTED_EDGE('',*,*,#1863,.F.);
#1863 = EDGE_CURVE('',#1864,#1857,#1866,.T.);
#1864 = VERTEX_POINT('',#1865);
#1865 = CARTESIAN_POINT('',(23.436376623205,24.563623376795,29.));
#1866 = LINE('',#1867,#1868);
#1867 = CARTESIAN_POINT('',(23.436376623205,25.,29.));
#1868 = VECTOR('',#1869,1.);
#1869 = DIRECTION('',(0.,-1.,0.));
#1870 = ORIENTED_EDGE('',*,*,#1871,.F.);
#1871 = EDGE_CURVE('',#632,#1864,#1872,.T.);
#1872 = B_SPLINE_CURVE_WITH_KNOTS('',1,(#1873,#1874),.UNSPECIFIED.,.F.,
  .F.,(2,2),(0.,1.),.PIECEWISE_BEZIER_KNOTS.);
#1873 = CARTESIAN_POINT('',(23.,25.,4.));
#1874 = CARTESIAN_POINT('',(23.436376623205,24.563623376795,29.));
#1875 = B_SPLINE_SURFACE_WITH_KNOTS('',1,1,(
    (#1876,#1877)
    ,(#1878,#1879
    )),.UNSPECIFIED.,.F.,.F.,.F.,(2,2),(2,2),(0.,50.),(0.,1.),
  .PIECEWISE_BEZIER_KNOTS.);
#1876 = CARTESIAN_POINT('',(23.,25.,4.));
#1877 = CARTESIAN_POINT('',(23.436376623205,24.563623376795,29.));
#1878 = CARTESIAN_POINT('',(23.,-25.,4.));
#1879 = CARTESIAN_POINT('',(23.436376623205,-24.56362337679,29.));
#1880 = ADVANCED_FACE('',(#1881),#1898,.T.);
#1881 = FACE_BOUND('',#1882,.T.);
#1882 = EDGE_LOOP('',(#1883,#1884,#1891,#1897));
#1883 = ORIENTED_EDGE('',*,*,#657,.T.);
#1884 = ORIENTED_EDGE('',*,*,#1885,.T.);
#1885 = EDGE_CURVE('',#650,#1886,#1888,.T.);
#1886 = VERTEX_POINT('',#1887);
#1887 = CARTESIAN_POINT('',(24.563623376795,-24.56362337679,29.));
#1888 = B_SPLINE_CURVE_WITH_KNOTS('',1,(#1889,#1890),.UNSPECIFIED.,.F.,
  .F.,(2,2),(0.,1.),.PIECEWISE_BEZIER_KNOTS.);
#1889 = CARTESIAN_POINT('',(25.,-25.,4.));
#1890 = CARTESIAN_POINT('',(24.563623376795,-24.56362337679,29.));
#1891 = ORIENTED_EDGE('',*,*,#1892,.F.);
#1892 = EDGE_CURVE('',#1857,#1886,#1893,.T.);
#1893 = LINE('',#1894,#1895);
#1894 = CARTESIAN_POINT('',(23.,-24.56362337679,29.));
#1895 = VECTOR('',#1896,1.);
#1896 = DIRECTION('',(1.,0.,0.));
#1897 = ORIENTED_EDGE('',*,*,#1856,.F.);
#1898 = B_SPLINE_SURFACE_WITH_KNOTS('',1,1,(
    (#1899,#1900)
    ,(#1901,#1902
    )),.UNSPECIFIED.,.F.,.F.,.F.,(2,2),(2,2),(0.,2.),(0.,1.),
  .PIECEWISE_BEZIER_KNOTS.);
#1899 = CARTESIAN_POINT('',(23.,-25.,4.));
#1900 = CARTESIAN_POINT('',(23.436376623205,-24.56362337679,29.));
#1901 = CARTESIAN_POINT('',(25.,-25.,4.));
#1902 = CARTESIAN_POINT('',(24.563623376795,-24.56362337679,29.));
#1903 = ADVANCED_FACE('',(#1904),#1921,.T.);
#1904 = FACE_BOUND('',#1905,.T.);
#1905 = EDGE_LOOP('',(#1906,#1907,#1914,#1920));
#1906 = ORIENTED_EDGE('',*,*,#649,.T.);
#1907 = ORIENTED_EDGE('',*,*,#1908,.T.);
#1908 = EDGE_CURVE('',#642,#1909,#1911,.T.);
#1909 = VERTEX_POINT('',#1910);
#1910 = CARTESIAN_POINT('',(24.563623376795,24.563623376795,29.));
#1911 = B_SPLINE_CURVE_WITH_KNOTS('',1,(#1912,#1913),.UNSPECIFIED.,.F.,
  .F.,(2,2),(0.,1.),.PIECEWISE_BEZIER_KNOTS.);
#1912 = CARTESIAN_POINT('',(25.,25.,4.));
#1913 = CARTESIAN_POINT('',(24.563623376795,24.563623376795,29.));
#1914 = ORIENTED_EDGE('',*,*,#1915,.F.);
#1915 = EDGE_CURVE('',#1886,#1909,#1916,.T.);
#1916 = LINE('',#1917,#1918);
#1917 = CARTESIAN_POINT('',(24.563623376795,-25.,29.));
#1918 = VECTOR('',#1919,1.);
#1919 = DIRECTION('',(0.,1.,0.));
#1920 = ORIENTED_EDGE('',*,*,#1885,.F.);
#1921 = B_SPLINE_SURFACE_WITH_KNOTS('',1,1,(
    (#1922,#1923)
    ,(#1924,#1925
    )),.UNSPECIFIED.,.F.,.F.,.F.,(2,2),(2,2),(0.,50.),(0.,1.),
  .PIECEWISE_BEZIER_KNOTS.);
#1922 = CARTESIAN_POINT('',(25.,-25.,4.));
#1923 = CARTESIAN_POINT('',(24.563623376795,-24.56362337679,29.));
#1924 = CARTESIAN_POINT('',(25.,25.,4.));
#1925 = CARTESIAN_POINT('',(24.563623376795,24.563623376795,29.));
#1926 = ADVANCED_FACE('',(#1927),#1938,.T.);
#1927 = FACE_BOUND('',#1928,.T.);
#1928 = EDGE_LOOP('',(#1929,#1930,#1931,#1937));
#1929 = ORIENTED_EDGE('',*,*,#641,.T.);
#1930 = ORIENTED_EDGE('',*,*,#1871,.T.);
#1931 = ORIENTED_EDGE('',*,*,#1932,.F.);
#1932 = EDGE_CURVE('',#1909,#1864,#1933,.T.);
#1933 = LINE('',#1934,#1935);
#1934 = CARTESIAN_POINT('',(25.,24.563623376795,29.));
#1935 = VECTOR('',#1936,1.);
#1936 = DIRECTION('',(-1.,0.,0.));
#1937 = ORIENTED_EDGE('',*,*,#1908,.F.);
#1938 = B_SPLINE_SURFACE_WITH_KNOTS('',1,1,(
    (#1939,#1940)
    ,(#1941,#1942
    )),.UNSPECIFIED.,.F.,.F.,.F.,(2,2),(2,2),(0.,2.),(0.,1.),
  .PIECEWISE_BEZIER_KNOTS.);
#1939 = CARTESIAN_POINT('',(25.,25.,4.));
#1940 = CARTESIAN_POINT('',(24.563623376795,24.563623376795,29.));
#1941 = CARTESIAN_POINT('',(23.,25.,4.));
#1942 = CARTESIAN_POINT('',(23.436376623205,24.563623376795,29.));
#1943 = ADVANCED_FACE('',(#1944),#1950,.F.);
#1944 = FACE_BOUND('',#1945,.T.);
#1945 = EDGE_LOOP('',(#1946,#1947,#1948,#1949));
#1946 = ORIENTED_EDGE('',*,*,#759,.T.);
#1947 = ORIENTED_EDGE('',*,*,#788,.T.);
#1948 = ORIENTED_EDGE('',*,*,#811,.T.);
#1949 = ORIENTED_EDGE('',*,*,#828,.T.);
#1950 = PLANE('',#1951);
#1951 = AXIS2_PLACEMENT_3D('',#1952,#1953,#1954);
#1952 = CARTESIAN_POINT('',(-24.56362337679,24.563623376795,29.));
#1953 = DIRECTION('',(0.,0.,-1.));
#1954 = DIRECTION('',(2.293941144796E-02,-0.999736857079,0.));
#1955 = ADVANCED_FACE('',(#1956),#1962,.F.);
#1956 = FACE_BOUND('',#1957,.T.);
#1957 = EDGE_LOOP('',(#1958,#1959,#1960,#1961));
#1958 = ORIENTED_EDGE('',*,*,#851,.T.);
#1959 = ORIENTED_EDGE('',*,*,#880,.T.);
#1960 = ORIENTED_EDGE('',*,*,#903,.T.);
#1961 = ORIENTED_EDGE('',*,*,#920,.T.);
#1962 = PLANE('',#1963);
#1963 = AXIS2_PLACEMENT_3D('',#1964,#1965,#1966);
#1964 = CARTESIAN_POINT('',(-20.56362337679,24.563623376795,29.));
#1965 = DIRECTION('',(0.,0.,-1.));
#1966 = DIRECTION('',(2.293941144796E-02,-0.999736857079,0.));
#1967 = ADVANCED_FACE('',(#1968),#1974,.F.);
#1968 = FACE_BOUND('',#1969,.T.);
#1969 = EDGE_LOOP('',(#1970,#1971,#1972,#1973));
#1970 = ORIENTED_EDGE('',*,*,#943,.T.);
#1971 = ORIENTED_EDGE('',*,*,#972,.T.);
#1972 = ORIENTED_EDGE('',*,*,#995,.T.);
#1973 = ORIENTED_EDGE('',*,*,#1012,.T.);
#1974 = PLANE('',#1975);
#1975 = AXIS2_PLACEMENT_3D('',#1976,#1977,#1978);
#1976 = CARTESIAN_POINT('',(-16.56362337679,24.563623376795,29.));
#1977 = DIRECTION('',(0.,0.,-1.));
#1978 = DIRECTION('',(2.293941144796E-02,-0.999736857079,0.));
#1979 = ADVANCED_FACE('',(#1980),#1986,.F.);
#1980 = FACE_BOUND('',#1981,.T.);
#1981 = EDGE_LOOP('',(#1982,#1983,#1984,#1985));
#1982 = ORIENTED_EDGE('',*,*,#1035,.T.);
#1983 = ORIENTED_EDGE('',*,*,#1064,.T.);
#1984 = ORIENTED_EDGE('',*,*,#1087,.T.);
#1985 = ORIENTED_EDGE('',*,*,#1104,.T.);
#1986 = PLANE('',#1987);
#1987 = AXIS2_PLACEMENT_3D('',#1988,#1989,#1990);
#1988 = CARTESIAN_POINT('',(-12.56362337679,24.563623376795,29.));
#1989 = DIRECTION('',(0.,0.,-1.));
#1990 = DIRECTION('',(2.293941144796E-02,-0.999736857079,0.));
#1991 = ADVANCED_FACE('',(#1992),#1998,.T.);
#1992 = FACE_BOUND('',#1993,.T.);
#1993 = EDGE_LOOP('',(#1994,#1995,#1996,#1997));
#1994 = ORIENTED_EDGE('',*,*,#1127,.T.);
#1995 = ORIENTED_EDGE('',*,*,#1156,.T.);
#1996 = ORIENTED_EDGE('',*,*,#1179,.T.);
#1997 = ORIENTED_EDGE('',*,*,#1196,.T.);
#1998 = PLANE('',#1999);
#1999 = AXIS2_PLACEMENT_3D('',#2000,#2001,#2002);
#2000 = CARTESIAN_POINT('',(-8.563623376795,24.563623376795,29.));
#2001 = DIRECTION('',(0.,0.,1.));
#2002 = DIRECTION('',(2.293941144796E-02,-0.999736857079,0.));
#2003 = ADVANCED_FACE('',(#2004),#2010,.T.);
#2004 = FACE_BOUND('',#2005,.T.);
#2005 = EDGE_LOOP('',(#2006,#2007,#2008,#2009));
#2006 = ORIENTED_EDGE('',*,*,#1219,.T.);
#2007 = ORIENTED_EDGE('',*,*,#1248,.T.);
#2008 = ORIENTED_EDGE('',*,*,#1271,.T.);
#2009 = ORIENTED_EDGE('',*,*,#1288,.T.);
#2010 = PLANE('',#2011);
#2011 = AXIS2_PLACEMENT_3D('',#2012,#2013,#2014);
#2012 = CARTESIAN_POINT('',(-4.563623376795,24.563623376795,29.));
#2013 = DIRECTION('',(0.,0.,1.));
#2014 = DIRECTION('',(2.293941144796E-02,-0.999736857079,0.));
#2015 = ADVANCED_FACE('',(#2016),#2022,.T.);
#2016 = FACE_BOUND('',#2017,.T.);
#2017 = EDGE_LOOP('',(#2018,#2019,#2020,#2021));
#2018 = ORIENTED_EDGE('',*,*,#1311,.T.);
#2019 = ORIENTED_EDGE('',*,*,#1340,.T.);
#2020 = ORIENTED_EDGE('',*,*,#1363,.T.);
#2021 = ORIENTED_EDGE('',*,*,#1380,.T.);
#2022 = PLANE('',#2023);
#2023 = AXIS2_PLACEMENT_3D('',#2024,#2025,#2026);
#2024 = CARTESIAN_POINT('',(-0.563623376795,24.563623376795,29.));
#2025 = DIRECTION('',(0.,0.,1.));
#2026 = DIRECTION('',(2.293941144796E-02,-0.999736857079,0.));
#2027 = ADVANCED_FACE('',(#2028),#2034,.T.);
#2028 = FACE_BOUND('',#2029,.T.);
#2029 = EDGE_LOOP('',(#2030,#2031,#2032,#2033));
#2030 = ORIENTED_EDGE('',*,*,#1403,.T.);
#2031 = ORIENTED_EDGE('',*,*,#1432,.T.);
#2032 = ORIENTED_EDGE('',*,*,#1455,.T.);
#2033 = ORIENTED_EDGE('',*,*,#1472,.T.);
#2034 = PLANE('',#2035);
#2035 = AXIS2_PLACEMENT_3D('',#2036,#2037,#2038);
#2036 = CARTESIAN_POINT('',(3.436376623205,24.563623376795,29.));
#2037 = DIRECTION('',(0.,0.,1.));
#2038 = DIRECTION('',(2.293941144796E-02,-0.999736857079,0.));
#2039 = ADVANCED_FACE('',(#2040),#2046,.T.);
#2040 = FACE_BOUND('',#2041,.T.);
#2041 = EDGE_LOOP('',(#2042,#2043,#2044,#2045));
#2042 = ORIENTED_EDGE('',*,*,#1495,.T.);
#2043 = ORIENTED_EDGE('',*,*,#1524,.T.);
#2044 = ORIENTED_EDGE('',*,*,#1547,.T.);
#2045 = ORIENTED_EDGE('',*,*,#1564,.T.);
#2046 = PLANE('',#2047);
#2047 = AXIS2_PLACEMENT_3D('',#2048,#2049,#2050);
#2048 = CARTESIAN_POINT('',(7.436376623205,24.563623376795,29.));
#2049 = DIRECTION('',(0.,0.,1.));
#2050 = DIRECTION('',(2.293941144796E-02,-0.999736857079,0.));
#2051 = ADVANCED_FACE('',(#2052),#2058,.F.);
#2052 = FACE_BOUND('',#2053,.T.);
#2053 = EDGE_LOOP('',(#2054,#2055,#2056,#2057));
#2054 = ORIENTED_EDGE('',*,*,#1587,.T.);
#2055 = ORIENTED_EDGE('',*,*,#1616,.T.);
#2056 = ORIENTED_EDGE('',*,*,#1639,.T.);
#2057 = ORIENTED_EDGE('',*,*,#1656,.T.);
#2058 = PLANE('',#2059);
#2059 = AXIS2_PLACEMENT_3D('',#2060,#2061,#2062);
#2060 = CARTESIAN_POINT('',(11.436376623205,24.563623376795,29.));
#2061 = DIRECTION('',(0.,0.,-1.));
#2062 = DIRECTION('',(2.293941144796E-02,-0.999736857079,0.));
#2063 = ADVANCED_FACE('',(#2064),#2070,.F.);
#2064 = FACE_BOUND('',#2065,.T.);
#2065 = EDGE_LOOP('',(#2066,#2067,#2068,#2069));
#2066 = ORIENTED_EDGE('',*,*,#1679,.T.);
#2067 = ORIENTED_EDGE('',*,*,#1708,.T.);
#2068 = ORIENTED_EDGE('',*,*,#1731,.T.);
#2069 = ORIENTED_EDGE('',*,*,#1748,.T.);
#2070 = PLANE('',#2071);
#2071 = AXIS2_PLACEMENT_3D('',#2072,#2073,#2074);
#2072 = CARTESIAN_POINT('',(15.436376623205,24.563623376795,29.));
#2073 = DIRECTION('',(0.,0.,-1.));
#2074 = DIRECTION('',(2.293941144796E-02,-0.999736857079,0.));
#2075 = ADVANCED_FACE('',(#2076),#2082,.F.);
#2076 = FACE_BOUND('',#2077,.T.);
#2077 = EDGE_LOOP('',(#2078,#2079,#2080,#2081));
#2078 = ORIENTED_EDGE('',*,*,#1771,.T.);
#2079 = ORIENTED_EDGE('',*,*,#1800,.T.);
#2080 = ORIENTED_EDGE('',*,*,#1823,.T.);
#2081 = ORIENTED_EDGE('',*,*,#1840,.T.);
#2082 = PLANE('',#2083);
#2083 = AXIS2_PLACEMENT_3D('',#2084,#2085,#2086);
#2084 = CARTESIAN_POINT('',(19.436376623205,24.563623376795,29.));
#2085 = DIRECTION('',(0.,0.,-1.));
#2086 = DIRECTION('',(2.293941144796E-02,-0.999736857079,0.));
#2087 = ADVANCED_FACE('',(#2088),#2094,.F.);
#2088 = FACE_BOUND('',#2089,.T.);
#2089 = EDGE_LOOP('',(#2090,#2091,#2092,#2093));
#2090 = ORIENTED_EDGE('',*,*,#1863,.T.);
#2091 = ORIENTED_EDGE('',*,*,#1892,.T.);
#2092 = ORIENTED_EDGE('',*,*,#1915,.T.);
#2093 = ORIENTED_EDGE('',*,*,#1932,.T.);
#2094 = PLANE('',#2095);
#2095 = AXIS2_PLACEMENT_3D('',#2096,#2097,#2098);
#2096 = CARTESIAN_POINT('',(23.436376623205,24.563623376795,29.));
#2097 = DIRECTION('',(0.,0.,-1.));
#2098 = DIRECTION('',(2.293941144796E-02,-0.999736857079,0.));
#2099 = ( GEOMETRIC_REPRESENTATION_CONTEXT(3) 
GLOBAL_UNCERTAINTY_ASSIGNED_CONTEXT((#2103)) 
GLOBAL_UNIT_ASSIGNED_CONTEXT((#2100,#2101,#2102)) REPRESENTATION_CONTEXT
('Context #1','3D Context with UNIT and UNCERTAINTY') );
#2100 = ( LENGTH_UNIT() NAMED_UNIT(*) SI_UNIT(.MILLI.,.METRE.) );
#2101 = ( NAMED_UNIT(*) PLANE_ANGLE_UNIT() SI_UNIT($,.RADIAN.) );
#2102 = ( NAMED_UNIT(*) SI_UNIT($,.STERADIAN.) SOLID_ANGLE_UNIT() );
#2103 = UNCERTAINTY_MEASURE_WITH_UNIT(LENGTH_MEASURE(1.E-07),#2100,
  'distance_accuracy_value','confusion accuracy');
#2104 = PRODUCT_RELATED_PRODUCT_CATEGORY('part',$,(#7));
#2105 = MECHANICAL_DESIGN_GEOMETRIC_PRESENTATION_REPRESENTATION('',(
    #2106),#2099);
#2106 = STYLED_ITEM('color',(#2107),#15);
#2107 = PRESENTATION_STYLE_ASSIGNMENT((#2108,#2114));
#2108 = SURFACE_STYLE_USAGE(.BOTH.,#2109);
#2109 = SURFACE_SIDE_STYLE('',(#2110));
#2110 = SURFACE_STYLE_FILL_AREA(#2111);
#2111 = FILL_AREA_STYLE('',(#2112));
#2112 = FILL_AREA_STYLE_COLOUR('',#2113);
#2113 = COLOUR_RGB('',0.447058818107,0.474509808674,0.501960817233);
#2114 = CURVE_STYLE('',#2115,POSITIVE_LENGTH_MEASURE(0.1),#2116);
#2115 = DRAUGHTING_PRE_DEFINED_CURVE_FONT('continuous');
#2116 = COLOUR_RGB('',9.803921802644E-02,9.803921802644E-02,
  9.803921802644E-02);
ENDSEC;
END-ISO-10303-21;
