ISO-10303-21;
HEADER;
FILE_DESCRIPTION (( 'STEP AP214' ),
    '1' );
FILE_NAME ('ILR-ON16-YELL-SC211-WIR200.STEP',
    '2026-05-25T06:18:31',
    ( '' ),
    ( '' ),
    'SwSTEP 2.0',
    'SolidWorks 2023',
    '' );
FILE_SCHEMA (( 'AUTOMOTIVE_DESIGN' ));
ENDSEC;

DATA;
#1 = SURFACE_SIDE_STYLE ('',( #6490 ) ) ;
#2 = FILL_AREA_STYLE ('',( #11932 ) ) ;
#3 = ORIENTED_EDGE ( 'NONE', *, *, #6871, .F. ) ;
#4 = MECHANICAL_DESIGN_GEOMETRIC_PRESENTATION_REPRESENTATION (  '', ( #11028 ), #5636 ) ;
#5 = ORIENTED_EDGE ( 'NONE', *, *, #6827, .T. ) ;
#6 = VERTEX_POINT ( 'NONE', #10293 ) ;
#7 =( GEOMETRIC_REPRESENTATION_CONTEXT ( 3 ) GLOBAL_UNCERTAINTY_ASSIGNED_CONTEXT ( ( #6818 ) ) GLOBAL_UNIT_ASSIGNED_CONTEXT ( ( #1009, #1172, #4881 ) ) REPRESENTATION_CONTEXT ( 'NONE', 'WORKASPACE' ) );
#8 = FILL_AREA_STYLE ('',( #8300 ) ) ;
#9 = ORIENTED_EDGE ( 'NONE', *, *, #10580, .F. ) ;
#10 = CARTESIAN_POINT ( 'NONE',  ( 6.113966244037302822, 7.500000000000007105, 2.463966244037302911 ) ) ;
#11 = ORIENTED_EDGE ( 'NONE', *, *, #4828, .F. ) ;
#12 = CARTESIAN_POINT ( 'NONE',  ( -5.499999999999999112, -4.499999999999997335, 1.600000000000000089 ) ) ;
#13 =( NAMED_UNIT ( * ) PLANE_ANGLE_UNIT ( ) SI_UNIT ( $, .RADIAN. ) );
#14 = EDGE_CURVE ( 'NONE', #4145, #1729, #7801, .T. ) ;
#15 = STYLED_ITEM ( 'NONE', ( #1255 ), #6099 ) ;
#16 = AXIS2_PLACEMENT_3D ( 'NONE', #9322, #9145, #863 ) ;
#17 = FACE_BOUND ( 'NONE', #9857, .T. ) ;
#18 = FACE_OUTER_BOUND ( 'NONE', #8182, .T. ) ;
#19 = PRESENTATION_LAYER_ASSIGNMENT (  '', '', ( #10070 ) ) ;
#20 = STYLED_ITEM ( 'NONE', ( #9943 ), #3349 ) ;
#21 = ORIENTED_EDGE ( 'NONE', *, *, #8510, .T. ) ;
#22 = VERTEX_POINT ( 'NONE', #9600 ) ;
#23 = CARTESIAN_POINT ( 'NONE',  ( -7.499999999999999112, 7.500000000000007994, 3.950000000000000178 ) ) ;
#24 = MECHANICAL_DESIGN_GEOMETRIC_PRESENTATION_REPRESENTATION (  '', ( #2331 ), #8341 ) ;
#25 = DIRECTION ( 'NONE',  ( 0.000000000000000000, 0.000000000000000000, -1.000000000000000000 ) ) ;
#26 = ORIENTED_EDGE ( 'NONE', *, *, #5412, .F. ) ;
#27 = LINE ( 'NONE', #3715, #1848 ) ;
#28 = CARTESIAN_POINT ( 'NONE',  ( -3.886033755962696734, 2.500000000000009326, 2.100000000000000089 ) ) ;
#29 = PRESENTATION_LAYER_ASSIGNMENT (  '', '', ( #10656 ) ) ;
#30 = SURFACE_STYLE_FILL_AREA ( #3835 ) ;
#31 = EDGE_CURVE ( 'NONE', #5103, #6541, #5884, .T. ) ;
#32 = DIRECTION ( 'NONE',  ( -0.000000000000000000, -0.000000000000000000, 1.000000000000000000 ) ) ;
#33 = EDGE_CURVE ( 'NONE', #2061, #8422, #7621, .T. ) ;
#34 = CARTESIAN_POINT ( 'NONE',  ( -7.499999999999997335, -6.013966244037292519, 2.463966244037302911 ) ) ;
#35 =( LENGTH_UNIT ( ) NAMED_UNIT ( * ) SI_UNIT ( .MILLI., .METRE. ) );
#36 = VECTOR ( 'NONE', #9649, 1000.000000000000000 ) ;
#37 = AXIS2_PLACEMENT_3D ( 'NONE', #8098, #3513, #3621 ) ;
#38 = CARTESIAN_POINT ( 'NONE',  ( 7.500000000000001776, -2.499999999999992895, 2.463966244037302911 ) ) ;
#39 = BREP_WITH_VOIDS ( 'NONE', #4203, ( #4742, #5258, #6727, #3985, #4587, #1827, #9166, #8130, #7010, #9746, #9520, #8493, #5637, #2428, #5489, #6367 ) );
#40 = COLOUR_RGB ( '',0.7529411764705882248, 0.7529411764705882248, 0.7529411764705882248 ) ;
#41 = PLANE ( 'NONE',  #11005 ) ;
#42 = PRESENTATION_STYLE_ASSIGNMENT (( #10322 ) ) ;
#43 = DIRECTION ( 'NONE',  ( -0.000000000000000000, -0.000000000000000000, 1.000000000000000000 ) ) ;
#44 = FILL_AREA_STYLE ('',( #8449 ) ) ;
#45 = VERTEX_POINT ( 'NONE', #7739 ) ;
#46 = DIRECTION ( 'NONE',  ( -1.000000000000000000, 0.000000000000000000, 0.000000000000000000 ) ) ;
#47 = AXIS2_PLACEMENT_3D ( 'NONE', #8260, #10072, #11844 ) ;
#48 = PRESENTATION_LAYER_ASSIGNMENT (  '', '', ( #10086 ) ) ;
#49 = FILL_AREA_STYLE ('',( #7421 ) ) ;
#50 = AXIS2_PLACEMENT_3D ( 'NONE', #6261, #1379, #10721 ) ;
#51 = CARTESIAN_POINT ( 'NONE',  ( 0.5000000000000003331, 9.499999999999991118, 1.600000000000000089 ) ) ;
#52 = COLOUR_RGB ( '',0.7529411764705882248, 0.7529411764705882248, 0.7529411764705882248 ) ;
#53 = DIRECTION ( 'NONE',  ( 1.000000000000000000, 0.000000000000000000, 0.000000000000000000 ) ) ;
#54 = ORIENTED_EDGE ( 'NONE', *, *, #9364, .F. ) ;
#55 =( NAMED_UNIT ( * ) SI_UNIT ( $, .STERADIAN. ) SOLID_ANGLE_UNIT ( ) );
#56 = SURFACE_STYLE_USAGE ( .BOTH. , #7195 ) ;
#57 = DIRECTION ( 'NONE',  ( 0.000000000000000000, -1.000000000000000000, 0.000000000000000000 ) ) ;
#58 = ORIENTED_EDGE ( 'NONE', *, *, #2514, .F. ) ;
#59 = CARTESIAN_POINT ( 'NONE',  ( 7.500000000000002665, -7.499999999999992895, 2.463966244037302911 ) ) ;
#60 = EDGE_CURVE ( 'NONE', #7432, #5425, #8622, .T. ) ;
#61 = CARTESIAN_POINT ( 'NONE',  ( 4.000000000000003553, 60.00000000000000711, 1.800000000000000044 ) ) ;
#62 = DIRECTION ( 'NONE',  ( -1.000000000000000000, 0.000000000000000000, 0.000000000000000000 ) ) ;
#63 = DIRECTION ( 'NONE',  ( 1.000000000000000000, -1.224646799147353207E-16, 0.000000000000000000 ) ) ;
#64 = ORIENTED_EDGE ( 'NONE', *, *, #6543, .F. ) ;
#65 = DIRECTION ( 'NONE',  ( -0.000000000000000000, 0.000000000000000000, -1.000000000000000000 ) ) ;
#66 = ORIENTED_EDGE ( 'NONE', *, *, #6280, .F. ) ;
#68 = VECTOR ( 'NONE', #10948, 1000.000000000000000 ) ;
#67 = MECHANICAL_DESIGN_GEOMETRIC_PRESENTATION_REPRESENTATION (  '', ( #11294 ), #9340 ) ;
#69 = VERTEX_POINT ( 'NONE', #184 ) ;
#70 = SPHERICAL_SURFACE ( 'NONE', #11258, 1.386033755962696956 ) ;
#71 = ORIENTED_EDGE ( 'NONE', *, *, #614, .F. ) ;
#72 = FILL_AREA_STYLE_COLOUR ( '', #10335 ) ;
#73 =( NAMED_UNIT ( * ) SI_UNIT ( $, .STERADIAN. ) SOLID_ANGLE_UNIT ( ) );
#74 = EDGE_CURVE ( 'NONE', #815, #10110, #2052, .T. ) ;
#75 = EDGE_LOOP ( 'NONE', ( #566, #9801, #8363, #539 ) ) ;
#76 = COLOUR_RGB ( '',0.7529411764705882248, 0.7529411764705882248, 0.7529411764705882248 ) ;
#77 = CARTESIAN_POINT ( 'NONE',  ( 5.500000000000000000, -4.499999999999999112, 2.100000000000000089 ) ) ;
#78 =( LENGTH_UNIT ( ) NAMED_UNIT ( * ) SI_UNIT ( .MILLI., .METRE. ) );
#79 = UNCERTAINTY_MEASURE_WITH_UNIT (LENGTH_MEASURE( 1.000000000000000082E-05 ), #2011, 'distance_accuracy_value', 'NONE');
#80 = VECTOR ( 'NONE', #4502, 1000.000000000000000 ) ;
#81 = FILL_AREA_STYLE ('',( #874 ) ) ;
#82 = ORIENTED_EDGE ( 'NONE', *, *, #9233, .F. ) ;
#83 = EDGE_LOOP ( 'NONE', ( #8344, #8134, #7473, #9630 ) ) ;
#84 = EDGE_CURVE ( 'NONE', #2122, #7345, #1140, .T. ) ;
#86 = CARTESIAN_POINT ( 'NONE',  ( 0.000000000000000000, 0.000000000000000000, 2.100000000000000089 ) ) ;
#85 = UNCERTAINTY_MEASURE_WITH_UNIT (LENGTH_MEASURE( 1.000000000000000082E-05 ), #6566, 'distance_accuracy_value', 'NONE');
#87 = DIRECTION ( 'NONE',  ( 0.000000000000000000, -1.000000000000000000, 0.000000000000000000 ) ) ;
#88 = DIRECTION ( 'NONE',  ( -0.000000000000000000, 1.000000000000000000, -0.000000000000000000 ) ) ;
#89 = ORIENTED_EDGE ( 'NONE', *, *, #2514, .T. ) ;
#90 = DIRECTION ( 'NONE',  ( 0.000000000000000000, 1.000000000000000000, 0.000000000000000000 ) ) ;
#91 = DIRECTION ( 'NONE',  ( -1.000000000000000000, -0.000000000000000000, -0.000000000000000000 ) ) ;
#92 = STYLED_ITEM ( 'NONE', ( #5530 ), #2585 ) ;
#93 = SURFACE_STYLE_FILL_AREA ( #3269 ) ;
#94 = PRESENTATION_LAYER_ASSIGNMENT (  '', '', ( #8216 ) ) ;
#95 =( GEOMETRIC_REPRESENTATION_CONTEXT ( 3 ) GLOBAL_UNCERTAINTY_ASSIGNED_CONTEXT ( ( #5267 ) ) GLOBAL_UNIT_ASSIGNED_CONTEXT ( ( #4059, #10535, #251 ) ) REPRESENTATION_CONTEXT ( 'NONE', 'WORKASPACE' ) );
#96 = PRESENTATION_STYLE_ASSIGNMENT (( #1007 ) ) ;
#97 = EDGE_CURVE ( 'NONE', #2288, #7100, #3148, .T. ) ;
#98 = CIRCLE ( 'NONE', #3582, 1.486033755962698155 ) ;
#99 = SURFACE_SIDE_STYLE ('',( #946 ) ) ;
#100 = SPHERICAL_SURFACE ( 'NONE', #11782, 1.486033755962697267 ) ;
#101 = CARTESIAN_POINT ( 'NONE',  ( 7.500000000000000888, 2.500000000000007550, 2.100000000000000089 ) ) ;
#102 = ADVANCED_FACE ( 'NONE', ( #10527 ), #5279, .F. ) ;
#103 = ORIENTED_EDGE ( 'NONE', *, *, #8871, .T. ) ;
#104 = DIRECTION ( 'NONE',  ( 1.000000000000000000, 0.000000000000000000, 0.000000000000000000 ) ) ;
#105 = AXIS2_PLACEMENT_3D ( 'NONE', #6597, #962, #10155 ) ;
#106 = CARTESIAN_POINT ( 'NONE',  ( 3.886033755962697622, 2.500000000000007550, 2.100000000000000089 ) ) ;
#107 = LINE ( 'NONE', #7245, #11250 ) ;
#108 =( LENGTH_UNIT ( ) NAMED_UNIT ( * ) SI_UNIT ( .MILLI., .METRE. ) );
#109 = STYLED_ITEM ( 'NONE', ( #1062 ), #3245 ) ;
#110 = FACE_OUTER_BOUND ( 'NONE', #1252, .T. ) ;
#111 = PRESENTATION_LAYER_ASSIGNMENT (  '', '', ( #10540 ) ) ;
#112 = LINE ( 'NONE', #9467, #575 ) ;
#113 = ORIENTED_EDGE ( 'NONE', *, *, #8352, .F. ) ;
#114 = EDGE_CURVE ( 'NONE', #11457, #312, #5938, .T. ) ;
#115 =( LENGTH_UNIT ( ) NAMED_UNIT ( * ) SI_UNIT ( .MILLI., .METRE. ) );
#116 = COLOUR_RGB ( '',1.000000000000000000, 1.000000000000000000, 0.000000000000000000 ) ;
#117 = PLANE ( 'NONE',  #11318 ) ;
#118 = SURFACE_STYLE_FILL_AREA ( #3738 ) ;
#119 = ORIENTED_EDGE ( 'NONE', *, *, #161, .T. ) ;
#120 = PLANE ( 'NONE',  #1855 ) ;
#121 = DIRECTION ( 'NONE',  ( 0.000000000000000000, 0.000000000000000000, -1.000000000000000000 ) ) ;
#122 = VECTOR ( 'NONE', #10696, 1000.000000000000000 ) ;
#123 =( LENGTH_UNIT ( ) NAMED_UNIT ( * ) SI_UNIT ( .MILLI., .METRE. ) );
#124 = CARTESIAN_POINT ( 'NONE',  ( 4.500000000000000000, 5.499999999999992895, 2.100000000000000089 ) ) ;
#125 = CARTESIAN_POINT ( 'NONE',  ( 2.500000000000002220, -7.499999999999992006, 3.950000000000000178 ) ) ;
#126 = MECHANICAL_DESIGN_GEOMETRIC_PRESENTATION_REPRESENTATION (  '', ( #1258 ), #1096 ) ;
#127 = VERTEX_POINT ( 'NONE', #5996 ) ;
#128 = EDGE_LOOP ( 'NONE', ( #1210, #501, #4961, #5783 ) ) ;
#129 = AXIS2_PLACEMENT_3D ( 'NONE', #5498, #10188, #11956 ) ;
#130 = EDGE_LOOP ( 'NONE', ( #8472, #9073, #11210, #1455 ) ) ;
#131 =( NAMED_UNIT ( * ) SI_UNIT ( $, .STERADIAN. ) SOLID_ANGLE_UNIT ( ) );
#132 = VERTEX_POINT ( 'NONE', #477 ) ;
#133 =( NAMED_UNIT ( * ) PLANE_ANGLE_UNIT ( ) SI_UNIT ( $, .RADIAN. ) );
#134 = VERTEX_POINT ( 'NONE', #10644 ) ;
#135 =( NAMED_UNIT ( * ) SI_UNIT ( $, .STERADIAN. ) SOLID_ANGLE_UNIT ( ) );
#136 = FILL_AREA_STYLE ('',( #6383 ) ) ;
#137 = COLOUR_RGB ( '',1.000000000000000000, 0.000000000000000000, 0.000000000000000000 ) ;
#138 = FILL_AREA_STYLE_COLOUR ( '', #2802 ) ;
#139 = CARTESIAN_POINT ( 'NONE',  ( -11.34999999999999254, -11.35000000000000142, 0.000000000000000000 ) ) ;
#140 = ORIENTED_EDGE ( 'NONE', *, *, #8312, .T. ) ;
#141 = ORIENTED_EDGE ( 'NONE', *, *, #843, .F. ) ;
#142 = AXIS2_PLACEMENT_3D ( 'NONE', #9308, #1080, #10217 ) ;
#143 =( NAMED_UNIT ( * ) PLANE_ANGLE_UNIT ( ) SI_UNIT ( $, .RADIAN. ) );
#144 =( NAMED_UNIT ( * ) SI_UNIT ( $, .STERADIAN. ) SOLID_ANGLE_UNIT ( ) );
#145 = EDGE_LOOP ( 'NONE', ( #9028, #6668, #5300, #2226 ) ) ;
#146 = CARTESIAN_POINT ( 'NONE',  ( 0.5000000000000025535, -9.499999999999994671, 2.100000000000000089 ) ) ;
#147 = SURFACE_STYLE_USAGE ( .BOTH. , #11163 ) ;
#148 = DIRECTION ( 'NONE',  ( 0.000000000000000000, 0.000000000000000000, 1.000000000000000000 ) ) ;
#149 = PRESENTATION_STYLE_ASSIGNMENT (( #6957 ) ) ;
#150 = EDGE_CURVE ( 'NONE', #8438, #587, #7681, .T. ) ;
#151 = CARTESIAN_POINT ( 'NONE',  ( -2.499999999999997780, -2.499999999999991118, 2.463966244037302911 ) ) ;
#152 = AXIS2_PLACEMENT_3D ( 'NONE', #11628, #2436, #6909 ) ;
#153 = CARTESIAN_POINT ( 'NONE',  ( 4.252356890137760637, 13.99999999999999822, 1.600000000000000089 ) ) ;
#154 = CARTESIAN_POINT ( 'NONE',  ( -7.499999999999997335, -7.499999999999990230, 2.463966244037302911 ) ) ;
#155 =( LENGTH_UNIT ( ) NAMED_UNIT ( * ) SI_UNIT ( .MILLI., .METRE. ) );
#156 = VERTEX_POINT ( 'NONE', #9662 ) ;
#157 =( GEOMETRIC_REPRESENTATION_CONTEXT ( 3 ) GLOBAL_UNCERTAINTY_ASSIGNED_CONTEXT ( ( #3668 ) ) GLOBAL_UNIT_ASSIGNED_CONTEXT ( ( #10601, #7643, #7823 ) ) REPRESENTATION_CONTEXT ( 'NONE', 'WORKASPACE' ) );
#158 = DIRECTION ( 'NONE',  ( -0.000000000000000000, -0.000000000000000000, 1.000000000000000000 ) ) ;
#159 = CIRCLE ( 'NONE', #3248, 1.386033755962696956 ) ;
#160 = LINE ( 'NONE', #10328, #4484 ) ;
#161 = EDGE_CURVE ( 'NONE', #9162, #9645, #9378, .T. ) ;
#162 = EDGE_CURVE ( 'NONE', #9147, #8395, #8753, .T. ) ;
#163 = LINE ( 'NONE', #3914, #210 ) ;
#164 = AXIS2_PLACEMENT_3D ( 'NONE', #11508, #436, #4986 ) ;
#165 = FACE_OUTER_BOUND ( 'NONE', #11798, .T. ) ;
#166 = VERTEX_POINT ( 'NONE', #7977 ) ;
#167 = STYLED_ITEM ( 'NONE', ( #11118 ), #11197 ) ;
#168 =( NAMED_UNIT ( * ) PLANE_ANGLE_UNIT ( ) SI_UNIT ( $, .RADIAN. ) );
#169 =( NAMED_UNIT ( * ) PLANE_ANGLE_UNIT ( ) SI_UNIT ( $, .RADIAN. ) );
#170 = DIRECTION ( 'NONE',  ( -2.137411871061556069E-20, 0.9999999847691289911, 0.0001745329243133371888 ) ) ;
#171 = DIRECTION ( 'NONE',  ( 0.000000000000000000, 1.000000000000000000, 0.000000000000000000 ) ) ;
#172 =( NAMED_UNIT ( * ) PLANE_ANGLE_UNIT ( ) SI_UNIT ( $, .RADIAN. ) );
#173 = CARTESIAN_POINT ( 'NONE',  ( 9.500000000000001776, -9.499999999999992895, 2.100000000000000089 ) ) ;
#174 = FILL_AREA_STYLE ('',( #1985 ) ) ;
#175 = MECHANICAL_DESIGN_GEOMETRIC_PRESENTATION_REPRESENTATION (  '', ( #8664 ), #4430 ) ;
#176 = EDGE_CURVE ( 'NONE', #5709, #7482, #6893, .T. ) ;
#177 = CARTESIAN_POINT ( 'NONE',  ( 15.00000000000000355, 11.34999999999999964, 1.600000000000000089 ) ) ;
#178 =( GEOMETRIC_REPRESENTATION_CONTEXT ( 3 ) GLOBAL_UNCERTAINTY_ASSIGNED_CONTEXT ( ( #8090 ) ) GLOBAL_UNIT_ASSIGNED_CONTEXT ( ( #578, #10750, #4217 ) ) REPRESENTATION_CONTEXT ( 'NONE', 'WORKASPACE' ) );
#179 =( LENGTH_UNIT ( ) NAMED_UNIT ( * ) SI_UNIT ( .MILLI., .METRE. ) );
#180 = DIRECTION ( 'NONE',  ( -0.000000000000000000, -0.000000000000000000, 1.000000000000000000 ) ) ;
#181 = VERTEX_POINT ( 'NONE', #1482 ) ;
#182 = DIRECTION ( 'NONE',  ( 0.000000000000000000, 0.000000000000000000, 1.000000000000000000 ) ) ;
#183 = ORIENTED_EDGE ( 'NONE', *, *, #11638, .F. ) ;
#184 = CARTESIAN_POINT ( 'NONE',  ( -3.886033755962694958, -7.499999999999991118, 2.463966244037302911 ) ) ;
#185 = VECTOR ( 'NONE', #8999, 1000.000000000000000 ) ;
#186 = ORIENTED_EDGE ( 'NONE', *, *, #6400, .F. ) ;
#187 = CARTESIAN_POINT ( 'NONE',  ( 2.499999999999999556, 7.500000000000007105, 2.100000000000000089 ) ) ;
#188 = VERTEX_POINT ( 'NONE', #4236 ) ;
#189 = AXIS2_PLACEMENT_3D ( 'NONE', #513, #1523, #2264 ) ;
#190 = DIRECTION ( 'NONE',  ( 0.000000000000000000, 1.000000000000000000, 0.000000000000000000 ) ) ;
#191 =( GEOMETRIC_REPRESENTATION_CONTEXT ( 3 ) GLOBAL_UNCERTAINTY_ASSIGNED_CONTEXT ( ( #7047 ) ) GLOBAL_UNIT_ASSIGNED_CONTEXT ( ( #2004, #8482, #2985 ) ) REPRESENTATION_CONTEXT ( 'NONE', 'WORKASPACE' ) );
#192 = CYLINDRICAL_SURFACE ( 'NONE', #8407, 1.386033755962696956 ) ;
#193 = EDGE_CURVE ( 'NONE', #8395, #303, #10583, .T. ) ;
#194 = DIRECTION ( 'NONE',  ( 1.000000000000000000, 0.000000000000000000, 0.000000000000000000 ) ) ;
#195 = AXIS2_PLACEMENT_3D ( 'NONE', #3310, #462, #5265 ) ;
#196 = UNCERTAINTY_MEASURE_WITH_UNIT (LENGTH_MEASURE( 1.000000000000000082E-05 ), #1421, 'distance_accuracy_value', 'NONE');
#197 = AXIS2_PLACEMENT_3D ( 'NONE', #10599, #5844, #1162 ) ;
#198 = STYLED_ITEM ( 'NONE', ( #5745 ), #5093 ) ;
#199 = VERTEX_POINT ( 'NONE', #2418 ) ;
#200 = COLOUR_RGB ( '',0.7529411764705882248, 0.7529411764705882248, 0.7529411764705882248 ) ;
#201 = ORIENTED_EDGE ( 'NONE', *, *, #5737, .F. ) ;
#202 = LINE ( 'NONE', #8590, #5094 ) ;
#203 = UNCERTAINTY_MEASURE_WITH_UNIT (LENGTH_MEASURE( 1.000000000000000082E-05 ), #10715, 'distance_accuracy_value', 'NONE');
#204 = DIRECTION ( 'NONE',  ( -0.000000000000000000, -1.000000000000000000, -0.000000000000000000 ) ) ;
#205 = DIRECTION ( 'NONE',  ( -1.000000000000000000, -0.000000000000000000, -0.000000000000000000 ) ) ;
#206 = ORIENTED_EDGE ( 'NONE', *, *, #9449, .F. ) ;
#207 = CARTESIAN_POINT ( 'NONE',  ( 4.000000000000003553, 15.00000000000000000, 1.477999999999999758 ) ) ;
#208 = CIRCLE ( 'NONE', #9650, 1.486033755962697267 ) ;
#209 = MECHANICAL_DESIGN_GEOMETRIC_PRESENTATION_REPRESENTATION (  '', ( #6782 ), #9651 ) ;
#210 = VECTOR ( 'NONE', #2150, 1000.000000000000000 ) ;
#211 = CARTESIAN_POINT ( 'NONE',  ( -9.500000000000001776, 9.499999999999991118, 2.100000000000000089 ) ) ;
#212 = AXIS2_PLACEMENT_3D ( 'NONE', #8705, #420, #10414 ) ;
#213 = DIRECTION ( 'NONE',  ( -0.000000000000000000, -0.000000000000000000, 1.000000000000000000 ) ) ;
#214 = ORIENTED_EDGE ( 'NONE', *, *, #6160, .F. ) ;
#215 =( GEOMETRIC_REPRESENTATION_CONTEXT ( 3 ) GLOBAL_UNCERTAINTY_ASSIGNED_CONTEXT ( ( #10596 ) ) GLOBAL_UNIT_ASSIGNED_CONTEXT ( ( #11263, #172, #10339 ) ) REPRESENTATION_CONTEXT ( 'NONE', 'WORKASPACE' ) );
#216 = FILL_AREA_STYLE ('',( #8447 ) ) ;
#217 = CYLINDRICAL_SURFACE ( 'NONE', #6572, 1.486033755962697267 ) ;
#218 = ORIENTED_EDGE ( 'NONE', *, *, #9983, .F. ) ;
#219 = AXIS2_PLACEMENT_3D ( 'NONE', #793, #63, #4488 ) ;
#220 = EDGE_CURVE ( 'NONE', #2673, #6905, #5206, .T. ) ;
#221 = DIRECTION ( 'NONE',  ( 0.000000000000000000, 0.000000000000000000, 1.000000000000000000 ) ) ;
#222 = EDGE_CURVE ( 'NONE', #4009, #6373, #7061, .T. ) ;
#223 = FILL_AREA_STYLE_COLOUR ( '', #11944 ) ;
#224 =( NAMED_UNIT ( * ) SI_UNIT ( $, .STERADIAN. ) SOLID_ANGLE_UNIT ( ) );
#225 = VECTOR ( 'NONE', #10633, 1000.000000000000000 ) ;
#226 = PRESENTATION_LAYER_ASSIGNMENT (  '', '', ( #1364 ) ) ;
#227 =( NAMED_UNIT ( * ) SI_UNIT ( $, .STERADIAN. ) SOLID_ANGLE_UNIT ( ) );
#228 = FILL_AREA_STYLE_COLOUR ( '', #11062 ) ;
#229 = CIRCLE ( 'NONE', #2559, 0.3220000000000002305 ) ;
#230 =( GEOMETRIC_REPRESENTATION_CONTEXT ( 3 ) GLOBAL_UNCERTAINTY_ASSIGNED_CONTEXT ( ( #1626 ) ) GLOBAL_UNIT_ASSIGNED_CONTEXT ( ( #390, #3980, #8616 ) ) REPRESENTATION_CONTEXT ( 'NONE', 'WORKASPACE' ) );
#231 = SURFACE_STYLE_FILL_AREA ( #11364 ) ;
#232 = EDGE_CURVE ( 'NONE', #4571, #11752, #10950, .T. ) ;
#233 =( LENGTH_UNIT ( ) NAMED_UNIT ( * ) SI_UNIT ( .MILLI., .METRE. ) );
#234 = DIRECTION ( 'NONE',  ( -0.000000000000000000, -0.000000000000000000, 1.000000000000000000 ) ) ;
#235 = SURFACE_SIDE_STYLE ('',( #10457 ) ) ;
#236 = CARTESIAN_POINT ( 'NONE',  ( -4.500000000000000888, 4.499999999999998224, 2.100000000000000089 ) ) ;
#237 =( NAMED_UNIT ( * ) SI_UNIT ( $, .STERADIAN. ) SOLID_ANGLE_UNIT ( ) );
#238 = CARTESIAN_POINT ( 'NONE',  ( 1.113966244037305264, -7.499999999999992006, 2.463966244037302911 ) ) ;
#239 = AXIS2_PLACEMENT_3D ( 'NONE', #11688, #2665, #6188 ) ;
#240 = CARTESIAN_POINT ( 'NONE',  ( 2.499999999999999556, 7.500000000000007105, 2.463966244037302911 ) ) ;
#241 = STYLED_ITEM ( 'NONE', ( #7049 ), #891 ) ;
#242 = PRESENTATION_STYLE_ASSIGNMENT (( #9317 ) ) ;
#243 = SPHERICAL_SURFACE ( 'NONE', #6224, 1.386033755962696956 ) ;
#244 = EDGE_LOOP ( 'NONE', ( #735, #1571, #1600, #10263 ) ) ;
#245 = DIRECTION ( 'NONE',  ( -1.000000000000000000, 0.000000000000000000, 0.000000000000000000 ) ) ;
#246 = ORIENTED_EDGE ( 'NONE', *, *, #7713, .T. ) ;
#247 = EDGE_CURVE ( 'NONE', #127, #6497, #1445, .T. ) ;
#248 = MECHANICAL_DESIGN_GEOMETRIC_PRESENTATION_REPRESENTATION (  '', ( #7209 ), #1202 ) ;
#249 = SURFACE_STYLE_FILL_AREA ( #4915 ) ;
#250 = ORIENTED_EDGE ( 'NONE', *, *, #6698, .T. ) ;
#251 =( NAMED_UNIT ( * ) SI_UNIT ( $, .STERADIAN. ) SOLID_ANGLE_UNIT ( ) );
#252 = MECHANICAL_DESIGN_GEOMETRIC_PRESENTATION_REPRESENTATION (  '', ( #2378 ), #2175 ) ;
#253 = PRESENTATION_STYLE_ASSIGNMENT (( #8538 ) ) ;
#254 = FILL_AREA_STYLE ('',( #4974 ) ) ;
#255 = MECHANICAL_DESIGN_GEOMETRIC_PRESENTATION_REPRESENTATION (  '', ( #7007 ), #10111 ) ;
#256 = CIRCLE ( 'NONE', #6644, 1.386033755962696956 ) ;
#257 = ORIENTED_EDGE ( 'NONE', *, *, #614, .T. ) ;
#258 = ORIENTED_EDGE ( 'NONE', *, *, #3273, .F. ) ;
#259 =( GEOMETRIC_REPRESENTATION_CONTEXT ( 3 ) GLOBAL_UNCERTAINTY_ASSIGNED_CONTEXT ( ( #7945 ) ) GLOBAL_UNIT_ASSIGNED_CONTEXT ( ( #314, #4869, #2246 ) ) REPRESENTATION_CONTEXT ( 'NONE', 'WORKASPACE' ) );
#260 = DIRECTION ( 'NONE',  ( 0.000000000000000000, 1.000000000000000000, 0.000000000000000000 ) ) ;
#261 = EDGE_CURVE ( 'NONE', #2677, #303, #1544, .T. ) ;
#262 = DIRECTION ( 'NONE',  ( 1.000000000000000000, -1.224646799147353207E-16, 0.000000000000000000 ) ) ;
#263 = LINE ( 'NONE', #3954, #8192 ) ;
#264 = VERTEX_POINT ( 'NONE', #10833 ) ;
#265 = DIRECTION ( 'NONE',  ( 0.000000000000000000, -1.000000000000000000, 0.000000000000000000 ) ) ;
#266 = CARTESIAN_POINT ( 'NONE',  ( -0.2999999999999986011, 12.00000000000000355, 1.600000000000000089 ) ) ;
#267 = LINE ( 'NONE', #6915, #5903 ) ;
#268 = MECHANICAL_DESIGN_GEOMETRIC_PRESENTATION_REPRESENTATION (  '', ( #640 ), #851 ) ;
#269 =( GEOMETRIC_REPRESENTATION_CONTEXT ( 3 ) GLOBAL_UNCERTAINTY_ASSIGNED_CONTEXT ( ( #810 ) ) GLOBAL_UNIT_ASSIGNED_CONTEXT ( ( #6329, #11629, #73 ) ) REPRESENTATION_CONTEXT ( 'NONE', 'WORKASPACE' ) );
#270 = CARTESIAN_POINT ( 'NONE',  ( -9.500000000000000000, -0.4999999999999987232, 1.600000000000000089 ) ) ;
#271 = VERTEX_POINT ( 'NONE', #1660 ) ;
#272 = CIRCLE ( 'NONE', #9534, 1.386033755962696068 ) ;
#273 = FACE_OUTER_BOUND ( 'NONE', #11328, .T. ) ;
#274 = DIRECTION ( 'NONE',  ( 0.000000000000000000, 0.000000000000000000, -1.000000000000000000 ) ) ;
#275 = VERTEX_POINT ( 'NONE', #5393 ) ;
#276 = CIRCLE ( 'NONE', #10521, 0.3220000000000002305 ) ;
#277 = CARTESIAN_POINT ( 'NONE',  ( 2.500000000000000444, 2.500000000000007550, 2.463966244037302911 ) ) ;
#278 = PRESENTATION_STYLE_ASSIGNMENT (( #7887 ) ) ;
#279 = DIRECTION ( 'NONE',  ( 0.000000000000000000, -0.000000000000000000, 1.000000000000000000 ) ) ;
#280 = AXIS2_PLACEMENT_3D ( 'NONE', #6842, #3210, #8582 ) ;
#281 = PLANE ( 'NONE',  #1902 ) ;
#282 = FILL_AREA_STYLE ('',( #5757 ) ) ;
#283 = EDGE_CURVE ( 'NONE', #8884, #11178, #4586, .T. ) ;
#284 = UNCERTAINTY_MEASURE_WITH_UNIT (LENGTH_MEASURE( 1.000000000000000082E-05 ), #8263, 'distance_accuracy_value', 'NONE');
#285 = LINE ( 'NONE', #7721, #10035 ) ;
#286 = CARTESIAN_POINT ( 'NONE',  ( 0.5000000000000002220, 5.499999999999992006, 1.600000000000000089 ) ) ;
#287 = AXIS2_PLACEMENT_3D ( 'NONE', #290, #3983, #10516 ) ;
#288 = FILL_AREA_STYLE_COLOUR ( '', #1887 ) ;
#289 = LINE ( 'NONE', #9532, #7828 ) ;
#290 = CARTESIAN_POINT ( 'NONE',  ( 11.34999999999999254, 11.35000000000000142, 1.600000000000000089 ) ) ;
#291 = DIRECTION ( 'NONE',  ( 0.000000000000000000, 1.000000000000000000, 0.000000000000000000 ) ) ;
#292 = MECHANICAL_DESIGN_GEOMETRIC_PRESENTATION_REPRESENTATION (  '', ( #109 ), #9369 ) ;
#293 = AXIS2_PLACEMENT_3D ( 'NONE', #8802, #4100, #5139 ) ;
#294 = ADVANCED_FACE ( 'NONE', ( #6309, #7192 ), #3516, .T. ) ;
#295 = STYLED_ITEM ( 'NONE', ( #7702 ), #3318 ) ;
#296 = DIRECTION ( 'NONE',  ( 1.000000000000000000, 0.000000000000000000, 0.000000000000000000 ) ) ;
#297 = ORIENTED_EDGE ( 'NONE', *, *, #1398, .T. ) ;
#298 =( NAMED_UNIT ( * ) PLANE_ANGLE_UNIT ( ) SI_UNIT ( $, .RADIAN. ) );
#299 = ORIENTED_EDGE ( 'NONE', *, *, #7613, .F. ) ;
#300 = ORIENTED_EDGE ( 'NONE', *, *, #6806, .T. ) ;
#301 = VECTOR ( 'NONE', #4298, 1000.000000000000000 ) ;
#302 = DIRECTION ( 'NONE',  ( 1.000000000000000000, 4.336808689942016750E-16, 0.000000000000000000 ) ) ;
#303 = VERTEX_POINT ( 'NONE', #1153 ) ;
#304 = DIRECTION ( 'NONE',  ( -0.000000000000000000, -0.000000000000000000, 1.000000000000000000 ) ) ;
#305 = CARTESIAN_POINT ( 'NONE',  ( 7.500000000000001776, -2.499999999999992895, 2.100000000000000089 ) ) ;
#306 = ADVANCED_FACE ( 'NONE', ( #6622 ), #3157, .F. ) ;
#307 = CARTESIAN_POINT ( 'NONE',  ( -7.499999999999999112, 2.500000000000009326, 2.463966244037302911 ) ) ;
#308 = AXIS2_PLACEMENT_3D ( 'NONE', #2481, #6180, #9851 ) ;
#309 = ADVANCED_FACE ( 'NONE', ( #5893 ), #8585, .F. ) ;
#310 = CARTESIAN_POINT ( 'NONE',  ( 2.499999999999999556, 7.500000000000007105, 2.463966244037302911 ) ) ;
#311 = ORIENTED_EDGE ( 'NONE', *, *, #4552, .F. ) ;
#312 = VERTEX_POINT ( 'NONE', #5836 ) ;
#313 = FILL_AREA_STYLE_COLOUR ( '', #1395 ) ;
#314 =( LENGTH_UNIT ( ) NAMED_UNIT ( * ) SI_UNIT ( .MILLI., .METRE. ) );
#315 = ORIENTED_EDGE ( 'NONE', *, *, #1668, .T. ) ;
#316 = FILL_AREA_STYLE_COLOUR ( '', #5728 ) ;
#317 =( GEOMETRIC_REPRESENTATION_CONTEXT ( 3 ) GLOBAL_UNCERTAINTY_ASSIGNED_CONTEXT ( ( #10575 ) ) GLOBAL_UNIT_ASSIGNED_CONTEXT ( ( #10100, #11925, #5167 ) ) REPRESENTATION_CONTEXT ( 'NONE', 'WORKASPACE' ) );
#318 =( GEOMETRIC_REPRESENTATION_CONTEXT ( 3 ) GLOBAL_UNCERTAINTY_ASSIGNED_CONTEXT ( ( #6501 ) ) GLOBAL_UNIT_ASSIGNED_CONTEXT ( ( #6736, #6792, #350 ) ) REPRESENTATION_CONTEXT ( 'NONE', 'WORKASPACE' ) );
#319 = FILL_AREA_STYLE ('',( #2190 ) ) ;
#320 = CARTESIAN_POINT ( 'NONE',  ( -0.4999999999999981681, -9.499999999999992895, 2.100000000000000089 ) ) ;
#321 = EDGE_LOOP ( 'NONE', ( #4607, #2403, #801, #119 ) ) ;
#322 = AXIS2_PLACEMENT_3D ( 'NONE', #2900, #6718, #10160 ) ;
#323 = DIRECTION ( 'NONE',  ( -0.000000000000000000, -1.000000000000000000, -0.000000000000000000 ) ) ;
#324 =( LENGTH_UNIT ( ) NAMED_UNIT ( * ) SI_UNIT ( .MILLI., .METRE. ) );
#325 = VERTEX_POINT ( 'NONE', #487 ) ;
#326 = PRESENTATION_STYLE_ASSIGNMENT (( #2085 ) ) ;
#327 = PRESENTATION_LAYER_ASSIGNMENT (  '', '', ( #1864 ) ) ;
#328 = AXIS2_PLACEMENT_3D ( 'NONE', #10146, #7363, #1837 ) ;
#329 =( LENGTH_UNIT ( ) NAMED_UNIT ( * ) SI_UNIT ( .MILLI., .METRE. ) );
#330 = LINE ( 'NONE', #9583, #9845 ) ;
#331 = SURFACE_SIDE_STYLE ('',( #7896 ) ) ;
#332 = AXIS2_PLACEMENT_3D ( 'NONE', #8775, #3225, #7764 ) ;
#333 = DIRECTION ( 'NONE',  ( 1.000000000000000000, -1.224646799147353207E-16, 0.000000000000000000 ) ) ;
#334 = DIRECTION ( 'NONE',  ( 1.000000000000000000, 0.000000000000000000, 0.000000000000000000 ) ) ;
#335 = CARTESIAN_POINT ( 'NONE',  ( -1.013966244037302289, 7.500000000000007994, 2.463966244037302911 ) ) ;
#336 = DIRECTION ( 'NONE',  ( 1.000000000000000000, 0.000000000000000000, 0.000000000000000000 ) ) ;
#337 =( NAMED_UNIT ( * ) PLANE_ANGLE_UNIT ( ) SI_UNIT ( $, .RADIAN. ) );
#338 = CARTESIAN_POINT ( 'NONE',  ( -2.499999999999997780, -7.499999999999991118, 2.100000000000000089 ) ) ;
#339 = CARTESIAN_POINT ( 'NONE',  ( -7.499999999999999112, 2.500000000000009326, 2.463966244037302911 ) ) ;
#340 =( GEOMETRIC_REPRESENTATION_CONTEXT ( 3 ) GLOBAL_UNCERTAINTY_ASSIGNED_CONTEXT ( ( #6628 ) ) GLOBAL_UNIT_ASSIGNED_CONTEXT ( ( #4723, #5759, #3920 ) ) REPRESENTATION_CONTEXT ( 'NONE', 'WORKASPACE' ) );
#341 = VERTEX_POINT ( 'NONE', #2552 ) ;
#342 = EDGE_LOOP ( 'NONE', ( #2301, #10664, #9558, #10970 ) ) ;
#343 = DIRECTION ( 'NONE',  ( -0.000000000000000000, -0.000000000000000000, 1.000000000000000000 ) ) ;
#344 = ORIENTED_EDGE ( 'NONE', *, *, #2575, .T. ) ;
#345 = ORIENTED_EDGE ( 'NONE', *, *, #11169, .T. ) ;
#346 = EDGE_CURVE ( 'NONE', #6121, #9054, #7463, .T. ) ;
#347 = STYLED_ITEM ( 'NONE', ( #6279 ), #5214 ) ;
#348 = EDGE_CURVE ( 'NONE', #11033, #2557, #611, .T. ) ;
#349 =( LENGTH_UNIT ( ) NAMED_UNIT ( * ) SI_UNIT ( .MILLI., .METRE. ) );
#350 =( NAMED_UNIT ( * ) SI_UNIT ( $, .STERADIAN. ) SOLID_ANGLE_UNIT ( ) );
#351 = AXIS2_PLACEMENT_3D ( 'NONE', #10990, #7157, #10868 ) ;
#352 = ORIENTED_EDGE ( 'NONE', *, *, #7631, .T. ) ;
#353 = AXIS2_PLACEMENT_3D ( 'NONE', #9033, #3250, #6053 ) ;
#354 = ORIENTED_EDGE ( 'NONE', *, *, #6305, .T. ) ;
#355 = AXIS2_PLACEMENT_3D ( 'NONE', #9708, #8847, #10808 ) ;
#356 = DIRECTION ( 'NONE',  ( -0.000000000000000000, -0.000000000000000000, 1.000000000000000000 ) ) ;
#357 =( NAMED_UNIT ( * ) SI_UNIT ( $, .STERADIAN. ) SOLID_ANGLE_UNIT ( ) );
#358 = DIRECTION ( 'NONE',  ( 0.000000000000000000, -1.000000000000000000, 0.000000000000000000 ) ) ;
#359 = VERTEX_POINT ( 'NONE', #8947 ) ;
#360 = ADVANCED_FACE ( 'NONE', ( #11694 ), #9013, .T. ) ;
#361 = CARTESIAN_POINT ( 'NONE',  ( -7.499999999999999112, 7.500000000000007994, 3.850000000000000089 ) ) ;
#362 = SURFACE_SIDE_STYLE ('',( #4985 ) ) ;
#363 = PRESENTATION_STYLE_ASSIGNMENT (( #1393 ) ) ;
#364 = VECTOR ( 'NONE', #204, 1000.000000000000000 ) ;
#365 =( GEOMETRIC_REPRESENTATION_CONTEXT ( 3 ) GLOBAL_UNCERTAINTY_ASSIGNED_CONTEXT ( ( #6744 ) ) GLOBAL_UNIT_ASSIGNED_CONTEXT ( ( #6692, #2932, #9338 ) ) REPRESENTATION_CONTEXT ( 'NONE', 'WORKASPACE' ) );
#366 = FACE_OUTER_BOUND ( 'NONE', #7322, .T. ) ;
#367 = CIRCLE ( 'NONE', #5632, 1.600000000000002531 ) ;
#368 = SURFACE_STYLE_USAGE ( .BOTH. , #6700 ) ;
#369 =( NAMED_UNIT ( * ) SI_UNIT ( $, .STERADIAN. ) SOLID_ANGLE_UNIT ( ) );
#370 = ORIENTED_EDGE ( 'NONE', *, *, #843, .T. ) ;
#371 = ORIENTED_EDGE ( 'NONE', *, *, #5571, .F. ) ;
#372 = SURFACE_SIDE_STYLE ('',( #9571 ) ) ;
#373 = AXIS2_PLACEMENT_3D ( 'NONE', #3624, #11015, #1847 ) ;
#374 = MECHANICAL_DESIGN_GEOMETRIC_PRESENTATION_REPRESENTATION (  '', ( #1923 ), #1534 ) ;
#375 = MECHANICAL_DESIGN_GEOMETRIC_PRESENTATION_REPRESENTATION (  '', ( #8883 ), #11597 ) ;
#376 = SURFACE_SIDE_STYLE ('',( #8662 ) ) ;
#377 =( NAMED_UNIT ( * ) PLANE_ANGLE_UNIT ( ) SI_UNIT ( $, .RADIAN. ) );
#378 = VERTEX_POINT ( 'NONE', #2490 ) ;
#379 = EDGE_CURVE ( 'NONE', #6428, #9483, #11436, .T. ) ;
#380 = DIRECTION ( 'NONE',  ( -0.000000000000000000, -0.000000000000000000, 1.000000000000000000 ) ) ;
#381 = EDGE_CURVE ( 'NONE', #7949, #899, #4126, .T. ) ;
#383 = EDGE_CURVE ( 'NONE', #10674, #9031, #8823, .T. ) ;
#382 = FACE_OUTER_BOUND ( 'NONE', #3620, .T. ) ;
#384 =( GEOMETRIC_REPRESENTATION_CONTEXT ( 3 ) GLOBAL_UNCERTAINTY_ASSIGNED_CONTEXT ( ( #5974 ) ) GLOBAL_UNIT_ASSIGNED_CONTEXT ( ( #349, #6680, #10354 ) ) REPRESENTATION_CONTEXT ( 'NONE', 'WORKASPACE' ) );
#385 = DIRECTION ( 'NONE',  ( 0.000000000000000000, 0.000000000000000000, 1.000000000000000000 ) ) ;
#386 = COLOUR_RGB ( '',1.000000000000000000, 1.000000000000000000, 0.000000000000000000 ) ;
#387 = COLOUR_RGB ( '',0.7529411764705882248, 0.7529411764705882248, 0.7529411764705882248 ) ;
#388 = UNCERTAINTY_MEASURE_WITH_UNIT (LENGTH_MEASURE( 1.000000000000000082E-05 ), #8032, 'distance_accuracy_value', 'NONE');
#389 = SURFACE_STYLE_FILL_AREA ( #2461 ) ;
#390 =( LENGTH_UNIT ( ) NAMED_UNIT ( * ) SI_UNIT ( .MILLI., .METRE. ) );
#391 = DIRECTION ( 'NONE',  ( -0.000000000000000000, -0.000000000000000000, -1.000000000000000000 ) ) ;
#392 = DIRECTION ( 'NONE',  ( 0.000000000000000000, 0.000000000000000000, -1.000000000000000000 ) ) ;
#393 = ORIENTED_EDGE ( 'NONE', *, *, #9609, .F. ) ;
#394 = SURFACE_SIDE_STYLE ('',( #10068 ) ) ;
#395 = AXIS2_PLACEMENT_3D ( 'NONE', #8156, #894, #9230 ) ;
#396 = AXIS2_PLACEMENT_3D ( 'NONE', #973, #1198, #182 ) ;
#397 = CARTESIAN_POINT ( 'NONE',  ( 4.500000000000001776, -4.499999999999997335, 2.100000000000000089 ) ) ;
#398 = UNCERTAINTY_MEASURE_WITH_UNIT (LENGTH_MEASURE( 1.000000000000000082E-05 ), #1142, 'distance_accuracy_value', 'NONE');
#399 = SURFACE_SIDE_STYLE ('',( #5873 ) ) ;
#400 = CIRCLE ( 'NONE', #2348, 1.386033755962696956 ) ;
#401 = CARTESIAN_POINT ( 'NONE',  ( -7.499999999999997335, -2.499999999999990230, 2.463966244037302911 ) ) ;
#402 =( GEOMETRIC_REPRESENTATION_CONTEXT ( 3 ) GLOBAL_UNCERTAINTY_ASSIGNED_CONTEXT ( ( #5788 ) ) GLOBAL_UNIT_ASSIGNED_CONTEXT ( ( #8030, #6238, #6414 ) ) REPRESENTATION_CONTEXT ( 'NONE', 'WORKASPACE' ) );
#403 =( GEOMETRIC_REPRESENTATION_CONTEXT ( 3 ) GLOBAL_UNCERTAINTY_ASSIGNED_CONTEXT ( ( #3473 ) ) GLOBAL_UNIT_ASSIGNED_CONTEXT ( ( #2893, #9237, #55 ) ) REPRESENTATION_CONTEXT ( 'NONE', 'WORKASPACE' ) );
#404 = EDGE_LOOP ( 'NONE', ( #4657, #4267, #10606, #565 ) ) ;
#405 = SURFACE_SIDE_STYLE ('',( #3083 ) ) ;
#406 =( GEOMETRIC_REPRESENTATION_CONTEXT ( 3 ) GLOBAL_UNCERTAINTY_ASSIGNED_CONTEXT ( ( #7169 ) ) GLOBAL_UNIT_ASSIGNED_CONTEXT ( ( #6534, #7424, #8281 ) ) REPRESENTATION_CONTEXT ( 'NONE', 'WORKASPACE' ) );
#407 = ORIENTED_EDGE ( 'NONE', *, *, #5445, .T. ) ;
#409 = EDGE_CURVE ( 'NONE', #8095, #134, #6009, .T. ) ;
#408 = DIRECTION ( 'NONE',  ( 1.000000000000000000, 0.000000000000000000, 0.000000000000000000 ) ) ;
#410 = EDGE_CURVE ( 'NONE', #1540, #7677, #2367, .T. ) ;
#411 = DIRECTION ( 'NONE',  ( -0.000000000000000000, -0.000000000000000000, 1.000000000000000000 ) ) ;
#412 = VERTEX_POINT ( 'NONE', #2430 ) ;
#413 =( NAMED_UNIT ( * ) SI_UNIT ( $, .STERADIAN. ) SOLID_ANGLE_UNIT ( ) );
#414 = PRESENTATION_LAYER_ASSIGNMENT (  '', '', ( #3320 ) ) ;
#415 = AXIS2_PLACEMENT_3D ( 'NONE', #154, #7594, #2080 ) ;
#416 =( NAMED_UNIT ( * ) PLANE_ANGLE_UNIT ( ) SI_UNIT ( $, .RADIAN. ) );
#417 =( NAMED_UNIT ( * ) PLANE_ANGLE_UNIT ( ) SI_UNIT ( $, .RADIAN. ) );
#418 = PLANE ( 'NONE',  #6563 ) ;
#419 = VECTOR ( 'NONE', #5160, 1000.000000000000000 ) ;
#420 = DIRECTION ( 'NONE',  ( -1.000000000000000000, 0.000000000000000000, 0.000000000000000000 ) ) ;
#421 = PRESENTATION_STYLE_ASSIGNMENT (( #4861 ) ) ;
#422 = EDGE_LOOP ( 'NONE', ( #1369, #10798, #8926, #5599 ) ) ;
#423 = ADVANCED_FACE ( 'NONE', ( #6132 ), #6551, .F. ) ;
#424 =( GEOMETRIC_REPRESENTATION_CONTEXT ( 3 ) GLOBAL_UNCERTAINTY_ASSIGNED_CONTEXT ( ( #4827 ) ) GLOBAL_UNIT_ASSIGNED_CONTEXT ( ( #10780, #7204, #8879 ) ) REPRESENTATION_CONTEXT ( 'NONE', 'WORKASPACE' ) );
#425 = STYLED_ITEM ( 'NONE', ( #8195 ), #1330 ) ;
#426 = ORIENTED_EDGE ( 'NONE', *, *, #8843, .T. ) ;
#427 = EDGE_CURVE ( 'NONE', #9014, #8498, #3515, .T. ) ;
#428 = SURFACE_STYLE_FILL_AREA ( #5787 ) ;
#429 = ORIENTED_EDGE ( 'NONE', *, *, #8265, .F. ) ;
#430 = ADVANCED_FACE ( 'NONE', ( #1921 ), #2973, .T. ) ;
#431 = UNCERTAINTY_MEASURE_WITH_UNIT (LENGTH_MEASURE( 1.000000000000000082E-05 ), #3154, 'distance_accuracy_value', 'NONE');
#432 = FACE_OUTER_BOUND ( 'NONE', #10896, .T. ) ;
#433 = ORIENTED_EDGE ( 'NONE', *, *, #3576, .T. ) ;
#434 = DIRECTION ( 'NONE',  ( -1.000000000000000000, 0.000000000000000000, 0.000000000000000000 ) ) ;
#435 = CARTESIAN_POINT ( 'NONE',  ( -9.500000000000000000, -4.499999999999999112, 1.600000000000000089 ) ) ;
#436 = DIRECTION ( 'NONE',  ( 0.000000000000000000, 0.000000000000000000, -1.000000000000000000 ) ) ;
#437 = CIRCLE ( 'NONE', #11850, 1.486033755962697267 ) ;
#438 = LINE ( 'NONE', #6145, #6085 ) ;
#439 = EDGE_CURVE ( 'NONE', #2307, #2562, #7384, .T. ) ;
#440 =( NAMED_UNIT ( * ) SI_UNIT ( $, .STERADIAN. ) SOLID_ANGLE_UNIT ( ) );
#441 = EDGE_CURVE ( 'NONE', #2734, #166, #5662, .T. ) ;
#442 =( GEOMETRIC_REPRESENTATION_CONTEXT ( 3 ) GLOBAL_UNCERTAINTY_ASSIGNED_CONTEXT ( ( #10237 ) ) GLOBAL_UNIT_ASSIGNED_CONTEXT ( ( #324, #377, #9518 ) ) REPRESENTATION_CONTEXT ( 'NONE', 'WORKASPACE' ) );
#443 = ORIENTED_EDGE ( 'NONE', *, *, #6962, .T. ) ;
#444 = ORIENTED_EDGE ( 'NONE', *, *, #2738, .T. ) ;
#445 = PLANE ( 'NONE',  #7351 ) ;
#446 = CARTESIAN_POINT ( 'NONE',  ( -3.999999999999993339, -60.00000000000000711, 1.800000000000000044 ) ) ;
#447 = COLOUR_RGB ( '',0.7529411764705882248, 0.7529411764705882248, 0.7529411764705882248 ) ;
#448 =( NAMED_UNIT ( * ) SI_UNIT ( $, .STERADIAN. ) SOLID_ANGLE_UNIT ( ) );
#449 = ORIENTED_EDGE ( 'NONE', *, *, #6659, .F. ) ;
#450 = CARTESIAN_POINT ( 'NONE',  ( 2.500000000000001332, -2.499999999999992006, 2.100000000000000089 ) ) ;
#451 = PRESENTATION_STYLE_ASSIGNMENT (( #2259 ) ) ;
#452 = AXIS2_PLACEMENT_3D ( 'NONE', #2066, #6852, #1388 ) ;
#453 = CARTESIAN_POINT ( 'NONE',  ( 2.500000000000001332, -2.499999999999992006, 2.100000000000000089 ) ) ;
#454 = VECTOR ( 'NONE', #2019, 1000.000000000000000 ) ;
#455 = EDGE_CURVE ( 'NONE', #10675, #8490, #1944, .T. ) ;
#456 = LINE ( 'NONE', #4219, #11809 ) ;
#457 = EDGE_CURVE ( 'NONE', #862, #5351, #3125, .T. ) ;
#458 = CARTESIAN_POINT ( 'NONE',  ( 0.5000000000000018874, -0.4999999999999987232, 1.600000000000000089 ) ) ;
#459 = DIRECTION ( 'NONE',  ( -1.000000000000000000, 0.000000000000000000, -0.000000000000000000 ) ) ;
#460 = VERTEX_POINT ( 'NONE', #11271 ) ;
#461 = LINE ( 'NONE', #7724, #4364 ) ;
#462 = DIRECTION ( 'NONE',  ( 0.000000000000000000, 0.000000000000000000, 1.000000000000000000 ) ) ;
#464 = DIRECTION ( 'NONE',  ( -1.000000000000000000, -4.336808689942017736E-16, 0.000000000000000000 ) ) ;
#463 = MECHANICAL_DESIGN_GEOMETRIC_PRESENTATION_REPRESENTATION (  '', ( #1603 ), #8399 ) ;
#465 =( NAMED_UNIT ( * ) PLANE_ANGLE_UNIT ( ) SI_UNIT ( $, .RADIAN. ) );
#466 = CARTESIAN_POINT ( 'NONE',  ( -4.500000000000000888, 0.4999999999999961142, 1.600000000000000089 ) ) ;
#467 =( LENGTH_UNIT ( ) NAMED_UNIT ( * ) SI_UNIT ( .MILLI., .METRE. ) );
#468 = COLOUR_RGB ( '',0.7529411764705882248, 0.7529411764705882248, 0.7529411764705882248 ) ;
#469 = DIRECTION ( 'NONE',  ( -0.000000000000000000, -0.000000000000000000, -1.000000000000000000 ) ) ;
#470 = EDGE_CURVE ( 'NONE', #3997, #3433, #7439, .T. ) ;
#471 = SURFACE_STYLE_FILL_AREA ( #10705 ) ;
#472 = VECTOR ( 'NONE', #7566, 1000.000000000000000 ) ;
#473 = ORIENTED_EDGE ( 'NONE', *, *, #586, .F. ) ;
#474 = DIRECTION ( 'NONE',  ( 1.000000000000000000, 0.000000000000000000, 0.000000000000000000 ) ) ;
#475 = ORIENTED_EDGE ( 'NONE', *, *, #3821, .T. ) ;
#476 = SURFACE_SIDE_STYLE ('',( #8750 ) ) ;
#477 = CARTESIAN_POINT ( 'NONE',  ( -9.500000000000001776, 5.499999999999991118, 2.100000000000000089 ) ) ;
#478 = SURFACE_SIDE_STYLE ('',( #2482 ) ) ;
#479 = STYLED_ITEM ( 'NONE', ( #1328 ), #3061 ) ;
#480 = DIRECTION ( 'NONE',  ( 0.000000000000000000, 1.000000000000000000, 0.000000000000000000 ) ) ;
#481 = DIRECTION ( 'NONE',  ( 0.000000000000000000, 0.000000000000000000, -1.000000000000000000 ) ) ;
#482 = ORIENTED_EDGE ( 'NONE', *, *, #1815, .T. ) ;
#483 = SURFACE_STYLE_FILL_AREA ( #2982 ) ;
#484 = AXIS2_PLACEMENT_3D ( 'NONE', #902, #4779, #9303 ) ;
#485 = VECTOR ( 'NONE', #7909, 1000.000000000000000 ) ;
#486 =( LENGTH_UNIT ( ) NAMED_UNIT ( * ) SI_UNIT ( .MILLI., .METRE. ) );
#487 = CARTESIAN_POINT ( 'NONE',  ( 2.604026083246159029, 12.52793063707693477, 1.600000000000000089 ) ) ;
#488 = EDGE_LOOP ( 'NONE', ( #2012, #6640, #6706, #10539 ) ) ;
#489 = MECHANICAL_DESIGN_GEOMETRIC_PRESENTATION_REPRESENTATION (  '', ( #10347 ), #2628 ) ;
#490 = ORIENTED_EDGE ( 'NONE', *, *, #5180, .F. ) ;
#491 = ORIENTED_EDGE ( 'NONE', *, *, #1669, .F. ) ;
#492 = FACE_OUTER_BOUND ( 'NONE', #7864, .T. ) ;
#493 = CARTESIAN_POINT ( 'NONE',  ( -7.499999999999997335, -7.499999999999990230, 2.463966244037302911 ) ) ;
#494 = ORIENTED_EDGE ( 'NONE', *, *, #11905, .F. ) ;
#495 = SURFACE_STYLE_USAGE ( .BOTH. , #3627 ) ;
#496 = SURFACE_SIDE_STYLE ('',( #2124 ) ) ;
#497 = EDGE_CURVE ( 'NONE', #5947, #9254, #8704, .T. ) ;
#498 = COLOUR_RGB ( '',1.000000000000000000, 1.000000000000000000, 0.000000000000000000 ) ;
#499 = DIRECTION ( 'NONE',  ( 1.000000000000000000, 2.168404344971008868E-16, 0.000000000000000000 ) ) ;
#500 = ORIENTED_EDGE ( 'NONE', *, *, #10786, .T. ) ;
#501 = ORIENTED_EDGE ( 'NONE', *, *, #2215, .T. ) ;
#502 = PRESENTATION_STYLE_ASSIGNMENT (( #9631 ) ) ;
#503 = DIRECTION ( 'NONE',  ( 0.000000000000000000, -1.000000000000000000, 0.000000000000000000 ) ) ;
#504 = STYLED_ITEM ( 'NONE', ( #9982 ), #9169 ) ;
#505 = COLOUR_RGB ( '',0.7529411764705882248, 0.7529411764705882248, 0.7529411764705882248 ) ;
#506 = ORIENTED_EDGE ( 'NONE', *, *, #8001, .T. ) ;
#507 = FACE_OUTER_BOUND ( 'NONE', #10374, .T. ) ;
#508 = LINE ( 'NONE', #11459, #7872 ) ;
#509 = ADVANCED_FACE ( 'NONE', ( #3936 ), #7499, .T. ) ;
#510 =( LENGTH_UNIT ( ) NAMED_UNIT ( * ) SI_UNIT ( .MILLI., .METRE. ) );
#511 = ADVANCED_FACE ( 'NONE', ( #11543 ), #1250, .F. ) ;
#512 = UNCERTAINTY_MEASURE_WITH_UNIT (LENGTH_MEASURE( 1.000000000000000082E-05 ), #8672, 'distance_accuracy_value', 'NONE');
#513 = CARTESIAN_POINT ( 'NONE',  ( -7.499999999999997335, -2.499999999999990230, 2.463966244037302911 ) ) ;
#514 = FILL_AREA_STYLE ('',( #8798 ) ) ;
#515 =( NAMED_UNIT ( * ) PLANE_ANGLE_UNIT ( ) SI_UNIT ( $, .RADIAN. ) );
#516 = CARTESIAN_POINT ( 'NONE',  ( 0.000000000000000000, 0.000000000000000000, 2.100000000000000089 ) ) ;
#517 = ORIENTED_EDGE ( 'NONE', *, *, #7987, .F. ) ;
#518 = CARTESIAN_POINT ( 'NONE',  ( -6.013966244037299624, -2.499999999999990230, 2.463966244037302911 ) ) ;
#519 = CARTESIAN_POINT ( 'NONE',  ( -0.2999999999999986011, -12.00000000000002132, 1.600000000000000089 ) ) ;
#520 = MECHANICAL_DESIGN_GEOMETRIC_PRESENTATION_REPRESENTATION (  '', ( #1670 ), #7288 ) ;
#521 = PRESENTATION_STYLE_ASSIGNMENT (( #5140 ) ) ;
#522 = CARTESIAN_POINT ( 'NONE',  ( 12.94999999999999396, 11.35000000000000142, 0.000000000000000000 ) ) ;
#523 = FACE_OUTER_BOUND ( 'NONE', #4258, .T. ) ;
#524 = EDGE_CURVE ( 'NONE', #6506, #3296, #6122, .T. ) ;
#525 = UNCERTAINTY_MEASURE_WITH_UNIT (LENGTH_MEASURE( 1.000000000000000082E-05 ), #8694, 'distance_accuracy_value', 'NONE');
#526 = EDGE_CURVE ( 'NONE', #2299, #3567, #7757, .T. ) ;
#527 = CARTESIAN_POINT ( 'NONE',  ( 15.00000000000000355, 0.000000000000000000, 1.600000000000000089 ) ) ;
#528 =( GEOMETRIC_REPRESENTATION_CONTEXT ( 3 ) GLOBAL_UNCERTAINTY_ASSIGNED_CONTEXT ( ( #8273 ) ) GLOBAL_UNIT_ASSIGNED_CONTEXT ( ( #2935, #883, #4809 ) ) REPRESENTATION_CONTEXT ( 'NONE', 'WORKASPACE' ) );
#529 = ORIENTED_EDGE ( 'NONE', *, *, #7243, .T. ) ;
#530 = CARTESIAN_POINT ( 'NONE',  ( 0.5000000000000003331, 9.499999999999991118, 1.600000000000000089 ) ) ;
#531 = ORIENTED_EDGE ( 'NONE', *, *, #1404, .F. ) ;
#532 =( GEOMETRIC_REPRESENTATION_CONTEXT ( 3 ) GLOBAL_UNCERTAINTY_ASSIGNED_CONTEXT ( ( #9157 ) ) GLOBAL_UNIT_ASSIGNED_CONTEXT ( ( #5043, #1386, #10543 ) ) REPRESENTATION_CONTEXT ( 'NONE', 'WORKASPACE' ) );
#533 =( LENGTH_UNIT ( ) NAMED_UNIT ( * ) SI_UNIT ( .MILLI., .METRE. ) );
#534 = DIRECTION ( 'NONE',  ( -1.000000000000000000, -0.000000000000000000, -0.000000000000000000 ) ) ;
#535 = FILL_AREA_STYLE_COLOUR ( '', #11172 ) ;
#536 = LINE ( 'NONE', #3996, #3379 ) ;
#537 = CARTESIAN_POINT ( 'NONE',  ( -2.499999999999997780, -2.499999999999991118, 2.463966244037302911 ) ) ;
#538 = DIRECTION ( 'NONE',  ( 0.000000000000000000, 1.000000000000000000, 0.000000000000000000 ) ) ;
#539 = ORIENTED_EDGE ( 'NONE', *, *, #7054, .T. ) ;
#540 = EDGE_CURVE ( 'NONE', #460, #3904, #1370, .T. ) ;
#541 = EDGE_CURVE ( 'NONE', #325, #5732, #9481, .T. ) ;
#542 = STYLED_ITEM ( 'NONE', ( #4874 ), #9913 ) ;
#543 = DIRECTION ( 'NONE',  ( 0.000000000000000000, 1.000000000000000000, 0.000000000000000000 ) ) ;
#544 = VECTOR ( 'NONE', #4358, 1000.000000000000000 ) ;
#545 = SURFACE_STYLE_USAGE ( .BOTH. , #5032 ) ;
#546 = PRESENTATION_STYLE_ASSIGNMENT (( #4309 ) ) ;
#547 = PRESENTATION_STYLE_ASSIGNMENT (( #6904 ) ) ;
#548 = ORIENTED_EDGE ( 'NONE', *, *, #11551, .F. ) ;
#549 = ORIENTED_EDGE ( 'NONE', *, *, #9702, .F. ) ;
#550 = CARTESIAN_POINT ( 'NONE',  ( -2.499999999999999556, 2.500000000000009326, 2.100000000000000089 ) ) ;
#551 = STYLED_ITEM ( 'NONE', ( #11967 ), #11165 ) ;
#552 = ORIENTED_EDGE ( 'NONE', *, *, #5860, .T. ) ;
#553 = UNCERTAINTY_MEASURE_WITH_UNIT (LENGTH_MEASURE( 1.000000000000000082E-05 ), #11359, 'distance_accuracy_value', 'NONE');
#554 = PRESENTATION_LAYER_ASSIGNMENT (  '', '', ( #198 ) ) ;
#555 = DIRECTION ( 'NONE',  ( -1.000000000000000000, 1.224646799147353207E-16, 0.000000000000000000 ) ) ;
#556 = ORIENTED_EDGE ( 'NONE', *, *, #11895, .T. ) ;
#557 = LINE ( 'NONE', #4259, #3415 ) ;
#558 = CARTESIAN_POINT ( 'NONE',  ( -3.937915271107071735, -13.34823496668989229, 1.610000000000000098 ) ) ;
#559 = ADVANCED_FACE ( 'NONE', ( #7736 ), #11427, .F. ) ;
#560 = DIRECTION ( 'NONE',  ( 0.000000000000000000, -1.000000000000000000, 0.000000000000000000 ) ) ;
#561 = CARTESIAN_POINT ( 'NONE',  ( 2.604026083246159029, 13.44012937056731083, 1.610000000000000098 ) ) ;
#562 = AXIS2_PLACEMENT_3D ( 'NONE', #9030, #5313, #4388 ) ;
#563 =( NAMED_UNIT ( * ) PLANE_ANGLE_UNIT ( ) SI_UNIT ( $, .RADIAN. ) );
#564 = COLOUR_RGB ( '',0.7529411764705882248, 0.7529411764705882248, 0.7529411764705882248 ) ;
#565 = ORIENTED_EDGE ( 'NONE', *, *, #5412, .T. ) ;
#566 = ORIENTED_EDGE ( 'NONE', *, *, #8927, .T. ) ;
#567 = LINE ( 'NONE', #6095, #6370 ) ;
#568 = FILL_AREA_STYLE ('',( #8840 ) ) ;
#569 = LINE ( 'NONE', #8785, #7895 ) ;
#570 = PRESENTATION_STYLE_ASSIGNMENT (( #10746 ) ) ;
#571 = ORIENTED_EDGE ( 'NONE', *, *, #10049, .T. ) ;
#572 = VECTOR ( 'NONE', #3711, 1000.000000000000000 ) ;
#573 = PRESENTATION_STYLE_ASSIGNMENT (( #9768 ) ) ;
#574 = DIRECTION ( 'NONE',  ( 1.000000000000000000, 0.000000000000000000, 0.000000000000000000 ) ) ;
#575 = VECTOR ( 'NONE', #3016, 1000.000000000000000 ) ;
#576 = CARTESIAN_POINT ( 'NONE',  ( 9.500000000000000000, 0.4999999999999978351, 2.100000000000000089 ) ) ;
#577 = VECTOR ( 'NONE', #2712, 1000.000000000000000 ) ;
#578 =( LENGTH_UNIT ( ) NAMED_UNIT ( * ) SI_UNIT ( .MILLI., .METRE. ) );
#579 = COLOUR_RGB ( '',0.7529411764705882248, 0.7529411764705882248, 0.7529411764705882248 ) ;
#580 = DIRECTION ( 'NONE',  ( -1.000000000000000000, 4.336808689942015764E-16, -0.000000000000000000 ) ) ;
#581 = COLOUR_RGB ( '',1.000000000000000000, 1.000000000000000000, 0.000000000000000000 ) ;
#582 = EDGE_CURVE ( 'NONE', #9162, #5478, #6980, .T. ) ;
#583 =( GEOMETRIC_REPRESENTATION_CONTEXT ( 3 ) GLOBAL_UNCERTAINTY_ASSIGNED_CONTEXT ( ( #2374 ) ) GLOBAL_UNIT_ASSIGNED_CONTEXT ( ( #11573, #2194, #8660 ) ) REPRESENTATION_CONTEXT ( 'NONE', 'WORKASPACE' ) );
#584 = AXIS2_PLACEMENT_3D ( 'NONE', #9955, #1704, #10878 ) ;
#585 = CARTESIAN_POINT ( 'NONE',  ( 2.500000000000000444, 2.500000000000007550, 2.463966244037302911 ) ) ;
#586 = EDGE_CURVE ( 'NONE', #3785, #6535, #11618, .T. ) ;
#587 = VERTEX_POINT ( 'NONE', #6308 ) ;
#588 = CARTESIAN_POINT ( 'NONE',  ( -3.986033755962695047, -7.499999999999991118, 2.100000000000000089 ) ) ;
#589 = VECTOR ( 'NONE', #5042, 1000.000000000000000 ) ;
#590 = CIRCLE ( 'NONE', #11051, 0.2000000000000003164 ) ;
#591 = CARTESIAN_POINT ( 'NONE',  ( 3.937863672424927852, 13.44012937056731083, 1.610000000000000098 ) ) ;
#592 = VECTOR ( 'NONE', #6561, 1000.000000000000000 ) ;
#593 = CARTESIAN_POINT ( 'NONE',  ( -4.499999999999999112, -9.499999999999994671, 2.100000000000000089 ) ) ;
#594 = EDGE_CURVE ( 'NONE', #9054, #4442, #5266, .T. ) ;
#595 = PLANE ( 'NONE',  #8348 ) ;
#596 = ORIENTED_EDGE ( 'NONE', *, *, #10447, .T. ) ;
#597 = MECHANICAL_DESIGN_GEOMETRIC_PRESENTATION_REPRESENTATION (  '', ( #11045 ), #1542 ) ;
#598 = AXIS2_PLACEMENT_3D ( 'NONE', #11590, #334, #9585 ) ;
#599 = CARTESIAN_POINT ( 'NONE',  ( 3.986033755962696823, 7.500000000000007105, 2.100000000000000089 ) ) ;
#600 = COLOUR_RGB ( '',1.000000000000000000, 1.000000000000000000, 0.000000000000000000 ) ;
#601 =( NAMED_UNIT ( * ) PLANE_ANGLE_UNIT ( ) SI_UNIT ( $, .RADIAN. ) );
#602 = ORIENTED_EDGE ( 'NONE', *, *, #11345, .T. ) ;
#603 = LINE ( 'NONE', #7260, #6441 ) ;
#604 = PRESENTATION_LAYER_ASSIGNMENT (  '', '', ( #9106 ) ) ;
#605 = CARTESIAN_POINT ( 'NONE',  ( 7.500000000000001776, -2.499999999999992895, 2.463966244037302911 ) ) ;
#606 = AXIS2_PLACEMENT_3D ( 'NONE', #5337, #10832, #2599 ) ;
#607 = DIRECTION ( 'NONE',  ( 1.000000000000000000, 0.000000000000000000, 0.000000000000000000 ) ) ;
#608 = EDGE_CURVE ( 'NONE', #2814, #4965, #8995, .T. ) ;
#609 = CARTESIAN_POINT ( 'NONE',  ( 5.500000000000000888, -9.499999999999994671, 2.100000000000000089 ) ) ;
#610 = FILL_AREA_STYLE ('',( #11749 ) ) ;
#611 = CIRCLE ( 'NONE', #9891, 1.600000000000002531 ) ;
#612 = ORIENTED_EDGE ( 'NONE', *, *, #10420, .F. ) ;
#613 = ORIENTED_EDGE ( 'NONE', *, *, #11036, .F. ) ;
#614 = EDGE_CURVE ( 'NONE', #11439, #8498, #778, .T. ) ;
#615 = FACE_OUTER_BOUND ( 'NONE', #4977, .T. ) ;
#616 = VERTEX_POINT ( 'NONE', #9915 ) ;
#617 = DIRECTION ( 'NONE',  ( 0.000000000000000000, 1.000000000000000000, -0.000000000000000000 ) ) ;
#618 = AXIS2_PLACEMENT_3D ( 'NONE', #9351, #1072, #279 ) ;
#619 = AXIS2_PLACEMENT_3D ( 'NONE', #10390, #5977, #4094 ) ;
#620 =( NAMED_UNIT ( * ) SI_UNIT ( $, .STERADIAN. ) SOLID_ANGLE_UNIT ( ) );
#621 = VERTEX_POINT ( 'NONE', #8225 ) ;
#622 = CARTESIAN_POINT ( 'NONE',  ( -3.938484042898491744, -12.34027113312490620, 1.610000000000000098 ) ) ;
#623 =( NAMED_UNIT ( * ) SI_UNIT ( $, .STERADIAN. ) SOLID_ANGLE_UNIT ( ) );
#624 = CARTESIAN_POINT ( 'NONE',  ( 0.5000000000000002220, 5.499999999999992006, 2.100000000000000089 ) ) ;
#625 =( LENGTH_UNIT ( ) NAMED_UNIT ( * ) SI_UNIT ( .MILLI., .METRE. ) );
#626 = COLOUR_RGB ( '',0.5019607843137254832, 0.5019607843137254832, 0.5019607843137254832 ) ;
#627 = AXIS2_PLACEMENT_3D ( 'NONE', #9346, #10079, #2876 ) ;
#628 = EDGE_CURVE ( 'NONE', #9154, #6647, #4294, .T. ) ;
#629 = ORIENTED_EDGE ( 'NONE', *, *, #409, .F. ) ;
#630 = ORIENTED_EDGE ( 'NONE', *, *, #6473, .F. ) ;
#631 = CARTESIAN_POINT ( 'NONE',  ( -9.500000000000001776, 0.4999999999999961142, 2.100000000000000089 ) ) ;
#632 = DIRECTION ( 'NONE',  ( -1.000000000000000000, 0.000000000000000000, 0.000000000000000000 ) ) ;
#633 = ORIENTED_EDGE ( 'NONE', *, *, #7104, .T. ) ;
#634 =( GEOMETRIC_REPRESENTATION_CONTEXT ( 3 ) GLOBAL_UNCERTAINTY_ASSIGNED_CONTEXT ( ( #10999 ) ) GLOBAL_UNIT_ASSIGNED_CONTEXT ( ( #123, #1083, #4553 ) ) REPRESENTATION_CONTEXT ( 'NONE', 'WORKASPACE' ) );
#635 = VECTOR ( 'NONE', #7954, 1000.000000000000000 ) ;
#636 = DIRECTION ( 'NONE',  ( 0.000000000000000000, 0.000000000000000000, -1.000000000000000000 ) ) ;
#637 = DIRECTION ( 'NONE',  ( -1.000000000000000000, -4.336808689942016750E-16, 0.000000000000000000 ) ) ;
#638 =( GEOMETRIC_REPRESENTATION_CONTEXT ( 3 ) GLOBAL_UNCERTAINTY_ASSIGNED_CONTEXT ( ( #5548 ) ) GLOBAL_UNIT_ASSIGNED_CONTEXT ( ( #4996, #1175, #9633 ) ) REPRESENTATION_CONTEXT ( 'NONE', 'WORKASPACE' ) );
#639 = SURFACE_STYLE_USAGE ( .BOTH. , #5917 ) ;
#641 = MECHANICAL_DESIGN_GEOMETRIC_PRESENTATION_REPRESENTATION (  '', ( #11283 ), #2382 ) ;
#640 = STYLED_ITEM ( 'NONE', ( #7838 ), #10382 ) ;
#642 = UNCERTAINTY_MEASURE_WITH_UNIT (LENGTH_MEASURE( 1.000000000000000082E-05 ), #6638, 'distance_accuracy_value', 'NONE');
#643 = DIRECTION ( 'NONE',  ( 1.000000000000000000, 0.000000000000000000, 0.000000000000000000 ) ) ;
#644 = DIRECTION ( 'NONE',  ( -0.000000000000000000, -0.000000000000000000, 1.000000000000000000 ) ) ;
#645 = SURFACE_SIDE_STYLE ('',( #5261 ) ) ;
#646 =( NAMED_UNIT ( * ) SI_UNIT ( $, .STERADIAN. ) SOLID_ANGLE_UNIT ( ) );
#647 = ORIENTED_EDGE ( 'NONE', *, *, #114, .T. ) ;
#648 = AXIS2_PLACEMENT_3D ( 'NONE', #8953, #555, #10729 ) ;
#649 =( NAMED_UNIT ( * ) SI_UNIT ( $, .STERADIAN. ) SOLID_ANGLE_UNIT ( ) );
#650 = DIRECTION ( 'NONE',  ( 0.000000000000000000, 0.000000000000000000, -1.000000000000000000 ) ) ;
#651 = UNCERTAINTY_MEASURE_WITH_UNIT (LENGTH_MEASURE( 1.000000000000000082E-05 ), #10157, 'distance_accuracy_value', 'NONE');
#652 = SURFACE_SIDE_STYLE ('',( #5268 ) ) ;
#653 =( GEOMETRIC_REPRESENTATION_CONTEXT ( 3 ) GLOBAL_UNCERTAINTY_ASSIGNED_CONTEXT ( ( #5680 ) ) GLOBAL_UNIT_ASSIGNED_CONTEXT ( ( #2992, #4926, #9113 ) ) REPRESENTATION_CONTEXT ( 'NONE', 'WORKASPACE' ) );
#654 = EDGE_CURVE ( 'NONE', #4429, #4110, #2550, .T. ) ;
#655 = SURFACE_STYLE_USAGE ( .BOTH. , #3842 ) ;
#656 = SURFACE_STYLE_FILL_AREA ( #6059 ) ;
#657 = EDGE_LOOP ( 'NONE', ( #11835, #8097 ) ) ;
#658 = VERTEX_POINT ( 'NONE', #4472 ) ;
#659 = DIRECTION ( 'NONE',  ( 1.000000000000000000, 0.000000000000000000, 0.000000000000000000 ) ) ;
#660 = VECTOR ( 'NONE', #9690, 1000.000000000000000 ) ;
#661 = CARTESIAN_POINT ( 'NONE',  ( 5.499999999999999112, 4.499999999999998224, 1.600000000000000089 ) ) ;
#662 = FILL_AREA_STYLE ('',( #6363 ) ) ;
#663 = CARTESIAN_POINT ( 'NONE',  ( 6.113966244037305486, -7.499999999999992895, 2.100000000000000089 ) ) ;
#664 = LINE ( 'NONE', #4183, #10912 ) ;
#665 = ORIENTED_EDGE ( 'NONE', *, *, #7534, .T. ) ;
#666 = DIRECTION ( 'NONE',  ( 0.000000000000000000, 1.000000000000000000, 0.000000000000000000 ) ) ;
#667 = EDGE_CURVE ( 'NONE', #9621, #4675, #717, .T. ) ;
#668 = DIRECTION ( 'NONE',  ( 1.000000000000000000, 0.000000000000000000, 0.000000000000000000 ) ) ;
#669 = CIRCLE ( 'NONE', #2205, 1.386033755962696956 ) ;
#670 = LINE ( 'NONE', #5217, #7897 ) ;
#671 = EDGE_CURVE ( 'NONE', #7277, #1875, #8910, .T. ) ;
#672 = COLOUR_RGB ( '',1.000000000000000000, 1.000000000000000000, 0.000000000000000000 ) ;
#673 = SURFACE_STYLE_FILL_AREA ( #5157 ) ;
#674 = STYLED_ITEM ( 'NONE', ( #2271 ), #2681 ) ;
#675 = EDGE_LOOP ( 'NONE', ( #5684, #6127 ) ) ;
#676 = ORIENTED_EDGE ( 'NONE', *, *, #84, .F. ) ;
#677 = PRESENTATION_STYLE_ASSIGNMENT (( #6078 ) ) ;
#678 = ORIENTED_EDGE ( 'NONE', *, *, #4917, .T. ) ;
#679 =( GEOMETRIC_REPRESENTATION_CONTEXT ( 3 ) GLOBAL_UNCERTAINTY_ASSIGNED_CONTEXT ( ( #11665 ) ) GLOBAL_UNIT_ASSIGNED_CONTEXT ( ( #6615, #1092, #5828 ) ) REPRESENTATION_CONTEXT ( 'NONE', 'WORKASPACE' ) );
#680 =( NAMED_UNIT ( * ) PLANE_ANGLE_UNIT ( ) SI_UNIT ( $, .RADIAN. ) );
#681 = VERTEX_POINT ( 'NONE', #2717 ) ;
#682 = DIRECTION ( 'NONE',  ( -0.000000000000000000, -0.000000000000000000, -1.000000000000000000 ) ) ;
#683 = CARTESIAN_POINT ( 'NONE',  ( 11.34999999999999254, 11.35000000000000142, 1.600000000000000089 ) ) ;
#684 = UNCERTAINTY_MEASURE_WITH_UNIT (LENGTH_MEASURE( 1.000000000000000082E-05 ), #2923, 'distance_accuracy_value', 'NONE');
#685 = EDGE_CURVE ( 'NONE', #9438, #8412, #7960, .T. ) ;
#686 = COLOUR_RGB ( '',1.000000000000000000, 1.000000000000000000, 0.000000000000000000 ) ;
#687 = EDGE_CURVE ( 'NONE', #6831, #1137, #4688, .T. ) ;
#688 = DIRECTION ( 'NONE',  ( -0.000000000000000000, -0.000000000000000000, 1.000000000000000000 ) ) ;
#689 = DIRECTION ( 'NONE',  ( 1.000000000000000000, 0.000000000000000000, 0.000000000000000000 ) ) ;
#690 = CIRCLE ( 'NONE', #2221, 1.386033755962696956 ) ;
#691 = ORIENTED_EDGE ( 'NONE', *, *, #8214, .F. ) ;
#692 = ORIENTED_EDGE ( 'NONE', *, *, #5534, .F. ) ;
#693 = SURFACE_SIDE_STYLE ('',( #2632 ) ) ;
#694 = STYLED_ITEM ( 'NONE', ( #9760 ), #3347 ) ;
#695 = DIRECTION ( 'NONE',  ( 0.000000000000000000, 0.000000000000000000, 1.000000000000000000 ) ) ;
#696 = CARTESIAN_POINT ( 'NONE',  ( 4.000000000000003553, 60.00000000000000711, 1.800000000000000044 ) ) ;
#697 =( NAMED_UNIT ( * ) PLANE_ANGLE_UNIT ( ) SI_UNIT ( $, .RADIAN. ) );
#698 = ORIENTED_EDGE ( 'NONE', *, *, #671, .T. ) ;
#699 = AXIS2_PLACEMENT_3D ( 'NONE', #9179, #8338, #46 ) ;
#700 = LINE ( 'NONE', #9034, #11180 ) ;
#701 = VECTOR ( 'NONE', #2454, 1000.000000000000000 ) ;
#702 = MECHANICAL_DESIGN_GEOMETRIC_PRESENTATION_REPRESENTATION (  '', ( #4382 ), #11143 ) ;
#703 = CARTESIAN_POINT ( 'NONE',  ( -2.499999999999999556, 2.500000000000009326, 2.463966244037302911 ) ) ;
#704 = LINE ( 'NONE', #9899, #4887 ) ;
#705 = SURFACE_SIDE_STYLE ('',( #3369 ) ) ;
#706 = VERTEX_POINT ( 'NONE', #10026 ) ;
#707 = DIRECTION ( 'NONE',  ( -0.000000000000000000, -0.000000000000000000, 1.000000000000000000 ) ) ;
#708 = DIRECTION ( 'NONE',  ( 1.000000000000000000, 0.000000000000000000, 0.000000000000000000 ) ) ;
#709 = DIRECTION ( 'NONE',  ( -4.336808689942015764E-16, 1.000000000000000000, 0.000000000000000000 ) ) ;
#710 =( GEOMETRIC_REPRESENTATION_CONTEXT ( 3 ) GLOBAL_UNCERTAINTY_ASSIGNED_CONTEXT ( ( #2591 ) ) GLOBAL_UNIT_ASSIGNED_CONTEXT ( ( #1108, #4806, #9504 ) ) REPRESENTATION_CONTEXT ( 'NONE', 'WORKASPACE' ) );
#711 = SPHERICAL_SURFACE ( 'NONE', #1030, 1.386033755962696956 ) ;
#712 = DIRECTION ( 'NONE',  ( -0.000000000000000000, -1.000000000000000000, -0.000000000000000000 ) ) ;
#713 = CARTESIAN_POINT ( 'NONE',  ( -3.886033755962694958, -2.499999999999991118, 2.100000000000000089 ) ) ;
#714 = ORIENTED_EDGE ( 'NONE', *, *, #10077, .F. ) ;
#715 = LINE ( 'NONE', #7973, #9877 ) ;
#716 = ORIENTED_EDGE ( 'NONE', *, *, #7713, .F. ) ;
#717 = LINE ( 'NONE', #4297, #1956 ) ;
#718 = MECHANICAL_DESIGN_GEOMETRIC_PRESENTATION_REPRESENTATION (  '', ( #2456 ), #5942 ) ;
#719 = DIRECTION ( 'NONE',  ( -0.000000000000000000, -0.000000000000000000, 1.000000000000000000 ) ) ;
#720 = SURFACE_STYLE_USAGE ( .BOTH. , #4604 ) ;
#721 = DIRECTION ( 'NONE',  ( -0.000000000000000000, -0.000000000000000000, -1.000000000000000000 ) ) ;
#722 = ORIENTED_EDGE ( 'NONE', *, *, #7217, .F. ) ;
#723 = DIRECTION ( 'NONE',  ( -1.000000000000000000, 0.000000000000000000, 0.000000000000000000 ) ) ;
#724 = CARTESIAN_POINT ( 'NONE',  ( 5.395973916753827204, 13.44012937056731083, 1.610000000000000098 ) ) ;
#725 = COLOUR_RGB ( '',0.7529411764705882248, 0.7529411764705882248, 0.7529411764705882248 ) ;
#726 =( NAMED_UNIT ( * ) SI_UNIT ( $, .STERADIAN. ) SOLID_ANGLE_UNIT ( ) );
#727 = VECTOR ( 'NONE', #1496, 1000.000000000000000 ) ;
#728 =( NAMED_UNIT ( * ) SI_UNIT ( $, .STERADIAN. ) SOLID_ANGLE_UNIT ( ) );
#729 = SURFACE_STYLE_FILL_AREA ( #10847 ) ;
#730 = ORIENTED_EDGE ( 'NONE', *, *, #8614, .T. ) ;
#731 = ORIENTED_EDGE ( 'NONE', *, *, #3194, .T. ) ;
#732 = ORIENTED_EDGE ( 'NONE', *, *, #7929, .T. ) ;
#733 = ADVANCED_FACE ( 'NONE', ( #11736 ), #3570, .F. ) ;
#734 = FACE_OUTER_BOUND ( 'NONE', #321, .T. ) ;
#735 = ORIENTED_EDGE ( 'NONE', *, *, #10270, .T. ) ;
#736 = SURFACE_STYLE_USAGE ( .BOTH. , #2495 ) ;
#737 = CIRCLE ( 'NONE', #10985, 1.386033755962696956 ) ;
#738 = DIRECTION ( 'NONE',  ( -0.000000000000000000, -0.000000000000000000, 1.000000000000000000 ) ) ;
#739 = ORIENTED_EDGE ( 'NONE', *, *, #6959, .F. ) ;
#740 = CIRCLE ( 'NONE', #6918, 1.386033755962696956 ) ;
#741 = FILL_AREA_STYLE ('',( #11632 ) ) ;
#742 = DIRECTION ( 'NONE',  ( -1.000000000000000000, 0.000000000000000000, 0.000000000000000000 ) ) ;
#743 =( NAMED_UNIT ( * ) SI_UNIT ( $, .STERADIAN. ) SOLID_ANGLE_UNIT ( ) );
#744 = CIRCLE ( 'NONE', #6173, 1.486033755962697267 ) ;
#745 = ORIENTED_EDGE ( 'NONE', *, *, #6412, .T. ) ;
#746 = VERTEX_POINT ( 'NONE', #7426 ) ;
#747 = ADVANCED_FACE ( 'NONE', ( #5643 ), #4658, .T. ) ;
#748 = CARTESIAN_POINT ( 'NONE',  ( -9.500000000000000000, -5.499999999999994671, 2.100000000000000089 ) ) ;
#749 = DIRECTION ( 'NONE',  ( 0.000000000000000000, 1.000000000000000000, 0.000000000000000000 ) ) ;
#750 = ORIENTED_EDGE ( 'NONE', *, *, #9531, .F. ) ;
#751 = SURFACE_SIDE_STYLE ('',( #9951 ) ) ;
#752 = AXIS2_PLACEMENT_3D ( 'NONE', #9097, #8966, #8140 ) ;
#753 = CARTESIAN_POINT ( 'NONE',  ( -7.499999999999999112, 7.500000000000007994, 2.463966244037302911 ) ) ;
#754 =( GEOMETRIC_REPRESENTATION_CONTEXT ( 3 ) GLOBAL_UNCERTAINTY_ASSIGNED_CONTEXT ( ( #9871 ) ) GLOBAL_UNIT_ASSIGNED_CONTEXT ( ( #4485, #5473, #7135 ) ) REPRESENTATION_CONTEXT ( 'NONE', 'WORKASPACE' ) );
#755 = SURFACE_STYLE_FILL_AREA ( #9170 ) ;
#756 =( GEOMETRIC_REPRESENTATION_CONTEXT ( 3 ) GLOBAL_UNCERTAINTY_ASSIGNED_CONTEXT ( ( #1532 ) ) GLOBAL_UNIT_ASSIGNED_CONTEXT ( ( #7166, #10685, #5252 ) ) REPRESENTATION_CONTEXT ( 'NONE', 'WORKASPACE' ) );
#757 = SURFACE_STYLE_FILL_AREA ( #9039 ) ;
#758 = ADVANCED_FACE ( 'NONE', ( #3919 ), #6595, .F. ) ;
#759 = SURFACE_SIDE_STYLE ('',( #1645 ) ) ;
#760 = COLOUR_RGB ( '',0.7529411764705882248, 0.7529411764705882248, 0.7529411764705882248 ) ;
#761 = MECHANICAL_DESIGN_GEOMETRIC_PRESENTATION_REPRESENTATION (  '', ( #956 ), #9443 ) ;
#762 = DIRECTION ( 'NONE',  ( 1.000000000000000000, 0.000000000000000000, 0.000000000000000000 ) ) ;
#763 = ORIENTED_EDGE ( 'NONE', *, *, #11182, .T. ) ;
#764 = CIRCLE ( 'NONE', #1146, 1.486033755962697267 ) ;
#765 = AXIS2_PLACEMENT_3D ( 'NONE', #8295, #10107, #1673 ) ;
#766 = DIRECTION ( 'NONE',  ( -0.000000000000000000, -0.000000000000000000, 1.000000000000000000 ) ) ;
#767 = UNCERTAINTY_MEASURE_WITH_UNIT (LENGTH_MEASURE( 1.000000000000000082E-05 ), #10461, 'distance_accuracy_value', 'NONE');
#768 = CARTESIAN_POINT ( 'NONE',  ( -9.500000000000001776, 4.499999999999996447, 1.600000000000000089 ) ) ;
#769 = FACE_OUTER_BOUND ( 'NONE', #10838, .T. ) ;
#771 = SURFACE_STYLE_USAGE ( .BOTH. , #1888 ) ;
#770 = AXIS2_PLACEMENT_3D ( 'NONE', #7761, #2309, #6972 ) ;
#772 = CIRCLE ( 'NONE', #7317, 1.486033755962697267 ) ;
#773 = LINE ( 'NONE', #6242, #8866 ) ;
#774 = PRESENTATION_LAYER_ASSIGNMENT (  '', '', ( #9448 ) ) ;
#775 = ORIENTED_EDGE ( 'NONE', *, *, #9861, .T. ) ;
#776 = PRESENTATION_STYLE_ASSIGNMENT (( #1903 ) ) ;
#777 = VERTEX_POINT ( 'NONE', #3733 ) ;
#778 = LINE ( 'NONE', #10897, #5273 ) ;
#779 = ADVANCED_FACE ( 'NONE', ( #3857 ), #1076, .T. ) ;
#780 = FILL_AREA_STYLE ('',( #9975 ) ) ;
#781 = CARTESIAN_POINT ( 'NONE',  ( -3.999999999999993339, -13.99999999999999822, 1.800000000000000044 ) ) ;
#782 = CARTESIAN_POINT ( 'NONE',  ( -7.499999999999999112, 2.500000000000009326, 2.100000000000000089 ) ) ;
#783 = SURFACE_STYLE_FILL_AREA ( #8285 ) ;
#784 = AXIS2_PLACEMENT_3D ( 'NONE', #6271, #6201, #5302 ) ;
#785 = PRESENTATION_LAYER_ASSIGNMENT (  '', '', ( #2353 ) ) ;
#786 = SURFACE_STYLE_FILL_AREA ( #9061 ) ;
#787 = ORIENTED_EDGE ( 'NONE', *, *, #5786, .F. ) ;
#788 =( NAMED_UNIT ( * ) PLANE_ANGLE_UNIT ( ) SI_UNIT ( $, .RADIAN. ) );
#789 = COLOUR_RGB ( '',1.000000000000000000, 1.000000000000000000, 0.000000000000000000 ) ;
#790 = LINE ( 'NONE', #4482, #11456 ) ;
#791 = COLOUR_RGB ( '',0.7529411764705882248, 0.7529411764705882248, 0.7529411764705882248 ) ;
#792 = DIRECTION ( 'NONE',  ( 0.000000000000000000, 0.000000000000000000, -1.000000000000000000 ) ) ;
#793 = CARTESIAN_POINT ( 'NONE',  ( 7.500000000000000000, 7.500000000000007105, 2.463966244037302911 ) ) ;
#794 =( GEOMETRIC_REPRESENTATION_CONTEXT ( 3 ) GLOBAL_UNCERTAINTY_ASSIGNED_CONTEXT ( ( #203 ) ) GLOBAL_UNIT_ASSIGNED_CONTEXT ( ( #10715, #7865, #2362 ) ) REPRESENTATION_CONTEXT ( 'NONE', 'WORKASPACE' ) );
#795 = CIRCLE ( 'NONE', #5649, 1.486033755962697267 ) ;
#796 = DIRECTION ( 'NONE',  ( 1.000000000000000000, 0.000000000000000000, 0.000000000000000000 ) ) ;
#797 = ORIENTED_EDGE ( 'NONE', *, *, #2617, .F. ) ;
#798 = ORIENTED_EDGE ( 'NONE', *, *, #586, .T. ) ;
#799 = AXIS2_PLACEMENT_3D ( 'NONE', #3113, #8657, #11816 ) ;
#800 = EDGE_CURVE ( 'NONE', #8722, #341, #8536, .T. ) ;
#801 = ORIENTED_EDGE ( 'NONE', *, *, #1233, .T. ) ;
#802 = VECTOR ( 'NONE', #11870, 1000.000000000000000 ) ;
#803 = ORIENTED_EDGE ( 'NONE', *, *, #5944, .F. ) ;
#804 =( LENGTH_UNIT ( ) NAMED_UNIT ( * ) SI_UNIT ( .MILLI., .METRE. ) );
#805 = FILL_AREA_STYLE_COLOUR ( '', #9528 ) ;
#806 = ORIENTED_EDGE ( 'NONE', *, *, #2544, .F. ) ;
#807 = CARTESIAN_POINT ( 'NONE',  ( 5.500000000000000000, -0.4999999999999970024, 2.100000000000000089 ) ) ;
#808 = AXIS2_PLACEMENT_3D ( 'NONE', #4837, #7670, #11370 ) ;
#809 = DIRECTION ( 'NONE',  ( 0.000000000000000000, 1.000000000000000000, 0.000000000000000000 ) ) ;
#810 = UNCERTAINTY_MEASURE_WITH_UNIT (LENGTH_MEASURE( 1.000000000000000082E-05 ), #6329, 'distance_accuracy_value', 'NONE');
#811 = FACE_BOUND ( 'NONE', #9485, .T. ) ;
#812 = ADVANCED_FACE ( 'NONE', ( #3242 ), #5007, .F. ) ;
#813 = EDGE_CURVE ( 'NONE', #10740, #4505, #11587, .T. ) ;
#814 = ORIENTED_EDGE ( 'NONE', *, *, #11493, .T. ) ;
#815 = VERTEX_POINT ( 'NONE', #5810 ) ;
#816 = COLOUR_RGB ( '',1.000000000000000000, 1.000000000000000000, 0.000000000000000000 ) ;
#818 =( NAMED_UNIT ( * ) SI_UNIT ( $, .STERADIAN. ) SOLID_ANGLE_UNIT ( ) );
#817 = UNCERTAINTY_MEASURE_WITH_UNIT (LENGTH_MEASURE( 1.000000000000000082E-05 ), #10515, 'distance_accuracy_value', 'NONE');
#819 = CARTESIAN_POINT ( 'NONE',  ( 7.500000000000001776, -2.499999999999992895, 2.463966244037302911 ) ) ;
#820 =( LENGTH_UNIT ( ) NAMED_UNIT ( * ) SI_UNIT ( .MILLI., .METRE. ) );
#821 = EDGE_LOOP ( 'NONE', ( #10870, #1480, #9880, #4753, #6410 ) ) ;
#822 = SURFACE_SIDE_STYLE ('',( #9100 ) ) ;
#823 =( NAMED_UNIT ( * ) PLANE_ANGLE_UNIT ( ) SI_UNIT ( $, .RADIAN. ) );
#824 = CARTESIAN_POINT ( 'NONE',  ( -8.986033755962694158, -7.499999999999990230, 2.100000000000000089 ) ) ;
#825 = CIRCLE ( 'NONE', #9123, 1.486033755962697267 ) ;
#826 = FILL_AREA_STYLE_COLOUR ( '', #9628 ) ;
#827 = EDGE_CURVE ( 'NONE', #1560, #10740, #9896, .T. ) ;
#828 = PRESENTATION_STYLE_ASSIGNMENT (( #1580 ) ) ;
#829 = CARTESIAN_POINT ( 'NONE',  ( -7.499999999999997335, -7.499999999999990230, 2.463966244037302911 ) ) ;
#830 = DIRECTION ( 'NONE',  ( 1.000000000000000000, 0.000000000000000000, 0.000000000000000000 ) ) ;
#831 = AXIS2_PLACEMENT_3D ( 'NONE', #3139, #3023, #5988 ) ;
#832 =( GEOMETRIC_REPRESENTATION_CONTEXT ( 3 ) GLOBAL_UNCERTAINTY_ASSIGNED_CONTEXT ( ( #10980 ) ) GLOBAL_UNIT_ASSIGNED_CONTEXT ( ( #4691, #4509, #818 ) ) REPRESENTATION_CONTEXT ( 'NONE', 'WORKASPACE' ) );
#833 = DIRECTION ( 'NONE',  ( -0.000000000000000000, -0.000000000000000000, 1.000000000000000000 ) ) ;
#834 = DIRECTION ( 'NONE',  ( -0.000000000000000000, -0.000000000000000000, 1.000000000000000000 ) ) ;
#835 = ORIENTED_EDGE ( 'NONE', *, *, #4811, .F. ) ;
#836 = PRESENTATION_STYLE_ASSIGNMENT (( #10017 ) ) ;
#837 = CIRCLE ( 'NONE', #9513, 1.486033755962696379 ) ;
#838 = CARTESIAN_POINT ( 'NONE',  ( 5.395973916753827204, 12.34027113312489909, 1.610000000000000098 ) ) ;
#839 = SURFACE_STYLE_USAGE ( .BOTH. , #5519 ) ;
#840 = EDGE_CURVE ( 'NONE', #1449, #4539, #3069, .T. ) ;
#841 = AXIS2_PLACEMENT_3D ( 'NONE', #8218, #9354, #7478 ) ;
#842 = AXIS2_PLACEMENT_3D ( 'NONE', #11158, #10246, #8437 ) ;
#843 = EDGE_CURVE ( 'NONE', #5770, #9269, #11363, .T. ) ;
#844 = LINE ( 'NONE', #2775, #8315 ) ;
#845 = ORIENTED_EDGE ( 'NONE', *, *, #5598, .T. ) ;
#846 = FILL_AREA_STYLE ('',( #7189 ) ) ;
#847 = VECTOR ( 'NONE', #8712, 1000.000000000000000 ) ;
#848 = ORIENTED_EDGE ( 'NONE', *, *, #4440, .T. ) ;
#849 = DIRECTION ( 'NONE',  ( -0.000000000000000000, -0.000000000000000000, 1.000000000000000000 ) ) ;
#850 = CARTESIAN_POINT ( 'NONE',  ( -4.500000000000000888, 0.4999999999999961142, 1.600000000000000089 ) ) ;
#852 = LINE ( 'NONE', #905, #7234 ) ;
#851 =( GEOMETRIC_REPRESENTATION_CONTEXT ( 3 ) GLOBAL_UNCERTAINTY_ASSIGNED_CONTEXT ( ( #10126 ) ) GLOBAL_UNIT_ASSIGNED_CONTEXT ( ( #510, #4215, #4785 ) ) REPRESENTATION_CONTEXT ( 'NONE', 'WORKASPACE' ) );
#853 = SURFACE_SIDE_STYLE ('',( #786 ) ) ;
#854 = ORIENTED_EDGE ( 'NONE', *, *, #7479, .T. ) ;
#855 = PRESENTATION_STYLE_ASSIGNMENT (( #10732 ) ) ;
#856 = LINE ( 'NONE', #8175, #9542 ) ;
#857 = ADVANCED_BREP_SHAPE_REPRESENTATION ( 'ILR-ON16-YELL-SC211-WIR200', ( #39, #195 ), #4454 ) ;
#858 = AXIS2_PLACEMENT_3D ( 'NONE', #3350, #5306, #8958 ) ;
#859 = SURFACE_STYLE_FILL_AREA ( #9988 ) ;
#860 = VERTEX_POINT ( 'NONE', #458 ) ;
#861 = EDGE_LOOP ( 'NONE', ( #613, #8949, #4789, #1849 ) ) ;
#862 = VERTEX_POINT ( 'NONE', #7841 ) ;
#863 = DIRECTION ( 'NONE',  ( -1.000000000000000000, -4.336808689942016750E-16, 0.000000000000000000 ) ) ;
#864 = ORIENTED_EDGE ( 'NONE', *, *, #3977, .T. ) ;
#865 = SPHERICAL_SURFACE ( 'NONE', #7019, 1.386033755962696956 ) ;
#866 = VERTEX_POINT ( 'NONE', #10453 ) ;
#867 = DIRECTION ( 'NONE',  ( 0.000000000000000000, -1.000000000000000000, 0.000000000000000000 ) ) ;
#868 = AXIS2_PLACEMENT_3D ( 'NONE', #11193, #1976, #11368 ) ;
#869 =( NAMED_UNIT ( * ) SI_UNIT ( $, .STERADIAN. ) SOLID_ANGLE_UNIT ( ) );
#870 = MECHANICAL_DESIGN_GEOMETRIC_PRESENTATION_REPRESENTATION (  '', ( #7033 ), #2408 ) ;
#871 = EDGE_CURVE ( 'NONE', #2562, #5770, #4951, .T. ) ;
#872 = LINE ( 'NONE', #2564, #80 ) ;
#873 = COLOUR_RGB ( '',0.5019607843137254832, 0.5019607843137254832, 0.5019607843137254832 ) ;
#874 = FILL_AREA_STYLE_COLOUR ( '', #991 ) ;
#875 = VERTEX_POINT ( 'NONE', #5865 ) ;
#876 = EDGE_LOOP ( 'NONE', ( #7820, #8316, #3520, #4619, #11454, #3648 ) ) ;
#877 = CARTESIAN_POINT ( 'NONE',  ( -1.113966244037302600, 2.500000000000009326, 2.100000000000000089 ) ) ;
#878 = CARTESIAN_POINT ( 'NONE',  ( 2.500000000000000444, 2.500000000000007550, 2.463966244037302911 ) ) ;
#879 = VERTEX_POINT ( 'NONE', #9714 ) ;
#880 = MECHANICAL_DESIGN_GEOMETRIC_PRESENTATION_REPRESENTATION (  '', ( #674 ), #2208 ) ;
#881 = CARTESIAN_POINT ( 'NONE',  ( -7.499999999999999112, 1.013966244037311837, 2.463966244037302911 ) ) ;
#882 = LINE ( 'NONE', #3774, #11792 ) ;
#883 =( NAMED_UNIT ( * ) PLANE_ANGLE_UNIT ( ) SI_UNIT ( $, .RADIAN. ) );
#884 = FILL_AREA_STYLE_COLOUR ( '', #4247 ) ;
#885 = PRESENTATION_STYLE_ASSIGNMENT (( #5375 ) ) ;
#886 = LINE ( 'NONE', #3781, #7965 ) ;
#887 = AXIS2_PLACEMENT_3D ( 'NONE', #4821, #3614, #10326 ) ;
#888 = PRESENTATION_STYLE_ASSIGNMENT (( #9177 ) ) ;
#889 = ORIENTED_EDGE ( 'NONE', *, *, #9858, .T. ) ;
#890 = EDGE_CURVE ( 'NONE', #10585, #10707, #1414, .T. ) ;
#891 = ADVANCED_FACE ( 'NONE', ( #6107 ), #8914, .T. ) ;
#892 = FACE_OUTER_BOUND ( 'NONE', #8749, .T. ) ;
#893 = UNCERTAINTY_MEASURE_WITH_UNIT (LENGTH_MEASURE( 1.000000000000000082E-05 ), #11314, 'distance_accuracy_value', 'NONE');
#894 = DIRECTION ( 'NONE',  ( -0.000000000000000000, -0.000000000000000000, 1.000000000000000000 ) ) ;
#895 = STYLED_ITEM ( 'NONE', ( #8013 ), #8740 ) ;
#896 = LINE ( 'NONE', #713, #7340 ) ;
#897 = ORIENTED_EDGE ( 'NONE', *, *, #2529, .T. ) ;
#898 = FACE_OUTER_BOUND ( 'NONE', #8559, .T. ) ;
#899 = VERTEX_POINT ( 'NONE', #11849 ) ;
#900 = SURFACE_SIDE_STYLE ('',( #6250 ) ) ;
#901 = EDGE_CURVE ( 'NONE', #8375, #2185, #7187, .T. ) ;
#902 = CARTESIAN_POINT ( 'NONE',  ( -7.499999999999999112, 7.500000000000007994, 2.463966244037302911 ) ) ;
#903 = FILL_AREA_STYLE_COLOUR ( '', #10430 ) ;
#904 = COLOUR_RGB ( '',1.000000000000000000, 1.000000000000000000, 0.000000000000000000 ) ;
#905 = CARTESIAN_POINT ( 'NONE',  ( -5.395973916753827204, -12.34027113312490620, 1.610000000000000098 ) ) ;
#906 =( NAMED_UNIT ( * ) SI_UNIT ( $, .STERADIAN. ) SOLID_ANGLE_UNIT ( ) );
#907 = ORIENTED_EDGE ( 'NONE', *, *, #5922, .F. ) ;
#908 = CARTESIAN_POINT ( 'NONE',  ( 2.500000000000000444, 2.500000000000007550, 2.463966244037302911 ) ) ;
#909 = FILL_AREA_STYLE_COLOUR ( '', #8340 ) ;
#910 = SURFACE_STYLE_FILL_AREA ( #9067 ) ;
#911 = PRESENTATION_STYLE_ASSIGNMENT (( #3688 ) ) ;
#912 = FILL_AREA_STYLE ('',( #9987 ) ) ;
#913 = PRESENTATION_LAYER_ASSIGNMENT (  '', '', ( #6715 ) ) ;
#914 = DIRECTION ( 'NONE',  ( 1.000000000000000000, -2.710505431213761701E-17, 0.000000000000000000 ) ) ;
#915 = ORIENTED_EDGE ( 'NONE', *, *, #193, .T. ) ;
#916 = ORIENTED_EDGE ( 'NONE', *, *, #6857, .F. ) ;
#917 = ORIENTED_EDGE ( 'NONE', *, *, #2884, .F. ) ;
#918 = EDGE_CURVE ( 'NONE', #9483, #1694, #11903, .T. ) ;
#919 =( LENGTH_UNIT ( ) NAMED_UNIT ( * ) SI_UNIT ( .MILLI., .METRE. ) );
#920 = ORIENTED_EDGE ( 'NONE', *, *, #4013, .F. ) ;
#921 = CARTESIAN_POINT ( 'NONE',  ( 4.000000000000003553, 60.00000000000000711, 1.999999999999999556 ) ) ;
#922 = EDGE_CURVE ( 'NONE', #6482, #7277, #10090, .T. ) ;
#923 = VECTOR ( 'NONE', #2229, 1000.000000000000000 ) ;
#924 = FILL_AREA_STYLE ('',( #805 ) ) ;
#925 = ORIENTED_EDGE ( 'NONE', *, *, #8309, .F. ) ;
#926 = EDGE_CURVE ( 'NONE', #5404, #9787, #8150, .T. ) ;
#927 = AXIS2_PLACEMENT_3D ( 'NONE', #8507, #7538, #5574 ) ;
#928 = CARTESIAN_POINT ( 'NONE',  ( 9.500000000000001776, -0.4999999999999987232, 2.100000000000000089 ) ) ;
#929 = UNCERTAINTY_MEASURE_WITH_UNIT (LENGTH_MEASURE( 1.000000000000000082E-05 ), #7930, 'distance_accuracy_value', 'NONE');
#930 = CARTESIAN_POINT ( 'NONE',  ( 2.500000000000000444, 2.500000000000007550, 2.463966244037302911 ) ) ;
#931 = CARTESIAN_POINT ( 'NONE',  ( 5.499999999999998224, 5.499999999999991118, 2.100000000000000089 ) ) ;
#932 = ORIENTED_EDGE ( 'NONE', *, *, #7970, .F. ) ;
#933 = MECHANICAL_DESIGN_GEOMETRIC_PRESENTATION_REPRESENTATION (  '', ( #10011 ), #9415 ) ;
#934 = ORIENTED_EDGE ( 'NONE', *, *, #2162, .T. ) ;
#935 = PRESENTATION_LAYER_ASSIGNMENT (  '', '', ( #1113 ) ) ;
#936 = LINE ( 'NONE', #2812, #5989 ) ;
#937 = DIRECTION ( 'NONE',  ( -0.000000000000000000, -0.000000000000000000, 1.000000000000000000 ) ) ;
#938 = VERTEX_POINT ( 'NONE', #2524 ) ;
#939 = LINE ( 'NONE', #8200, #9199 ) ;
#940 = DIRECTION ( 'NONE',  ( -0.000000000000000000, -0.000000000000000000, 1.000000000000000000 ) ) ;
#941 = CLOSED_SHELL ( 'NONE', ( #5623, #7466, #9784, #3685, #4731 ) ) ;
#942 = CARTESIAN_POINT ( 'NONE',  ( -5.499999999999999112, -4.499999999999997335, 2.100000000000000089 ) ) ;
#943 = CARTESIAN_POINT ( 'NONE',  ( -7.499999999999997335, -7.499999999999990230, 2.463966244037302911 ) ) ;
#944 =( NAMED_UNIT ( * ) SI_UNIT ( $, .STERADIAN. ) SOLID_ANGLE_UNIT ( ) );
#945 = EDGE_CURVE ( 'NONE', #6793, #8135, #1524, .T. ) ;
#946 = SURFACE_STYLE_FILL_AREA ( #11243 ) ;
#947 = SURFACE_STYLE_FILL_AREA ( #7291 ) ;
#948 = EDGE_CURVE ( 'NONE', #460, #3463, #704, .T. ) ;
#949 = FACE_OUTER_BOUND ( 'NONE', #5039, .T. ) ;
#950 = FILL_AREA_STYLE ('',( #9225 ) ) ;
#951 = ORIENTED_EDGE ( 'NONE', *, *, #9192, .F. ) ;
#952 = VECTOR ( 'NONE', #9832, 1000.000000000000000 ) ;
#953 = PRESENTATION_LAYER_ASSIGNMENT (  '', '', ( #10418 ) ) ;
#954 = FACE_OUTER_BOUND ( 'NONE', #4572, .T. ) ;
#955 = CARTESIAN_POINT ( 'NONE',  ( 7.500000000000000000, 7.500000000000007105, 3.850000000000000089 ) ) ;
#956 = STYLED_ITEM ( 'NONE', ( #10401 ), #5505 ) ;
#957 = EDGE_CURVE ( 'NONE', #10225, #3765, #5856, .T. ) ;
#958 = COLOUR_RGB ( '',0.7529411764705882248, 0.7529411764705882248, 0.7529411764705882248 ) ;
#959 = FILL_AREA_STYLE ('',( #2715 ) ) ;
#960 = VERTEX_POINT ( 'NONE', #7963 ) ;
#961 =( NAMED_UNIT ( * ) SI_UNIT ( $, .STERADIAN. ) SOLID_ANGLE_UNIT ( ) );
#962 = DIRECTION ( 'NONE',  ( -0.000000000000000000, -0.000000000000000000, 1.000000000000000000 ) ) ;
#963 = CYLINDRICAL_SURFACE ( 'NONE', #3571, 1.386033755962696956 ) ;
#964 = VERTEX_POINT ( 'NONE', #5260 ) ;
#965 = VECTOR ( 'NONE', #1756, 1000.000000000000000 ) ;
#966 = DIRECTION ( 'NONE',  ( -0.000000000000000000, -1.000000000000000000, -0.000000000000000000 ) ) ;
#967 = CIRCLE ( 'NONE', #3097, 1.486033755962697267 ) ;
#968 = CIRCLE ( 'NONE', #7910, 1.386033755962696956 ) ;
#969 = COLOUR_RGB ( '',0.7529411764705882248, 0.7529411764705882248, 0.7529411764705882248 ) ;
#970 = EDGE_CURVE ( 'NONE', #2050, #1676, #4339, .T. ) ;
#971 = CARTESIAN_POINT ( 'NONE',  ( 2.500000000000000444, 2.500000000000007550, 2.463966244037302911 ) ) ;
#972 = ORIENTED_EDGE ( 'NONE', *, *, #3714, .F. ) ;
#973 = CARTESIAN_POINT ( 'NONE',  ( 4.000000000000003553, 15.00000000000000000, 1.800000000000000044 ) ) ;
#974 = ORIENTED_EDGE ( 'NONE', *, *, #11670, .T. ) ;
#975 = VERTEX_POINT ( 'NONE', #11725 ) ;
#976 = EDGE_LOOP ( 'NONE', ( #7639, #10171, #10972, #10211 ) ) ;
#977 = FACE_OUTER_BOUND ( 'NONE', #10117, .T. ) ;
#978 = PRESENTATION_LAYER_ASSIGNMENT (  '', '', ( #6205 ) ) ;
#979 = LINE ( 'NONE', #2915, #4537 ) ;
#980 = EDGE_LOOP ( 'NONE', ( #6330, #4793, #6833, #10436, #2339 ) ) ;
#981 = PRESENTATION_LAYER_ASSIGNMENT (  '', '', ( #9655 ) ) ;
#982 = CARTESIAN_POINT ( 'NONE',  ( -2.604026083246159029, -13.44012937056731793, 1.610000000000000098 ) ) ;
#983 = PRESENTATION_STYLE_ASSIGNMENT (( #7448 ) ) ;
#984 =( GEOMETRIC_REPRESENTATION_CONTEXT ( 3 ) GLOBAL_UNCERTAINTY_ASSIGNED_CONTEXT ( ( #431 ) ) GLOBAL_UNIT_ASSIGNED_CONTEXT ( ( #3154, #3209, #413 ) ) REPRESENTATION_CONTEXT ( 'NONE', 'WORKASPACE' ) );
#985 = PRESENTATION_LAYER_ASSIGNMENT (  '', '', ( #11411 ) ) ;
#986 = FACE_BOUND ( 'NONE', #1658, .T. ) ;
#987 = EDGE_CURVE ( 'NONE', #2794, #8782, #4107, .T. ) ;
#988 = CYLINDRICAL_SURFACE ( 'NONE', #1931, 1.486033755962697267 ) ;
#989 = AXIS2_PLACEMENT_3D ( 'NONE', #3634, #3808, #8236 ) ;
#990 = EDGE_CURVE ( 'NONE', #10916, #8498, #3429, .T. ) ;
#991 = COLOUR_RGB ( '',1.000000000000000000, 1.000000000000000000, 0.000000000000000000 ) ;
#992 = ORIENTED_EDGE ( 'NONE', *, *, #8241, .T. ) ;
#993 = ORIENTED_EDGE ( 'NONE', *, *, #8309, .T. ) ;
#994 = CYLINDRICAL_SURFACE ( 'NONE', #4894, 1.600000000000002531 ) ;
#995 = AXIS2_PLACEMENT_3D ( 'NONE', #5532, #2663, #7313 ) ;
#996 = MECHANICAL_DESIGN_GEOMETRIC_PRESENTATION_REPRESENTATION (  '', ( #8146 ), #2928 ) ;
#997 = DIRECTION ( 'NONE',  ( 0.000000000000000000, 0.000000000000000000, -1.000000000000000000 ) ) ;
#998 = FILL_AREA_STYLE_COLOUR ( '', #76 ) ;
#999 = EDGE_LOOP ( 'NONE', ( #9868, #7972, #925, #10628 ) ) ;
#1000 = CARTESIAN_POINT ( 'NONE',  ( 0.5000000000000017764, -4.499999999999998224, 2.100000000000000089 ) ) ;
#1001 = CIRCLE ( 'NONE', #7749, 1.486033755962697267 ) ;
#1002 = DIRECTION ( 'NONE',  ( -0.000000000000000000, 0.000000000000000000, 1.000000000000000000 ) ) ;
#1003 = EDGE_CURVE ( 'NONE', #2061, #5147, #2948, .T. ) ;
#1004 = CARTESIAN_POINT ( 'NONE',  ( 7.500000000000000888, 3.886033755962704284, 2.463966244037302911 ) ) ;
#1005 = VECTOR ( 'NONE', #2410, 1000.000000000000000 ) ;
#1006 = AXIS2_PLACEMENT_3D ( 'NONE', #2417, #8628, #5148 ) ;
#1007 = SURFACE_STYLE_USAGE ( .BOTH. , #2022 ) ;
#1008 = PRESENTATION_LAYER_ASSIGNMENT (  '', '', ( #4091 ) ) ;
#1009 =( LENGTH_UNIT ( ) NAMED_UNIT ( * ) SI_UNIT ( .MILLI., .METRE. ) );
#1010 = CARTESIAN_POINT ( 'NONE',  ( 4.000000000000003553, 13.99999999999999822, 1.800000000000000044 ) ) ;
#1011 = LINE ( 'NONE', #5629, #10593 ) ;
#1012 = EDGE_LOOP ( 'NONE', ( #11, #3810 ) ) ;
#1013 = VECTOR ( 'NONE', #9036, 1000.000000000000000 ) ;
#1014 = DIRECTION ( 'NONE',  ( 0.000000000000000000, 0.000000000000000000, 1.000000000000000000 ) ) ;
#1015 = VECTOR ( 'NONE', #8021, 1000.000000000000000 ) ;
#1016 = FACE_OUTER_BOUND ( 'NONE', #5744, .T. ) ;
#1017 = ORIENTED_EDGE ( 'NONE', *, *, #540, .F. ) ;
#1018 = CARTESIAN_POINT ( 'NONE',  ( 0.5000000000000009992, 0.4999999999999970024, 1.600000000000000089 ) ) ;
#1019 = CARTESIAN_POINT ( 'NONE',  ( -12.94999999999999396, 11.35000000000000142, 0.000000000000000000 ) ) ;
#1020 = ORIENTED_EDGE ( 'NONE', *, *, #9032, .F. ) ;
#1021 = EDGE_CURVE ( 'NONE', #1866, #1541, #4304, .T. ) ;
#1022 = AXIS2_PLACEMENT_3D ( 'NONE', #86, #9334, #8378 ) ;
#1023 = CARTESIAN_POINT ( 'NONE',  ( -4.500000000000000000, -0.4999999999999970024, 2.100000000000000089 ) ) ;
#1024 = DIRECTION ( 'NONE',  ( -0.000000000000000000, -1.000000000000000000, -0.000000000000000000 ) ) ;
#1025 =( NAMED_UNIT ( * ) SI_UNIT ( $, .STERADIAN. ) SOLID_ANGLE_UNIT ( ) );
#1026 = ORIENTED_EDGE ( 'NONE', *, *, #10786, .F. ) ;
#1027 = CARTESIAN_POINT ( 'NONE',  ( -7.499999999999997335, -2.499999999999990230, 2.100000000000000089 ) ) ;
#1028 = VERTEX_POINT ( 'NONE', #5626 ) ;
#1030 = AXIS2_PLACEMENT_3D ( 'NONE', #4408, #7058, #8808 ) ;
#1029 = VECTOR ( 'NONE', #1793, 1000.000000000000000 ) ;
#1031 = ORIENTED_EDGE ( 'NONE', *, *, #1488, .F. ) ;
#1032 = DIRECTION ( 'NONE',  ( -1.000000000000000000, 0.000000000000000000, 0.000000000000000000 ) ) ;
#1033 = VERTEX_POINT ( 'NONE', #2026 ) ;
#1034 = CARTESIAN_POINT ( 'NONE',  ( 1.013966244037302289, 7.500000000000007105, 2.463966244037302911 ) ) ;
#1035 =( NAMED_UNIT ( * ) PLANE_ANGLE_UNIT ( ) SI_UNIT ( $, .RADIAN. ) );
#1036 = ORIENTED_EDGE ( 'NONE', *, *, #2629, .T. ) ;
#1037 = EDGE_CURVE ( 'NONE', #11226, #1385, #11056, .T. ) ;
#1038 = COLOUR_RGB ( '',1.000000000000000000, 1.000000000000000000, 0.000000000000000000 ) ;
#1039 = CARTESIAN_POINT ( 'NONE',  ( 6.013966244037303177, 2.500000000000007550, 2.100000000000000089 ) ) ;
#1040 = UNCERTAINTY_MEASURE_WITH_UNIT (LENGTH_MEASURE( 1.000000000000000082E-05 ), #3278, 'distance_accuracy_value', 'NONE');
#1041 = PRESENTATION_LAYER_ASSIGNMENT (  '', '', ( #2593 ) ) ;
#1042 = CARTESIAN_POINT ( 'NONE',  ( 3.886033755962696734, 7.500000000000007105, 2.100000000000000089 ) ) ;
#1043 = DIRECTION ( 'NONE',  ( -0.000000000000000000, -0.000000000000000000, -1.000000000000000000 ) ) ;
#1044 = AXIS2_PLACEMENT_3D ( 'NONE', #3091, #411, #11489 ) ;
#1045 = ORIENTED_EDGE ( 'NONE', *, *, #1047, .T. ) ;
#1046 = ORIENTED_EDGE ( 'NONE', *, *, #10900, .F. ) ;
#1047 = EDGE_CURVE ( 'NONE', #2606, #5770, #886, .T. ) ;
#1049 = CARTESIAN_POINT ( 'NONE',  ( -11.34999999999999254, 11.35000000000000142, 1.600000000000000089 ) ) ;
#1048 = PRODUCT_DEFINITION_CONTEXT ( 'detailed design', #1266, 'design' ) ;
#1050 = COLOUR_RGB ( '',1.000000000000000000, 1.000000000000000000, 0.000000000000000000 ) ;
#1051 = SURFACE_SIDE_STYLE ('',( #7343 ) ) ;
#1052 = ORIENTED_EDGE ( 'NONE', *, *, #247, .F. ) ;
#1053 = ADVANCED_FACE ( 'NONE', ( #3610 ), #1117, .F. ) ;
#1054 = CARTESIAN_POINT ( 'NONE',  ( -0.4999999999999989453, -4.499999999999997335, 1.600000000000000089 ) ) ;
#1055 = FILL_AREA_STYLE_COLOUR ( '', #581 ) ;
#1056 = SURFACE_STYLE_FILL_AREA ( #3897 ) ;
#1058 = ADVANCED_FACE ( 'NONE', ( #1891 ), #9287, .F. ) ;
#1057 = FILL_AREA_STYLE_COLOUR ( '', #5590 ) ;
#1059 = VECTOR ( 'NONE', #3137, 1000.000000000000000 ) ;
#1060 = FILL_AREA_STYLE_COLOUR ( '', #10672 ) ;
#1061 = CARTESIAN_POINT ( 'NONE',  ( -7.499999999999997335, -7.499999999999990230, 2.463966244037302911 ) ) ;
#1062 = PRESENTATION_STYLE_ASSIGNMENT (( #771 ) ) ;
#1063 = AXIS2_PLACEMENT_3D ( 'NONE', #10174, #8425, #6672 ) ;
#1064 =( LENGTH_UNIT ( ) NAMED_UNIT ( * ) SI_UNIT ( .MILLI., .METRE. ) );
#1065 = LINE ( 'NONE', #1959, #10441 ) ;
#1066 = VECTOR ( 'NONE', #940, 1000.000000000000000 ) ;
#1067 = DIRECTION ( 'NONE',  ( 1.000000000000000000, -4.336808689942016750E-16, 0.000000000000000000 ) ) ;
#1068 = ORIENTED_EDGE ( 'NONE', *, *, #6945, .F. ) ;
#1069 = CARTESIAN_POINT ( 'NONE',  ( -7.499999999999999112, 7.500000000000007994, 2.463966244037302911 ) ) ;
#1070 = AXIS2_PLACEMENT_3D ( 'NONE', #1297, #9469, #2269 ) ;
#1071 = EDGE_CURVE ( 'NONE', #4770, #5059, #4096, .T. ) ;
#1072 = DIRECTION ( 'NONE',  ( 0.000000000000000000, 1.000000000000000000, 0.000000000000000000 ) ) ;
#1073 = CIRCLE ( 'NONE', #5742, 1.486033755962697267 ) ;
#1074 = DIRECTION ( 'NONE',  ( 1.000000000000000000, 0.000000000000000000, 0.000000000000000000 ) ) ;
#1075 = VERTEX_POINT ( 'NONE', #2760 ) ;
#1076 = CYLINDRICAL_SURFACE ( 'NONE', #6990, 1.486033755962697267 ) ;
#1077 = SURFACE_STYLE_FILL_AREA ( #11074 ) ;
#1078 =( LENGTH_UNIT ( ) NAMED_UNIT ( * ) SI_UNIT ( .MILLI., .METRE. ) );
#1079 = FACE_OUTER_BOUND ( 'NONE', #11157, .T. ) ;
#1080 = DIRECTION ( 'NONE',  ( -0.000000000000000000, -0.000000000000000000, 1.000000000000000000 ) ) ;
#1081 = VECTOR ( 'NONE', #11519, 1000.000000000000000 ) ;
#1082 = FACE_OUTER_BOUND ( 'NONE', #7901, .T. ) ;
#1083 =( NAMED_UNIT ( * ) PLANE_ANGLE_UNIT ( ) SI_UNIT ( $, .RADIAN. ) );
#1084 = SURFACE_STYLE_FILL_AREA ( #7614 ) ;
#1085 = SURFACE_SIDE_STYLE ('',( #4047 ) ) ;
#1086 = VERTEX_POINT ( 'NONE', #6462 ) ;
#1087 = SURFACE_STYLE_FILL_AREA ( #1858 ) ;
#1088 = ORIENTED_EDGE ( 'NONE', *, *, #4139, .F. ) ;
#1089 = AXIS2_PLACEMENT_3D ( 'NONE', #8491, #7760, #4010 ) ;
#1090 = SURFACE_STYLE_FILL_AREA ( #9546 ) ;
#1091 = EDGE_LOOP ( 'NONE', ( #4196, #6150, #1491, #11833, #4419, #7560, #4626, #11144 ) ) ;
#1092 =( NAMED_UNIT ( * ) PLANE_ANGLE_UNIT ( ) SI_UNIT ( $, .RADIAN. ) );
#1093 = PLANE ( 'NONE',  #1795 ) ;
#1094 = VERTEX_POINT ( 'NONE', #8393 ) ;
#1095 = CARTESIAN_POINT ( 'NONE',  ( -7.499999999999999112, 7.500000000000007994, 2.463966244037302911 ) ) ;
#1096 =( GEOMETRIC_REPRESENTATION_CONTEXT ( 3 ) GLOBAL_UNCERTAINTY_ASSIGNED_CONTEXT ( ( #6619 ) ) GLOBAL_UNIT_ASSIGNED_CONTEXT ( ( #6249, #5338, #2284 ) ) REPRESENTATION_CONTEXT ( 'NONE', 'WORKASPACE' ) );
#1097 = AXIS2_PLACEMENT_3D ( 'NONE', #11664, #6413, #10087 ) ;
#1098 = DIRECTION ( 'NONE',  ( -0.000000000000000000, -0.000000000000000000, 1.000000000000000000 ) ) ;
#1099 = EDGE_CURVE ( 'NONE', #7368, #6011, #5678, .T. ) ;
#1100 = VERTEX_POINT ( 'NONE', #11353 ) ;
#1101 = ORIENTED_EDGE ( 'NONE', *, *, #7583, .F. ) ;
#1102 = EDGE_CURVE ( 'NONE', #2048, #5704, #9693, .T. ) ;
#1103 = DIRECTION ( 'NONE',  ( -1.000000000000000000, 1.224646799147353207E-16, 0.000000000000000000 ) ) ;
#1104 =( GEOMETRIC_REPRESENTATION_CONTEXT ( 3 ) GLOBAL_UNCERTAINTY_ASSIGNED_CONTEXT ( ( #767 ) ) GLOBAL_UNIT_ASSIGNED_CONTEXT ( ( #10461, #337, #8682 ) ) REPRESENTATION_CONTEXT ( 'NONE', 'WORKASPACE' ) );
#1105 = DIRECTION ( 'NONE',  ( 0.000000000000000000, -0.000000000000000000, -1.000000000000000000 ) ) ;
#1106 = SURFACE_STYLE_USAGE ( .BOTH. , #7457 ) ;
#1107 = ORIENTED_EDGE ( 'NONE', *, *, #11766, .T. ) ;
#1108 =( LENGTH_UNIT ( ) NAMED_UNIT ( * ) SI_UNIT ( .MILLI., .METRE. ) );
#1109 = DIRECTION ( 'NONE',  ( -0.000000000000000000, -0.000000000000000000, 1.000000000000000000 ) ) ;
#1110 = SURFACE_STYLE_USAGE ( .BOTH. , #8441 ) ;
#1111 = CARTESIAN_POINT ( 'NONE',  ( 1.113966244037302600, 7.500000000000007105, 2.100000000000000089 ) ) ;
#1112 = EDGE_CURVE ( 'NONE', #11027, #6564, #1964, .T. ) ;
#1113 = STYLED_ITEM ( 'NONE', ( #7083 ), #10605 ) ;
#1114 =( LENGTH_UNIT ( ) NAMED_UNIT ( * ) SI_UNIT ( .MILLI., .METRE. ) );
#1115 = ORIENTED_EDGE ( 'NONE', *, *, #7627, .T. ) ;
#1116 = FILL_AREA_STYLE_COLOUR ( '', #9077 ) ;
#1117 = PLANE ( 'NONE',  #7579 ) ;
#1118 = LINE ( 'NONE', #5748, #5792 ) ;
#1119 = ORIENTED_EDGE ( 'NONE', *, *, #9074, .T. ) ;
#1120 = MECHANICAL_DESIGN_GEOMETRIC_PRESENTATION_REPRESENTATION (  '', ( #5960 ), #8278 ) ;
#1121 = PLANE ( 'NONE',  #618 ) ;
#1122 = EDGE_CURVE ( 'NONE', #3567, #9154, #6257, .T. ) ;
#1123 = DIRECTION ( 'NONE',  ( -0.000000000000000000, -0.000000000000000000, 1.000000000000000000 ) ) ;
#1124 = ADVANCED_FACE ( 'NONE', ( #6866 ), #4882, .T. ) ;
#1125 = COLOUR_RGB ( '',0.7529411764705882248, 0.7529411764705882248, 0.7529411764705882248 ) ;
#1126 = DIRECTION ( 'NONE',  ( -0.000000000000000000, -0.000000000000000000, 1.000000000000000000 ) ) ;
#1127 = CARTESIAN_POINT ( 'NONE',  ( 7.500000000000000888, 2.500000000000007550, 2.463966244037302911 ) ) ;
#1128 = DIRECTION ( 'NONE',  ( -0.000000000000000000, -0.000000000000000000, 1.000000000000000000 ) ) ;
#1129 = PRESENTATION_STYLE_ASSIGNMENT (( #4834 ) ) ;
#1130 = SURFACE_STYLE_FILL_AREA ( #7378 ) ;
#1131 =( NAMED_UNIT ( * ) PLANE_ANGLE_UNIT ( ) SI_UNIT ( $, .RADIAN. ) );
#1133 = PRESENTATION_LAYER_ASSIGNMENT (  '', '', ( #6175 ) ) ;
#1132 = CARTESIAN_POINT ( 'NONE',  ( 2.700000000000001510, -12.00000000000002132, 1.600000000000000089 ) ) ;
#1134 = COLOUR_RGB ( '',0.5019607843137254832, 0.5019607843137254832, 0.5019607843137254832 ) ;
#1135 = EDGE_CURVE ( 'NONE', #8252, #1607, #7590, .T. ) ;
#1136 = DIRECTION ( 'NONE',  ( 1.000000000000000000, -1.224646799147353207E-16, 0.000000000000000000 ) ) ;
#1137 = VERTEX_POINT ( 'NONE', #2256 ) ;
#1138 = DIRECTION ( 'NONE',  ( 0.000000000000000000, -1.000000000000000000, 0.000000000000000000 ) ) ;
#1139 = ORIENTED_EDGE ( 'NONE', *, *, #9375, .T. ) ;
#1140 = LINE ( 'NONE', #8532, #923 ) ;
#1141 = VECTOR ( 'NONE', #10711, 1000.000000000000000 ) ;
#1142 =( LENGTH_UNIT ( ) NAMED_UNIT ( * ) SI_UNIT ( .MILLI., .METRE. ) );
#1143 = VECTOR ( 'NONE', #2270, 1000.000000000000000 ) ;
#1144 = SURFACE_STYLE_USAGE ( .BOTH. , #10348 ) ;
#1145 = ORIENTED_EDGE ( 'NONE', *, *, #5571, .T. ) ;
#1146 = AXIS2_PLACEMENT_3D ( 'NONE', #1412, #11657, #3241 ) ;
#1147 = FACE_OUTER_BOUND ( 'NONE', #4071, .T. ) ;
#1148 = MECHANICAL_DESIGN_GEOMETRIC_PRESENTATION_REPRESENTATION (  '', ( #3508 ), #9292 ) ;
#1149 = SURFACE_SIDE_STYLE ('',( #2059 ) ) ;
#1150 =( GEOMETRIC_REPRESENTATION_CONTEXT ( 3 ) GLOBAL_UNCERTAINTY_ASSIGNED_CONTEXT ( ( #8317 ) ) GLOBAL_UNIT_ASSIGNED_CONTEXT ( ( #1787, #5340, #11980 ) ) REPRESENTATION_CONTEXT ( 'NONE', 'WORKASPACE' ) );
#1151 = COLOUR_RGB ( '',1.000000000000000000, 1.000000000000000000, 0.000000000000000000 ) ;
#1152 = MECHANICAL_DESIGN_GEOMETRIC_PRESENTATION_REPRESENTATION (  '', ( #10411 ), #4840 ) ;
#1153 = CARTESIAN_POINT ( 'NONE',  ( -0.5000000000000009992, 4.499999999999996447, 1.600000000000000089 ) ) ;
#1154 = EDGE_LOOP ( 'NONE', ( #9586, #9498, #11624, #1358 ) ) ;
#1155 = CIRCLE ( 'NONE', #11227, 1.500000000000000000 ) ;
#1156 = VERTEX_POINT ( 'NONE', #4939 ) ;
#1157 = CARTESIAN_POINT ( 'NONE',  ( 5.500000000000000000, -0.4999999999999970024, 2.100000000000000089 ) ) ;
#1158 = FILL_AREA_STYLE_COLOUR ( '', #1331 ) ;
#1159 = LINE ( 'NONE', #8546, #4529 ) ;
#1160 = EDGE_LOOP ( 'NONE', ( #2924, #8301, #1068, #10986 ) ) ;
#1161 =( NAMED_UNIT ( * ) PLANE_ANGLE_UNIT ( ) SI_UNIT ( $, .RADIAN. ) );
#1162 = DIRECTION ( 'NONE',  ( -1.000000000000000000, 0.000000000000000000, 0.000000000000000000 ) ) ;
#1163 =( LENGTH_UNIT ( ) NAMED_UNIT ( * ) SI_UNIT ( .MILLI., .METRE. ) );
#1164 = COLOUR_RGB ( '',0.2509803921568627416, 0.2509803921568627416, 0.2509803921568627416 ) ;
#1165 = DIRECTION ( 'NONE',  ( 1.000000000000000000, 0.000000000000000000, 0.000000000000000000 ) ) ;
#1166 = ADVANCED_FACE ( 'NONE', ( #4083 ), #8557, .T. ) ;
#1167 = VECTOR ( 'NONE', #580, 1000.000000000000000 ) ;
#1168 = LINE ( 'NONE', #4875, #454 ) ;
#1169 = PRESENTATION_LAYER_ASSIGNMENT (  '', '', ( #3500 ) ) ;
#1170 = DIRECTION ( 'NONE',  ( 0.000000000000000000, 1.000000000000000000, 0.000000000000000000 ) ) ;
#1171 = ORIENTED_EDGE ( 'NONE', *, *, #4199, .T. ) ;
#1172 =( NAMED_UNIT ( * ) PLANE_ANGLE_UNIT ( ) SI_UNIT ( $, .RADIAN. ) );
#1173 = DIRECTION ( 'NONE',  ( -0.000000000000000000, -1.000000000000000000, -0.000000000000000000 ) ) ;
#1174 = VECTOR ( 'NONE', #7497, 1000.000000000000000 ) ;
#1175 =( NAMED_UNIT ( * ) PLANE_ANGLE_UNIT ( ) SI_UNIT ( $, .RADIAN. ) );
#1176 = EDGE_LOOP ( 'NONE', ( #6998, #7270, #9750, #344 ) ) ;
#1177 = CARTESIAN_POINT ( 'NONE',  ( 4.000000000000003553, 13.99999999999999822, 1.800000000000000044 ) ) ;
#1178 = DIRECTION ( 'NONE',  ( 0.000000000000000000, 1.000000000000000000, 0.000000000000000000 ) ) ;
#1179 = ADVANCED_FACE ( 'NONE', ( #273 ), #4148, .T. ) ;
#1180 = DIRECTION ( 'NONE',  ( -1.000000000000000000, 0.000000000000000000, 0.000000000000000000 ) ) ;
#1181 = VECTOR ( 'NONE', #5771, 1000.000000000000000 ) ;
#1182 = SURFACE_SIDE_STYLE ('',( #9460 ) ) ;
#1183 =( GEOMETRIC_REPRESENTATION_CONTEXT ( 3 ) GLOBAL_UNCERTAINTY_ASSIGNED_CONTEXT ( ( #5005 ) ) GLOBAL_UNIT_ASSIGNED_CONTEXT ( ( #5020, #6778, #4845 ) ) REPRESENTATION_CONTEXT ( 'NONE', 'WORKASPACE' ) );
#1184 = CYLINDRICAL_SURFACE ( 'NONE', #8514, 1.486033755962697267 ) ;
#1185 = CARTESIAN_POINT ( 'NONE',  ( 7.500000000000002665, -7.499999999999992895, 2.100000000000000089 ) ) ;
#1186 = MECHANICAL_DESIGN_GEOMETRIC_PRESENTATION_REPRESENTATION (  '', ( #7175 ), #9895 ) ;
#1187 = PRESENTATION_STYLE_ASSIGNMENT (( #5924 ) ) ;
#1188 = LINE ( 'NONE', #7665, #5816 ) ;
#1189 =( NAMED_UNIT ( * ) SI_UNIT ( $, .STERADIAN. ) SOLID_ANGLE_UNIT ( ) );
#1190 = FILL_AREA_STYLE ('',( #3740 ) ) ;
#1191 = EDGE_CURVE ( 'NONE', #860, #11129, #7833, .T. ) ;
#1192 = PRESENTATION_STYLE_ASSIGNMENT (( #5817 ) ) ;
#1193 = EDGE_CURVE ( 'NONE', #6269, #4177, #11851, .T. ) ;
#1194 = STYLED_ITEM ( 'NONE', ( #4305 ), #6929 ) ;
#1195 =( GEOMETRIC_REPRESENTATION_CONTEXT ( 3 ) GLOBAL_UNCERTAINTY_ASSIGNED_CONTEXT ( ( #10734 ) ) GLOBAL_UNIT_ASSIGNED_CONTEXT ( ( #6642, #1960, #9222 ) ) REPRESENTATION_CONTEXT ( 'NONE', 'WORKASPACE' ) );
#1196 = DIRECTION ( 'NONE',  ( 1.000000000000000000, 0.000000000000000000, 0.000000000000000000 ) ) ;
#1197 = ORIENTED_EDGE ( 'NONE', *, *, #2759, .T. ) ;
#1198 = DIRECTION ( 'NONE',  ( 0.000000000000000000, 1.000000000000000000, 0.000000000000000000 ) ) ;
#1199 = ORIENTED_EDGE ( 'NONE', *, *, #1047, .F. ) ;
#1200 = VERTEX_POINT ( 'NONE', #1279 ) ;
#1201 = CARTESIAN_POINT ( 'NONE',  ( -8.886033755962692737, -2.499999999999990230, 2.100000000000000089 ) ) ;
#1202 =( GEOMETRIC_REPRESENTATION_CONTEXT ( 3 ) GLOBAL_UNCERTAINTY_ASSIGNED_CONTEXT ( ( #8539 ) ) GLOBAL_UNIT_ASSIGNED_CONTEXT ( ( #2349, #7907, #5198 ) ) REPRESENTATION_CONTEXT ( 'NONE', 'WORKASPACE' ) );
#1203 = EDGE_LOOP ( 'NONE', ( #2835, #9514, #9658, #11217, #1115 ) ) ;
#1204 = CARTESIAN_POINT ( 'NONE',  ( -3.999999999999993339, -13.99999999999999822, 1.800000000000000044 ) ) ;
#1205 = AXIS2_PLACEMENT_3D ( 'NONE', #11770, #8198, #4330 ) ;
#1206 = SURFACE_STYLE_USAGE ( .BOTH. , #4921 ) ;
#1208 = CIRCLE ( 'NONE', #841, 1.386033755962696956 ) ;
#1207 = CIRCLE ( 'NONE', #5528, 1.386033755962696956 ) ;
#1209 = ORIENTED_EDGE ( 'NONE', *, *, #5922, .T. ) ;
#1210 = ORIENTED_EDGE ( 'NONE', *, *, #3507, .T. ) ;
#1211 = CARTESIAN_POINT ( 'NONE',  ( -7.499999999999999112, 7.500000000000007994, 2.463966244037302911 ) ) ;
#1212 = SURFACE_SIDE_STYLE ('',( #1769 ) ) ;
#1213 =( LENGTH_UNIT ( ) NAMED_UNIT ( * ) SI_UNIT ( .MILLI., .METRE. ) );
#1214 = SURFACE_SIDE_STYLE ('',( #10597 ) ) ;
#1215 = VERTEX_POINT ( 'NONE', #4994 ) ;
#1216 = FILL_AREA_STYLE ('',( #316 ) ) ;
#1217 = DIRECTION ( 'NONE',  ( -1.000000000000000000, 0.000000000000000000, 0.000000000000000000 ) ) ;
#1218 = CARTESIAN_POINT ( 'NONE',  ( 11.34999999999999254, 11.35000000000000142, 0.000000000000000000 ) ) ;
#1219 = STYLED_ITEM ( 'NONE', ( #5721 ), #2377 ) ;
#1220 =( LENGTH_UNIT ( ) NAMED_UNIT ( * ) SI_UNIT ( .MILLI., .METRE. ) );
#1221 = FILL_AREA_STYLE_COLOUR ( '', #5050 ) ;
#1222 = ORIENTED_EDGE ( 'NONE', *, *, #2063, .F. ) ;
#1223 = AXIS2_PLACEMENT_3D ( 'NONE', #11295, #3962, #2999 ) ;
#1224 = FILL_AREA_STYLE ('',( #4941 ) ) ;
#1225 = VERTEX_POINT ( 'NONE', #8661 ) ;
#1226 =( GEOMETRIC_REPRESENTATION_CONTEXT ( 3 ) GLOBAL_UNCERTAINTY_ASSIGNED_CONTEXT ( ( #7784 ) ) GLOBAL_UNIT_ASSIGNED_CONTEXT ( ( #3020, #10280, #1189 ) ) REPRESENTATION_CONTEXT ( 'NONE', 'WORKASPACE' ) );
#1227 = FACE_OUTER_BOUND ( 'NONE', #3512, .T. ) ;
#1228 = AXIS2_PLACEMENT_3D ( 'NONE', #5344, #11686, #7073 ) ;
#1229 =( NAMED_UNIT ( * ) PLANE_ANGLE_UNIT ( ) SI_UNIT ( $, .RADIAN. ) );
#1230 = STYLED_ITEM ( 'NONE', ( #4808 ), #2857 ) ;
#1231 = DIRECTION ( 'NONE',  ( 1.000000000000000000, 0.000000000000000000, 0.000000000000000000 ) ) ;
#1232 = UNCERTAINTY_MEASURE_WITH_UNIT (LENGTH_MEASURE( 1.000000000000000082E-05 ), #7349, 'distance_accuracy_value', 'NONE');
#1233 = EDGE_CURVE ( 'NONE', #7064, #9162, #8924, .T. ) ;
#1234 = DIRECTION ( 'NONE',  ( 1.000000000000000000, 0.000000000000000000, 0.000000000000000000 ) ) ;
#1235 = STYLED_ITEM ( 'NONE', ( #4475 ), #8144 ) ;
#1236 = DIRECTION ( 'NONE',  ( 0.000000000000000000, 1.000000000000000000, 0.000000000000000000 ) ) ;
#1237 = EDGE_CURVE ( 'NONE', #8422, #2526, #3151, .T. ) ;
#1238 = DIRECTION ( 'NONE',  ( 1.000000000000000000, 0.000000000000000000, 0.000000000000000000 ) ) ;
#1239 = FILL_AREA_STYLE_COLOUR ( '', #468 ) ;
#1240 = COLOUR_RGB ( '',0.7529411764705882248, 0.7529411764705882248, 0.7529411764705882248 ) ;
#1241 = FILL_AREA_STYLE_COLOUR ( '', #7950 ) ;
#1242 = AXIS2_PLACEMENT_3D ( 'NONE', #1127, #6480, #11132 ) ;
#1243 = DIRECTION ( 'NONE',  ( 0.000000000000000000, -0.000000000000000000, -1.000000000000000000 ) ) ;
#1244 = CARTESIAN_POINT ( 'NONE',  ( -3.999999999999993339, -15.00000000000000000, 1.477999999999999758 ) ) ;
#1245 = ORIENTED_EDGE ( 'NONE', *, *, #10825, .F. ) ;
#1246 = ADVANCED_FACE ( 'NONE', ( #11837 ), #3356, .T. ) ;
#1247 = STYLED_ITEM ( 'NONE', ( #7766 ), #3332 ) ;
#1248 = FILL_AREA_STYLE ('',( #7676 ) ) ;
#1249 = VERTEX_POINT ( 'NONE', #11714 ) ;
#1250 = PLANE ( 'NONE',  #1006 ) ;
#1251 = ORIENTED_EDGE ( 'NONE', *, *, #1695, .T. ) ;
#1252 = EDGE_LOOP ( 'NONE', ( #3228, #7086, #2783, #11029 ) ) ;
#1253 = DIRECTION ( 'NONE',  ( -2.710505431213761085E-17, -1.000000000000000000, -0.000000000000000000 ) ) ;
#1254 = ORIENTED_EDGE ( 'NONE', *, *, #11507, .T. ) ;
#1255 = PRESENTATION_STYLE_ASSIGNMENT (( #4855 ) ) ;
#1256 = CARTESIAN_POINT ( 'NONE',  ( 9.500000000000001776, -0.4999999999999987232, 1.600000000000000089 ) ) ;
#1257 = SURFACE_STYLE_USAGE ( .BOTH. , #1953 ) ;
#1258 = STYLED_ITEM ( 'NONE', ( #1371 ), #102 ) ;
#1259 = FILL_AREA_STYLE ('',( #6621 ) ) ;
#1260 = COLOUR_RGB ( '',1.000000000000000000, 1.000000000000000000, 0.000000000000000000 ) ;
#1261 = EDGE_CURVE ( 'NONE', #2974, #5907, #11768, .T. ) ;
#1262 = EDGE_CURVE ( 'NONE', #10853, #3406, #9511, .T. ) ;
#1263 = ORIENTED_EDGE ( 'NONE', *, *, #9328, .T. ) ;
#1264 = ORIENTED_EDGE ( 'NONE', *, *, #7627, .F. ) ;
#1265 = DIRECTION ( 'NONE',  ( -1.000000000000000000, -0.000000000000000000, -0.000000000000000000 ) ) ;
#1266 = APPLICATION_CONTEXT ( 'automotive_design' ) ;
#1267 = CARTESIAN_POINT ( 'NONE',  ( 2.604026083246159029, 13.44012937056731083, 1.610000000000000098 ) ) ;
#1268 = ORIENTED_EDGE ( 'NONE', *, *, #11387, .F. ) ;
#1269 = PRESENTATION_STYLE_ASSIGNMENT (( #7284 ) ) ;
#1270 = CARTESIAN_POINT ( 'NONE',  ( 7.500000000000000888, 3.986033755962704817, 2.463966244037302911 ) ) ;
#1271 = CARTESIAN_POINT ( 'NONE',  ( -9.500000000000000000, -0.4999999999999987232, 2.100000000000000089 ) ) ;
#1272 = FACE_OUTER_BOUND ( 'NONE', #9127, .T. ) ;
#1273 = DIRECTION ( 'NONE',  ( 0.7071067811865474617, 0.7071067811865474617, 0.000000000000000000 ) ) ;
#1274 = SURFACE_STYLE_FILL_AREA ( #4425 ) ;
#1275 = VERTEX_POINT ( 'NONE', #10801 ) ;
#1276 =( GEOMETRIC_REPRESENTATION_CONTEXT ( 3 ) GLOBAL_UNCERTAINTY_ASSIGNED_CONTEXT ( ( #11912 ) ) GLOBAL_UNIT_ASSIGNED_CONTEXT ( ( #4836, #5652, #237 ) ) REPRESENTATION_CONTEXT ( 'NONE', 'WORKASPACE' ) );
#1277 = ORIENTED_EDGE ( 'NONE', *, *, #7268, .T. ) ;
#1278 = SPHERICAL_SURFACE ( 'NONE', #9455, 1.486033755962697267 ) ;
#1279 = CARTESIAN_POINT ( 'NONE',  ( -14.99999999999999645, 11.34999999999999964, 1.600000000000000089 ) ) ;
#1280 = CARTESIAN_POINT ( 'NONE',  ( 7.500000000000000888, 2.500000000000007550, 2.463966244037302911 ) ) ;
#1281 =( NAMED_UNIT ( * ) PLANE_ANGLE_UNIT ( ) SI_UNIT ( $, .RADIAN. ) );
#1282 = ORIENTED_EDGE ( 'NONE', *, *, #7595, .F. ) ;
#1283 =( LENGTH_UNIT ( ) NAMED_UNIT ( * ) SI_UNIT ( .MILLI., .METRE. ) );
#1284 = SURFACE_STYLE_USAGE ( .BOTH. , #2950 ) ;
#1286 = COLOUR_RGB ( '',0.7529411764705882248, 0.7529411764705882248, 0.7529411764705882248 ) ;
#1285 = SURFACE_STYLE_FILL_AREA ( #8792 ) ;
#1287 = VECTOR ( 'NONE', #5354, 1000.000000000000000 ) ;
#1288 = CARTESIAN_POINT ( 'NONE',  ( -7.499999999999997335, -7.499999999999990230, 2.463966244037302911 ) ) ;
#1289 = EDGE_CURVE ( 'NONE', #6198, #5772, #7397, .T. ) ;
#1290 = DIRECTION ( 'NONE',  ( -1.000000000000000000, 0.000000000000000000, 0.000000000000000000 ) ) ;
#1291 = SURFACE_STYLE_USAGE ( .BOTH. , #331 ) ;
#1292 = MECHANICAL_DESIGN_GEOMETRIC_PRESENTATION_REPRESENTATION (  '', ( #1478 ), #528 ) ;
#1293 = FILL_AREA_STYLE ('',( #2213 ) ) ;
#1294 = DIRECTION ( 'NONE',  ( -0.000000000000000000, -0.000000000000000000, 1.000000000000000000 ) ) ;
#1295 = ORIENTED_EDGE ( 'NONE', *, *, #918, .T. ) ;
#1296 = CIRCLE ( 'NONE', #9417, 1.486033755962697267 ) ;
#1297 = CARTESIAN_POINT ( 'NONE',  ( 2.500000000000002220, -7.499999999999992006, 2.463966244037302911 ) ) ;
#1298 = SURFACE_STYLE_FILL_AREA ( #6599 ) ;
#1299 = CARTESIAN_POINT ( 'NONE',  ( -5.500000000000000000, 0.4999999999999978351, 2.100000000000000089 ) ) ;
#1300 = CARTESIAN_POINT ( 'NONE',  ( -9.749999999999989342, -11.35000000000000142, 0.000000000000000000 ) ) ;
#1301 = CARTESIAN_POINT ( 'NONE',  ( 8.986033755962695935, 7.500000000000007105, 2.463966244037302911 ) ) ;
#1302 = ADVANCED_FACE ( 'NONE', ( #10005 ), #2388, .F. ) ;
#1303 = SURFACE_STYLE_FILL_AREA ( #1538 ) ;
#1304 = ADVANCED_FACE ( 'NONE', ( #6983 ), #9765, .F. ) ;
#1305 = CIRCLE ( 'NONE', #11774, 1.486033755962697267 ) ;
#1306 = ADVANCED_FACE ( 'NONE', ( #5427 ), #994, .F. ) ;
#1307 = CARTESIAN_POINT ( 'NONE',  ( -9.500000000000001776, 9.499999999999991118, 1.600000000000000089 ) ) ;
#1308 = ORIENTED_EDGE ( 'NONE', *, *, #10580, .T. ) ;
#1309 = ORIENTED_EDGE ( 'NONE', *, *, #6471, .T. ) ;
#1310 = DIRECTION ( 'NONE',  ( -0.000000000000000000, -0.000000000000000000, 1.000000000000000000 ) ) ;
#1311 = CYLINDRICAL_SURFACE ( 'NONE', #1044, 1.486033755962697267 ) ;
#1312 = EDGE_LOOP ( 'NONE', ( #11426, #5221 ) ) ;
#1313 = EDGE_CURVE ( 'NONE', #2423, #10943, #11887, .T. ) ;
#1315 =( LENGTH_UNIT ( ) NAMED_UNIT ( * ) SI_UNIT ( .MILLI., .METRE. ) );
#1314 = AXIS2_PLACEMENT_3D ( 'NONE', #10134, #10193, #6403 ) ;
#1316 = FACE_OUTER_BOUND ( 'NONE', #3626, .T. ) ;
#1317 = SURFACE_SIDE_STYLE ('',( #9385 ) ) ;
#1318 = SURFACE_STYLE_USAGE ( .BOTH. , #2601 ) ;
#1319 = ORIENTED_EDGE ( 'NONE', *, *, #2738, .F. ) ;
#1320 = PRESENTATION_LAYER_ASSIGNMENT (  '', '', ( #6574 ) ) ;
#1321 = ORIENTED_EDGE ( 'NONE', *, *, #1237, .T. ) ;
#1322 = COLOUR_RGB ( '',1.000000000000000000, 1.000000000000000000, 0.000000000000000000 ) ;
#1323 =( NAMED_UNIT ( * ) PLANE_ANGLE_UNIT ( ) SI_UNIT ( $, .RADIAN. ) );
#1324 = SURFACE_STYLE_USAGE ( .BOTH. , #4646 ) ;
#1325 = PRESENTATION_LAYER_ASSIGNMENT (  '', '', ( #3508 ) ) ;
#1326 =( LENGTH_UNIT ( ) NAMED_UNIT ( * ) SI_UNIT ( .MILLI., .METRE. ) );
#1327 = ORIENTED_EDGE ( 'NONE', *, *, #10669, .T. ) ;
#1328 = PRESENTATION_STYLE_ASSIGNMENT (( #7762 ) ) ;
#1329 = SURFACE_SIDE_STYLE ('',( #7588 ) ) ;
#1330 = ADVANCED_FACE ( 'NONE', ( #1755 ), #3768, .F. ) ;
#1331 = COLOUR_RGB ( '',1.000000000000000000, 1.000000000000000000, 0.000000000000000000 ) ;
#1332 =( GEOMETRIC_REPRESENTATION_CONTEXT ( 3 ) GLOBAL_UNCERTAINTY_ASSIGNED_CONTEXT ( ( #11699 ) ) GLOBAL_UNIT_ASSIGNED_CONTEXT ( ( #6453, #1881, #10667 ) ) REPRESENTATION_CONTEXT ( 'NONE', 'WORKASPACE' ) );
#1333 = EDGE_CURVE ( 'NONE', #2392, #1738, #6067, .T. ) ;
#1334 = DIRECTION ( 'NONE',  ( -1.000000000000000000, 8.673617379884033500E-16, -0.000000000000000000 ) ) ;
#1335 = COLOUR_RGB ( '',0.5019607843137254832, 0.5019607843137254832, 0.5019607843137254832 ) ;
#1336 = SURFACE_STYLE_FILL_AREA ( #3168 ) ;
#1337 = AXIS2_PLACEMENT_3D ( 'NONE', #1477, #5201, #4293 ) ;
#1338 = VERTEX_POINT ( 'NONE', #2688 ) ;
#1339 = EDGE_LOOP ( 'NONE', ( #4463, #5651 ) ) ;
#1340 = AXIS2_PLACEMENT_3D ( 'NONE', #4780, #9533, #8462 ) ;
#1341 = CARTESIAN_POINT ( 'NONE',  ( 7.500000000000000888, 2.500000000000007550, 2.463966244037302911 ) ) ;
#1342 = AXIS2_PLACEMENT_3D ( 'NONE', #9204, #1746, #9327 ) ;
#1343 = MECHANICAL_DESIGN_GEOMETRIC_PRESENTATION_REPRESENTATION (  '', ( #2353 ), #8128 ) ;
#1344 = CYLINDRICAL_SURFACE ( 'NONE', #10416, 1.486033755962697267 ) ;
#1345 = VERTEX_POINT ( 'NONE', #23 ) ;
#1346 = DIRECTION ( 'NONE',  ( -0.000000000000000000, -0.000000000000000000, 1.000000000000000000 ) ) ;
#1347 = LINE ( 'NONE', #9705, #4007 ) ;
#1348 = VECTOR ( 'NONE', #1043, 1000.000000000000000 ) ;
#1349 = PRESENTATION_STYLE_ASSIGNMENT (( #6927 ) ) ;
#1350 = EDGE_CURVE ( 'NONE', #10731, #9767, #11859, .T. ) ;
#1351 = CARTESIAN_POINT ( 'NONE',  ( 7.500000000000002665, -7.499999999999992895, 2.463966244037302911 ) ) ;
#1352 = SURFACE_STYLE_FILL_AREA ( #3364 ) ;
#1353 = AXIS2_PLACEMENT_3D ( 'NONE', #516, #3189, #459 ) ;
#1354 = AXIS2_PLACEMENT_3D ( 'NONE', #6190, #1854, #3527 ) ;
#1355 = UNCERTAINTY_MEASURE_WITH_UNIT (LENGTH_MEASURE( 1.000000000000000082E-05 ), #625, 'distance_accuracy_value', 'NONE');
#1356 = CARTESIAN_POINT ( 'NONE',  ( -2.499999999999997780, -2.499999999999991118, 2.463966244037302911 ) ) ;
#1357 = CARTESIAN_POINT ( 'NONE',  ( -5.499999999999998224, -9.499999999999992895, 1.600000000000000089 ) ) ;
#1358 = ORIENTED_EDGE ( 'NONE', *, *, #3851, .T. ) ;
#1359 = CARTESIAN_POINT ( 'NONE',  ( -3.999999999999993339, -13.99999999999999822, 1.599999999999999645 ) ) ;
#1360 = FILL_AREA_STYLE_COLOUR ( '', #4935 ) ;
#1361 = CARTESIAN_POINT ( 'NONE',  ( -2.499999999999997780, -2.499999999999991118, 2.463966244037302911 ) ) ;
#1362 = UNCERTAINTY_MEASURE_WITH_UNIT (LENGTH_MEASURE( 1.000000000000000082E-05 ), #4660, 'distance_accuracy_value', 'NONE');
#1363 = CARTESIAN_POINT ( 'NONE',  ( -1.013966244037300513, -2.499999999999991118, 2.100000000000000089 ) ) ;
#1364 = STYLED_ITEM ( 'NONE', ( #5594 ), #4403 ) ;
#1365 = DIRECTION ( 'NONE',  ( -0.000000000000000000, -0.000000000000000000, -1.000000000000000000 ) ) ;
#1366 = SPHERICAL_SURFACE ( 'NONE', #6311, 1.486033755962697267 ) ;
#1367 = MECHANICAL_DESIGN_GEOMETRIC_PRESENTATION_REPRESENTATION (  '', ( #5472 ), #2745 ) ;
#1368 = FACE_OUTER_BOUND ( 'NONE', #8314, .T. ) ;
#1369 = ORIENTED_EDGE ( 'NONE', *, *, #6943, .T. ) ;
#1370 = LINE ( 'NONE', #3992, #3313 ) ;
#1371 = PRESENTATION_STYLE_ASSIGNMENT (( #4178 ) ) ;
#1372 = DIRECTION ( 'NONE',  ( -0.000000000000000000, -0.000000000000000000, 1.000000000000000000 ) ) ;
#1373 = ORIENTED_EDGE ( 'NONE', *, *, #2821, .T. ) ;
#1374 = DIRECTION ( 'NONE',  ( 1.000000000000000000, 0.000000000000000000, 0.000000000000000000 ) ) ;
#1375 = VECTOR ( 'NONE', #3186, 1000.000000000000000 ) ;
#1376 =( NAMED_UNIT ( * ) SI_UNIT ( $, .STERADIAN. ) SOLID_ANGLE_UNIT ( ) );
#1377 = CARTESIAN_POINT ( 'NONE',  ( -0.4999999999999987232, -0.5000000000000004441, 1.600000000000000089 ) ) ;
#1378 = FILL_AREA_STYLE_COLOUR ( '', #2894 ) ;
#1379 = DIRECTION ( 'NONE',  ( -0.000000000000000000, -0.000000000000000000, 1.000000000000000000 ) ) ;
#1380 = ORIENTED_EDGE ( 'NONE', *, *, #11036, .T. ) ;
#1381 = CIRCLE ( 'NONE', #9908, 0.2000000000000000944 ) ;
#1382 = ORIENTED_EDGE ( 'NONE', *, *, #3271, .F. ) ;
#1383 = EDGE_CURVE ( 'NONE', #1385, #11696, #6392, .T. ) ;
#1384 = SURFACE_STYLE_FILL_AREA ( #11753 ) ;
#1385 = VERTEX_POINT ( 'NONE', #4757 ) ;
#1386 =( NAMED_UNIT ( * ) PLANE_ANGLE_UNIT ( ) SI_UNIT ( $, .RADIAN. ) );
#1387 = UNCERTAINTY_MEASURE_WITH_UNIT (LENGTH_MEASURE( 1.000000000000000082E-05 ), #4730, 'distance_accuracy_value', 'NONE');
#1388 = DIRECTION ( 'NONE',  ( -1.000000000000000000, -2.168404344971009361E-16, 0.000000000000000000 ) ) ;
#1389 = EDGE_CURVE ( 'NONE', #8490, #11558, #9158, .T. ) ;
#1390 = ORIENTED_EDGE ( 'NONE', *, *, #2951, .F. ) ;
#1391 = CARTESIAN_POINT ( 'NONE',  ( 0.000000000000000000, 0.000000000000000000, 1.600000000000000089 ) ) ;
#1392 = CARTESIAN_POINT ( 'NONE',  ( -5.500000000000000888, 5.499999999999992895, 2.100000000000000089 ) ) ;
#1393 = SURFACE_STYLE_USAGE ( .BOTH. , #1329 ) ;
#1394 = COLOUR_RGB ( '',1.000000000000000000, 1.000000000000000000, 0.000000000000000000 ) ;
#1395 = COLOUR_RGB ( '',0.7529411764705882248, 0.7529411764705882248, 0.7529411764705882248 ) ;
#1396 = DIRECTION ( 'NONE',  ( -0.000000000000000000, 1.000000000000000000, -0.000000000000000000 ) ) ;
#1397 = FACE_OUTER_BOUND ( 'NONE', #6018, .T. ) ;
#1398 = EDGE_CURVE ( 'NONE', #10799, #7482, #202, .T. ) ;
#1399 = EDGE_LOOP ( 'NONE', ( #7679, #7500, #630, #10091 ) ) ;
#1400 = ORIENTED_EDGE ( 'NONE', *, *, #11766, .F. ) ;
#1401 = EDGE_CURVE ( 'NONE', #7618, #3831, #7582, .T. ) ;
#1402 = DIRECTION ( 'NONE',  ( 1.000000000000000000, 0.000000000000000000, 0.000000000000000000 ) ) ;
#1403 = DIRECTION ( 'NONE',  ( -1.000000000000000000, 0.000000000000000000, 0.000000000000000000 ) ) ;
#1404 = EDGE_CURVE ( 'NONE', #3591, #7021, #256, .T. ) ;
#1405 = EDGE_LOOP ( 'NONE', ( #5595, #9017, #9551, #11917, #8540 ) ) ;
#1406 = FILL_AREA_STYLE_COLOUR ( '', #11745 ) ;
#1407 = PRESENTATION_LAYER_ASSIGNMENT (  '', '', ( #2181 ) ) ;
#1408 = LINE ( 'NONE', #5181, #10875 ) ;
#1409 = CARTESIAN_POINT ( 'NONE',  ( 2.700000000000001510, 12.00000000000000355, 1.600000000000000089 ) ) ;
#1410 = VECTOR ( 'NONE', #9878, 1000.000000000000000 ) ;
#1411 =( LENGTH_UNIT ( ) NAMED_UNIT ( * ) SI_UNIT ( .MILLI., .METRE. ) );
#1412 = CARTESIAN_POINT ( 'NONE',  ( 2.500000000000001332, -2.499999999999992006, 2.463966244037302911 ) ) ;
#1413 = MECHANICAL_DESIGN_GEOMETRIC_PRESENTATION_REPRESENTATION (  '', ( #5316 ), #4734 ) ;
#1414 = LINE ( 'NONE', #1706, #9124 ) ;
#1415 = SURFACE_STYLE_USAGE ( .BOTH. , #5979 ) ;
#1416 = VERTEX_POINT ( 'NONE', #4129 ) ;
#1417 = STYLED_ITEM ( 'NONE', ( #11417 ), #7913 ) ;
#1418 =( LENGTH_UNIT ( ) NAMED_UNIT ( * ) SI_UNIT ( .MILLI., .METRE. ) );
#1419 = STYLED_ITEM ( 'NONE', ( #9383 ), #10204 ) ;
#1420 = CYLINDRICAL_SURFACE ( 'NONE', #10652, 1.486033755962697267 ) ;
#1421 =( LENGTH_UNIT ( ) NAMED_UNIT ( * ) SI_UNIT ( .MILLI., .METRE. ) );
#1422 = MECHANICAL_DESIGN_GEOMETRIC_PRESENTATION_REPRESENTATION (  '', ( #10717 ), #3001 ) ;
#1423 = DIRECTION ( 'NONE',  ( -0.000000000000000000, -0.000000000000000000, 1.000000000000000000 ) ) ;
#1424 = ORIENTED_EDGE ( 'NONE', *, *, #5794, .T. ) ;
#1425 = EDGE_CURVE ( 'NONE', #1249, #9929, #2964, .T. ) ;
#1426 = CARTESIAN_POINT ( 'NONE',  ( 0.5000000000000026645, -5.499999999999994671, 1.600000000000000089 ) ) ;
#1427 = DIRECTION ( 'NONE',  ( -0.000000000000000000, -0.000000000000000000, 1.000000000000000000 ) ) ;
#1428 = CIRCLE ( 'NONE', #9758, 1.486033755962697267 ) ;
#1429 = PRESENTATION_STYLE_ASSIGNMENT (( #2169 ) ) ;
#1430 = DIRECTION ( 'NONE',  ( -0.000000000000000000, -0.000000000000000000, 1.000000000000000000 ) ) ;
#1431 = LINE ( 'NONE', #8817, #5321 ) ;
#1432 = VERTEX_POINT ( 'NONE', #3952 ) ;
#1433 = CYLINDRICAL_SURFACE ( 'NONE', #6221, 1.486033755962697267 ) ;
#1434 = SURFACE_STYLE_FILL_AREA ( #10965 ) ;
#1435 = CIRCLE ( 'NONE', #5738, 1.486033755962697267 ) ;
#1436 = PLANE ( 'NONE',  #7911 ) ;
#1437 = ORIENTED_EDGE ( 'NONE', *, *, #8368, .T. ) ;
#1438 = PRESENTATION_LAYER_ASSIGNMENT (  '', '', ( #5918 ) ) ;
#1439 = ORIENTED_EDGE ( 'NONE', *, *, #439, .F. ) ;
#1440 = SURFACE_SIDE_STYLE ('',( #9016 ) ) ;
#1441 = ORIENTED_EDGE ( 'NONE', *, *, #11521, .F. ) ;
#1442 = ORIENTED_EDGE ( 'NONE', *, *, #2148, .F. ) ;
#1443 = CARTESIAN_POINT ( 'NONE',  ( -4.499999999999999112, -5.499999999999992895, 1.600000000000000089 ) ) ;
#1444 = AXIS2_PLACEMENT_3D ( 'NONE', #146, #2867, #4513 ) ;
#1445 = CIRCLE ( 'NONE', #308, 0.3220000000000002305 ) ;
#1446 = DIRECTION ( 'NONE',  ( 1.000000000000000000, 0.000000000000000000, 0.000000000000000000 ) ) ;
#1447 = ADVANCED_FACE ( 'NONE', ( #3102 ), #7816, .F. ) ;
#1448 = EDGE_CURVE ( 'NONE', #2974, #7759, #4978, .T. ) ;
#1449 = VERTEX_POINT ( 'NONE', #2182 ) ;
#1450 = ORIENTED_EDGE ( 'NONE', *, *, #9364, .T. ) ;
#1451 = DIRECTION ( 'NONE',  ( -1.000000000000000000, 0.000000000000000000, 0.000000000000000000 ) ) ;
#1452 = DIRECTION ( 'NONE',  ( -0.000000000000000000, -0.000000000000000000, 1.000000000000000000 ) ) ;
#1453 = DIRECTION ( 'NONE',  ( -0.000000000000000000, -1.000000000000000000, -0.000000000000000000 ) ) ;
#1454 = DIRECTION ( 'NONE',  ( 1.000000000000000000, 0.000000000000000000, 0.000000000000000000 ) ) ;
#1455 = ORIENTED_EDGE ( 'NONE', *, *, #4698, .T. ) ;
#1456 =( NAMED_UNIT ( * ) SI_UNIT ( $, .STERADIAN. ) SOLID_ANGLE_UNIT ( ) );
#1457 = CARTESIAN_POINT ( 'NONE',  ( -0.4999999999999989453, -4.499999999999997335, 2.100000000000000089 ) ) ;
#1458 =( NAMED_UNIT ( * ) SI_UNIT ( $, .STERADIAN. ) SOLID_ANGLE_UNIT ( ) );
#1459 = CLOSED_SHELL ( 'NONE', ( #5583, #7848, #758, #1829, #306 ) ) ;
#1460 = EDGE_CURVE ( 'NONE', #4110, #7214, #10689, .T. ) ;
#1461 = AXIS2_PLACEMENT_3D ( 'NONE', #5815, #4901, #11078 ) ;
#1462 = UNCERTAINTY_MEASURE_WITH_UNIT (LENGTH_MEASURE( 1.000000000000000082E-05 ), #8147, 'distance_accuracy_value', 'NONE');
#1463 = LINE ( 'NONE', #8020, #6580 ) ;
#1464 = CARTESIAN_POINT ( 'NONE',  ( -2.499999999999999556, 7.500000000000007994, 2.463966244037302911 ) ) ;
#1465 = CLOSED_SHELL ( 'NONE', ( #10304, #11152, #1628, #9205, #1850 ) ) ;
#1466 = DIRECTION ( 'NONE',  ( 1.000000000000000000, 0.000000000000000000, 0.000000000000000000 ) ) ;
#1467 = EDGE_LOOP ( 'NONE', ( #7709, #10785, #4738, #482 ) ) ;
#1468 =( LENGTH_UNIT ( ) NAMED_UNIT ( * ) SI_UNIT ( .MILLI., .METRE. ) );
#1469 = AXIS2_PLACEMENT_3D ( 'NONE', #11522, #7778, #4999 ) ;
#1470 = DIRECTION ( 'NONE',  ( -1.000000000000000000, 0.000000000000000000, 0.000000000000000000 ) ) ;
#1471 =( LENGTH_UNIT ( ) NAMED_UNIT ( * ) SI_UNIT ( .MILLI., .METRE. ) );
#1472 = UNCERTAINTY_MEASURE_WITH_UNIT (LENGTH_MEASURE( 1.000000000000000082E-05 ), #5634, 'distance_accuracy_value', 'NONE');
#1473 = CARTESIAN_POINT ( 'NONE',  ( 8.986033755962699487, -7.499999999999992895, 2.100000000000000089 ) ) ;
#1474 = EDGE_CURVE ( 'NONE', #4689, #2179, #3877, .T. ) ;
#1475 = EDGE_CURVE ( 'NONE', #6, #3966, #9499, .T. ) ;
#1476 = EDGE_CURVE ( 'NONE', #3942, #3997, #4803, .T. ) ;
#1477 = CARTESIAN_POINT ( 'NONE',  ( 0.000000000000000000, 0.000000000000000000, 2.100000000000000089 ) ) ;
#1478 = STYLED_ITEM ( 'NONE', ( #9341 ), #9772 ) ;
#1479 = FILL_AREA_STYLE ('',( #2415 ) ) ;
#1480 = ORIENTED_EDGE ( 'NONE', *, *, #4292, .T. ) ;
#1481 =( NAMED_UNIT ( * ) PLANE_ANGLE_UNIT ( ) SI_UNIT ( $, .RADIAN. ) );
#1482 = CARTESIAN_POINT ( 'NONE',  ( -4.500000000000000000, -4.499999999999999112, 2.100000000000000089 ) ) ;
#1483 = DIRECTION ( 'NONE',  ( -0.000000000000000000, -1.000000000000000000, -0.000000000000000000 ) ) ;
#1484 = FILL_AREA_STYLE_COLOUR ( '', #5731 ) ;
#1485 = CARTESIAN_POINT ( 'NONE',  ( 4.000000000000003553, 11.99999999999999822, 1.800000000000000044 ) ) ;
#1486 = EDGE_LOOP ( 'NONE', ( #1904, #315, #10541, #9144, #8403 ) ) ;
#1487 = AXIS2_PLACEMENT_3D ( 'NONE', #7917, #2230, #9790 ) ;
#1488 = EDGE_CURVE ( 'NONE', #11501, #5730, #3680, .T. ) ;
#1489 = DIRECTION ( 'NONE',  ( -0.000000000000000000, -0.000000000000000000, 1.000000000000000000 ) ) ;
#1490 = FILL_AREA_STYLE_COLOUR ( '', #2553 ) ;
#1491 = ORIENTED_EDGE ( 'NONE', *, *, #4826, .T. ) ;
#1492 = ORIENTED_EDGE ( 'NONE', *, *, #3506, .F. ) ;
#1493 = FILL_AREA_STYLE_COLOUR ( '', #5439 ) ;
#1494 = PRESENTATION_LAYER_ASSIGNMENT (  '', '', ( #9823 ) ) ;
#1495 = EDGE_LOOP ( 'NONE', ( #11195, #206 ) ) ;
#1496 = DIRECTION ( 'NONE',  ( 1.000000000000000000, 0.000000000000000000, 0.000000000000000000 ) ) ;
#1497 = UNCERTAINTY_MEASURE_WITH_UNIT (LENGTH_MEASURE( 1.000000000000000082E-05 ), #6331, 'distance_accuracy_value', 'NONE');
#1498 = FACE_OUTER_BOUND ( 'NONE', #9544, .T. ) ;
#1499 = EDGE_LOOP ( 'NONE', ( #10099, #9155, #7329, #7404, #8255 ) ) ;
#1500 = FACE_OUTER_BOUND ( 'NONE', #8607, .T. ) ;
#1501 = CARTESIAN_POINT ( 'NONE',  ( 11.34999999999999254, 11.35000000000000142, 1.600000000000000089 ) ) ;
#1502 = UNCERTAINTY_MEASURE_WITH_UNIT (LENGTH_MEASURE( 1.000000000000000082E-05 ), #4445, 'distance_accuracy_value', 'NONE');
#1503 = CARTESIAN_POINT ( 'NONE',  ( 0.5000000000000026645, -5.499999999999994671, 1.600000000000000089 ) ) ;
#1504 = STYLED_ITEM ( 'NONE', ( #7884 ), #11254 ) ;
#1505 = FILL_AREA_STYLE_COLOUR ( '', #11131 ) ;
#1506 = STYLED_ITEM ( 'NONE', ( #3580 ), #5359 ) ;
#1507 = ORIENTED_EDGE ( 'NONE', *, *, #6473, .T. ) ;
#1508 = VERTEX_POINT ( 'NONE', #11440 ) ;
#1509 = SURFACE_SIDE_STYLE ('',( #7155 ) ) ;
#1510 = CARTESIAN_POINT ( 'NONE',  ( 2.500000000000001332, -2.499999999999992006, 2.100000000000000089 ) ) ;
#1511 = DIRECTION ( 'NONE',  ( -0.000000000000000000, -1.000000000000000000, -0.000000000000000000 ) ) ;
#1512 = ORIENTED_EDGE ( 'NONE', *, *, #3100, .T. ) ;
#1513 = VECTOR ( 'NONE', #3387, 1000.000000000000000 ) ;
#1514 = FILL_AREA_STYLE_COLOUR ( '', #2832 ) ;
#1515 = EDGE_CURVE ( 'NONE', #7618, #4447, #6848, .T. ) ;
#1516 = PRESENTATION_LAYER_ASSIGNMENT (  '', '', ( #956 ) ) ;
#1517 = SURFACE_SIDE_STYLE ('',( #6156 ) ) ;
#1518 =( GEOMETRIC_REPRESENTATION_CONTEXT ( 3 ) GLOBAL_UNCERTAINTY_ASSIGNED_CONTEXT ( ( #2210 ) ) GLOBAL_UNIT_ASSIGNED_CONTEXT ( ( #2953, #2037, #227 ) ) REPRESENTATION_CONTEXT ( 'NONE', 'WORKASPACE' ) );
#1519 = CARTESIAN_POINT ( 'NONE',  ( 1.200000000000001510, -12.00000000000002132, 1.600000000000000089 ) ) ;
#1520 = AXIS2_PLACEMENT_3D ( 'NONE', #10021, #1779, #4409 ) ;
#1521 = PRESENTATION_LAYER_ASSIGNMENT (  '', '', ( #2710 ) ) ;
#1522 = AXIS2_PLACEMENT_3D ( 'NONE', #8596, #9440, #11445 ) ;
#1523 = DIRECTION ( 'NONE',  ( -0.000000000000000000, -0.000000000000000000, 1.000000000000000000 ) ) ;
#1524 = LINE ( 'NONE', #4399, #8162 ) ;
#1525 = PRESENTATION_LAYER_ASSIGNMENT (  '', '', ( #5829 ) ) ;
#1526 = LINE ( 'NONE', #9042, #952 ) ;
#1527 =( NAMED_UNIT ( * ) SI_UNIT ( $, .STERADIAN. ) SOLID_ANGLE_UNIT ( ) );
#1528 = EDGE_LOOP ( 'NONE', ( #11213, #3641, #6379, #5467, #4694 ) ) ;
#1529 = EDGE_CURVE ( 'NONE', #7080, #9989, #5949, .T. ) ;
#1530 =( NAMED_UNIT ( * ) PLANE_ANGLE_UNIT ( ) SI_UNIT ( $, .RADIAN. ) );
#1531 = FILL_AREA_STYLE ('',( #7296 ) ) ;
#1532 = UNCERTAINTY_MEASURE_WITH_UNIT (LENGTH_MEASURE( 1.000000000000000082E-05 ), #7166, 'distance_accuracy_value', 'NONE');
#1533 = CARTESIAN_POINT ( 'NONE',  ( -8.986033755962695935, 7.500000000000007994, 2.100000000000000089 ) ) ;
#1534 =( GEOMETRIC_REPRESENTATION_CONTEXT ( 3 ) GLOBAL_UNCERTAINTY_ASSIGNED_CONTEXT ( ( #3221 ) ) GLOBAL_UNIT_ASSIGNED_CONTEXT ( ( #10351, #2174, #2057 ) ) REPRESENTATION_CONTEXT ( 'NONE', 'WORKASPACE' ) );
#1535 = PRESENTATION_LAYER_ASSIGNMENT (  '', '', ( #10635 ) ) ;
#1536 = SURFACE_STYLE_FILL_AREA ( #6057 ) ;
#1537 =( GEOMETRIC_REPRESENTATION_CONTEXT ( 3 ) GLOBAL_UNCERTAINTY_ASSIGNED_CONTEXT ( ( #8019 ) ) GLOBAL_UNIT_ASSIGNED_CONTEXT ( ( #9927, #10495, #369 ) ) REPRESENTATION_CONTEXT ( 'NONE', 'WORKASPACE' ) );
#1538 = FILL_AREA_STYLE ('',( #7060 ) ) ;
#1539 = CARTESIAN_POINT ( 'NONE',  ( 4.000000000000003553, 60.00000000000000711, 1.600000000000000311 ) ) ;
#1540 = VERTEX_POINT ( 'NONE', #9751 ) ;
#1541 = VERTEX_POINT ( 'NONE', #8950 ) ;
#1542 =( GEOMETRIC_REPRESENTATION_CONTEXT ( 3 ) GLOBAL_UNCERTAINTY_ASSIGNED_CONTEXT ( ( #10361 ) ) GLOBAL_UNIT_ASSIGNED_CONTEXT ( ( #8819, #8876, #9739 ) ) REPRESENTATION_CONTEXT ( 'NONE', 'WORKASPACE' ) );
#1543 = VECTOR ( 'NONE', #8678, 1000.000000000000000 ) ;
#1544 = LINE ( 'NONE', #3447, #2450 ) ;
#1545 = EDGE_CURVE ( 'NONE', #6779, #9645, #6045, .T. ) ;
#1546 = SURFACE_SIDE_STYLE ('',( #6252 ) ) ;
#1547 = CIRCLE ( 'NONE', #6034, 0.3220000000000002305 ) ;
#1548 =( NAMED_UNIT ( * ) PLANE_ANGLE_UNIT ( ) SI_UNIT ( $, .RADIAN. ) );
#1549 = ORIENTED_EDGE ( 'NONE', *, *, #6740, .T. ) ;
#1550 = ADVANCED_FACE ( 'NONE', ( #615 ), #7081, .F. ) ;
#1551 = DIRECTION ( 'NONE',  ( 0.000000000000000000, 1.000000000000000000, -0.000000000000000000 ) ) ;
#1552 = DIRECTION ( 'NONE',  ( -4.336808689942016750E-16, 1.000000000000000000, 0.000000000000000000 ) ) ;
#1553 = MECHANICAL_DESIGN_GEOMETRIC_PRESENTATION_REPRESENTATION (  '', ( #10265 ), #8345 ) ;
#1554 = STYLED_ITEM ( 'NONE', ( #6061 ), #509 ) ;
#1555 = DIRECTION ( 'NONE',  ( -0.000000000000000000, 0.000000000000000000, 1.000000000000000000 ) ) ;
#1556 = PRESENTATION_LAYER_ASSIGNMENT (  '', '', ( #3127 ) ) ;
#1557 = SURFACE_STYLE_USAGE ( .BOTH. , #9865 ) ;
#1558 = ORIENTED_EDGE ( 'NONE', *, *, #6877, .T. ) ;
#1559 = ORIENTED_EDGE ( 'NONE', *, *, #10506, .F. ) ;
#1560 = VERTEX_POINT ( 'NONE', #8053 ) ;
#1561 = LINE ( 'NONE', #1621, #10393 ) ;
#1562 = CIRCLE ( 'NONE', #2351, 1.500000000000000000 ) ;
#1563 = COLOUR_RGB ( '',1.000000000000000000, 1.000000000000000000, 0.000000000000000000 ) ;
#1564 = CARTESIAN_POINT ( 'NONE',  ( -2.499999999999999556, 8.986033755962706593, 2.463966244037302911 ) ) ;
#1565 = ORIENTED_EDGE ( 'NONE', *, *, #2396, .F. ) ;
#1566 =( LENGTH_UNIT ( ) NAMED_UNIT ( * ) SI_UNIT ( .MILLI., .METRE. ) );
#1567 =( NAMED_UNIT ( * ) SI_UNIT ( $, .STERADIAN. ) SOLID_ANGLE_UNIT ( ) );
#1568 = CARTESIAN_POINT ( 'NONE',  ( -4.500000000000001776, 9.499999999999992895, 2.100000000000000089 ) ) ;
#1569 = CIRCLE ( 'NONE', #10480, 1.386033755962696956 ) ;
#1570 =( GEOMETRIC_REPRESENTATION_CONTEXT ( 3 ) GLOBAL_UNCERTAINTY_ASSIGNED_CONTEXT ( ( #3702 ) ) GLOBAL_UNIT_ASSIGNED_CONTEXT ( ( #11117, #4645, #5510 ) ) REPRESENTATION_CONTEXT ( 'NONE', 'WORKASPACE' ) );
#1571 = ORIENTED_EDGE ( 'NONE', *, *, #8751, .F. ) ;
#1572 = VERTEX_POINT ( 'NONE', #2556 ) ;
#1573 =( NAMED_UNIT ( * ) PLANE_ANGLE_UNIT ( ) SI_UNIT ( $, .RADIAN. ) );
#1574 = DIRECTION ( 'NONE',  ( -1.000000000000000000, 0.000000000000000000, 0.000000000000000000 ) ) ;
#1575 = ORIENTED_EDGE ( 'NONE', *, *, #5889, .T. ) ;
#1576 =( LENGTH_UNIT ( ) NAMED_UNIT ( * ) SI_UNIT ( .MILLI., .METRE. ) );
#1577 = AXIS2_PLACEMENT_3D ( 'NONE', #1341, #3905, #3005 ) ;
#1578 = LINE ( 'NONE', #7041, #4216 ) ;
#1579 = CIRCLE ( 'NONE', #7215, 1.486033755962697267 ) ;
#1580 = SURFACE_STYLE_USAGE ( .BOTH. , #7105 ) ;
#1582 = PRESENTATION_LAYER_ASSIGNMENT (  '', '', ( #6826 ) ) ;
#1581 = AXIS2_PLACEMENT_3D ( 'NONE', #3866, #7890, #9707 ) ;
#1583 = UNCERTAINTY_MEASURE_WITH_UNIT (LENGTH_MEASURE( 1.000000000000000082E-05 ), #9122, 'distance_accuracy_value', 'NONE');
#1584 = CARTESIAN_POINT ( 'NONE',  ( -2.499999999999997780, -7.499999999999991118, 2.463966244037302911 ) ) ;
#1585 = CARTESIAN_POINT ( 'NONE',  ( 2.500000000000001332, -2.499999999999992006, 3.850000000000000089 ) ) ;
#1586 = CARTESIAN_POINT ( 'NONE',  ( -2.499999999999997780, -6.013966244037293407, 2.463966244037302911 ) ) ;
#1587 = ORIENTED_EDGE ( 'NONE', *, *, #7427, .T. ) ;
#1588 = MECHANICAL_DESIGN_GEOMETRIC_PRESENTATION_REPRESENTATION (  '', ( #11091 ), #259 ) ;
#1589 = LINE ( 'NONE', #10761, #11906 ) ;
#1590 = DIRECTION ( 'NONE',  ( -1.000000000000000000, 0.000000000000000000, 0.000000000000000000 ) ) ;
#1591 = UNCERTAINTY_MEASURE_WITH_UNIT (LENGTH_MEASURE( 1.000000000000000082E-05 ), #4732, 'distance_accuracy_value', 'NONE');
#1592 =( NAMED_UNIT ( * ) SI_UNIT ( $, .STERADIAN. ) SOLID_ANGLE_UNIT ( ) );
#1593 = COLOUR_RGB ( '',1.000000000000000000, 1.000000000000000000, 0.000000000000000000 ) ;
#1594 = SURFACE_SIDE_STYLE ('',( #1536 ) ) ;
#1595 = B_SPLINE_CURVE_WITH_KNOTS ( 'NONE', 3,
 ( #5323, #8979, #6409, #5512, #3556, #2465, #8212 ),
 .UNSPECIFIED., .F., .F.,
 ( 4, 3, 4 ),
 ( 0.001170536947343512680, 0.002000716622577585879, 0.002270395359749539758 ),
 .UNSPECIFIED. ) ;
#1596 = DIRECTION ( 'NONE',  ( 0.000000000000000000, 1.000000000000000000, 0.000000000000000000 ) ) ;
#1597 = ADVANCED_FACE ( 'NONE', ( #734 ), #2303, .T. ) ;
#1598 = AXIS2_PLACEMENT_3D ( 'NONE', #3698, #11089, #11216 ) ;
#1599 = CARTESIAN_POINT ( 'NONE',  ( -0.4999999999999979461, -5.499999999999996447, 2.100000000000000089 ) ) ;
#1600 = ORIENTED_EDGE ( 'NONE', *, *, #6740, .F. ) ;
#1601 = EDGE_LOOP ( 'NONE', ( #5430, #3116, #3636, #6507 ) ) ;
#1602 = DIRECTION ( 'NONE',  ( -0.000000000000000000, -0.000000000000000000, 1.000000000000000000 ) ) ;
#1603 = STYLED_ITEM ( 'NONE', ( #253 ), #7848 ) ;
#1604 = SURFACE_STYLE_FILL_AREA ( #662 ) ;
#1605 = PRESENTATION_STYLE_ASSIGNMENT (( #56 ) ) ;
#1606 = FILL_AREA_STYLE ('',( #6126 ) ) ;
#1607 = VERTEX_POINT ( 'NONE', #6013 ) ;
#1608 = VECTOR ( 'NONE', #7196, 1000.000000000000000 ) ;
#1609 = FACE_OUTER_BOUND ( 'NONE', #1528, .T. ) ;
#1610 = DIRECTION ( 'NONE',  ( -0.000000000000000000, -0.000000000000000000, 1.000000000000000000 ) ) ;
#1611 = FILL_AREA_STYLE ('',( #11869 ) ) ;
#1612 = ADVANCED_FACE ( 'NONE', ( #7869 ), #3465, .F. ) ;
#1613 = DIRECTION ( 'NONE',  ( 0.000000000000000000, 1.000000000000000000, 0.000000000000000000 ) ) ;
#1614 = AXIS2_PLACEMENT_3D ( 'NONE', #4872, #4934, #8597 ) ;
#1615 = FILL_AREA_STYLE_COLOUR ( '', #8334 ) ;
#1616 = DIRECTION ( 'NONE',  ( 1.000000000000000000, 0.000000000000000000, 0.000000000000000000 ) ) ;
#1617 = VERTEX_POINT ( 'NONE', #9078 ) ;
#1618 = ORIENTED_EDGE ( 'NONE', *, *, #222, .T. ) ;
#1619 = SURFACE_STYLE_USAGE ( .BOTH. , #5107 ) ;
#1620 = ORIENTED_EDGE ( 'NONE', *, *, #4323, .F. ) ;
#1621 = CARTESIAN_POINT ( 'NONE',  ( 8.986033755962697711, 2.500000000000007550, 2.100000000000000089 ) ) ;
#1622 = CARTESIAN_POINT ( 'NONE',  ( 4.000000000000003553, 60.00000000000000711, 1.800000000000000044 ) ) ;
#1623 = ORIENTED_EDGE ( 'NONE', *, *, #9180, .T. ) ;
#1624 = SURFACE_SIDE_STYLE ('',( #2380 ) ) ;
#1625 =( NAMED_UNIT ( * ) PLANE_ANGLE_UNIT ( ) SI_UNIT ( $, .RADIAN. ) );
#1626 = UNCERTAINTY_MEASURE_WITH_UNIT (LENGTH_MEASURE( 1.000000000000000082E-05 ), #390, 'distance_accuracy_value', 'NONE');
#1627 = FACE_BOUND ( 'NONE', #3464, .T. ) ;
#1628 = ADVANCED_FACE ( 'NONE', ( #8242 ), #70, .F. ) ;
#1629 = ADVANCED_FACE ( 'NONE', ( #6438 ), #2796, .F. ) ;
#1630 = CARTESIAN_POINT ( 'NONE',  ( -2.499999999999997780, -7.499999999999991118, 2.100000000000000089 ) ) ;
#1631 = AXIS2_PLACEMENT_3D ( 'NONE', #450, #380, #6707 ) ;
#1632 = EDGE_CURVE ( 'NONE', #4561, #412, #6961, .T. ) ;
#1633 = EDGE_LOOP ( 'NONE', ( #1119, #10992, #10893, #11156 ) ) ;
#1634 = ORIENTED_EDGE ( 'NONE', *, *, #7400, .T. ) ;
#1635 = FILL_AREA_STYLE ('',( #8964 ) ) ;
#1636 = DIRECTION ( 'NONE',  ( 0.000000000000000000, 1.000000000000000000, 0.000000000000000000 ) ) ;
#1637 = FILL_AREA_STYLE_COLOUR ( '', #4508 ) ;
#1638 = ORIENTED_EDGE ( 'NONE', *, *, #1021, .T. ) ;
#1639 = PRESENTATION_STYLE_ASSIGNMENT (( #10697 ) ) ;
#1640 = VECTOR ( 'NONE', #7474, 1000.000000000000000 ) ;
#1641 = DIRECTION ( 'NONE',  ( -0.000000000000000000, -0.000000000000000000, 1.000000000000000000 ) ) ;
#1642 = LINE ( 'NONE', #4582, #5272 ) ;
#1643 = SURFACE_STYLE_FILL_AREA ( #4520 ) ;
#1644 = EDGE_CURVE ( 'NONE', #2447, #10976, #10446, .T. ) ;
#1645 = SURFACE_STYLE_FILL_AREA ( #2698 ) ;
#1646 = DIRECTION ( 'NONE',  ( -0.000000000000000000, -0.000000000000000000, 1.000000000000000000 ) ) ;
#1647 = SPHERICAL_SURFACE ( 'NONE', #8139, 1.486033755962697267 ) ;
#1648 = ORIENTED_EDGE ( 'NONE', *, *, #4519, .T. ) ;
#1649 = LINE ( 'NONE', #3850, #6504 ) ;
#1650 = CARTESIAN_POINT ( 'NONE',  ( -5.499999999999999112, -0.4999999999999987232, 1.600000000000000089 ) ) ;
#1651 = COLOUR_RGB ( '',1.000000000000000000, 1.000000000000000000, 0.000000000000000000 ) ;
#1652 = ADVANCED_FACE ( 'NONE', ( #10513 ), #4953, .F. ) ;
#1653 = SURFACE_STYLE_FILL_AREA ( #6298 ) ;
#1654 = EDGE_CURVE ( 'NONE', #587, #22, #7366, .T. ) ;
#1655 = FILL_AREA_STYLE ('',( #2020 ) ) ;
#1656 = ORIENTED_EDGE ( 'NONE', *, *, #7054, .F. ) ;
#1657 = SURFACE_STYLE_USAGE ( .BOTH. , #6306 ) ;
#1658 = EDGE_LOOP ( 'NONE', ( #7992, #8659, #1816, #1808 ) ) ;
#1659 = DIRECTION ( 'NONE',  ( -0.000000000000000000, -0.000000000000000000, 1.000000000000000000 ) ) ;
#1660 = CARTESIAN_POINT ( 'NONE',  ( 1.113966244037304376, -2.499999999999992006, 2.100000000000000089 ) ) ;
#1661 = FACE_OUTER_BOUND ( 'NONE', #10929, .T. ) ;
#1662 = LINE ( 'NONE', #3921, #3391 ) ;
#1663 = FILL_AREA_STYLE_COLOUR ( '', #6670 ) ;
#1664 = ORIENTED_EDGE ( 'NONE', *, *, #5723, .T. ) ;
#1665 = FILL_AREA_STYLE_COLOUR ( '', #9096 ) ;
#1666 = EDGE_CURVE ( 'NONE', #5263, #10228, #7842, .T. ) ;
#1668 = EDGE_CURVE ( 'NONE', #4802, #188, #3307, .T. ) ;
#1667 = SURFACE_STYLE_USAGE ( .BOTH. , #1852 ) ;
#1669 = EDGE_CURVE ( 'NONE', #8782, #2794, #8691, .T. ) ;
#1670 = STYLED_ITEM ( 'NONE', ( #2031 ), #9445 ) ;
#1671 = FILL_AREA_STYLE_COLOUR ( '', #5421 ) ;
#1672 = VECTOR ( 'NONE', #6136, 1000.000000000000000 ) ;
#1673 = DIRECTION ( 'NONE',  ( 0.000000000000000000, 1.000000000000000000, 0.000000000000000000 ) ) ;
#1674 = DIRECTION ( 'NONE',  ( 2.710505431213761701E-17, 1.000000000000000000, 0.000000000000000000 ) ) ;
#1675 = ORIENTED_EDGE ( 'NONE', *, *, #3460, .F. ) ;
#1676 = VERTEX_POINT ( 'NONE', #10693 ) ;
#1677 = EDGE_LOOP ( 'NONE', ( #6891, #1648, #11146, #2180 ) ) ;
#1678 = SURFACE_STYLE_FILL_AREA ( #10227 ) ;
#1679 = VERTEX_POINT ( 'NONE', #3812 ) ;
#1680 =( NAMED_UNIT ( * ) PLANE_ANGLE_UNIT ( ) SI_UNIT ( $, .RADIAN. ) );
#1681 = CIRCLE ( 'NONE', #6917, 1.386033755962696956 ) ;
#1682 = CARTESIAN_POINT ( 'NONE',  ( -9.500000000000001776, 9.499999999999991118, 2.100000000000000089 ) ) ;
#1683 = ORIENTED_EDGE ( 'NONE', *, *, #11639, .T. ) ;
#1684 = EDGE_CURVE ( 'NONE', #899, #10799, #7900, .T. ) ;
#1685 = PRESENTATION_LAYER_ASSIGNMENT (  '', '', ( #7306 ) ) ;
#1686 = CYLINDRICAL_SURFACE ( 'NONE', #784, 1.486033755962697267 ) ;
#1687 = ADVANCED_FACE ( 'NONE', ( #6997 ), #1647, .T. ) ;
#1688 = FACE_OUTER_BOUND ( 'NONE', #6863, .T. ) ;
#1689 = CARTESIAN_POINT ( 'NONE',  ( -6.113966244037300157, -7.499999999999990230, 2.100000000000000089 ) ) ;
#1690 = ORIENTED_EDGE ( 'NONE', *, *, #4885, .F. ) ;
#1691 = ORIENTED_EDGE ( 'NONE', *, *, #1751, .F. ) ;
#1692 = DIRECTION ( 'NONE',  ( -0.000000000000000000, -0.000000000000000000, -1.000000000000000000 ) ) ;
#1693 = CARTESIAN_POINT ( 'NONE',  ( -2.499999999999997780, -7.499999999999991118, 3.850000000000000089 ) ) ;
#1694 = VERTEX_POINT ( 'NONE', #4223 ) ;
#1695 = EDGE_CURVE ( 'NONE', #5665, #6831, #795, .T. ) ;
#1696 = FILL_AREA_STYLE ('',( #6632 ) ) ;
#1697 = ADVANCED_FACE ( 'NONE', ( #10815 ), #1709, .T. ) ;
#1698 = CARTESIAN_POINT ( 'NONE',  ( 11.35000000000000320, -15.00000000000000000, 1.600000000000000089 ) ) ;
#1700 = EDGE_CURVE ( 'NONE', #10468, #11272, #9905, .T. ) ;
#1699 = CARTESIAN_POINT ( 'NONE',  ( 5.395973916753827204, 13.44012937056731083, 1.610000000000000098 ) ) ;
#1701 = CIRCLE ( 'NONE', #4043, 1.386033755962696956 ) ;
#1702 = COLOUR_RGB ( '',0.7529411764705882248, 0.7529411764705882248, 0.7529411764705882248 ) ;
#1703 =( NAMED_UNIT ( * ) SI_UNIT ( $, .STERADIAN. ) SOLID_ANGLE_UNIT ( ) );
#1704 = DIRECTION ( 'NONE',  ( -8.673617379884033500E-16, -1.000000000000000000, 0.000000000000000000 ) ) ;
#1705 = AXIS2_PLACEMENT_3D ( 'NONE', #1485, #11548, #4360 ) ;
#1706 = CARTESIAN_POINT ( 'NONE',  ( 5.395973916753827204, 12.34027113312489909, 1.610000000000000098 ) ) ;
#1707 =( NAMED_UNIT ( * ) SI_UNIT ( $, .STERADIAN. ) SOLID_ANGLE_UNIT ( ) );
#1708 = COLOUR_RGB ( '',0.7529411764705882248, 0.7529411764705882248, 0.7529411764705882248 ) ;
#1709 = CYLINDRICAL_SURFACE ( 'NONE', #6222, 1.486033755962697267 ) ;
#1710 = VERTEX_POINT ( 'NONE', #8151 ) ;
#1711 = CIRCLE ( 'NONE', #9446, 1.386033755962696956 ) ;
#1712 = DIRECTION ( 'NONE',  ( 1.000000000000000000, 0.000000000000000000, 0.000000000000000000 ) ) ;
#1713 = PRESENTATION_LAYER_ASSIGNMENT (  '', '', ( #9069 ) ) ;
#1714 = UNCERTAINTY_MEASURE_WITH_UNIT (LENGTH_MEASURE( 1.000000000000000082E-05 ), #8981, 'distance_accuracy_value', 'NONE');
#1715 = DIRECTION ( 'NONE',  ( -1.000000000000000000, 0.000000000000000000, 0.000000000000000000 ) ) ;
#1716 = CIRCLE ( 'NONE', #770, 1.386033755962696956 ) ;
#1717 = CARTESIAN_POINT ( 'NONE',  ( 5.499999999999998224, 9.499999999999992895, 1.600000000000000089 ) ) ;
#1718 = CIRCLE ( 'NONE', #8506, 1.486033755962697267 ) ;
#1719 = VERTEX_POINT ( 'NONE', #4527 ) ;
#1720 = CARTESIAN_POINT ( 'NONE',  ( 7.500000000000000000, 7.500000000000007105, 2.100000000000000089 ) ) ;
#1721 = ORIENTED_EDGE ( 'NONE', *, *, #10669, .F. ) ;
#1722 = SURFACE_SIDE_STYLE ('',( #3446 ) ) ;
#1723 = SURFACE_STYLE_USAGE ( .BOTH. , #11737 ) ;
#1724 = CARTESIAN_POINT ( 'NONE',  ( 3.986033755962699487, -7.499999999999992006, 2.100000000000000089 ) ) ;
#1725 = DIRECTION ( 'NONE',  ( 0.000000000000000000, -0.000000000000000000, -1.000000000000000000 ) ) ;
#1726 = CIRCLE ( 'NONE', #7541, 0.1997103226628852146 ) ;
#1727 = VECTOR ( 'NONE', #2244, 1000.000000000000000 ) ;
#1728 = DIRECTION ( 'NONE',  ( 1.000000000000000000, -2.710505431213761701E-17, 0.000000000000000000 ) ) ;
#1729 = VERTEX_POINT ( 'NONE', #11852 ) ;
#1730 = CARTESIAN_POINT ( 'NONE',  ( 7.500000000000001776, -2.499999999999992895, 2.100000000000000089 ) ) ;
#1731 = DIRECTION ( 'NONE',  ( -1.000000000000000000, 4.336808689942015764E-16, -0.000000000000000000 ) ) ;
#1732 = DIRECTION ( 'NONE',  ( -1.000000000000000000, 0.000000000000000000, 0.000000000000000000 ) ) ;
#1733 = SURFACE_SIDE_STYLE ('',( #6902 ) ) ;
#1734 = CARTESIAN_POINT ( 'NONE',  ( 11.35000000000000320, 15.00000000000000000, 0.000000000000000000 ) ) ;
#1735 = AXIS2_PLACEMENT_3D ( 'NONE', #101, #3784, #6646 ) ;
#1736 = DIRECTION ( 'NONE',  ( -0.000000000000000000, -0.000000000000000000, 1.000000000000000000 ) ) ;
#1737 = ORIENTED_EDGE ( 'NONE', *, *, #455, .F. ) ;
#1738 = VERTEX_POINT ( 'NONE', #1586 ) ;
#1739 = STYLED_ITEM ( 'NONE', ( #11349 ), #4243 ) ;
#1740 = ORIENTED_EDGE ( 'NONE', *, *, #5289, .F. ) ;
#1741 = VECTOR ( 'NONE', #10908, 1000.000000000000000 ) ;
#1742 = ORIENTED_EDGE ( 'NONE', *, *, #5640, .T. ) ;
#1743 = FILL_AREA_STYLE ('',( #7326 ) ) ;
#1744 = CARTESIAN_POINT ( 'NONE',  ( 5.395973916753827204, 13.44012937056731083, 1.600000000000000089 ) ) ;
#1745 = EDGE_LOOP ( 'NONE', ( #3159, #9992, #3613, #2354, #8951, #10410, #6611 ) ) ;
#1746 = DIRECTION ( 'NONE',  ( 1.000000000000000000, 0.000000000000000000, 0.000000000000000000 ) ) ;
#1747 =( GEOMETRIC_REPRESENTATION_CONTEXT ( 3 ) GLOBAL_UNCERTAINTY_ASSIGNED_CONTEXT ( ( #6016 ) ) GLOBAL_UNIT_ASSIGNED_CONTEXT ( ( #7551, #10398, #7728 ) ) REPRESENTATION_CONTEXT ( 'NONE', 'WORKASPACE' ) );
#1748 = SURFACE_STYLE_FILL_AREA ( #10052 ) ;
#1749 = UNCERTAINTY_MEASURE_WITH_UNIT (LENGTH_MEASURE( 1.000000000000000082E-05 ), #9792, 'distance_accuracy_value', 'NONE');
#1750 = FACE_BOUND ( 'NONE', #2193, .T. ) ;
#1751 = EDGE_CURVE ( 'NONE', #5147, #11375, #1595, .T. ) ;
#1752 = ORIENTED_EDGE ( 'NONE', *, *, #5361, .T. ) ;
#1753 = AXIS2_PLACEMENT_3D ( 'NONE', #8074, #2577, #5620 ) ;
#1754 = EDGE_LOOP ( 'NONE', ( #9321, #491 ) ) ;
#1755 = FACE_OUTER_BOUND ( 'NONE', #2304, .T. ) ;
#1756 = DIRECTION ( 'NONE',  ( -1.000000000000000000, -0.000000000000000000, -0.000000000000000000 ) ) ;
#1757 = FACE_OUTER_BOUND ( 'NONE', #6853, .T. ) ;
#1758 = ORIENTED_EDGE ( 'NONE', *, *, #6815, .T. ) ;
#1759 = CARTESIAN_POINT ( 'NONE',  ( 9.500000000000001776, -9.499999999999992895, 1.600000000000000089 ) ) ;
#1760 = CARTESIAN_POINT ( 'NONE',  ( 5.499999999999999112, 0.4999999999999961142, 2.100000000000000089 ) ) ;
#1761 = SURFACE_SIDE_STYLE ('',( #30 ) ) ;
#1762 = STYLED_ITEM ( 'NONE', ( #149 ), #6895 ) ;
#1763 = STYLED_ITEM ( 'NONE', ( #8332 ), #1053 ) ;
#1764 = SURFACE_SIDE_STYLE ('',( #755 ) ) ;
#1765 = ADVANCED_FACE ( 'NONE', ( #7172 ), #10942, .T. ) ;
#1766 = EDGE_CURVE ( 'NONE', #7805, #6208, #8520, .T. ) ;
#1767 = DIRECTION ( 'NONE',  ( 1.000000000000000000, 0.000000000000000000, 0.000000000000000000 ) ) ;
#1768 = EDGE_CURVE ( 'NONE', #8649, #10707, #8267, .T. ) ;
#1769 = SURFACE_STYLE_FILL_AREA ( #5442 ) ;
#1770 = AXIS2_PLACEMENT_3D ( 'NONE', #4208, #1452, #6151 ) ;
#1771 = DIRECTION ( 'NONE',  ( 1.000000000000000000, 0.000000000000000000, 0.000000000000000000 ) ) ;
#1772 = ORIENTED_EDGE ( 'NONE', *, *, #5046, .T. ) ;
#1773 = DIRECTION ( 'NONE',  ( -0.000000000000000000, -1.000000000000000000, -0.000000000000000000 ) ) ;
#1774 = FILL_AREA_STYLE ('',( #9046 ) ) ;
#1775 = AXIS2_PLACEMENT_3D ( 'NONE', #878, #937, #1946 ) ;
#1776 = PLANE ( 'NONE',  #6643 ) ;
#1777 = EDGE_CURVE ( 'NONE', #9613, #10592, #3007, .T. ) ;
#1778 = EDGE_CURVE ( 'NONE', #4390, #4689, #3664, .T. ) ;
#1779 = DIRECTION ( 'NONE',  ( -0.000000000000000000, -0.000000000000000000, 1.000000000000000000 ) ) ;
#1780 = EDGE_LOOP ( 'NONE', ( #10924, #5291, #9406, #3848 ) ) ;
#1781 = ADVANCED_FACE ( 'NONE', ( #7472 ), #11177, .T. ) ;
#1782 = SURFACE_STYLE_USAGE ( .BOTH. , #9971 ) ;
#1783 = AXIS2_PLACEMENT_3D ( 'NONE', #4575, #6511, #6630 ) ;
#1784 = VERTEX_POINT ( 'NONE', #9290 ) ;
#1785 = DIRECTION ( 'NONE',  ( 1.000000000000000000, 0.000000000000000000, 0.000000000000000000 ) ) ;
#1786 = CARTESIAN_POINT ( 'NONE',  ( 11.34999999999999254, -11.35000000000000142, 0.000000000000000000 ) ) ;
#1787 =( LENGTH_UNIT ( ) NAMED_UNIT ( * ) SI_UNIT ( .MILLI., .METRE. ) );
#1789 =( LENGTH_UNIT ( ) NAMED_UNIT ( * ) SI_UNIT ( .MILLI., .METRE. ) );
#1788 = PRESENTATION_LAYER_ASSIGNMENT (  '', '', ( #640 ) ) ;
#1790 = FACE_OUTER_BOUND ( 'NONE', #1203, .T. ) ;
#1791 = ORIENTED_EDGE ( 'NONE', *, *, #8927, .F. ) ;
#1792 = DIRECTION ( 'NONE',  ( 1.000000000000000000, 4.336808689942016750E-16, 0.000000000000000000 ) ) ;
#1793 = DIRECTION ( 'NONE',  ( 1.000000000000000000, 4.336808689942016750E-16, 0.000000000000000000 ) ) ;
#1794 = DIRECTION ( 'NONE',  ( -1.000000000000000000, 0.000000000000000000, 0.000000000000000000 ) ) ;
#1795 = AXIS2_PLACEMENT_3D ( 'NONE', #3451, #3388, #7863 ) ;
#1796 = DIRECTION ( 'NONE',  ( -1.000000000000000000, 0.000000000000000000, -0.000000000000000000 ) ) ;
#1797 = CARTESIAN_POINT ( 'NONE',  ( 4.061650161786648283, 12.57729906133732634, 1.610000000000000098 ) ) ;
#1798 = MECHANICAL_DESIGN_GEOMETRIC_PRESENTATION_REPRESENTATION (  '', ( #2593 ), #5890 ) ;
#1799 = PRESENTATION_STYLE_ASSIGNMENT (( #9140 ) ) ;
#1800 = ORIENTED_EDGE ( 'NONE', *, *, #4440, .F. ) ;
#1801 = ORIENTED_EDGE ( 'NONE', *, *, #2445, .T. ) ;
#1802 = VERTEX_POINT ( 'NONE', #2027 ) ;
#1803 = STYLED_ITEM ( 'NONE', ( #8170 ), #2596 ) ;
#1804 = SURFACE_STYLE_FILL_AREA ( #8 ) ;
#1805 = VERTEX_POINT ( 'NONE', #10378 ) ;
#1806 = CARTESIAN_POINT ( 'NONE',  ( 3.938344652746755159, 12.58627501154458983, 1.610000000000000098 ) ) ;
#1807 = PLANE ( 'NONE',  #1598 ) ;
#1808 = ORIENTED_EDGE ( 'NONE', *, *, #2546, .F. ) ;
#1809 = PLANE ( 'NONE',  #2721 ) ;
#1810 = FILL_AREA_STYLE ('',( #5672 ) ) ;
#1811 = AXIS2_PLACEMENT_3D ( 'NONE', #7926, #723, #11616 ) ;
#1812 = EDGE_CURVE ( 'NONE', #9767, #10731, #6789, .T. ) ;
#1813 = FACE_BOUND ( 'NONE', #6579, .T. ) ;
#1814 = CIRCLE ( 'NONE', #6299, 1.486033755962697267 ) ;
#1815 = EDGE_CURVE ( 'NONE', #1028, #6, #3847, .T. ) ;
#1816 = ORIENTED_EDGE ( 'NONE', *, *, #3930, .F. ) ;
#1817 = VECTOR ( 'NONE', #8476, 1000.000000000000000 ) ;
#1818 = ORIENTED_EDGE ( 'NONE', *, *, #7878, .T. ) ;
#1819 = CARTESIAN_POINT ( 'NONE',  ( 1.013966244037304953, -7.499999999999992006, 2.100000000000000089 ) ) ;
#1820 = CYLINDRICAL_SURFACE ( 'NONE', #1783, 1.486033755962697267 ) ;
#1821 = EDGE_LOOP ( 'NONE', ( #6496, #750, #11641, #4151 ) ) ;
#1822 =( GEOMETRIC_REPRESENTATION_CONTEXT ( 3 ) GLOBAL_UNCERTAINTY_ASSIGNED_CONTEXT ( ( #3426 ) ) GLOBAL_UNIT_ASSIGNED_CONTEXT ( ( #5691, #5386, #10824 ) ) REPRESENTATION_CONTEXT ( 'NONE', 'WORKASPACE' ) );
#1823 = CARTESIAN_POINT ( 'NONE',  ( 1.200000000000001510, 12.00000000000000355, 1.600000000000000089 ) ) ;
#1824 = DIRECTION ( 'NONE',  ( -0.000000000000000000, -0.000000000000000000, 1.000000000000000000 ) ) ;
#1825 = CARTESIAN_POINT ( 'NONE',  ( -6.013966244037299624, -2.499999999999990230, 2.100000000000000089 ) ) ;
#1826 = SURFACE_SIDE_STYLE ('',( #11052 ) ) ;
#1827 = ORIENTED_CLOSED_SHELL ( 'NONE', *, #9786, .F. );
#1828 = CARTESIAN_POINT ( 'NONE',  ( -4.500000000000000888, 0.4999999999999961142, 2.100000000000000089 ) ) ;
#1829 = ADVANCED_FACE ( 'NONE', ( #7532 ), #4591, .F. ) ;
#1830 = PRESENTATION_LAYER_ASSIGNMENT (  '', '', ( #694 ) ) ;
#1831 = DIRECTION ( 'NONE',  ( 1.000000000000000000, -1.224646799147353207E-16, 0.000000000000000000 ) ) ;
#1832 = CARTESIAN_POINT ( 'NONE',  ( 0.000000000000000000, 0.000000000000000000, 2.100000000000000089 ) ) ;
#1833 = DIRECTION ( 'NONE',  ( 1.000000000000000000, 0.000000000000000000, 0.000000000000000000 ) ) ;
#1834 = DIRECTION ( 'NONE',  ( 1.000000000000000000, 0.000000000000000000, 0.000000000000000000 ) ) ;
#1835 = ORIENTED_EDGE ( 'NONE', *, *, #9888, .F. ) ;
#1836 = SURFACE_STYLE_USAGE ( .BOTH. , #2029 ) ;
#1837 = DIRECTION ( 'NONE',  ( 0.000000000000000000, -0.000000000000000000, -1.000000000000000000 ) ) ;
#1838 = ADVANCED_FACE ( 'NONE', ( #9348 ), #5569, .F. ) ;
#1839 = CARTESIAN_POINT ( 'NONE',  ( -4.252356890137750867, -13.99999999999999822, 1.600000000000000089 ) ) ;
#1840 = DIRECTION ( 'NONE',  ( -0.000000000000000000, -0.000000000000000000, 1.000000000000000000 ) ) ;
#1841 = LINE ( 'NONE', #10952, #577 ) ;
#1842 = PRESENTATION_STYLE_ASSIGNMENT (( #1782 ) ) ;
#1843 = ORIENTED_EDGE ( 'NONE', *, *, #1768, .F. ) ;
#1844 = FILL_AREA_STYLE ('',( #3676 ) ) ;
#1845 = LINE ( 'NONE', #2780, #2678 ) ;
#1846 = DIRECTION ( 'NONE',  ( -4.336808689942015764E-16, 1.000000000000000000, 0.000000000000000000 ) ) ;
#1847 = DIRECTION ( 'NONE',  ( 0.000000000000000000, 1.000000000000000000, 0.000000000000000000 ) ) ;
#1848 = VECTOR ( 'NONE', #7405, 1000.000000000000000 ) ;
#1849 = ORIENTED_EDGE ( 'NONE', *, *, #4948, .T. ) ;
#1850 = ADVANCED_FACE ( 'NONE', ( #2141 ), #5965, .F. ) ;
#1851 = FACE_OUTER_BOUND ( 'NONE', #3122, .T. ) ;
#1852 = SURFACE_SIDE_STYLE ('',( #910 ) ) ;
#1853 = ADVANCED_FACE ( 'NONE', ( #8786, #10503 ), #7774, .F. ) ;
#1854 = DIRECTION ( 'NONE',  ( -0.000000000000000000, -0.000000000000000000, 1.000000000000000000 ) ) ;
#1855 = AXIS2_PLACEMENT_3D ( 'NONE', #11369, #7669, #3314 ) ;
#1856 = FACE_OUTER_BOUND ( 'NONE', #6360, .T. ) ;
#1857 = VERTEX_POINT ( 'NONE', #8558 ) ;
#1858 = FILL_AREA_STYLE ('',( #9484 ) ) ;
#1859 = ORIENTED_EDGE ( 'NONE', *, *, #4142, .T. ) ;
#1860 = EDGE_LOOP ( 'NONE', ( #2849, #10093, #7224, #6448 ) ) ;
#1861 =( NAMED_UNIT ( * ) PLANE_ANGLE_UNIT ( ) SI_UNIT ( $, .RADIAN. ) );
#1862 = ORIENTED_EDGE ( 'NONE', *, *, #10872, .F. ) ;
#1863 = CARTESIAN_POINT ( 'NONE',  ( -5.499999999999999112, -0.4999999999999987232, 2.100000000000000089 ) ) ;
#1864 = STYLED_ITEM ( 'NONE', ( #2976 ), #39 ) ;
#1865 =( NAMED_UNIT ( * ) PLANE_ANGLE_UNIT ( ) SI_UNIT ( $, .RADIAN. ) );
#1866 = VERTEX_POINT ( 'NONE', #3233 ) ;
#1867 = CARTESIAN_POINT ( 'NONE',  ( 2.500000000000002220, -7.499999999999992006, 2.463966244037302911 ) ) ;
#1868 = EDGE_CURVE ( 'NONE', #1927, #8884, #1579, .T. ) ;
#1869 = PLANE ( 'NONE',  #10137 ) ;
#1870 = UNCERTAINTY_MEASURE_WITH_UNIT (LENGTH_MEASURE( 1.000000000000000082E-05 ), #6509, 'distance_accuracy_value', 'NONE');
#1871 = FACE_BOUND ( 'NONE', #6437, .T. ) ;
#1872 = FACE_OUTER_BOUND ( 'NONE', #7563, .T. ) ;
#1873 = ORIENTED_EDGE ( 'NONE', *, *, #2652, .T. ) ;
#1874 = AXIS2_PLACEMENT_3D ( 'NONE', #6694, #4012, #1217 ) ;
#1875 = VERTEX_POINT ( 'NONE', #1693 ) ;
#1876 = UNCERTAINTY_MEASURE_WITH_UNIT (LENGTH_MEASURE( 1.000000000000000082E-05 ), #11336, 'distance_accuracy_value', 'NONE');
#1877 = CARTESIAN_POINT ( 'NONE',  ( 7.500000000000000888, 2.500000000000007550, 3.850000000000000089 ) ) ;
#1878 =( LENGTH_UNIT ( ) NAMED_UNIT ( * ) SI_UNIT ( .MILLI., .METRE. ) );
#1879 = ORIENTED_EDGE ( 'NONE', *, *, #222, .F. ) ;
#1880 = LINE ( 'NONE', #1000, #11921 ) ;
#1881 =( NAMED_UNIT ( * ) PLANE_ANGLE_UNIT ( ) SI_UNIT ( $, .RADIAN. ) );
#1882 = CARTESIAN_POINT ( 'NONE',  ( 7.500000000000001776, -2.499999999999992895, 2.463966244037302911 ) ) ;
#1883 = PLANE ( 'NONE',  #7295 ) ;
#1884 = CARTESIAN_POINT ( 'NONE',  ( 7.500000000000001776, -1.113966244037295716, 2.463966244037302911 ) ) ;
#1885 = STYLED_ITEM ( 'NONE', ( #4261 ), #9931 ) ;
#1886 = CYLINDRICAL_SURFACE ( 'NONE', #10817, 1.486033755962697267 ) ;
#1887 = COLOUR_RGB ( '',1.000000000000000000, 1.000000000000000000, 0.000000000000000000 ) ;
#1888 = SURFACE_SIDE_STYLE ('',( #9049 ) ) ;
#1889 = SURFACE_STYLE_FILL_AREA ( #10373 ) ;
#1890 = FACE_OUTER_BOUND ( 'NONE', #128, .T. ) ;
#1891 = FACE_OUTER_BOUND ( 'NONE', #7695, .T. ) ;
#1892 = SURFACE_SIDE_STYLE ('',( #10200 ) ) ;
#1893 = DIRECTION ( 'NONE',  ( 0.000000000000000000, 0.000000000000000000, -1.000000000000000000 ) ) ;
#1894 = ORIENTED_EDGE ( 'NONE', *, *, #1448, .T. ) ;
#1895 = MECHANICAL_DESIGN_GEOMETRIC_PRESENTATION_REPRESENTATION (  '', ( #11004 ), #3068 ) ;
#1896 = DIRECTION ( 'NONE',  ( 0.000000000000000000, 1.000000000000000000, 0.000000000000000000 ) ) ;
#1897 = STYLED_ITEM ( 'NONE', ( #11689 ), #5262 ) ;
#1898 = CARTESIAN_POINT ( 'NONE',  ( 7.500000000000002665, -8.986033755962688829, 2.463966244037302911 ) ) ;
#1899 = FILL_AREA_STYLE_COLOUR ( '', #4903 ) ;
#1900 =( GEOMETRIC_REPRESENTATION_CONTEXT ( 3 ) GLOBAL_UNCERTAINTY_ASSIGNED_CONTEXT ( ( #3709 ) ) GLOBAL_UNIT_ASSIGNED_CONTEXT ( ( #4710, #2764, #6525 ) ) REPRESENTATION_CONTEXT ( 'NONE', 'WORKASPACE' ) );
#1901 = EDGE_CURVE ( 'NONE', #4942, #8095, #5244, .T. ) ;
#1902 = AXIS2_PLACEMENT_3D ( 'NONE', #6044, #2518, #10877 ) ;
#1903 = SURFACE_STYLE_USAGE ( .BOTH. , #3731 ) ;
#1904 = ORIENTED_EDGE ( 'NONE', *, *, #6613, .T. ) ;
#1905 = FACE_OUTER_BOUND ( 'NONE', #2282, .T. ) ;
#1906 = ADVANCED_FACE ( 'NONE', ( #5176 ), #4511, .F. ) ;
#1907 = SURFACE_SIDE_STYLE ('',( #1077 ) ) ;
#1908 = FILL_AREA_STYLE_COLOUR ( '', #579 ) ;
#1909 = SURFACE_STYLE_FILL_AREA ( #4545 ) ;
#1910 = ORIENTED_EDGE ( 'NONE', *, *, #7837, .F. ) ;
#1911 = CARTESIAN_POINT ( 'NONE',  ( 2.500000000000000444, 2.500000000000007550, 2.100000000000000089 ) ) ;
#1912 = MECHANICAL_DESIGN_GEOMETRIC_PRESENTATION_REPRESENTATION (  '', ( #6940 ), #7719 ) ;
#1913 = PLANE ( 'NONE',  #1934 ) ;
#1914 = VECTOR ( 'NONE', #2499, 1000.000000000000000 ) ;
#1915 = SURFACE_SIDE_STYLE ('',( #9245 ) ) ;
#1917 = AXIS2_PLACEMENT_3D ( 'NONE', #703, #7356, #7290 ) ;
#1916 = DIRECTION ( 'NONE',  ( -1.000000000000000000, 1.224646799147353207E-16, 0.000000000000000000 ) ) ;
#1918 = ADVANCED_FACE ( 'NONE', ( #11890 ), #7282, .T. ) ;
#1919 = ORIENTED_EDGE ( 'NONE', *, *, #7647, .F. ) ;
#1920 = MECHANICAL_DESIGN_GEOMETRIC_PRESENTATION_REPRESENTATION (  '', ( #2710 ), #8683 ) ;
#1921 = FACE_OUTER_BOUND ( 'NONE', #9125, .T. ) ;
#1922 = ORIENTED_EDGE ( 'NONE', *, *, #4811, .T. ) ;
#1923 = STYLED_ITEM ( 'NONE', ( #6732 ), #6076 ) ;
#1924 = EDGE_LOOP ( 'NONE', ( #4331, #10201, #7207, #1894 ) ) ;
#1925 = EDGE_CURVE ( 'NONE', #5478, #6779, #837, .T. ) ;
#1926 =( NAMED_UNIT ( * ) PLANE_ANGLE_UNIT ( ) SI_UNIT ( $, .RADIAN. ) );
#1927 = VERTEX_POINT ( 'NONE', #8141 ) ;
#1928 = AXIS2_PLACEMENT_3D ( 'NONE', #10209, #1014, #4892 ) ;
#1929 = DIRECTION ( 'NONE',  ( 0.000000000000000000, -1.000000000000000000, 0.000000000000000000 ) ) ;
#1930 = EDGE_LOOP ( 'NONE', ( #8633, #8487, #10406, #2121 ) ) ;
#1931 = AXIS2_PLACEMENT_3D ( 'NONE', #2682, #8372, #10180 ) ;
#1932 = DIRECTION ( 'NONE',  ( -0.000000000000000000, -0.000000000000000000, 1.000000000000000000 ) ) ;
#1933 = DIRECTION ( 'NONE',  ( 1.000000000000000000, 0.000000000000000000, 0.000000000000000000 ) ) ;
#1934 = AXIS2_PLACEMENT_3D ( 'NONE', #10283, #11198, #5469 ) ;
#1935 = STYLED_ITEM ( 'NONE', ( #7502 ), #1687 ) ;
#1936 = CARTESIAN_POINT ( 'NONE',  ( 13.17499999999999893, 13.17499999999999893, 1.600000000000000089 ) ) ;
#1937 = SURFACE_SIDE_STYLE ('',( #10001 ) ) ;
#1938 = AXIS2_PLACEMENT_3D ( 'NONE', #971, #1736, #6321 ) ;
#1939 = AXIS2_PLACEMENT_3D ( 'NONE', #3143, #1989, #10289 ) ;
#1940 = ORIENTED_EDGE ( 'NONE', *, *, #1684, .T. ) ;
#1941 = VERTEX_POINT ( 'NONE', #2573 ) ;
#1942 = CARTESIAN_POINT ( 'NONE',  ( -9.500000000000001776, 0.4999999999999961142, 1.600000000000000089 ) ) ;
#1943 = VECTOR ( 'NONE', #5001, 1000.000000000000000 ) ;
#1944 = CIRCLE ( 'NONE', #11827, 1.386033755962696956 ) ;
#1945 = LINE ( 'NONE', #9212, #6193 ) ;
#1946 = DIRECTION ( 'NONE',  ( 1.000000000000000000, 0.000000000000000000, 0.000000000000000000 ) ) ;
#1947 = ORIENTED_EDGE ( 'NONE', *, *, #11889, .F. ) ;
#1948 = CARTESIAN_POINT ( 'NONE',  ( 0.000000000000000000, -15.00000000000000000, 1.600000000000000089 ) ) ;
#1949 = CYLINDRICAL_SURFACE ( 'NONE', #11224, 1.386033755962696956 ) ;
#1950 = DIRECTION ( 'NONE',  ( 1.000000000000000000, 0.000000000000000000, 0.000000000000000000 ) ) ;
#1951 = VECTOR ( 'NONE', #8035, 1000.000000000000000 ) ;
#1952 = FACE_OUTER_BOUND ( 'NONE', #3739, .T. ) ;
#1953 = SURFACE_SIDE_STYLE ('',( #4186 ) ) ;
#1954 = DIRECTION ( 'NONE',  ( 1.000000000000000000, 0.000000000000000000, 0.000000000000000000 ) ) ;
#1955 =( NAMED_UNIT ( * ) PLANE_ANGLE_UNIT ( ) SI_UNIT ( $, .RADIAN. ) );
#1956 = VECTOR ( 'NONE', #8165, 1000.000000000000000 ) ;
#1957 = DIRECTION ( 'NONE',  ( 0.000000000000000000, -1.000000000000000000, 0.000000000000000000 ) ) ;
#1958 =( GEOMETRIC_REPRESENTATION_CONTEXT ( 3 ) GLOBAL_UNCERTAINTY_ASSIGNED_CONTEXT ( ( #11781 ) ) GLOBAL_UNIT_ASSIGNED_CONTEXT ( ( #10769, #6177, #11541 ) ) REPRESENTATION_CONTEXT ( 'NONE', 'WORKASPACE' ) );
#1959 = CARTESIAN_POINT ( 'NONE',  ( 0.000000000000000000, -13.99999999999999822, 1.600000000000000089 ) ) ;
#1960 =( NAMED_UNIT ( * ) PLANE_ANGLE_UNIT ( ) SI_UNIT ( $, .RADIAN. ) );
#1961 = DIRECTION ( 'NONE',  ( -0.000000000000000000, -0.000000000000000000, 1.000000000000000000 ) ) ;
#1962 = VERTEX_POINT ( 'NONE', #3359 ) ;
#1963 = DIRECTION ( 'NONE',  ( -0.000000000000000000, -0.000000000000000000, 1.000000000000000000 ) ) ;
#1964 = CIRCLE ( 'NONE', #11438, 1.386033755962696956 ) ;
#1965 = DIRECTION ( 'NONE',  ( 1.000000000000000000, 0.000000000000000000, 0.000000000000000000 ) ) ;
#1966 = FACE_OUTER_BOUND ( 'NONE', #8663, .T. ) ;
#1967 = CARTESIAN_POINT ( 'NONE',  ( 7.500000000000001776, -2.499999999999992895, 3.950000000000000178 ) ) ;
#1968 =( NAMED_UNIT ( * ) SI_UNIT ( $, .STERADIAN. ) SOLID_ANGLE_UNIT ( ) );
#1969 = AXIS2_PLACEMENT_3D ( 'NONE', #4699, #6843, #11555 ) ;
#1970 = MECHANICAL_DESIGN_GEOMETRIC_PRESENTATION_REPRESENTATION (  '', ( #425 ), #832 ) ;
#1971 = CARTESIAN_POINT ( 'NONE',  ( 7.500000000000001776, -2.499999999999992895, 2.100000000000000089 ) ) ;
#1972 = ORIENTED_EDGE ( 'NONE', *, *, #5807, .F. ) ;
#1973 = DIRECTION ( 'NONE',  ( 1.000000000000000000, 0.000000000000000000, 0.000000000000000000 ) ) ;
#1974 = CARTESIAN_POINT ( 'NONE',  ( 2.500000000000000444, 2.500000000000007550, 2.100000000000000089 ) ) ;
#1975 = DIRECTION ( 'NONE',  ( -0.000000000000000000, -0.000000000000000000, -1.000000000000000000 ) ) ;
#1976 = DIRECTION ( 'NONE',  ( -0.000000000000000000, -0.000000000000000000, 1.000000000000000000 ) ) ;
#1977 =( LENGTH_UNIT ( ) NAMED_UNIT ( * ) SI_UNIT ( .MILLI., .METRE. ) );
#1978 = ORIENTED_EDGE ( 'NONE', *, *, #457, .F. ) ;
#1979 = CARTESIAN_POINT ( 'NONE',  ( -3.986033755962696823, 7.500000000000007994, 2.100000000000000089 ) ) ;
#1980 =( NAMED_UNIT ( * ) PLANE_ANGLE_UNIT ( ) SI_UNIT ( $, .RADIAN. ) );
#1981 = AXIS2_PLACEMENT_3D ( 'NONE', #8572, #9652, #4171 ) ;
#1982 = AXIS2_PLACEMENT_3D ( 'NONE', #7279, #3710, #2811 ) ;
#1983 = DIRECTION ( 'NONE',  ( 0.000000000000000000, 0.000000000000000000, -1.000000000000000000 ) ) ;
#1984 = ADVANCED_FACE ( 'NONE', ( #6282 ), #7037, .F. ) ;
#1985 = FILL_AREA_STYLE_COLOUR ( '', #9509 ) ;
#1986 = SURFACE_SIDE_STYLE ('',( #8525 ) ) ;
#1987 = EDGE_CURVE ( 'NONE', #1137, #1676, #7788, .T. ) ;
#1988 = STYLED_ITEM ( 'NONE', ( #5123 ), #1850 ) ;
#1989 = DIRECTION ( 'NONE',  ( -0.000000000000000000, -0.000000000000000000, 1.000000000000000000 ) ) ;
#1990 = LINE ( 'NONE', #7617, #6984 ) ;
#1991 = EDGE_LOOP ( 'NONE', ( #2555, #3258, #7885, #1634, #9184 ) ) ;
#1992 =( NAMED_UNIT ( * ) PLANE_ANGLE_UNIT ( ) SI_UNIT ( $, .RADIAN. ) );
#1993 = ORIENTED_EDGE ( 'NONE', *, *, #1037, .T. ) ;
#1994 = PRESENTATION_LAYER_ASSIGNMENT (  '', '', ( #7601 ) ) ;
#1995 = SURFACE_STYLE_USAGE ( .BOTH. , #4792 ) ;
#1996 = ORIENTED_EDGE ( 'NONE', *, *, #3867, .F. ) ;
#1997 = SURFACE_SIDE_STYLE ('',( #3640 ) ) ;
#1998 = ORIENTED_EDGE ( 'NONE', *, *, #1102, .T. ) ;
#1999 = STYLED_ITEM ( 'NONE', ( #11564 ), #2278 ) ;
#2000 = LINE ( 'NONE', #1039, #3292 ) ;
#2001 = CARTESIAN_POINT ( 'NONE',  ( -7.499999999999999112, 7.500000000000007994, 2.463966244037302911 ) ) ;
#2002 = ADVANCED_FACE ( 'NONE', ( #9161 ), #10186, .T. ) ;
#2003 = CIRCLE ( 'NONE', #6657, 1.486033755962697267 ) ;
#2004 =( LENGTH_UNIT ( ) NAMED_UNIT ( * ) SI_UNIT ( .MILLI., .METRE. ) );
#2005 = VERTEX_POINT ( 'NONE', #3893 ) ;
#2006 = VERTEX_POINT ( 'NONE', #4693 ) ;
#2008 =( LENGTH_UNIT ( ) NAMED_UNIT ( * ) SI_UNIT ( .MILLI., .METRE. ) );
#2007 = UNCERTAINTY_MEASURE_WITH_UNIT (LENGTH_MEASURE( 1.000000000000000082E-05 ), #804, 'distance_accuracy_value', 'NONE');
#2009 = PRESENTATION_LAYER_ASSIGNMENT (  '', '', ( #1603 ) ) ;
#2010 = FILL_AREA_STYLE ('',( #11160 ) ) ;
#2011 =( LENGTH_UNIT ( ) NAMED_UNIT ( * ) SI_UNIT ( .MILLI., .METRE. ) );
#2012 = ORIENTED_EDGE ( 'NONE', *, *, #8637, .F. ) ;
#2013 = COLOUR_RGB ( '',1.000000000000000000, 1.000000000000000000, 0.000000000000000000 ) ;
#2014 = CARTESIAN_POINT ( 'NONE',  ( -4.499999999999999112, -5.499999999999992895, 2.100000000000000089 ) ) ;
#2015 = DIRECTION ( 'NONE',  ( 1.000000000000000000, 0.000000000000000000, 0.000000000000000000 ) ) ;
#2016 = PRESENTATION_STYLE_ASSIGNMENT (( #8492 ) ) ;
#2017 = EDGE_CURVE ( 'NONE', #5423, #3263, #7013, .T. ) ;
#2018 = CIRCLE ( 'NONE', #2401, 1.600000000000002531 ) ;
#2019 = DIRECTION ( 'NONE',  ( -0.000000000000000000, -0.000000000000000000, -1.000000000000000000 ) ) ;
#2020 = FILL_AREA_STYLE_COLOUR ( '', #11495 ) ;
#2021 = AXIS2_PLACEMENT_3D ( 'NONE', #7919, #9549, #4913 ) ;
#2022 = SURFACE_SIDE_STYLE ('',( #757 ) ) ;
#2023 = ORIENTED_EDGE ( 'NONE', *, *, #6877, .F. ) ;
#2024 = DIRECTION ( 'NONE',  ( 0.000000000000000000, -1.000000000000000000, 0.000000000000000000 ) ) ;
#2025 = AXIS2_PLACEMENT_3D ( 'NONE', #7642, #10600, #2186 ) ;
#2026 = CARTESIAN_POINT ( 'NONE',  ( 4.000000000000003553, 13.44012937056731083, 1.600097715859680525 ) ) ;
#2027 = CARTESIAN_POINT ( 'NONE',  ( 5.499999999999999112, 0.4999999999999961142, 2.100000000000000089 ) ) ;
#2028 = VERTEX_POINT ( 'NONE', #2813 ) ;
#2029 = SURFACE_SIDE_STYLE ('',( #8269 ) ) ;
#2030 = PRESENTATION_LAYER_ASSIGNMENT (  '', '', ( #3590 ) ) ;
#2031 = PRESENTATION_STYLE_ASSIGNMENT (( #2769 ) ) ;
#2032 = SPHERICAL_SURFACE ( 'NONE', #4095, 1.486033755962697267 ) ;
#2033 = CARTESIAN_POINT ( 'NONE',  ( -2.499999999999997780, -6.113966244037293940, 2.463966244037302911 ) ) ;
#2034 =( GEOMETRIC_REPRESENTATION_CONTEXT ( 3 ) GLOBAL_UNCERTAINTY_ASSIGNED_CONTEXT ( ( #388 ) ) GLOBAL_UNIT_ASSIGNED_CONTEXT ( ( #8032, #1955, #6300 ) ) REPRESENTATION_CONTEXT ( 'NONE', 'WORKASPACE' ) );
#2035 = UNCERTAINTY_MEASURE_WITH_UNIT (LENGTH_MEASURE( 1.000000000000000082E-05 ), #2239, 'distance_accuracy_value', 'NONE');
#2036 =( GEOMETRIC_REPRESENTATION_CONTEXT ( 3 ) GLOBAL_UNCERTAINTY_ASSIGNED_CONTEXT ( ( #4533 ) ) GLOBAL_UNIT_ASSIGNED_CONTEXT ( ( #5012, #8680, #3191 ) ) REPRESENTATION_CONTEXT ( 'NONE', 'WORKASPACE' ) );
#2037 =( NAMED_UNIT ( * ) PLANE_ANGLE_UNIT ( ) SI_UNIT ( $, .RADIAN. ) );
#2038 = CARTESIAN_POINT ( 'NONE',  ( 7.500000000000000888, 2.500000000000007550, 2.463966244037302911 ) ) ;
#2039 = FILL_AREA_STYLE ('',( #3797 ) ) ;
#2040 = LINE ( 'NONE', #9412, #10151 ) ;
#2041 = CARTESIAN_POINT ( 'NONE',  ( 5.499999999999998224, 9.499999999999992895, 2.100000000000000089 ) ) ;
#2042 = SURFACE_STYLE_USAGE ( .BOTH. , #7488 ) ;
#2043 = DIRECTION ( 'NONE',  ( 1.000000000000000000, 0.000000000000000000, 0.000000000000000000 ) ) ;
#2044 = ADVANCED_FACE ( 'NONE', ( #10991 ), #1820, .T. ) ;
#2045 = SURFACE_SIDE_STYLE ('',( #11525 ) ) ;
#2046 = SURFACE_STYLE_USAGE ( .BOTH. , #9315 ) ;
#2047 = DIRECTION ( 'NONE',  ( -0.000000000000000000, -0.000000000000000000, 1.000000000000000000 ) ) ;
#2048 = VERTEX_POINT ( 'NONE', #9275 ) ;
#2049 = CARTESIAN_POINT ( 'NONE',  ( -9.500000000000000000, -9.499999999999994671, 2.100000000000000089 ) ) ;
#2050 = VERTEX_POINT ( 'NONE', #7403 ) ;
#2051 = VECTOR ( 'NONE', #11135, 1000.000000000000000 ) ;
#2052 = LINE ( 'NONE', #10407, #4597 ) ;
#2053 = FILL_AREA_STYLE_COLOUR ( '', #7044 ) ;
#2054 = ADVANCED_FACE ( 'NONE', ( #1757 ), #10309, .F. ) ;
#2055 =( LENGTH_UNIT ( ) NAMED_UNIT ( * ) SI_UNIT ( .MILLI., .METRE. ) );
#2056 = ORIENTED_EDGE ( 'NONE', *, *, #4142, .F. ) ;
#2057 =( NAMED_UNIT ( * ) SI_UNIT ( $, .STERADIAN. ) SOLID_ANGLE_UNIT ( ) );
#2058 = CIRCLE ( 'NONE', #9022, 1.486033755962697267 ) ;
#2059 = SURFACE_STYLE_FILL_AREA ( #10353 ) ;
#2060 = DIRECTION ( 'NONE',  ( 0.000000000000000000, 1.000000000000000000, 0.000000000000000000 ) ) ;
#2061 = VERTEX_POINT ( 'NONE', #4070 ) ;
#2062 = ORIENTED_EDGE ( 'NONE', *, *, #8809, .F. ) ;
#2063 = EDGE_CURVE ( 'NONE', #1719, #4539, #9682, .T. ) ;
#2064 = CARTESIAN_POINT ( 'NONE',  ( -2.604026083246159029, -13.44012937056731793, 1.600000000000000089 ) ) ;
#2065 = SURFACE_STYLE_USAGE ( .BOTH. , #1051 ) ;
#2066 = CARTESIAN_POINT ( 'NONE',  ( 0.5000000000000002220, 5.499999999999992006, 2.100000000000000089 ) ) ;
#2067 = ORIENTED_EDGE ( 'NONE', *, *, #497, .F. ) ;
#2068 = DIRECTION ( 'NONE',  ( -0.000000000000000000, -0.000000000000000000, 1.000000000000000000 ) ) ;
#2069 = FILL_AREA_STYLE_COLOUR ( '', #4262 ) ;
#2070 = CARTESIAN_POINT ( 'NONE',  ( -4.500000000000001776, 5.499999999999991118, 2.100000000000000089 ) ) ;
#2071 = SURFACE_STYLE_USAGE ( .BOTH. , #4137 ) ;
#2072 = PRESENTATION_STYLE_ASSIGNMENT (( #10256 ) ) ;
#2073 = DIRECTION ( 'NONE',  ( 1.000000000000000000, 0.000000000000000000, 0.000000000000000000 ) ) ;
#2074 = AXIS2_PLACEMENT_3D ( 'NONE', #3776, #9218, #3655 ) ;
#2075 = STYLED_ITEM ( 'NONE', ( #7871 ), #10590 ) ;
#2076 = PRESENTATION_STYLE_ASSIGNMENT (( #8445 ) ) ;
#2077 = ORIENTED_EDGE ( 'NONE', *, *, #9706, .T. ) ;
#2078 = EDGE_CURVE ( 'NONE', #8948, #5391, #1159, .T. ) ;
#2079 = CARTESIAN_POINT ( 'NONE',  ( -5.500000000000000000, 4.499999999999996447, 1.600000000000000089 ) ) ;
#2080 = DIRECTION ( 'NONE',  ( 1.000000000000000000, 0.000000000000000000, 0.000000000000000000 ) ) ;
#2081 = DIRECTION ( 'NONE',  ( 0.000000000000000000, 0.000000000000000000, 1.000000000000000000 ) ) ;
#2082 = SURFACE_STYLE_FILL_AREA ( #8394 ) ;
#2083 = ADVANCED_FACE ( 'NONE', ( #432 ), #8592, .T. ) ;
#2084 = EDGE_LOOP ( 'NONE', ( #3203, #7293, #8251, #7399 ) ) ;
#2085 = SURFACE_STYLE_USAGE ( .BOTH. , #8608 ) ;
#2086 = COLOUR_RGB ( '',0.7529411764705882248, 0.7529411764705882248, 0.7529411764705882248 ) ;
#2087 = FILL_AREA_STYLE_COLOUR ( '', #6606 ) ;
#2088 =( LENGTH_UNIT ( ) NAMED_UNIT ( * ) SI_UNIT ( .MILLI., .METRE. ) );
#2089 = UNCERTAINTY_MEASURE_WITH_UNIT (LENGTH_MEASURE( 1.000000000000000082E-05 ), #4775, 'distance_accuracy_value', 'NONE');
#2090 = DIRECTION ( 'NONE',  ( 0.000000000000000000, -1.000000000000000000, 0.000000000000000000 ) ) ;
#2091 = PRESENTATION_LAYER_ASSIGNMENT (  '', '', ( #11560 ) ) ;
#2092 = CARTESIAN_POINT ( 'NONE',  ( -12.94999999999999396, -11.35000000000000142, 1.600000000000000089 ) ) ;
#2093 = EDGE_CURVE ( 'NONE', #1200, #11439, #7694, .T. ) ;
#2094 = MECHANICAL_DESIGN_GEOMETRIC_PRESENTATION_REPRESENTATION (  '', ( #5793 ), #7 ) ;
#2095 = CARTESIAN_POINT ( 'NONE',  ( -2.499999999999997780, -2.499999999999991118, 2.100000000000000089 ) ) ;
#2096 = SURFACE_SIDE_STYLE ('',( #3922 ) ) ;
#2097 = DIRECTION ( 'NONE',  ( -0.000000000000000000, -0.000000000000000000, 1.000000000000000000 ) ) ;
#2098 = FILL_AREA_STYLE ('',( #1241 ) ) ;
#2099 = CARTESIAN_POINT ( 'NONE',  ( 4.500000000000000888, 4.499999999999996447, 2.100000000000000089 ) ) ;
#2100 = CIRCLE ( 'NONE', #351, 1.486033755962697267 ) ;
#2101 = MECHANICAL_DESIGN_GEOMETRIC_PRESENTATION_REPRESENTATION (  '', ( #1506 ), #2300 ) ;
#2102 = MECHANICAL_DESIGN_GEOMETRIC_PRESENTATION_REPRESENTATION (  '', ( #6759 ), #756 ) ;
#2103 = SURFACE_STYLE_FILL_AREA ( #2905 ) ;
#2104 = CARTESIAN_POINT ( 'NONE',  ( 6.013966244037304065, -2.499999999999992895, 2.463966244037302911 ) ) ;
#2105 = ORIENTED_EDGE ( 'NONE', *, *, #6380, .T. ) ;
#2106 = CARTESIAN_POINT ( 'NONE',  ( -7.499999999999997335, -7.499999999999990230, 2.463966244037302911 ) ) ;
#2107 = ORIENTED_EDGE ( 'NONE', *, *, #1389, .F. ) ;
#2108 = EDGE_LOOP ( 'NONE', ( #3354, #3993, #4801, #10793 ) ) ;
#2109 = AXIS2_PLACEMENT_3D ( 'NONE', #1510, #997, #6629 ) ;
#2110 = ORIENTED_EDGE ( 'NONE', *, *, #11721, .F. ) ;
#2111 = CIRCLE ( 'NONE', #10432, 1.386033755962696956 ) ;
#2112 = STYLED_ITEM ( 'NONE', ( #10578 ), #3779 ) ;
#2113 =( LENGTH_UNIT ( ) NAMED_UNIT ( * ) SI_UNIT ( .MILLI., .METRE. ) );
#2114 = MECHANICAL_DESIGN_GEOMETRIC_PRESENTATION_REPRESENTATION (  '', ( #6586 ), #8126 ) ;
#2115 =( LENGTH_UNIT ( ) NAMED_UNIT ( * ) SI_UNIT ( .MILLI., .METRE. ) );
#2116 =( GEOMETRIC_REPRESENTATION_CONTEXT ( 3 ) GLOBAL_UNCERTAINTY_ASSIGNED_CONTEXT ( ( #7584 ) ) GLOBAL_UNIT_ASSIGNED_CONTEXT ( ( #4933, #10548, #9687 ) ) REPRESENTATION_CONTEXT ( 'NONE', 'WORKASPACE' ) );
#2117 = CIRCLE ( 'NONE', #6775, 1.386033755962696956 ) ;
#2118 = DIRECTION ( 'NONE',  ( 0.000000000000000000, 0.000000000000000000, -1.000000000000000000 ) ) ;
#2119 = ORIENTED_EDGE ( 'NONE', *, *, #5062, .T. ) ;
#2120 = VECTOR ( 'NONE', #8613, 1000.000000000000000 ) ;
#2121 = ORIENTED_EDGE ( 'NONE', *, *, #7451, .T. ) ;
#2122 = VERTEX_POINT ( 'NONE', #10363 ) ;
#2123 = FILL_AREA_STYLE_COLOUR ( '', #904 ) ;
#2124 = SURFACE_STYLE_FILL_AREA ( #6020 ) ;
#2125 = STYLED_ITEM ( 'NONE', ( #8760 ), #6065 ) ;
#2126 =( GEOMETRIC_REPRESENTATION_CONTEXT ( 3 ) GLOBAL_UNCERTAINTY_ASSIGNED_CONTEXT ( ( #1040 ) ) GLOBAL_UNIT_ASSIGNED_CONTEXT ( ( #3278, #7020, #4193 ) ) REPRESENTATION_CONTEXT ( 'NONE', 'WORKASPACE' ) );
#2127 = DIRECTION ( 'NONE',  ( -0.000000000000000000, -0.000000000000000000, 1.000000000000000000 ) ) ;
#2128 = MECHANICAL_DESIGN_GEOMETRIC_PRESENTATION_REPRESENTATION (  '', ( #10070 ), #1537 ) ;
#2129 =( NAMED_UNIT ( * ) PLANE_ANGLE_UNIT ( ) SI_UNIT ( $, .RADIAN. ) );
#2130 = AXIS2_PLACEMENT_3D ( 'NONE', #139, #6334, #3763 ) ;
#2131 = EDGE_CURVE ( 'NONE', #156, #10112, #263, .T. ) ;
#2132 = CARTESIAN_POINT ( 'NONE',  ( 13.17499999999999893, -13.17499999999999893, 0.000000000000000000 ) ) ;
#2133 = EDGE_CURVE ( 'NONE', #9254, #5947, #4521, .T. ) ;
#2134 = VERTEX_POINT ( 'NONE', #10424 ) ;
#2135 = VECTOR ( 'NONE', #4363, 1000.000000000000000 ) ;
#2136 = PRESENTATION_LAYER_ASSIGNMENT (  '', '', ( #1935 ) ) ;
#2137 = LINE ( 'NONE', #153, #5234 ) ;
#2138 = CARTESIAN_POINT ( 'NONE',  ( 7.500000000000000000, 7.500000000000007105, 2.463966244037302911 ) ) ;
#2139 = PRESENTATION_LAYER_ASSIGNMENT (  '', '', ( #7955 ) ) ;
#2140 = FACE_OUTER_BOUND ( 'NONE', #1499, .T. ) ;
#2141 = FACE_OUTER_BOUND ( 'NONE', #6196, .T. ) ;
#2142 = EDGE_LOOP ( 'NONE', ( #3389, #7272, #10310, #4384 ) ) ;
#2143 =( LENGTH_UNIT ( ) NAMED_UNIT ( * ) SI_UNIT ( .MILLI., .METRE. ) );
#2144 = PLANE ( 'NONE',  #5768 ) ;
#2145 =( NAMED_UNIT ( * ) PLANE_ANGLE_UNIT ( ) SI_UNIT ( $, .RADIAN. ) );
#2146 =( GEOMETRIC_REPRESENTATION_CONTEXT ( 3 ) GLOBAL_UNCERTAINTY_ASSIGNED_CONTEXT ( ( #11563 ) ) GLOBAL_UNIT_ASSIGNED_CONTEXT ( ( #5517, #5384, #9181 ) ) REPRESENTATION_CONTEXT ( 'NONE', 'WORKASPACE' ) );
#2147 = DIRECTION ( 'NONE',  ( 1.000000000000000000, 4.336808689942016750E-16, 0.000000000000000000 ) ) ;
#2148 = EDGE_CURVE ( 'NONE', #6376, #4982, #9523, .T. ) ;
#2149 =( GEOMETRIC_REPRESENTATION_CONTEXT ( 3 ) GLOBAL_UNCERTAINTY_ASSIGNED_CONTEXT ( ( #8974 ) ) GLOBAL_UNIT_ASSIGNED_CONTEXT ( ( #4737, #9071, #2847 ) ) REPRESENTATION_CONTEXT ( 'NONE', 'WORKASPACE' ) );
#2150 = DIRECTION ( 'NONE',  ( 0.000000000000000000, 1.000000000000000000, 0.000000000000000000 ) ) ;
#2151 = CARTESIAN_POINT ( 'NONE',  ( -8.986033755962694158, -2.499999999999990230, 2.100000000000000089 ) ) ;
#2152 =( GEOMETRIC_REPRESENTATION_CONTEXT ( 3 ) GLOBAL_UNCERTAINTY_ASSIGNED_CONTEXT ( ( #5165 ) ) GLOBAL_UNIT_ASSIGNED_CONTEXT ( ( #6649, #4890, #224 ) ) REPRESENTATION_CONTEXT ( 'NONE', 'WORKASPACE' ) );
#2153 = COLOUR_RGB ( '',0.7529411764705882248, 0.7529411764705882248, 0.7529411764705882248 ) ;
#2154 = CARTESIAN_POINT ( 'NONE',  ( 7.500000000000002665, -7.499999999999992895, 3.950000000000000178 ) ) ;
#2155 =( NAMED_UNIT ( * ) SI_UNIT ( $, .STERADIAN. ) SOLID_ANGLE_UNIT ( ) );
#2156 = DIRECTION ( 'NONE',  ( 1.000000000000000000, -4.336808689942018722E-16, 0.000000000000000000 ) ) ;
#2157 = LINE ( 'NONE', #10518, #9401 ) ;
#2158 = DIRECTION ( 'NONE',  ( 0.000000000000000000, 1.000000000000000000, 0.000000000000000000 ) ) ;
#2159 = EDGE_CURVE ( 'NONE', #10787, #860, #9620, .T. ) ;
#2160 =( GEOMETRIC_REPRESENTATION_CONTEXT ( 3 ) GLOBAL_UNCERTAINTY_ASSIGNED_CONTEXT ( ( #10879 ) ) GLOBAL_UNIT_ASSIGNED_CONTEXT ( ( #4483, #4248, #3333 ) ) REPRESENTATION_CONTEXT ( 'NONE', 'WORKASPACE' ) );
#2161 = MECHANICAL_DESIGN_GEOMETRIC_PRESENTATION_REPRESENTATION (  '', ( #1763 ), #1195 ) ;
#2162 = EDGE_CURVE ( 'NONE', #1156, #11031, #9561, .T. ) ;
#2163 = DIRECTION ( 'NONE',  ( -1.000000000000000000, 0.000000000000000000, 0.000000000000000000 ) ) ;
#2164 = PRESENTATION_STYLE_ASSIGNMENT (( #5933 ) ) ;
#2165 = EDGE_LOOP ( 'NONE', ( #916, #11796, #11702, #3322 ) ) ;
#2166 = DIRECTION ( 'NONE',  ( -0.000000000000000000, -0.000000000000000000, 1.000000000000000000 ) ) ;
#2167 = ORIENTED_EDGE ( 'NONE', *, *, #8794, .T. ) ;
#2168 = ORIENTED_EDGE ( 'NONE', *, *, #9983, .T. ) ;
#2169 = SURFACE_STYLE_USAGE ( .BOTH. , #6123 ) ;
#2170 = COLOUR_RGB ( '',1.000000000000000000, 0.000000000000000000, 0.000000000000000000 ) ;
#2171 = AXIS2_PLACEMENT_3D ( 'NONE', #11455, #9632, #11515 ) ;
#2172 = FILL_AREA_STYLE_COLOUR ( '', #10510 ) ;
#2173 = ORIENTED_EDGE ( 'NONE', *, *, #2441, .T. ) ;
#2174 =( NAMED_UNIT ( * ) PLANE_ANGLE_UNIT ( ) SI_UNIT ( $, .RADIAN. ) );
#2175 =( GEOMETRIC_REPRESENTATION_CONTEXT ( 3 ) GLOBAL_UNCERTAINTY_ASSIGNED_CONTEXT ( ( #11946 ) ) GLOBAL_UNIT_ASSIGNED_CONTEXT ( ( #820, #3544, #8071 ) ) REPRESENTATION_CONTEXT ( 'NONE', 'WORKASPACE' ) );
#2176 = PLANE ( 'NONE',  #11820 ) ;
#2177 = STYLED_ITEM ( 'NONE', ( #2761 ), #10489 ) ;
#2178 = SURFACE_STYLE_USAGE ( .BOTH. , #3948 ) ;
#2179 = VERTEX_POINT ( 'NONE', #9082 ) ;
#2180 = ORIENTED_EDGE ( 'NONE', *, *, #5944, .T. ) ;
#2181 = STYLED_ITEM ( 'NONE', ( #3712 ), #2044 ) ;
#2182 = CARTESIAN_POINT ( 'NONE',  ( 0.5000000000000002220, 5.499999999999992006, 1.600000000000000089 ) ) ;
#2183 = SURFACE_SIDE_STYLE ('',( #6015 ) ) ;
#2184 = DIRECTION ( 'NONE',  ( -1.000000000000000000, -0.000000000000000000, -0.000000000000000000 ) ) ;
#2185 = VERTEX_POINT ( 'NONE', #1564 ) ;
#2186 = DIRECTION ( 'NONE',  ( 1.000000000000000000, 0.000000000000000000, 0.000000000000000000 ) ) ;
#2187 = AXIS2_PLACEMENT_3D ( 'NONE', #1218, #7646, #1954 ) ;
#2188 = EDGE_CURVE ( 'NONE', #11027, #8381, #4906, .T. ) ;
#2189 = EDGE_CURVE ( 'NONE', #3229, #8059, #4324, .T. ) ;
#2190 = FILL_AREA_STYLE_COLOUR ( '', #7226 ) ;
#2191 = ORIENTED_EDGE ( 'NONE', *, *, #5180, .T. ) ;
#2192 = VECTOR ( 'NONE', #7826, 1000.000000000000000 ) ;
#2193 = EDGE_LOOP ( 'NONE', ( #7998, #4316, #5837, #490 ) ) ;
#2194 =( NAMED_UNIT ( * ) PLANE_ANGLE_UNIT ( ) SI_UNIT ( $, .RADIAN. ) );
#2195 = DIRECTION ( 'NONE',  ( 0.000000000000000000, 0.000000000000000000, 1.000000000000000000 ) ) ;
#2196 = DIRECTION ( 'NONE',  ( 0.000000000000000000, 0.000000000000000000, -1.000000000000000000 ) ) ;
#2197 = SURFACE_STYLE_FILL_AREA ( #7835 ) ;
#2198 = ORIENTED_EDGE ( 'NONE', *, *, #6910, .T. ) ;
#2199 = PRODUCT_RELATED_PRODUCT_CATEGORY ( 'part', '', ( #9974 ) ) ;
#2200 = MECHANICAL_DESIGN_GEOMETRIC_PRESENTATION_REPRESENTATION (  '', ( #4152 ), #2411 ) ;
#2201 = DIRECTION ( 'NONE',  ( 1.000000000000000000, 0.000000000000000000, 0.000000000000000000 ) ) ;
#2202 = EDGE_CURVE ( 'NONE', #8697, #7446, #5703, .T. ) ;
#2203 = DIRECTION ( 'NONE',  ( 0.000000000000000000, 0.000000000000000000, 1.000000000000000000 ) ) ;
#2204 = CARTESIAN_POINT ( 'NONE',  ( 5.500000000000000888, -5.499999999999992895, 1.600000000000000089 ) ) ;
#2205 = AXIS2_PLACEMENT_3D ( 'NONE', #11223, #2919, #3946 ) ;
#2206 = AXIS2_PLACEMENT_3D ( 'NONE', #10477, #2238, #9554 ) ;
#2207 = FILL_AREA_STYLE ('',( #11361 ) ) ;
#2208 =( GEOMETRIC_REPRESENTATION_CONTEXT ( 3 ) GLOBAL_UNCERTAINTY_ASSIGNED_CONTEXT ( ( #11310 ) ) GLOBAL_UNIT_ASSIGNED_CONTEXT ( ( #1418, #465, #8804 ) ) REPRESENTATION_CONTEXT ( 'NONE', 'WORKASPACE' ) );
#2209 = CARTESIAN_POINT ( 'NONE',  ( 5.500000000000000000, -4.499999999999999112, 2.100000000000000089 ) ) ;
#2210 = UNCERTAINTY_MEASURE_WITH_UNIT (LENGTH_MEASURE( 1.000000000000000082E-05 ), #2953, 'distance_accuracy_value', 'NONE');
#2211 = PRESENTATION_STYLE_ASSIGNMENT (( #11072 ) ) ;
#2212 = VECTOR ( 'NONE', #2421, 1000.000000000000000 ) ;
#2213 = FILL_AREA_STYLE_COLOUR ( '', #4422 ) ;
#2214 = VERTEX_POINT ( 'NONE', #9754 ) ;
#2215 = EDGE_CURVE ( 'NONE', #7018, #4442, #11461, .T. ) ;
#2216 = SURFACE_STYLE_FILL_AREA ( #5074 ) ;
#2217 = CARTESIAN_POINT ( 'NONE',  ( 2.500000000000002220, -7.499999999999992006, 2.100000000000000089 ) ) ;
#2218 = CARTESIAN_POINT ( 'NONE',  ( 4.000000000000003553, 60.00000000000000711, 2.122000000000000330 ) ) ;
#2219 = SURFACE_SIDE_STYLE ('',( #2272 ) ) ;
#2220 = MECHANICAL_DESIGN_GEOMETRIC_PRESENTATION_REPRESENTATION (  '', ( #5549 ), #11707 ) ;
#2221 = AXIS2_PLACEMENT_3D ( 'NONE', #10514, #7903, #1238 ) ;
#2222 = DIRECTION ( 'NONE',  ( 0.000000000000000000, 0.000000000000000000, 1.000000000000000000 ) ) ;
#2223 =( NAMED_UNIT ( * ) PLANE_ANGLE_UNIT ( ) SI_UNIT ( $, .RADIAN. ) );
#2224 =( GEOMETRIC_REPRESENTATION_CONTEXT ( 3 ) GLOBAL_UNCERTAINTY_ASSIGNED_CONTEXT ( ( #2460 ) ) GLOBAL_UNIT_ASSIGNED_CONTEXT ( ( #1220, #11395, #8600 ) ) REPRESENTATION_CONTEXT ( 'NONE', 'WORKASPACE' ) );
#2225 = DIRECTION ( 'NONE',  ( -1.000000000000000000, -0.000000000000000000, -0.000000000000000000 ) ) ;
#2226 = ORIENTED_EDGE ( 'NONE', *, *, #1654, .T. ) ;
#2227 = CARTESIAN_POINT ( 'NONE',  ( 2.500000000000002220, -7.499999999999992006, 2.463966244037302911 ) ) ;
#2228 = ORIENTED_EDGE ( 'NONE', *, *, #9110, .T. ) ;
#2229 = DIRECTION ( 'NONE',  ( 5.421010862427526484E-17, 1.000000000000000000, 0.000000000000000000 ) ) ;
#2230 = DIRECTION ( 'NONE',  ( 0.000000000000000000, 0.000000000000000000, -1.000000000000000000 ) ) ;
#2231 = ADVANCED_FACE ( 'NONE', ( #9805 ), #2497, .T. ) ;
#2232 = CARTESIAN_POINT ( 'NONE',  ( 5.499999999999999112, 0.4999999999999961142, 2.100000000000000089 ) ) ;
#2233 = CIRCLE ( 'NONE', #8988, 1.386033755962696956 ) ;
#2234 =( NAMED_UNIT ( * ) PLANE_ANGLE_UNIT ( ) SI_UNIT ( $, .RADIAN. ) );
#2235 = ORIENTED_EDGE ( 'NONE', *, *, #11762, .T. ) ;
#2236 = EDGE_CURVE ( 'NONE', #7398, #7624, #8891, .T. ) ;
#2237 = LINE ( 'NONE', #10533, #10445 ) ;
#2238 = DIRECTION ( 'NONE',  ( 0.000000000000000000, -1.000000000000000000, 0.000000000000000000 ) ) ;
#2239 =( LENGTH_UNIT ( ) NAMED_UNIT ( * ) SI_UNIT ( .MILLI., .METRE. ) );
#2240 =( NAMED_UNIT ( * ) SI_UNIT ( $, .STERADIAN. ) SOLID_ANGLE_UNIT ( ) );
#2241 = CARTESIAN_POINT ( 'NONE',  ( 4.000000000000003553, 60.00000000000000711, 1.800000000000000044 ) ) ;
#2242 = ORIENTED_EDGE ( 'NONE', *, *, #5992, .T. ) ;
#2243 = ORIENTED_EDGE ( 'NONE', *, *, #1313, .F. ) ;
#2244 = DIRECTION ( 'NONE',  ( -2.710505431213761701E-17, -1.000000000000000000, -0.000000000000000000 ) ) ;
#2245 = DIRECTION ( 'NONE',  ( -1.000000000000000000, 0.000000000000000000, 0.000000000000000000 ) ) ;
#2246 =( NAMED_UNIT ( * ) SI_UNIT ( $, .STERADIAN. ) SOLID_ANGLE_UNIT ( ) );
#2247 = ORIENTED_EDGE ( 'NONE', *, *, #9008, .F. ) ;
#2248 = PRESENTATION_STYLE_ASSIGNMENT (( #9622 ) ) ;
#2249 = DIRECTION ( 'NONE',  ( 0.000000000000000000, 1.000000000000000000, 0.000000000000000000 ) ) ;
#2250 = DIRECTION ( 'NONE',  ( 0.000000000000000000, 1.000000000000000000, 0.000000000000000000 ) ) ;
#2251 = DIRECTION ( 'NONE',  ( -0.000000000000000000, -0.000000000000000000, -1.000000000000000000 ) ) ;
#2252 = SURFACE_SIDE_STYLE ('',( #7648 ) ) ;
#2253 = VERTEX_POINT ( 'NONE', #8829 ) ;
#2254 = ORIENTED_EDGE ( 'NONE', *, *, #7039, .T. ) ;
#2255 = CARTESIAN_POINT ( 'NONE',  ( -3.999999999999993339, -12.34027113312490620, 1.800000000000000044 ) ) ;
#2256 = CARTESIAN_POINT ( 'NONE',  ( 2.500000000000000444, 3.986033755962704817, 2.463966244037302911 ) ) ;
#2257 = ORIENTED_EDGE ( 'NONE', *, *, #3700, .F. ) ;
#2258 = CARTESIAN_POINT ( 'NONE',  ( -4.500000000000000888, 4.499999999999998224, 1.600000000000000089 ) ) ;
#2259 = SURFACE_STYLE_USAGE ( .BOTH. , #4154 ) ;
#2260 = COLOUR_RGB ( '',0.7529411764705882248, 0.7529411764705882248, 0.7529411764705882248 ) ;
#2261 =( NAMED_UNIT ( * ) SI_UNIT ( $, .STERADIAN. ) SOLID_ANGLE_UNIT ( ) );
#2262 = COLOUR_RGB ( '',0.7529411764705882248, 0.7529411764705882248, 0.7529411764705882248 ) ;
#2263 = UNCERTAINTY_MEASURE_WITH_UNIT (LENGTH_MEASURE( 1.000000000000000082E-05 ), #9282, 'distance_accuracy_value', 'NONE');
#2264 = DIRECTION ( 'NONE',  ( 1.000000000000000000, 0.000000000000000000, 0.000000000000000000 ) ) ;
#2265 = DIRECTION ( 'NONE',  ( -0.000000000000000000, -0.000000000000000000, 1.000000000000000000 ) ) ;
#2266 = PRESENTATION_STYLE_ASSIGNMENT (( #11530 ) ) ;
#2267 =( LENGTH_UNIT ( ) NAMED_UNIT ( * ) SI_UNIT ( .MILLI., .METRE. ) );
#2268 = ORIENTED_EDGE ( 'NONE', *, *, #3863, .T. ) ;
#2269 = DIRECTION ( 'NONE',  ( 0.000000000000000000, 0.000000000000000000, -1.000000000000000000 ) ) ;
#2270 = DIRECTION ( 'NONE',  ( -0.000000000000000000, -0.000000000000000000, -1.000000000000000000 ) ) ;
#2271 = PRESENTATION_STYLE_ASSIGNMENT (( #10069 ) ) ;
#2272 = SURFACE_STYLE_FILL_AREA ( #5141 ) ;
#2273 = UNCERTAINTY_MEASURE_WITH_UNIT (LENGTH_MEASURE( 1.000000000000000082E-05 ), #2088, 'distance_accuracy_value', 'NONE');
#2274 = FILL_AREA_STYLE_COLOUR ( '', #10845 ) ;
#2275 = CARTESIAN_POINT ( 'NONE',  ( 7.500000000000002665, -7.499999999999992895, 2.463966244037302911 ) ) ;
#2276 = COLOUR_RGB ( '',0.7529411764705882248, 0.7529411764705882248, 0.7529411764705882248 ) ;
#2277 =( NAMED_UNIT ( * ) PLANE_ANGLE_UNIT ( ) SI_UNIT ( $, .RADIAN. ) );
#2278 = ADVANCED_FACE ( 'NONE', ( #1498 ), #4257, .F. ) ;
#2279 =( NAMED_UNIT ( * ) SI_UNIT ( $, .STERADIAN. ) SOLID_ANGLE_UNIT ( ) );
#2280 = ORIENTED_EDGE ( 'NONE', *, *, #8821, .F. ) ;
#2281 = LINE ( 'NONE', #530, #1951 ) ;
#2282 = EDGE_LOOP ( 'NONE', ( #10829, #1737 ) ) ;
#2283 = DIRECTION ( 'NONE',  ( -1.000000000000000000, -0.000000000000000000, -0.000000000000000000 ) ) ;
#2284 =( NAMED_UNIT ( * ) SI_UNIT ( $, .STERADIAN. ) SOLID_ANGLE_UNIT ( ) );
#2285 = DIRECTION ( 'NONE',  ( 0.000000000000000000, -1.000000000000000000, 0.000000000000000000 ) ) ;
#2286 = CARTESIAN_POINT ( 'NONE',  ( 1.113966244037304376, -2.499999999999992006, 2.100000000000000089 ) ) ;
#2287 = SURFACE_SIDE_STYLE ('',( #3941 ) ) ;
#2288 = VERTEX_POINT ( 'NONE', #11701 ) ;
#2289 = VECTOR ( 'NONE', #11574, 1000.000000000000000 ) ;
#2290 = FACE_OUTER_BOUND ( 'NONE', #8435, .T. ) ;
#2291 = STYLED_ITEM ( 'NONE', ( #6338 ), #5243 ) ;
#2292 = DIRECTION ( 'NONE',  ( -0.000000000000000000, -0.000000000000000000, 1.000000000000000000 ) ) ;
#2293 =( LENGTH_UNIT ( ) NAMED_UNIT ( * ) SI_UNIT ( .MILLI., .METRE. ) );
#2294 = ADVANCED_FACE ( 'NONE', ( #3404 ), #2375, .F. ) ;
#2295 = DIRECTION ( 'NONE',  ( -0.000000000000000000, -0.000000000000000000, 1.000000000000000000 ) ) ;
#2296 = ADVANCED_FACE ( 'NONE', ( #2737 ), #1807, .F. ) ;
#2297 = DIRECTION ( 'NONE',  ( 1.000000000000000000, 0.000000000000000000, 0.000000000000000000 ) ) ;
#2298 = AXIS2_PLACEMENT_3D ( 'NONE', #537, #262, #10775 ) ;
#2299 = VERTEX_POINT ( 'NONE', #10975 ) ;
#2300 =( GEOMETRIC_REPRESENTATION_CONTEXT ( 3 ) GLOBAL_UNCERTAINTY_ASSIGNED_CONTEXT ( ( #3469 ) ) GLOBAL_UNIT_ASSIGNED_CONTEXT ( ( #5346, #11082, #726 ) ) REPRESENTATION_CONTEXT ( 'NONE', 'WORKASPACE' ) );
#2301 = ORIENTED_EDGE ( 'NONE', *, *, #8575, .T. ) ;
#2302 = PRESENTATION_LAYER_ASSIGNMENT (  '', '', ( #5808 ) ) ;
#2303 = SPHERICAL_SURFACE ( 'NONE', #3293, 1.486033755962697267 ) ;
#2304 = EDGE_LOOP ( 'NONE', ( #10479, #494, #1835, #2498 ) ) ;
#2305 = CARTESIAN_POINT ( 'NONE',  ( 5.395973916753827204, 12.34027113312489909, 1.610000000000000098 ) ) ;
#2306 = PRESENTATION_STYLE_ASSIGNMENT (( #7758 ) ) ;
#2307 = VERTEX_POINT ( 'NONE', #4746 ) ;
#2308 = LINE ( 'NONE', #7609, #7274 ) ;
#2309 = DIRECTION ( 'NONE',  ( -0.000000000000000000, -0.000000000000000000, 1.000000000000000000 ) ) ;
#2310 = FACE_OUTER_BOUND ( 'NONE', #4252, .T. ) ;
#2311 = VECTOR ( 'NONE', #3407, 1000.000000000000000 ) ;
#2312 = CARTESIAN_POINT ( 'NONE',  ( 7.500000000000002665, -6.013966244037295183, 2.463966244037302911 ) ) ;
#2313 = PRESENTATION_LAYER_ASSIGNMENT (  '', '', ( #8326 ) ) ;
#2314 =( LENGTH_UNIT ( ) NAMED_UNIT ( * ) SI_UNIT ( .MILLI., .METRE. ) );
#2315 = COLOUR_RGB ( '',1.000000000000000000, 1.000000000000000000, 0.000000000000000000 ) ;
#2316 = EDGE_LOOP ( 'NONE', ( #4194, #4499, #612, #11860, #1721 ) ) ;
#2317 = VERTEX_POINT ( 'NONE', #4498 ) ;
#2318 = SURFACE_STYLE_USAGE ( .BOTH. , #372 ) ;
#2319 = PRESENTATION_STYLE_ASSIGNMENT (( #9451 ) ) ;
#2320 = VECTOR ( 'NONE', #3643, 1000.000000000000000 ) ;
#2321 = AXIS2_PLACEMENT_3D ( 'NONE', #550, #7936, #5352 ) ;
#2322 = CARTESIAN_POINT ( 'NONE',  ( 5.500000000000000000, -0.4999999999999970024, 1.600000000000000089 ) ) ;
#2323 = DIRECTION ( 'NONE',  ( -0.000000000000000000, -0.000000000000000000, 1.000000000000000000 ) ) ;
#2324 = ORIENTED_EDGE ( 'NONE', *, *, #5577, .T. ) ;
#2325 = FACE_OUTER_BOUND ( 'NONE', #2165, .T. ) ;
#2326 = VECTOR ( 'NONE', #2458, 1000.000000000000000 ) ;
#2327 = DIRECTION ( 'NONE',  ( 0.000000000000000000, 0.000000000000000000, 1.000000000000000000 ) ) ;
#2328 = PRESENTATION_LAYER_ASSIGNMENT (  '', '', ( #7543 ) ) ;
#2329 = CARTESIAN_POINT ( 'NONE',  ( 2.500000000000001332, -3.986033755962689273, 2.463966244037302911 ) ) ;
#2330 = LINE ( 'NONE', #1409, #5019 ) ;
#2331 = STYLED_ITEM ( 'NONE', ( #6351 ), #1697 ) ;
#2332 = FILL_AREA_STYLE ('',( #9709 ) ) ;
#2333 = PRESENTATION_LAYER_ASSIGNMENT (  '', '', ( #7552 ) ) ;
#2334 = MECHANICAL_DESIGN_GEOMETRIC_PRESENTATION_REPRESENTATION (  '', ( #9069 ), #5993 ) ;
#2335 = UNCERTAINTY_MEASURE_WITH_UNIT (LENGTH_MEASURE( 1.000000000000000082E-05 ), #7002, 'distance_accuracy_value', 'NONE');
#2336 = DIRECTION ( 'NONE',  ( -0.000000000000000000, -0.000000000000000000, 1.000000000000000000 ) ) ;
#2337 = DIRECTION ( 'NONE',  ( -0.000000000000000000, -0.000000000000000000, -1.000000000000000000 ) ) ;
#2338 = DIRECTION ( 'NONE',  ( 0.000000000000000000, 0.000000000000000000, -1.000000000000000000 ) ) ;
#2339 = ORIENTED_EDGE ( 'NONE', *, *, #957, .T. ) ;
#2340 = SHAPE_DEFINITION_REPRESENTATION ( #10751, #857 ) ;
#2341 = DIRECTION ( 'NONE',  ( -0.000000000000000000, -0.000000000000000000, 1.000000000000000000 ) ) ;
#2342 = CIRCLE ( 'NONE', #9672, 1.500000000000000000 ) ;
#2343 = COLOUR_RGB ( '',0.7529411764705882248, 0.7529411764705882248, 0.7529411764705882248 ) ;
#2344 = DIRECTION ( 'NONE',  ( -0.000000000000000000, -0.000000000000000000, -1.000000000000000000 ) ) ;
#2345 = DIRECTION ( 'NONE',  ( -2.710505431213761701E-17, -1.000000000000000000, -0.000000000000000000 ) ) ;
#2346 = UNCERTAINTY_MEASURE_WITH_UNIT (LENGTH_MEASURE( 1.000000000000000082E-05 ), #5168, 'distance_accuracy_value', 'NONE');
#2347 = FILL_AREA_STYLE_COLOUR ( '', #6422 ) ;
#2348 = AXIS2_PLACEMENT_3D ( 'NONE', #8576, #2047, #1196 ) ;
#2349 =( LENGTH_UNIT ( ) NAMED_UNIT ( * ) SI_UNIT ( .MILLI., .METRE. ) );
#2350 = CARTESIAN_POINT ( 'NONE',  ( 2.500000000000001332, -2.499999999999992006, 2.463966244037302911 ) ) ;
#2351 = AXIS2_PLACEMENT_3D ( 'NONE', #11249, #4824, #8453 ) ;
#2352 = EDGE_LOOP ( 'NONE', ( #9596, #3907, #11003, #9889 ) ) ;
#2353 = STYLED_ITEM ( 'NONE', ( #677 ), #1550 ) ;
#2354 = ORIENTED_EDGE ( 'NONE', *, *, #6333, .F. ) ;
#2355 = PRESENTATION_STYLE_ASSIGNMENT (( #5881 ) ) ;
#2356 = DIRECTION ( 'NONE',  ( 1.000000000000000000, 0.000000000000000000, 0.000000000000000000 ) ) ;
#2357 = DIRECTION ( 'NONE',  ( 1.000000000000000000, 0.000000000000000000, 0.000000000000000000 ) ) ;
#2358 = PLANE ( 'NONE',  #1705 ) ;
#2359 = CARTESIAN_POINT ( 'NONE',  ( 9.500000000000000000, 9.499999999999991118, 2.100000000000000089 ) ) ;
#2360 = ORIENTED_EDGE ( 'NONE', *, *, #10270, .F. ) ;
#2361 = EDGE_CURVE ( 'NONE', #8034, #2317, #7232, .T. ) ;
#2362 =( NAMED_UNIT ( * ) SI_UNIT ( $, .STERADIAN. ) SOLID_ANGLE_UNIT ( ) );
#2363 = AXIS2_PLACEMENT_3D ( 'NONE', #1584, #4459, #830 ) ;
#2365 = EDGE_CURVE ( 'NONE', #5493, #181, #979, .T. ) ;
#2364 = DIRECTION ( 'NONE',  ( 1.000000000000000000, 0.000000000000000000, 0.000000000000000000 ) ) ;
#2366 = FACE_OUTER_BOUND ( 'NONE', #4671, .T. ) ;
#2367 = LINE ( 'NONE', #7813, #2967 ) ;
#2368 = ORIENTED_EDGE ( 'NONE', *, *, #2969, .T. ) ;
#2369 = PRESENTATION_LAYER_ASSIGNMENT (  '', '', ( #7209 ) ) ;
#2370 = MECHANICAL_DESIGN_GEOMETRIC_PRESENTATION_REPRESENTATION (  '', ( #11846 ), #10297 ) ;
#2371 = ORIENTED_EDGE ( 'NONE', *, *, #3130, .T. ) ;
#2372 = EDGE_LOOP ( 'NONE', ( #9276, #9336 ) ) ;
#2373 =( LENGTH_UNIT ( ) NAMED_UNIT ( * ) SI_UNIT ( .MILLI., .METRE. ) );
#2374 = UNCERTAINTY_MEASURE_WITH_UNIT (LENGTH_MEASURE( 1.000000000000000082E-05 ), #11573, 'distance_accuracy_value', 'NONE');
#2375 = PLANE ( 'NONE',  #5514 ) ;
#2376 = VERTEX_POINT ( 'NONE', #1744 ) ;
#2377 = ADVANCED_FACE ( 'NONE', ( #11877 ), #865, .F. ) ;
#2378 = STYLED_ITEM ( 'NONE', ( #2391 ), #1918 ) ;
#2379 = FACE_OUTER_BOUND ( 'NONE', #9332, .T. ) ;
#2380 = SURFACE_STYLE_FILL_AREA ( #11759 ) ;
#2381 = DIRECTION ( 'NONE',  ( 0.000000000000000000, 0.000000000000000000, -1.000000000000000000 ) ) ;
#2382 =( GEOMETRIC_REPRESENTATION_CONTEXT ( 3 ) GLOBAL_UNCERTAINTY_ASSIGNED_CONTEXT ( ( #2273 ) ) GLOBAL_UNIT_ASSIGNED_CONTEXT ( ( #2088, #1229, #3126 ) ) REPRESENTATION_CONTEXT ( 'NONE', 'WORKASPACE' ) );
#2383 = CARTESIAN_POINT ( 'NONE',  ( 0.5000000000000003331, 9.499999999999991118, 2.100000000000000089 ) ) ;
#2384 = DIRECTION ( 'NONE',  ( -0.000000000000000000, -0.000000000000000000, 1.000000000000000000 ) ) ;
#2385 = ORIENTED_EDGE ( 'NONE', *, *, #261, .T. ) ;
#2386 = ORIENTED_EDGE ( 'NONE', *, *, #1529, .F. ) ;
#2387 = DIRECTION ( 'NONE',  ( -0.000000000000000000, -0.000000000000000000, 1.000000000000000000 ) ) ;
#2388 = PLANE ( 'NONE',  #9704 ) ;
#2389 = AXIS2_PLACEMENT_3D ( 'NONE', #10618, #7780, #1983 ) ;
#2390 = CARTESIAN_POINT ( 'NONE',  ( 9.500000000000001776, -0.4999999999999987232, 2.100000000000000089 ) ) ;
#2391 = PRESENTATION_STYLE_ASSIGNMENT (( #7099 ) ) ;
#2392 = VERTEX_POINT ( 'NONE', #3755 ) ;
#2393 = ADVANCED_FACE ( 'NONE', ( #5027 ), #7623, .T. ) ;
#2394 = ADVANCED_FACE ( 'NONE', ( #8477 ), #1311, .T. ) ;
#2396 = EDGE_CURVE ( 'NONE', #1802, #6495, #5775, .T. ) ;
#2395 = DIRECTION ( 'NONE',  ( -1.000000000000000000, 0.000000000000000000, 0.000000000000000000 ) ) ;
#2397 = STYLED_ITEM ( 'NONE', ( #6839 ), #2432 ) ;
#2398 = PLANE ( 'NONE',  #355 ) ;
#2399 = AXIS2_PLACEMENT_3D ( 'NONE', #10552, #5051, #1446 ) ;
#2400 = CARTESIAN_POINT ( 'NONE',  ( -4.499999999999999112, -5.499999999999992895, 2.100000000000000089 ) ) ;
#2401 = AXIS2_PLACEMENT_3D ( 'NONE', #4835, #4039, #2960 ) ;
#2402 = SURFACE_STYLE_FILL_AREA ( #1293 ) ;
#2403 = ORIENTED_EDGE ( 'NONE', *, *, #5060, .T. ) ;
#2404 = SURFACE_SIDE_STYLE ('',( #3309 ) ) ;
#2405 = EDGE_CURVE ( 'NONE', #1805, #325, #2979, .T. ) ;
#2406 = LINE ( 'NONE', #9779, #6772 ) ;
#2407 =( LENGTH_UNIT ( ) NAMED_UNIT ( * ) SI_UNIT ( .MILLI., .METRE. ) );
#2409 = PRESENTATION_STYLE_ASSIGNMENT (( #5078 ) ) ;
#2408 =( GEOMETRIC_REPRESENTATION_CONTEXT ( 3 ) GLOBAL_UNCERTAINTY_ASSIGNED_CONTEXT ( ( #6237 ) ) GLOBAL_UNIT_ASSIGNED_CONTEXT ( ( #8939, #5098, #1376 ) ) REPRESENTATION_CONTEXT ( 'NONE', 'WORKASPACE' ) );
#2410 = DIRECTION ( 'NONE',  ( -0.000000000000000000, -0.000000000000000000, -1.000000000000000000 ) ) ;
#2411 =( GEOMETRIC_REPRESENTATION_CONTEXT ( 3 ) GLOBAL_UNCERTAINTY_ASSIGNED_CONTEXT ( ( #2742 ) ) GLOBAL_UNIT_ASSIGNED_CONTEXT ( ( #1977, #8681, #11261 ) ) REPRESENTATION_CONTEXT ( 'NONE', 'WORKASPACE' ) );
#2412 =( NAMED_UNIT ( * ) SI_UNIT ( $, .STERADIAN. ) SOLID_ANGLE_UNIT ( ) );
#2413 = AXIS2_PLACEMENT_3D ( 'NONE', #4842, #2852, #5720 ) ;
#2414 = VERTEX_POINT ( 'NONE', #7742 ) ;
#2415 = FILL_AREA_STYLE_COLOUR ( '', #3519 ) ;
#2416 = ORIENTED_EDGE ( 'NONE', *, *, #232, .T. ) ;
#2417 = CARTESIAN_POINT ( 'NONE',  ( 9.500000000000000000, 5.499999999999992895, 2.100000000000000089 ) ) ;
#2418 = CARTESIAN_POINT ( 'NONE',  ( -3.986033755962695047, -7.499999999999991118, 2.463966244037302911 ) ) ;
#2419 = SPHERICAL_SURFACE ( 'NONE', #9807, 1.386033755962696956 ) ;
#2420 = STYLED_ITEM ( 'NONE', ( #10574 ), #2693 ) ;
#2421 = DIRECTION ( 'NONE',  ( -0.000000000000000000, -0.000000000000000000, 1.000000000000000000 ) ) ;
#2422 = CARTESIAN_POINT ( 'NONE',  ( 5.500000000000000000, -4.499999999999999112, 1.600000000000000089 ) ) ;
#2423 = VERTEX_POINT ( 'NONE', #9550 ) ;
#2424 = CARTESIAN_POINT ( 'NONE',  ( -5.395973916753827204, -13.44012937056731793, 1.610000000000000098 ) ) ;
#2425 = VECTOR ( 'NONE', #4227, 1000.000000000000000 ) ;
#2426 = LINE ( 'NONE', #3455, #2773 ) ;
#2427 = CIRCLE ( 'NONE', #7046, 1.386033755962696956 ) ;
#2428 = ORIENTED_CLOSED_SHELL ( 'NONE', *, #6720, .F. );
#2429 = CARTESIAN_POINT ( 'NONE',  ( 2.500000000000002220, -7.499999999999992006, 2.100000000000000089 ) ) ;
#2430 = CARTESIAN_POINT ( 'NONE',  ( -2.499999999999999556, 2.500000000000009326, 3.950000000000000178 ) ) ;
#2431 = EDGE_LOOP ( 'NONE', ( #3875, #5456, #8282, #11969 ) ) ;
#2432 = ADVANCED_FACE ( 'NONE', ( #10531 ), #1093, .F. ) ;
#2433 = PRESENTATION_LAYER_ASSIGNMENT (  '', '', ( #5552 ) ) ;
#2434 = EDGE_LOOP ( 'NONE', ( #3873, #4284, #11087, #8888, #21, #2941 ) ) ;
#2435 = ORIENTED_EDGE ( 'NONE', *, *, #11520, .F. ) ;
#2436 = DIRECTION ( 'NONE',  ( 1.000000000000000000, 0.000000000000000000, 0.000000000000000000 ) ) ;
#2437 = DIRECTION ( 'NONE',  ( -0.000000000000000000, -0.000000000000000000, -1.000000000000000000 ) ) ;
#2438 = EDGE_LOOP ( 'NONE', ( #9970, #4846, #5980, #10324 ) ) ;
#2439 = FILL_AREA_STYLE ('',( #2123 ) ) ;
#2440 = CARTESIAN_POINT ( 'NONE',  ( -3.938173249576719215, -12.88972115010010278, 1.610000000000000098 ) ) ;
#2441 = EDGE_CURVE ( 'NONE', #181, #2814, #8103, .T. ) ;
#2442 = DIRECTION ( 'NONE',  ( -0.000000000000000000, -0.000000000000000000, 1.000000000000000000 ) ) ;
#2443 =( GEOMETRIC_REPRESENTATION_CONTEXT ( 3 ) GLOBAL_UNCERTAINTY_ASSIGNED_CONTEXT ( ( #7905 ) ) GLOBAL_UNIT_ASSIGNED_CONTEXT ( ( #1576, #2637, #7886 ) ) REPRESENTATION_CONTEXT ( 'NONE', 'WORKASPACE' ) );
#2444 = DIRECTION ( 'NONE',  ( 1.000000000000000000, 4.336808689942016750E-16, 0.000000000000000000 ) ) ;
#2445 = EDGE_CURVE ( 'NONE', #3463, #7267, #664, .T. ) ;
#2446 = ORIENTED_EDGE ( 'NONE', *, *, #1425, .F. ) ;
#2447 = VERTEX_POINT ( 'NONE', #4418 ) ;
#2448 =( LENGTH_UNIT ( ) NAMED_UNIT ( * ) SI_UNIT ( .MILLI., .METRE. ) );
#2449 = CIRCLE ( 'NONE', #5755, 0.2000000000000003164 ) ;
#2450 = VECTOR ( 'NONE', #7125, 1000.000000000000000 ) ;
#2451 = CARTESIAN_POINT ( 'NONE',  ( -11.34999999999999254, -11.35000000000000142, 1.600000000000000089 ) ) ;
#2452 = SURFACE_STYLE_FILL_AREA ( #11839 ) ;
#2453 = ORIENTED_EDGE ( 'NONE', *, *, #10301, .T. ) ;
#2454 = DIRECTION ( 'NONE',  ( -0.000000000000000000, -1.000000000000000000, -0.000000000000000000 ) ) ;
#2455 = LINE ( 'NONE', #8845, #5778 ) ;
#2456 = STYLED_ITEM ( 'NONE', ( #11196 ), #9312 ) ;
#2457 = ADVANCED_FACE ( 'NONE', ( #7070 ), #8936, .T. ) ;
#2458 = DIRECTION ( 'NONE',  ( -1.000000000000000000, 0.000000000000000000, 0.000000000000000000 ) ) ;
#2459 = EDGE_CURVE ( 'NONE', #10722, #9146, #9665, .T. ) ;
#2460 = UNCERTAINTY_MEASURE_WITH_UNIT (LENGTH_MEASURE( 1.000000000000000082E-05 ), #1220, 'distance_accuracy_value', 'NONE');
#2461 = FILL_AREA_STYLE ('',( #6931 ) ) ;
#2462 = DIRECTION ( 'NONE',  ( -0.000000000000000000, -1.000000000000000000, -0.000000000000000000 ) ) ;
#2463 = COLOUR_RGB ( '',1.000000000000000000, 1.000000000000000000, 1.000000000000000000 ) ;
#2464 = LINE ( 'NONE', #4461, #6926 ) ;
#2465 = CARTESIAN_POINT ( 'NONE',  ( -4.061566892004464080, -12.43016403108512868, 1.610000000000000098 ) ) ;
#2466 = ORIENTED_EDGE ( 'NONE', *, *, #7492, .F. ) ;
#2467 = MECHANICAL_DESIGN_GEOMETRIC_PRESENTATION_REPRESENTATION (  '', ( #4980 ), #9027 ) ;
#2468 = CARTESIAN_POINT ( 'NONE',  ( -7.499999999999999112, 7.500000000000007994, 2.463966244037302911 ) ) ;
#2469 =( NAMED_UNIT ( * ) SI_UNIT ( $, .STERADIAN. ) SOLID_ANGLE_UNIT ( ) );
#2470 = UNCERTAINTY_MEASURE_WITH_UNIT (LENGTH_MEASURE( 1.000000000000000082E-05 ), #7876, 'distance_accuracy_value', 'NONE');
#2471 = DIRECTION ( 'NONE',  ( -0.000000000000000000, -0.000000000000000000, 1.000000000000000000 ) ) ;
#2472 = PRESENTATION_STYLE_ASSIGNMENT (( #3375 ) ) ;
#2473 = DIRECTION ( 'NONE',  ( 0.000000000000000000, -1.000000000000000000, 0.000000000000000000 ) ) ;
#2474 =( LENGTH_UNIT ( ) NAMED_UNIT ( * ) SI_UNIT ( .MILLI., .METRE. ) );
#2475 = PRESENTATION_LAYER_ASSIGNMENT (  '', '', ( #1478 ) ) ;
#2476 = ORIENTED_EDGE ( 'NONE', *, *, #8586, .F. ) ;
#2477 = CARTESIAN_POINT ( 'NONE',  ( -2.499999999999999556, 8.886033755962705172, 2.463966244037302911 ) ) ;
#2478 = ORIENTED_EDGE ( 'NONE', *, *, #6089, .F. ) ;
#2479 = CIRCLE ( 'NONE', #3820, 1.386033755962696956 ) ;
#2480 =( LENGTH_UNIT ( ) NAMED_UNIT ( * ) SI_UNIT ( .MILLI., .METRE. ) );
#2481 = CARTESIAN_POINT ( 'NONE',  ( -3.999999999999993339, -13.99999999999999822, 1.800000000000000044 ) ) ;
#2482 = SURFACE_STYLE_FILL_AREA ( #8870 ) ;
#2483 = DIRECTION ( 'NONE',  ( 0.000000000000000000, -1.000000000000000000, 0.000000000000000000 ) ) ;
#2484 = SURFACE_STYLE_USAGE ( .BOTH. , #8816 ) ;
#2485 = ORIENTED_EDGE ( 'NONE', *, *, #10258, .F. ) ;
#2486 =( GEOMETRIC_REPRESENTATION_CONTEXT ( 3 ) GLOBAL_UNCERTAINTY_ASSIGNED_CONTEXT ( ( #2346 ) ) GLOBAL_UNIT_ASSIGNED_CONTEXT ( ( #5168, #1625, #1567 ) ) REPRESENTATION_CONTEXT ( 'NONE', 'WORKASPACE' ) );
#2487 = LINE ( 'NONE', #9860, #6664 ) ;
#2488 = SURFACE_STYLE_FILL_AREA ( #7986 ) ;
#2489 = LINE ( 'NONE', #609, #6417 ) ;
#2490 = CARTESIAN_POINT ( 'NONE',  ( 3.886033755962697622, 2.500000000000007550, 2.463966244037302911 ) ) ;
#2491 = ORIENTED_EDGE ( 'NONE', *, *, #11637, .T. ) ;
#2492 = ORIENTED_EDGE ( 'NONE', *, *, #6160, .T. ) ;
#2493 = AXIS2_PLACEMENT_3D ( 'NONE', #8266, #9903, #7110 ) ;
#2494 = EDGE_LOOP ( 'NONE', ( #6562, #5524, #11326, #2751 ) ) ;
#2495 = SURFACE_SIDE_STYLE ('',( #4562 ) ) ;
#2496 = PRESENTATION_LAYER_ASSIGNMENT (  '', '', ( #347 ) ) ;
#2497 = CYLINDRICAL_SURFACE ( 'NONE', #7222, 0.1999999999999996503 ) ;
#2498 = ORIENTED_EDGE ( 'NONE', *, *, #3142, .T. ) ;
#2499 = DIRECTION ( 'NONE',  ( -0.000000000000000000, -0.000000000000000000, -1.000000000000000000 ) ) ;
#2500 = CARTESIAN_POINT ( 'NONE',  ( -7.499999999999997335, -2.499999999999990230, 2.463966244037302911 ) ) ;
#2501 = UNCERTAINTY_MEASURE_WITH_UNIT (LENGTH_MEASURE( 1.000000000000000082E-05 ), #10262, 'distance_accuracy_value', 'NONE');
#2502 = LINE ( 'NONE', #4202, #8752 ) ;
#2503 = CARTESIAN_POINT ( 'NONE',  ( 2.604026083246159029, 12.34027113312489909, 1.600000000000000089 ) ) ;
#2504 = STYLED_ITEM ( 'NONE', ( #6721 ), #5460 ) ;
#2505 = COLOUR_RGB ( '',0.7529411764705882248, 0.7529411764705882248, 0.7529411764705882248 ) ;
#2506 = EDGE_LOOP ( 'NONE', ( #8556, #8842, #5722, #8907, #4109 ) ) ;
#2507 = ORIENTED_EDGE ( 'NONE', *, *, #11507, .F. ) ;
#2508 = DIRECTION ( 'NONE',  ( 0.000000000000000000, 0.000000000000000000, 1.000000000000000000 ) ) ;
#2509 = PRESENTATION_STYLE_ASSIGNMENT (( #8137 ) ) ;
#2510 = DIRECTION ( 'NONE',  ( 1.000000000000000000, 0.000000000000000000, 0.000000000000000000 ) ) ;
#2511 = ORIENTED_EDGE ( 'NONE', *, *, #2629, .F. ) ;
#2512 = CARTESIAN_POINT ( 'NONE',  ( -7.499999999999997335, -7.499999999999990230, 2.463966244037302911 ) ) ;
#2513 = CARTESIAN_POINT ( 'NONE',  ( -2.499999999999999556, 2.500000000000009326, 2.100000000000000089 ) ) ;
#2514 = EDGE_CURVE ( 'NONE', #11101, #9422, #7921, .T. ) ;
#2515 = AXIS2_PLACEMENT_3D ( 'NONE', #6819, #9356, #1074 ) ;
#2516 = PRESENTATION_LAYER_ASSIGNMENT (  '', '', ( #2112 ) ) ;
#2517 = EDGE_CURVE ( 'NONE', #4923, #6198, #3577, .T. ) ;
#2518 = DIRECTION ( 'NONE',  ( 0.000000000000000000, 0.000000000000000000, -1.000000000000000000 ) ) ;
#2519 = AXIS2_PLACEMENT_3D ( 'NONE', #3678, #7374, #8347 ) ;
#2520 = FACE_OUTER_BOUND ( 'NONE', #6165, .T. ) ;
#2521 = UNCERTAINTY_MEASURE_WITH_UNIT (LENGTH_MEASURE( 1.000000000000000082E-05 ), #5929, 'distance_accuracy_value', 'NONE');
#2522 = PRESENTATION_LAYER_ASSIGNMENT (  '', '', ( #1923 ) ) ;
#2523 = CARTESIAN_POINT ( 'NONE',  ( 2.500000000000000444, 2.500000000000007550, 2.463966244037302911 ) ) ;
#2524 = CARTESIAN_POINT ( 'NONE',  ( 3.986033755962697711, 2.500000000000007550, 2.100000000000000089 ) ) ;
#2525 = SURFACE_STYLE_USAGE ( .BOTH. , #645 ) ;
#2526 = VERTEX_POINT ( 'NONE', #6000 ) ;
#2527 = DIRECTION ( 'NONE',  ( 0.000000000000000000, 1.000000000000000000, 0.000000000000000000 ) ) ;
#2528 = PRESENTATION_STYLE_ASSIGNMENT (( #10763 ) ) ;
#2529 = EDGE_CURVE ( 'NONE', #11878, #10916, #276, .T. ) ;
#2530 = VECTOR ( 'NONE', #10235, 1000.000000000000000 ) ;
#2531 = AXIS2_PLACEMENT_3D ( 'NONE', #5622, #7467, #1957 ) ;
#2532 = SURFACE_STYLE_FILL_AREA ( #1655 ) ;
#2533 = CARTESIAN_POINT ( 'NONE',  ( 5.500000000000000000, -4.499999999999999112, 1.600000000000000089 ) ) ;
#2534 = VERTEX_POINT ( 'NONE', #2359 ) ;
#2535 = PRESENTATION_STYLE_ASSIGNMENT (( #3443 ) ) ;
#2536 = VERTEX_POINT ( 'NONE', #9736 ) ;
#2537 = STYLED_ITEM ( 'NONE', ( #11316 ), #6231 ) ;
#2538 = AXIS2_PLACEMENT_3D ( 'NONE', #4847, #65, #5825 ) ;
#2539 = CARTESIAN_POINT ( 'NONE',  ( 3.747643109862246025, 13.99999999999999822, 1.600000000000000089 ) ) ;
#2540 = DIRECTION ( 'NONE',  ( 1.000000000000000000, 0.000000000000000000, 0.000000000000000000 ) ) ;
#2541 = VECTOR ( 'NONE', #11605, 1000.000000000000000 ) ;
#2542 = DIRECTION ( 'NONE',  ( -0.000000000000000000, 1.000000000000000000, -0.000000000000000000 ) ) ;
#2543 = ORIENTED_EDGE ( 'NONE', *, *, #10202, .T. ) ;
#2544 = EDGE_CURVE ( 'NONE', #10357, #5789, #1431, .T. ) ;
#2545 = FILL_AREA_STYLE ('',( #1665 ) ) ;
#2546 = EDGE_CURVE ( 'NONE', #4005, #1729, #4241, .T. ) ;
#2547 = SURFACE_SIDE_STYLE ('',( #10842 ) ) ;
#2548 = AXIS2_PLACEMENT_3D ( 'NONE', #8217, #11972, #9120 ) ;
#2549 = FACE_OUTER_BOUND ( 'NONE', #11606, .T. ) ;
#2550 = CIRCLE ( 'NONE', #5474, 1.486033755962698155 ) ;
#2551 = PRESENTATION_STYLE_ASSIGNMENT (( #9864 ) ) ;
#2552 = CARTESIAN_POINT ( 'NONE',  ( 6.013966244037304953, -7.499999999999992895, 2.100000000000000089 ) ) ;
#2553 = COLOUR_RGB ( '',1.000000000000000000, 1.000000000000000000, 0.000000000000000000 ) ;
#2554 = EDGE_LOOP ( 'NONE', ( #1507, #797, #9019, #5336 ) ) ;
#2555 = ORIENTED_EDGE ( 'NONE', *, *, #7725, .F. ) ;
#2556 = CARTESIAN_POINT ( 'NONE',  ( -8.886033755962692737, -7.499999999999990230, 2.463966244037302911 ) ) ;
#2557 = VERTEX_POINT ( 'NONE', #1019 ) ;
#2558 = CARTESIAN_POINT ( 'NONE',  ( -3.886033755962696734, 2.500000000000009326, 2.100000000000000089 ) ) ;
#2559 = AXIS2_PLACEMENT_3D ( 'NONE', #8733, #3301, #636 ) ;
#2560 =( GEOMETRIC_REPRESENTATION_CONTEXT ( 3 ) GLOBAL_UNCERTAINTY_ASSIGNED_CONTEXT ( ( #5673 ) ) GLOBAL_UNIT_ASSIGNED_CONTEXT ( ( #8516, #168, #11256 ) ) REPRESENTATION_CONTEXT ( 'NONE', 'WORKASPACE' ) );
#2561 = CARTESIAN_POINT ( 'NONE',  ( -2.499999999999997780, -2.499999999999991118, 2.100000000000000089 ) ) ;
#2562 = VERTEX_POINT ( 'NONE', #5584 ) ;
#2563 = CARTESIAN_POINT ( 'NONE',  ( 2.500000000000002220, -6.113966244037294828, 2.463966244037302911 ) ) ;
#2564 = CARTESIAN_POINT ( 'NONE',  ( -0.4999999999999981681, -9.499999999999992895, 2.100000000000000089 ) ) ;
#2565 = SURFACE_STYLE_FILL_AREA ( #6088 ) ;
#2566 = STYLED_ITEM ( 'NONE', ( #8638 ), #6882 ) ;
#2567 = COLOUR_RGB ( '',0.7529411764705882248, 0.7529411764705882248, 0.7529411764705882248 ) ;
#2568 = ORIENTED_EDGE ( 'NONE', *, *, #8276, .T. ) ;
#2569 = VERTEX_POINT ( 'NONE', #4727 ) ;
#2570 =( NAMED_UNIT ( * ) SI_UNIT ( $, .STERADIAN. ) SOLID_ANGLE_UNIT ( ) );
#2571 = CARTESIAN_POINT ( 'NONE',  ( 7.500000000000000000, 7.500000000000007105, 2.100000000000000089 ) ) ;
#2572 = EDGE_CURVE ( 'NONE', #11726, #11077, #2795, .T. ) ;
#2573 = CARTESIAN_POINT ( 'NONE',  ( -9.500000000000000000, -0.4999999999999987232, 2.100000000000000089 ) ) ;
#2574 = EDGE_LOOP ( 'NONE', ( #10956, #1618, #8770, #5923 ) ) ;
#2575 = EDGE_CURVE ( 'NONE', #4145, #10468, #9241, .T. ) ;
#2576 = CARTESIAN_POINT ( 'NONE',  ( -5.499999999999999112, -4.499999999999997335, 1.600000000000000089 ) ) ;
#2577 = DIRECTION ( 'NONE',  ( -1.000000000000000000, 0.000000000000000000, 0.000000000000000000 ) ) ;
#2578 = PRESENTATION_STYLE_ASSIGNMENT (( #4158 ) ) ;
#2579 = FILL_AREA_STYLE ('',( #3425 ) ) ;
#2580 = PRESENTATION_LAYER_ASSIGNMENT (  '', '', ( #11294 ) ) ;
#2581 = UNCERTAINTY_MEASURE_WITH_UNIT (LENGTH_MEASURE( 1.000000000000000082E-05 ), #8223, 'distance_accuracy_value', 'NONE');
#2582 = FILL_AREA_STYLE_COLOUR ( '', #6002 ) ;
#2583 = CARTESIAN_POINT ( 'NONE',  ( -6.013966244037301401, 7.500000000000007994, 2.100000000000000089 ) ) ;
#2584 = CARTESIAN_POINT ( 'NONE',  ( 5.499999999999998224, 5.499999999999991118, 2.100000000000000089 ) ) ;
#2585 = ADVANCED_FACE ( 'NONE', ( #2839 ), #6314, .F. ) ;
#2586 = SURFACE_STYLE_USAGE ( .BOTH. , #10082 ) ;
#2587 = ORIENTED_EDGE ( 'NONE', *, *, #8241, .F. ) ;
#2588 = CARTESIAN_POINT ( 'NONE',  ( 3.747643109862246025, 15.00000000000000000, 1.600000000000000089 ) ) ;
#2589 = EDGE_CURVE ( 'NONE', #1541, #1866, #5718, .T. ) ;
#2590 = DIRECTION ( 'NONE',  ( -0.000000000000000000, -1.000000000000000000, -0.000000000000000000 ) ) ;
#2591 = UNCERTAINTY_MEASURE_WITH_UNIT (LENGTH_MEASURE( 1.000000000000000082E-05 ), #1108, 'distance_accuracy_value', 'NONE');
#2592 = SURFACE_SIDE_STYLE ('',( #10207 ) ) ;
#2593 = STYLED_ITEM ( 'NONE', ( #2072 ), #7413 ) ;
#2594 = CARTESIAN_POINT ( 'NONE',  ( -7.499999999999999112, 7.500000000000007994, 2.463966244037302911 ) ) ;
#2595 = VERTEX_POINT ( 'NONE', #5650 ) ;
#2596 = ADVANCED_FACE ( 'NONE', ( #9980 ), #3681, .F. ) ;
#2597 = SURFACE_STYLE_FILL_AREA ( #846 ) ;
#2598 = ORIENTED_EDGE ( 'NONE', *, *, #5627, .F. ) ;
#2599 = DIRECTION ( 'NONE',  ( 0.000000000000000000, 0.000000000000000000, 1.000000000000000000 ) ) ;
#2600 = MECHANICAL_DESIGN_GEOMETRIC_PRESENTATION_REPRESENTATION (  '', ( #7428 ), #3759 ) ;
#2601 = SURFACE_SIDE_STYLE ('',( #10898 ) ) ;
#2602 = CARTESIAN_POINT ( 'NONE',  ( -2.499999999999999556, 3.886033755962706060, 2.463966244037302911 ) ) ;
#2603 =( NAMED_UNIT ( * ) PLANE_ANGLE_UNIT ( ) SI_UNIT ( $, .RADIAN. ) );
#2604 =( NAMED_UNIT ( * ) PLANE_ANGLE_UNIT ( ) SI_UNIT ( $, .RADIAN. ) );
#2605 = DIRECTION ( 'NONE',  ( -0.000000000000000000, -0.000000000000000000, 1.000000000000000000 ) ) ;
#2606 = VERTEX_POINT ( 'NONE', #11017 ) ;
#2607 = MECHANICAL_DESIGN_GEOMETRIC_PRESENTATION_REPRESENTATION (  '', ( #1803 ), #6472 ) ;
#2608 = LINE ( 'NONE', #5398, #4328 ) ;
#2609 = FACE_OUTER_BOUND ( 'NONE', #8640, .T. ) ;
#2610 = COLOUR_RGB ( '',0.7529411764705882248, 0.7529411764705882248, 0.7529411764705882248 ) ;
#2611 = ADVANCED_FACE ( 'NONE', ( #1790 ), #8286, .F. ) ;
#2612 = AXIS2_PLACEMENT_3D ( 'NONE', #8385, #11293, #2998 ) ;
#2613 =( NAMED_UNIT ( * ) PLANE_ANGLE_UNIT ( ) SI_UNIT ( $, .RADIAN. ) );
#2614 = ORIENTED_EDGE ( 'NONE', *, *, #7570, .F. ) ;
#2615 = VERTEX_POINT ( 'NONE', #7608 ) ;
#2616 = ORIENTED_EDGE ( 'NONE', *, *, #1003, .F. ) ;
#2617 = EDGE_CURVE ( 'NONE', #9787, #9752, #6601, .T. ) ;
#2618 = DIRECTION ( 'NONE',  ( 1.000000000000000000, 0.000000000000000000, 0.000000000000000000 ) ) ;
#2619 = ORIENTED_EDGE ( 'NONE', *, *, #5195, .F. ) ;
#2620 = CARTESIAN_POINT ( 'NONE',  ( 3.938484042898503290, 12.34027113312490265, 1.610000000000000098 ) ) ;
#2621 = AXIS2_PLACEMENT_3D ( 'NONE', #6182, #9854, #6312 ) ;
#2622 = VERTEX_POINT ( 'NONE', #4783 ) ;
#2623 = CARTESIAN_POINT ( 'NONE',  ( 0.000000000000000000, 0.000000000000000000, 2.100000000000000089 ) ) ;
#2624 = UNCERTAINTY_MEASURE_WITH_UNIT (LENGTH_MEASURE( 1.000000000000000082E-05 ), #11469, 'distance_accuracy_value', 'NONE');
#2625 = AXIS2_PLACEMENT_3D ( 'NONE', #7184, #3440, #8990 ) ;
#2626 = FILL_AREA_STYLE_COLOUR ( '', #1593 ) ;
#2627 = PRESENTATION_STYLE_ASSIGNMENT (( #9153 ) ) ;
#2628 =( GEOMETRIC_REPRESENTATION_CONTEXT ( 3 ) GLOBAL_UNCERTAINTY_ASSIGNED_CONTEXT ( ( #4406 ) ) GLOBAL_UNIT_ASSIGNED_CONTEXT ( ( #1468, #4343, #8025 ) ) REPRESENTATION_CONTEXT ( 'NONE', 'WORKASPACE' ) );
#2629 = EDGE_CURVE ( 'NONE', #2686, #1275, #2018, .T. ) ;
#2630 = EDGE_LOOP ( 'NONE', ( #2386, #11733, #8992, #1559, #9319, #71, #8874, #10294, #2242, #8772, #11771, #7071, #6919, #5558, #11613, #10739, #2371, #7737 ) ) ;
#2631 = ORIENTED_EDGE ( 'NONE', *, *, #3271, .T. ) ;
#2632 = SURFACE_STYLE_FILL_AREA ( #1635 ) ;
#2633 = DIRECTION ( 'NONE',  ( 0.000000000000000000, 1.000000000000000000, 0.000000000000000000 ) ) ;
#2634 = LINE ( 'NONE', #3358, #5220 ) ;
#2635 = SURFACE_STYLE_USAGE ( .BOTH. , #6153 ) ;
#2636 = EDGE_LOOP ( 'NONE', ( #4210, #1859, #8954, #3795, #7112, #10910, #1264 ) ) ;
#2637 =( NAMED_UNIT ( * ) PLANE_ANGLE_UNIT ( ) SI_UNIT ( $, .RADIAN. ) );
#2638 = AXIS2_PLACEMENT_3D ( 'NONE', #2512, #5178, #10804 ) ;
#2639 = PRESENTATION_STYLE_ASSIGNMENT (( #4392 ) ) ;
#2640 = CARTESIAN_POINT ( 'NONE',  ( 4.000000000000003553, 15.00000000000000000, 1.800000000000000044 ) ) ;
#2641 = FACE_OUTER_BOUND ( 'NONE', #7360, .T. ) ;
#2642 =( NAMED_UNIT ( * ) SI_UNIT ( $, .STERADIAN. ) SOLID_ANGLE_UNIT ( ) );
#2643 = AXIS2_PLACEMENT_3D ( 'NONE', #3105, #5739, #9394 ) ;
#2644 = CARTESIAN_POINT ( 'NONE',  ( -3.999999999999993339, -13.44012937056731793, 1.800000000000000044 ) ) ;
#2645 = FILL_AREA_STYLE_COLOUR ( '', #7120 ) ;
#2646 = DIRECTION ( 'NONE',  ( -0.000000000000000000, -0.000000000000000000, 1.000000000000000000 ) ) ;
#2647 = ORIENTED_EDGE ( 'NONE', *, *, #11532, .T. ) ;
#2648 = SURFACE_SIDE_STYLE ('',( #7244 ) ) ;
#2649 = SURFACE_STYLE_USAGE ( .BOTH. , #2592 ) ;
#2650 = CIRCLE ( 'NONE', #8813, 1.386033755962696956 ) ;
#2651 = FILL_AREA_STYLE ('',( #1899 ) ) ;
#2652 = EDGE_CURVE ( 'NONE', #8980, #3175, #5014, .T. ) ;
#2653 = FACE_OUTER_BOUND ( 'NONE', #2906, .T. ) ;
#2654 = ORIENTED_EDGE ( 'NONE', *, *, #6458, .T. ) ;
#2655 =( NAMED_UNIT ( * ) SI_UNIT ( $, .STERADIAN. ) SOLID_ANGLE_UNIT ( ) );
#2656 = VERTEX_POINT ( 'NONE', #8571 ) ;
#2657 = CARTESIAN_POINT ( 'NONE',  ( 7.500000000000002665, -7.499999999999992895, 2.463966244037302911 ) ) ;
#2658 = DIRECTION ( 'NONE',  ( -0.000000000000000000, -1.000000000000000000, -0.000000000000000000 ) ) ;
#2659 = DIRECTION ( 'NONE',  ( -0.000000000000000000, -0.000000000000000000, 1.000000000000000000 ) ) ;
#2660 =( NAMED_UNIT ( * ) SI_UNIT ( $, .STERADIAN. ) SOLID_ANGLE_UNIT ( ) );
#2661 = VERTEX_POINT ( 'NONE', #6717 ) ;
#2662 = DIRECTION ( 'NONE',  ( -1.000000000000000000, 0.000000000000000000, 0.000000000000000000 ) ) ;
#2663 = DIRECTION ( 'NONE',  ( -0.000000000000000000, -0.000000000000000000, -1.000000000000000000 ) ) ;
#2664 = ADVANCED_FACE ( 'NONE', ( #1079 ), #3984, .F. ) ;
#2665 = DIRECTION ( 'NONE',  ( 1.000000000000000000, 0.000000000000000000, 0.000000000000000000 ) ) ;
#2666 = AXIS2_PLACEMENT_3D ( 'NONE', #4405, #8154, #8089 ) ;
#2667 = CARTESIAN_POINT ( 'NONE',  ( -2.499999999999999556, 7.500000000000007994, 2.463966244037302911 ) ) ;
#2668 = EDGE_CURVE ( 'NONE', #815, #9269, #7727, .T. ) ;
#2669 = PRESENTATION_LAYER_ASSIGNMENT (  '', '', ( #4218 ) ) ;
#2670 = FILL_AREA_STYLE_COLOUR ( '', #5455 ) ;
#2671 = FACE_OUTER_BOUND ( 'NONE', #4078, .T. ) ;
#2672 = ORIENTED_EDGE ( 'NONE', *, *, #8455, .F. ) ;
#2673 = VERTEX_POINT ( 'NONE', #6823 ) ;
#2674 = EDGE_LOOP ( 'NONE', ( #11389, #10232, #11873, #3208, #9869 ) ) ;
#2675 = VERTEX_POINT ( 'NONE', #2218 ) ;
#2676 = CARTESIAN_POINT ( 'NONE',  ( -2.499999999999997780, -7.499999999999991118, 2.100000000000000089 ) ) ;
#2677 = VERTEX_POINT ( 'NONE', #5926 ) ;
#2678 = VECTOR ( 'NONE', #2718, 1000.000000000000000 ) ;
#2679 = CARTESIAN_POINT ( 'NONE',  ( -11.34999999999999254, 11.35000000000000142, 0.000000000000000000 ) ) ;
#2680 = EDGE_CURVE ( 'NONE', #10050, #11696, #9589, .T. ) ;
#2681 = ADVANCED_FACE ( 'NONE', ( #7115 ), #6054, .T. ) ;
#2682 = CARTESIAN_POINT ( 'NONE',  ( 2.500000000000000444, 2.500000000000007550, 2.100000000000000089 ) ) ;
#2683 = AXIS2_PLACEMENT_3D ( 'NONE', #5705, #5645, #11130 ) ;
#2684 = VERTEX_POINT ( 'NONE', #9837 ) ;
#2685 = AXIS2_PLACEMENT_3D ( 'NONE', #11848, #9898, #6290 ) ;
#2686 = VERTEX_POINT ( 'NONE', #522 ) ;
#2687 = CARTESIAN_POINT ( 'NONE',  ( 9.500000000000001776, -9.499999999999992895, 2.100000000000000089 ) ) ;
#2688 = CARTESIAN_POINT ( 'NONE',  ( 3.886033755962698510, -2.499999999999992006, 2.100000000000000089 ) ) ;
#2689 = DIRECTION ( 'NONE',  ( -0.000000000000000000, -0.000000000000000000, -1.000000000000000000 ) ) ;
#2690 = VERTEX_POINT ( 'NONE', #6167 ) ;
#2691 = LINE ( 'NONE', #10993, #9773 ) ;
#2692 = FILL_AREA_STYLE_COLOUR ( '', #11784 ) ;
#2693 = ADVANCED_FACE ( 'NONE', ( #11593 ), #9648, .T. ) ;
#2694 = AXIS2_PLACEMENT_3D ( 'NONE', #4329, #6393, #2510 ) ;
#2695 =( NAMED_UNIT ( * ) SI_UNIT ( $, .STERADIAN. ) SOLID_ANGLE_UNIT ( ) );
#2696 = EDGE_CURVE ( 'NONE', #10971, #6881, #1814, .T. ) ;
#2697 = MECHANICAL_DESIGN_GEOMETRIC_PRESENTATION_REPRESENTATION (  '', ( #347 ), #8486 ) ;
#2698 = FILL_AREA_STYLE ('',( #4523 ) ) ;
#2699 = STYLED_ITEM ( 'NONE', ( #3327 ), #11751 ) ;
#2700 = CARTESIAN_POINT ( 'NONE',  ( 1.200000000000001510, 12.00000000000000355, 0.000000000000000000 ) ) ;
#2701 = SURFACE_STYLE_USAGE ( .BOTH. , #4590 ) ;
#2702 = EDGE_LOOP ( 'NONE', ( #864, #1263, #2247, #6154 ) ) ;
#2703 = CIRCLE ( 'NONE', #3487, 0.3220000000000002305 ) ;
#2704 = CIRCLE ( 'NONE', #2922, 1.486033755962697267 ) ;
#2705 = CARTESIAN_POINT ( 'NONE',  ( -9.500000000000001776, 0.4999999999999961142, 1.600000000000000089 ) ) ;
#2706 = UNCERTAINTY_MEASURE_WITH_UNIT (LENGTH_MEASURE( 1.000000000000000082E-05 ), #11855, 'distance_accuracy_value', 'NONE');
#2707 = DIRECTION ( 'NONE',  ( -0.000000000000000000, -0.000000000000000000, 1.000000000000000000 ) ) ;
#2708 = EDGE_CURVE ( 'NONE', #8252, #8072, #9780, .T. ) ;
#2709 = SURFACE_SIDE_STYLE ('',( #6532 ) ) ;
#2710 = STYLED_ITEM ( 'NONE', ( #5707 ), #11879 ) ;
#2711 = CIRCLE ( 'NONE', #5432, 1.486033755962697267 ) ;
#2712 = DIRECTION ( 'NONE',  ( -0.000000000000000000, -0.000000000000000000, -1.000000000000000000 ) ) ;
#2713 = COLOUR_RGB ( '',0.7529411764705882248, 0.7529411764705882248, 0.7529411764705882248 ) ;
#2714 = ORIENTED_EDGE ( 'NONE', *, *, #1333, .F. ) ;
#2715 = FILL_AREA_STYLE_COLOUR ( '', #8716 ) ;
#2716 = ORIENTED_EDGE ( 'NONE', *, *, #8584, .F. ) ;
#2717 = CARTESIAN_POINT ( 'NONE',  ( 8.986033755962695935, 7.500000000000007105, 2.100000000000000089 ) ) ;
#2718 = DIRECTION ( 'NONE',  ( -0.000000000000000000, -0.000000000000000000, -1.000000000000000000 ) ) ;
#2719 =( NAMED_UNIT ( * ) SI_UNIT ( $, .STERADIAN. ) SOLID_ANGLE_UNIT ( ) );
#2720 = PRESENTATION_STYLE_ASSIGNMENT (( #11016 ) ) ;
#2721 = AXIS2_PLACEMENT_3D ( 'NONE', #1204, #4119, #6899 ) ;
#2722 = AXIS2_PLACEMENT_3D ( 'NONE', #8488, #1103, #2991 ) ;
#2723 = CARTESIAN_POINT ( 'NONE',  ( -2.499999999999997780, -2.499999999999991118, 2.463966244037302911 ) ) ;
#2724 = ORIENTED_EDGE ( 'NONE', *, *, #8986, .F. ) ;
#2725 = DIRECTION ( 'NONE',  ( 0.000000000000000000, -1.000000000000000000, 0.000000000000000000 ) ) ;
#2726 = FACE_OUTER_BOUND ( 'NONE', #1601, .T. ) ;
#2727 = AXIS2_PLACEMENT_3D ( 'NONE', #10509, #11466, #6993 ) ;
#2728 = CYLINDRICAL_SURFACE ( 'NONE', #11667, 1.386033755962696956 ) ;
#2729 = MECHANICAL_DESIGN_GEOMETRIC_PRESENTATION_REPRESENTATION (  '', ( #3500 ), #191 ) ;
#2730 = STYLED_ITEM ( 'NONE', ( #9537 ), #6251 ) ;
#2731 = ORIENTED_EDGE ( 'NONE', *, *, #6094, .T. ) ;
#2732 = ORIENTED_EDGE ( 'NONE', *, *, #9900, .T. ) ;
#2733 = MECHANICAL_DESIGN_GEOMETRIC_PRESENTATION_REPRESENTATION (  '', ( #3686 ), #8885 ) ;
#2734 = VERTEX_POINT ( 'NONE', #11728 ) ;
#2735 = ORIENTED_EDGE ( 'NONE', *, *, #11762, .F. ) ;
#2736 = DIRECTION ( 'NONE',  ( 0.000000000000000000, 0.000000000000000000, -1.000000000000000000 ) ) ;
#2737 = FACE_OUTER_BOUND ( 'NONE', #2554, .T. ) ;
#2738 = EDGE_CURVE ( 'NONE', #6550, #2569, #11475, .T. ) ;
#2739 = ORIENTED_EDGE ( 'NONE', *, *, #9004, .T. ) ;
#2740 = DIRECTION ( 'NONE',  ( -0.000000000000000000, 0.000000000000000000, 1.000000000000000000 ) ) ;
#2741 = MECHANICAL_DESIGN_GEOMETRIC_PRESENTATION_REPRESENTATION (  '', ( #9106 ), #402 ) ;
#2742 = UNCERTAINTY_MEASURE_WITH_UNIT (LENGTH_MEASURE( 1.000000000000000082E-05 ), #1977, 'distance_accuracy_value', 'NONE');
#2743 = CARTESIAN_POINT ( 'NONE',  ( 1.013966244037304065, -2.499999999999992006, 2.463966244037302911 ) ) ;
#2744 = ORIENTED_EDGE ( 'NONE', *, *, #1398, .F. ) ;
#2745 =( GEOMETRIC_REPRESENTATION_CONTEXT ( 3 ) GLOBAL_UNCERTAINTY_ASSIGNED_CONTEXT ( ( #7600 ) ) GLOBAL_UNIT_ASSIGNED_CONTEXT ( ( #4214, #7779, #10561 ) ) REPRESENTATION_CONTEXT ( 'NONE', 'WORKASPACE' ) );
#2746 = AXIS2_PLACEMENT_3D ( 'NONE', #2657, #11677, #11863 ) ;
#2747 = ORIENTED_EDGE ( 'NONE', *, *, #4888, .T. ) ;
#2748 = EDGE_CURVE ( 'NONE', #10124, #2534, #4167, .T. ) ;
#2749 = CARTESIAN_POINT ( 'NONE',  ( 4.500000000000000000, 9.499999999999991118, 2.100000000000000089 ) ) ;
#2750 = FACE_OUTER_BOUND ( 'NONE', #5610, .T. ) ;
#2751 = ORIENTED_EDGE ( 'NONE', *, *, #6607, .T. ) ;
#2752 = FACE_OUTER_BOUND ( 'NONE', #4127, .T. ) ;
#2753 = CARTESIAN_POINT ( 'NONE',  ( 9.500000000000000000, 5.499999999999992895, 1.600000000000000089 ) ) ;
#2754 = LINE ( 'NONE', #10314, #8270 ) ;
#2755 = CARTESIAN_POINT ( 'NONE',  ( 0.5000000000000025535, -9.499999999999994671, 2.100000000000000089 ) ) ;
#2756 = COLOUR_RGB ( '',1.000000000000000000, 1.000000000000000000, 0.000000000000000000 ) ;
#2757 = COLOUR_RGB ( '',0.7529411764705882248, 0.7529411764705882248, 0.7529411764705882248 ) ;
#2758 = CARTESIAN_POINT ( 'NONE',  ( -3.999999999999993339, -11.99999999999999822, 1.600349065853942987 ) ) ;
#2759 = EDGE_CURVE ( 'NONE', #5910, #4429, #98, .T. ) ;
#2760 = CARTESIAN_POINT ( 'NONE',  ( -2.499999999999997780, -8.886033755962687408, 2.463966244037302911 ) ) ;
#2761 = PRESENTATION_STYLE_ASSIGNMENT (( #7358 ) ) ;
#2762 = AXIS2_PLACEMENT_3D ( 'NONE', #7118, #5269, #9783 ) ;
#2763 = PRESENTATION_LAYER_ASSIGNMENT (  '', '', ( #3916 ) ) ;
#2764 =( NAMED_UNIT ( * ) PLANE_ANGLE_UNIT ( ) SI_UNIT ( $, .RADIAN. ) );
#2765 = SURFACE_SIDE_STYLE ('',( #2082 ) ) ;
#2766 = EDGE_CURVE ( 'NONE', #8237, #275, #9217, .T. ) ;
#2767 = ORIENTED_EDGE ( 'NONE', *, *, #654, .T. ) ;
#2768 = CARTESIAN_POINT ( 'NONE',  ( 4.000000000000003553, 65.00000000000000000, 1.800000000000000044 ) ) ;
#2769 = SURFACE_STYLE_USAGE ( .BOTH. , #3011 ) ;
#2770 = COLOUR_RGB ( '',0.7529411764705882248, 0.7529411764705882248, 0.7529411764705882248 ) ;
#2771 = DIRECTION ( 'NONE',  ( -0.000000000000000000, -0.000000000000000000, 1.000000000000000000 ) ) ;
#2772 = PRESENTATION_STYLE_ASSIGNMENT (( #11066 ) ) ;
#2774 = VECTOR ( 'NONE', #7718, 1000.000000000000000 ) ;
#2773 = VECTOR ( 'NONE', #543, 1000.000000000000000 ) ;
#2775 = CARTESIAN_POINT ( 'NONE',  ( -11.34999999999999609, -14.99999999999999645, 1.600000000000000089 ) ) ;
#2776 = DIRECTION ( 'NONE',  ( 1.000000000000000000, 0.000000000000000000, 0.000000000000000000 ) ) ;
#2777 = COLOUR_RGB ( '',1.000000000000000000, 1.000000000000000000, 0.000000000000000000 ) ;
#2778 = ORIENTED_EDGE ( 'NONE', *, *, #6546, .F. ) ;
#2779 =( NAMED_UNIT ( * ) SI_UNIT ( $, .STERADIAN. ) SOLID_ANGLE_UNIT ( ) );
#2780 = CARTESIAN_POINT ( 'NONE',  ( -5.500000000000000888, 9.499999999999991118, 2.100000000000000089 ) ) ;
#2781 = SURFACE_STYLE_USAGE ( .BOTH. , #7431 ) ;
#2782 = CARTESIAN_POINT ( 'NONE',  ( 9.749999999999989342, -11.35000000000000142, 0.000000000000000000 ) ) ;
#2783 = ORIENTED_EDGE ( 'NONE', *, *, #6148, .F. ) ;
#2784 = CARTESIAN_POINT ( 'NONE',  ( -9.500000000000001776, 5.499999999999991118, 2.100000000000000089 ) ) ;
#2785 = DIRECTION ( 'NONE',  ( 0.000000000000000000, -1.000000000000000000, 0.000000000000000000 ) ) ;
#2786 =( NAMED_UNIT ( * ) SI_UNIT ( $, .STERADIAN. ) SOLID_ANGLE_UNIT ( ) );
#2787 = AXIS2_PLACEMENT_3D ( 'NONE', #187, #4055, #8580 ) ;
#2788 = CARTESIAN_POINT ( 'NONE',  ( -7.499999999999999112, 3.986033755962706593, 2.463966244037302911 ) ) ;
#2789 = SPHERICAL_SURFACE ( 'NONE', #765, 1.486033755962697267 ) ;
#2790 = VECTOR ( 'NONE', #1396, 1000.000000000000000 ) ;
#2791 = PLANE ( 'NONE',  #4084 ) ;
#2792 = ORIENTED_EDGE ( 'NONE', *, *, #7753, .F. ) ;
#2793 = VERTEX_POINT ( 'NONE', #11235 ) ;
#2794 = VERTEX_POINT ( 'NONE', #10251 ) ;
#2795 = CIRCLE ( 'NONE', #5522, 1.386033755962696956 ) ;
#2796 = PLANE ( 'NONE',  #5036 ) ;
#2797 = ORIENTED_EDGE ( 'NONE', *, *, #10061, .F. ) ;
#2798 = PLANE ( 'NONE',  #6676 ) ;
#2799 =( LENGTH_UNIT ( ) NAMED_UNIT ( * ) SI_UNIT ( .MILLI., .METRE. ) );
#2800 = ORIENTED_EDGE ( 'NONE', *, *, #9926, .F. ) ;
#2801 = DIRECTION ( 'NONE',  ( 0.000000000000000000, 0.000000000000000000, -1.000000000000000000 ) ) ;
#2802 = COLOUR_RGB ( '',1.000000000000000000, 1.000000000000000000, 0.000000000000000000 ) ;
#2803 = FACE_BOUND ( 'NONE', #6134, .T. ) ;
#2804 = VECTOR ( 'NONE', #2292, 1000.000000000000000 ) ;
#2805 = FACE_BOUND ( 'NONE', #11646, .T. ) ;
#2806 = AXIS2_PLACEMENT_3D ( 'NONE', #4763, #2818, #1950 ) ;
#2807 = EDGE_CURVE ( 'NONE', #10740, #1560, #11892, .T. ) ;
#2808 = ORIENTED_EDGE ( 'NONE', *, *, #7878, .F. ) ;
#2809 = AXIS2_PLACEMENT_3D ( 'NONE', #3136, #8519, #6656 ) ;
#2810 = ORIENTED_EDGE ( 'NONE', *, *, #74, .T. ) ;
#2811 = DIRECTION ( 'NONE',  ( 0.000000000000000000, -1.000000000000000000, 0.000000000000000000 ) ) ;
#2812 = CARTESIAN_POINT ( 'NONE',  ( 5.500000000000000888, -9.499999999999994671, 1.600000000000000089 ) ) ;
#2813 = CARTESIAN_POINT ( 'NONE',  ( 9.500000000000001776, -5.499999999999994671, 1.600000000000000089 ) ) ;
#2814 = VERTEX_POINT ( 'NONE', #2933 ) ;
#2815 = AXIS2_PLACEMENT_3D ( 'NONE', #9512, #213, #4812 ) ;
#2816 = LINE ( 'NONE', #6397, #6125 ) ;
#2817 = PLANE ( 'NONE',  #1522 ) ;
#2818 = DIRECTION ( 'NONE',  ( 0.000000000000000000, -0.000000000000000000, -1.000000000000000000 ) ) ;
#2819 = FILL_AREA_STYLE ('',( #11110 ) ) ;
#2820 = CIRCLE ( 'NONE', #1242, 1.486033755962697267 ) ;
#2821 = EDGE_CURVE ( 'NONE', #10675, #4622, #6633, .T. ) ;
#2822 = LINE ( 'NONE', #3720, #8017 ) ;
#2823 = MECHANICAL_DESIGN_GEOMETRIC_PRESENTATION_REPRESENTATION (  '', ( #1247 ), #5916 ) ;
#2824 = AXIS2_PLACEMENT_3D ( 'NONE', #2768, #1773, #5515 ) ;
#2825 = CARTESIAN_POINT ( 'NONE',  ( -7.499999999999999112, 2.500000000000009326, 3.950000000000000178 ) ) ;
#2826 = PRESENTATION_STYLE_ASSIGNMENT (( #7415 ) ) ;
#2827 = VERTEX_POINT ( 'NONE', #2753 ) ;
#2828 = CARTESIAN_POINT ( 'NONE',  ( 5.500000000000000888, -9.499999999999994671, 1.600000000000000089 ) ) ;
#2829 = DIRECTION ( 'NONE',  ( 0.7071067811865474617, 0.7071067811865474617, 0.000000000000000000 ) ) ;
#2830 = CARTESIAN_POINT ( 'NONE',  ( -2.499999999999999556, 2.500000000000009326, 2.100000000000000089 ) ) ;
#2831 = EDGE_CURVE ( 'NONE', #9929, #7100, #11692, .T. ) ;
#2832 = COLOUR_RGB ( '',0.7529411764705882248, 0.7529411764705882248, 0.7529411764705882248 ) ;
#2833 = EDGE_CURVE ( 'NONE', #8095, #264, #9396, .T. ) ;
#2834 = FILL_AREA_STYLE ('',( #5701 ) ) ;
#2835 = ORIENTED_EDGE ( 'NONE', *, *, #2405, .T. ) ;
#2836 = DIRECTION ( 'NONE',  ( -8.673617379884033500E-16, -1.000000000000000000, 0.000000000000000000 ) ) ;
#2837 = SURFACE_STYLE_USAGE ( .BOTH. , #1907 ) ;
#2838 = LINE ( 'NONE', #5076, #8320 ) ;
#2839 = FACE_OUTER_BOUND ( 'NONE', #2142, .T. ) ;
#2840 = VERTEX_POINT ( 'NONE', #10190 ) ;
#2841 = SURFACE_STYLE_FILL_AREA ( #1190 ) ;
#2842 = SURFACE_STYLE_USAGE ( .BOTH. , #6603 ) ;
#2843 = EDGE_CURVE ( 'NONE', #4326, #11875, #1428, .T. ) ;
#2844 = CARTESIAN_POINT ( 'NONE',  ( 0.000000000000000000, -15.00000000000000000, 1.600000000000000089 ) ) ;
#2845 = FACE_OUTER_BOUND ( 'NONE', #3637, .T. ) ;
#2846 = CARTESIAN_POINT ( 'NONE',  ( -9.500000000000001776, 4.499999999999996447, 2.100000000000000089 ) ) ;
#2847 =( NAMED_UNIT ( * ) SI_UNIT ( $, .STERADIAN. ) SOLID_ANGLE_UNIT ( ) );
#2848 = ORIENTED_EDGE ( 'NONE', *, *, #3273, .T. ) ;
#2849 = ORIENTED_EDGE ( 'NONE', *, *, #7094, .F. ) ;
#2850 = ORIENTED_EDGE ( 'NONE', *, *, #9761, .F. ) ;
#2851 = VERTEX_POINT ( 'NONE', #2070 ) ;
#2852 = DIRECTION ( 'NONE',  ( 0.000000000000000000, -1.000000000000000000, 0.000000000000000000 ) ) ;
#2853 = ORIENTED_EDGE ( 'NONE', *, *, #176, .T. ) ;
#2854 = CARTESIAN_POINT ( 'NONE',  ( -5.500000000000000888, 9.499999999999991118, 2.100000000000000089 ) ) ;
#2855 = AXIS2_PLACEMENT_3D ( 'NONE', #7475, #4652, #1965 ) ;
#2856 = UNCERTAINTY_MEASURE_WITH_UNIT (LENGTH_MEASURE( 1.000000000000000082E-05 ), #1878, 'distance_accuracy_value', 'NONE');
#2857 = ADVANCED_FACE ( 'NONE', ( #6454 ), #9441, .F. ) ;
#2858 = CARTESIAN_POINT ( 'NONE',  ( 2.500000000000001332, -1.013966244037294517, 2.463966244037302911 ) ) ;
#2859 = CARTESIAN_POINT ( 'NONE',  ( 0.5000000000000017764, -4.499999999999998224, 2.100000000000000089 ) ) ;
#2860 = ORIENTED_EDGE ( 'NONE', *, *, #10370, .F. ) ;
#2861 = MECHANICAL_DESIGN_GEOMETRIC_PRESENTATION_REPRESENTATION (  '', ( #11950 ), #157 ) ;
#2862 = ORIENTED_EDGE ( 'NONE', *, *, #11053, .T. ) ;
#2863 = SURFACE_STYLE_USAGE ( .BOTH. , #2926 ) ;
#2864 = MECHANICAL_DESIGN_GEOMETRIC_PRESENTATION_REPRESENTATION (  '', ( #10206 ), #5200 ) ;
#2865 = DIRECTION ( 'NONE',  ( 0.000000000000000000, 0.000000000000000000, 1.000000000000000000 ) ) ;
#2866 = EDGE_LOOP ( 'NONE', ( #4401, #4411, #6954, #2862 ) ) ;
#2867 = DIRECTION ( 'NONE',  ( 1.000000000000000000, -2.710505431213761085E-17, 0.000000000000000000 ) ) ;
#2868 = FACE_OUTER_BOUND ( 'NONE', #4048, .T. ) ;
#2869 = CARTESIAN_POINT ( 'NONE',  ( -4.499999999999999112, -9.499999999999994671, 2.100000000000000089 ) ) ;
#2870 = SURFACE_SIDE_STYLE ('',( #8387 ) ) ;
#2871 =( NAMED_UNIT ( * ) PLANE_ANGLE_UNIT ( ) SI_UNIT ( $, .RADIAN. ) );
#2872 = CARTESIAN_POINT ( 'NONE',  ( 0.000000000000000000, 0.000000000000000000, 2.100000000000000089 ) ) ;
#2873 = AXIS2_PLACEMENT_3D ( 'NONE', #5978, #3306, #5921 ) ;
#2874 = CARTESIAN_POINT ( 'NONE',  ( -7.499999999999999112, 7.500000000000007994, 2.463966244037302911 ) ) ;
#2875 = SURFACE_STYLE_USAGE ( .BOTH. , #4020 ) ;
#2876 = DIRECTION ( 'NONE',  ( 1.000000000000000000, 0.000000000000000000, 0.000000000000000000 ) ) ;
#2877 = CARTESIAN_POINT ( 'NONE',  ( -9.500000000000001776, 0.4999999999999961142, 2.100000000000000089 ) ) ;
#2878 = DIRECTION ( 'NONE',  ( 0.000000000000000000, 0.000000000000000000, 1.000000000000000000 ) ) ;
#2879 = ORIENTED_EDGE ( 'NONE', *, *, #6026, .T. ) ;
#2880 = EDGE_CURVE ( 'NONE', #7446, #3811, #3004, .T. ) ;
#2881 = CIRCLE ( 'NONE', #8851, 1.486033755962697267 ) ;
#2882 = CARTESIAN_POINT ( 'NONE',  ( 4.500000000000001776, -4.499999999999997335, 1.600000000000000089 ) ) ;
#2883 = PRESENTATION_LAYER_ASSIGNMENT (  '', '', ( #1897 ) ) ;
#2884 = EDGE_CURVE ( 'NONE', #4447, #1719, #5617, .T. ) ;
#2885 = FILL_AREA_STYLE ('',( #223 ) ) ;
#2886 =( GEOMETRIC_REPRESENTATION_CONTEXT ( 3 ) GLOBAL_UNCERTAINTY_ASSIGNED_CONTEXT ( ( #8920 ) ) GLOBAL_UNIT_ASSIGNED_CONTEXT ( ( #5504, #3608, #3778 ) ) REPRESENTATION_CONTEXT ( 'NONE', 'WORKASPACE' ) );
#2887 = SURFACE_SIDE_STYLE ('',( #4716 ) ) ;
#2888 = AXIS2_PLACEMENT_3D ( 'NONE', #4574, #8254, #11046 ) ;
#2889 = CIRCLE ( 'NONE', #353, 1.386033755962697844 ) ;
#2890 = CIRCLE ( 'NONE', #3093, 1.386033755962696956 ) ;
#2891 = CARTESIAN_POINT ( 'NONE',  ( 4.000000000000003553, 13.99999999999999822, 1.600000000000000089 ) ) ;
#2892 = ORIENTED_EDGE ( 'NONE', *, *, #7570, .T. ) ;
#2893 =( LENGTH_UNIT ( ) NAMED_UNIT ( * ) SI_UNIT ( .MILLI., .METRE. ) );
#2894 = COLOUR_RGB ( '',1.000000000000000000, 1.000000000000000000, 0.000000000000000000 ) ;
#2895 = CARTESIAN_POINT ( 'NONE',  ( -2.499999999999997780, -1.013966244037293629, 2.463966244037302911 ) ) ;
#2896 = EDGE_CURVE ( 'NONE', #8962, #5277, #3775, .T. ) ;
#2897 =( NAMED_UNIT ( * ) PLANE_ANGLE_UNIT ( ) SI_UNIT ( $, .RADIAN. ) );
#2898 = SURFACE_STYLE_FILL_AREA ( #9413 ) ;
#2899 = ORIENTED_EDGE ( 'NONE', *, *, #3558, .F. ) ;
#2900 = CARTESIAN_POINT ( 'NONE',  ( -7.499999999999997335, -7.499999999999990230, 2.463966244037302911 ) ) ;
#2901 = AXIS2_PLACEMENT_3D ( 'NONE', #10128, #3892, #2929 ) ;
#2902 = FILL_AREA_STYLE ('',( #7435 ) ) ;
#2903 = DIRECTION ( 'NONE',  ( 1.000000000000000000, 0.000000000000000000, 0.000000000000000000 ) ) ;
#2904 = PRESENTATION_LAYER_ASSIGNMENT (  '', '', ( #8122 ) ) ;
#2905 = FILL_AREA_STYLE ('',( #11205 ) ) ;
#2906 = EDGE_LOOP ( 'NONE', ( #5776, #5554, #6060, #6724 ) ) ;
#2907 = AXIS2_PLACEMENT_3D ( 'NONE', #2958, #4955, #6655 ) ;
#2908 = DIRECTION ( 'NONE',  ( -0.000000000000000000, -0.000000000000000000, 1.000000000000000000 ) ) ;
#2909 = EDGE_LOOP ( 'NONE', ( #10025, #250, #4024, #5838, #10923 ) ) ;
#2910 = PRESENTATION_LAYER_ASSIGNMENT (  '', '', ( #6782 ) ) ;
#2911 = EDGE_CURVE ( 'NONE', #5245, #8438, #11958, .T. ) ;
#2912 = ORIENTED_EDGE ( 'NONE', *, *, #5090, .F. ) ;
#2913 = CARTESIAN_POINT ( 'NONE',  ( -5.395973916753827204, -13.44012937056731793, 1.600000000000000089 ) ) ;
#2914 = CIRCLE ( 'NONE', #9653, 1.386033755962696956 ) ;
#2915 = CARTESIAN_POINT ( 'NONE',  ( -4.500000000000000000, -4.499999999999999112, 2.100000000000000089 ) ) ;
#2916 = ORIENTED_EDGE ( 'NONE', *, *, #4800, .F. ) ;
#2917 = DIRECTION ( 'NONE',  ( -0.000000000000000000, -0.000000000000000000, 1.000000000000000000 ) ) ;
#2918 =( GEOMETRIC_REPRESENTATION_CONTEXT ( 3 ) GLOBAL_UNCERTAINTY_ASSIGNED_CONTEXT ( ( #8429 ) ) GLOBAL_UNIT_ASSIGNED_CONTEXT ( ( #2267, #11211, #6768 ) ) REPRESENTATION_CONTEXT ( 'NONE', 'WORKASPACE' ) );
#2919 = DIRECTION ( 'NONE',  ( -0.000000000000000000, -0.000000000000000000, 1.000000000000000000 ) ) ;
#2920 = SURFACE_STYLE_USAGE ( .BOTH. , #1317 ) ;
#2921 = STYLED_ITEM ( 'NONE', ( #11693 ), #4322 ) ;
#2922 = AXIS2_PLACEMENT_3D ( 'NONE', #7812, #2295, #5347 ) ;
#2923 =( LENGTH_UNIT ( ) NAMED_UNIT ( * ) SI_UNIT ( .MILLI., .METRE. ) );
#2924 = ORIENTED_EDGE ( 'NONE', *, *, #4391, .T. ) ;
#2925 = ORIENTED_EDGE ( 'NONE', *, *, #9926, .T. ) ;
#2926 = SURFACE_SIDE_STYLE ('',( #4269 ) ) ;
#2927 = VECTOR ( 'NONE', #11537, 1000.000000000000000 ) ;
#2928 =( GEOMETRIC_REPRESENTATION_CONTEXT ( 3 ) GLOBAL_UNCERTAINTY_ASSIGNED_CONTEXT ( ( #11094 ) ) GLOBAL_UNIT_ASSIGNED_CONTEXT ( ( #3261, #298, #9659 ) ) REPRESENTATION_CONTEXT ( 'NONE', 'WORKASPACE' ) );
#2929 = DIRECTION ( 'NONE',  ( 1.000000000000000000, 0.000000000000000000, 0.000000000000000000 ) ) ;
#2930 = EDGE_LOOP ( 'NONE', ( #7704, #6702, #2492, #6010, #3467, #8679 ) ) ;
#2931 = CARTESIAN_POINT ( 'NONE',  ( -11.34999999999999609, -14.99999999999999645, 0.000000000000000000 ) ) ;
#2932 =( NAMED_UNIT ( * ) PLANE_ANGLE_UNIT ( ) SI_UNIT ( $, .RADIAN. ) );
#2933 = CARTESIAN_POINT ( 'NONE',  ( -0.4999999999999989453, -4.499999999999997335, 2.100000000000000089 ) ) ;
#2934 = COLOUR_RGB ( '',0.7529411764705882248, 0.7529411764705882248, 0.7529411764705882248 ) ;
#2935 =( LENGTH_UNIT ( ) NAMED_UNIT ( * ) SI_UNIT ( .MILLI., .METRE. ) );
#2936 = SURFACE_STYLE_USAGE ( .BOTH. , #6901 ) ;
#2937 = CARTESIAN_POINT ( 'NONE',  ( -7.499999999999997335, -7.499999999999990230, 2.463966244037302911 ) ) ;
#2938 = FACE_OUTER_BOUND ( 'NONE', #10405, .T. ) ;
#2939 = PRESENTATION_LAYER_ASSIGNMENT (  '', '', ( #6432 ) ) ;
#2940 = SURFACE_STYLE_FILL_AREA ( #11240 ) ;
#2941 = ORIENTED_EDGE ( 'NONE', *, *, #10447, .F. ) ;
#2942 = EDGE_CURVE ( 'NONE', #2048, #11571, #7824, .T. ) ;
#2943 = DIRECTION ( 'NONE',  ( -5.421010862427527100E-17, -1.000000000000000000, 0.000000000000000000 ) ) ;
#2944 = EDGE_CURVE ( 'NONE', #3296, #7922, #8715, .T. ) ;
#2945 = CARTESIAN_POINT ( 'NONE',  ( 5.395973916753827204, 12.34027113312489909, 1.600000000000000089 ) ) ;
#2946 = ORIENTED_EDGE ( 'NONE', *, *, #582, .F. ) ;
#2947 =( NAMED_UNIT ( * ) PLANE_ANGLE_UNIT ( ) SI_UNIT ( $, .RADIAN. ) );
#2948 = CIRCLE ( 'NONE', #10673, 0.1999022841403198525 ) ;
#2949 = PRESENTATION_STYLE_ASSIGNMENT (( #6467 ) ) ;
#2950 = SURFACE_SIDE_STYLE ('',( #9459 ) ) ;
#2951 = EDGE_CURVE ( 'NONE', #11891, #9271, #267, .T. ) ;
#2952 = AXIS2_PLACEMENT_3D ( 'NONE', #6604, #1732, #8233 ) ;
#2953 =( LENGTH_UNIT ( ) NAMED_UNIT ( * ) SI_UNIT ( .MILLI., .METRE. ) );
#2954 = SURFACE_STYLE_FILL_AREA ( #6478 ) ;
#2955 = CARTESIAN_POINT ( 'NONE',  ( 2.499999999999999556, 7.500000000000007105, 2.100000000000000089 ) ) ;
#2956 = MECHANICAL_DESIGN_GEOMETRIC_PRESENTATION_REPRESENTATION (  '', ( #8742 ), #10307 ) ;
#2957 =( NAMED_UNIT ( * ) SI_UNIT ( $, .STERADIAN. ) SOLID_ANGLE_UNIT ( ) );
#2958 = CARTESIAN_POINT ( 'NONE',  ( 0.5000000000000018874, -0.4999999999999987232, 2.100000000000000089 ) ) ;
#2959 =( NAMED_UNIT ( * ) PLANE_ANGLE_UNIT ( ) SI_UNIT ( $, .RADIAN. ) );
#2960 = DIRECTION ( 'NONE',  ( 1.000000000000000000, 0.000000000000000000, 0.000000000000000000 ) ) ;
#2961 = CARTESIAN_POINT ( 'NONE',  ( 12.94999999999999396, 11.35000000000000142, 1.600000000000000089 ) ) ;
#2962 = FILL_AREA_STYLE_COLOUR ( '', #9660 ) ;
#2963 = AXIS2_PLACEMENT_3D ( 'NONE', #4946, #8610, #5861 ) ;
#2964 = CIRCLE ( 'NONE', #4515, 1.386033755962696956 ) ;
#2965 =( LENGTH_UNIT ( ) NAMED_UNIT ( * ) SI_UNIT ( .MILLI., .METRE. ) );
#2966 = SURFACE_STYLE_FILL_AREA ( #4104 ) ;
#2967 = VECTOR ( 'NONE', #5219, 1000.000000000000000 ) ;
#2968 = CARTESIAN_POINT ( 'NONE',  ( 2.604026083246159029, 12.34027113312489909, 1.610000000000000098 ) ) ;
#2969 = EDGE_CURVE ( 'NONE', #8884, #862, #8969, .T. ) ;
#2970 = PRESENTATION_STYLE_ASSIGNMENT (( #11267 ) ) ;
#2971 = DIRECTION ( 'NONE',  ( 0.000000000000000000, 0.000000000000000000, 1.000000000000000000 ) ) ;
#2972 = ORIENTED_EDGE ( 'NONE', *, *, #7987, .T. ) ;
#2973 = SPHERICAL_SURFACE ( 'NONE', #4079, 1.486033755962697267 ) ;
#2974 = VERTEX_POINT ( 'NONE', #1392 ) ;
#2975 = MECHANICAL_DESIGN_GEOMETRIC_PRESENTATION_REPRESENTATION (  '', ( #7601 ), #3729 ) ;
#2976 = PRESENTATION_STYLE_ASSIGNMENT (( #1995 ) ) ;
#2977 = EDGE_LOOP ( 'NONE', ( #10497, #10747, #5542, #2173 ) ) ;
#2978 = FILL_AREA_STYLE ('',( #2053 ) ) ;
#2979 = LINE ( 'NONE', #4116, #5712 ) ;
#2980 = ORIENTED_EDGE ( 'NONE', *, *, #5644, .F. ) ;
#2981 = COLOUR_RGB ( '',1.000000000000000000, 1.000000000000000000, 0.000000000000000000 ) ;
#2982 = FILL_AREA_STYLE ('',( #7625 ) ) ;
#2983 = CARTESIAN_POINT ( 'NONE',  ( 2.500000000000000444, 2.500000000000007550, 2.463966244037302911 ) ) ;
#2984 = ADVANCED_FACE ( 'NONE', ( #5047, #11446, #3224, #4135, #11340, #3164, #6856 ), #6801, .F. ) ;
#2985 =( NAMED_UNIT ( * ) SI_UNIT ( $, .STERADIAN. ) SOLID_ANGLE_UNIT ( ) );
#2986 = EDGE_CURVE ( 'NONE', #10569, #11161, #10529, .T. ) ;
#2987 = AXIS2_PLACEMENT_3D ( 'NONE', #5603, #6378, #5545 ) ;
#2988 = ORIENTED_EDGE ( 'NONE', *, *, #1099, .T. ) ;
#2989 = ORIENTED_EDGE ( 'NONE', *, *, #2884, .T. ) ;
#2991 = DIRECTION ( 'NONE',  ( 0.000000000000000000, -1.000000000000000000, 0.000000000000000000 ) ) ;
#2990 = UNCERTAINTY_MEASURE_WITH_UNIT (LENGTH_MEASURE( 1.000000000000000082E-05 ), #8023, 'distance_accuracy_value', 'NONE');
#2992 =( LENGTH_UNIT ( ) NAMED_UNIT ( * ) SI_UNIT ( .MILLI., .METRE. ) );
#2993 = AXIS2_PLACEMENT_3D ( 'NONE', #2983, #4725, #7309 ) ;
#2994 = EDGE_LOOP ( 'NONE', ( #4493, #9255, #5677, #7682 ) ) ;
#2995 = AXIS2_PLACEMENT_3D ( 'NONE', #3331, #1610, #11554 ) ;
#2996 = CARTESIAN_POINT ( 'NONE',  ( -0.5000000000000002220, 9.499999999999989342, 2.100000000000000089 ) ) ;
#2997 = DIRECTION ( 'NONE',  ( 1.000000000000000000, 0.000000000000000000, 0.000000000000000000 ) ) ;
#2998 = DIRECTION ( 'NONE',  ( 0.000000000000000000, -0.000000000000000000, 1.000000000000000000 ) ) ;
#2999 = DIRECTION ( 'NONE',  ( -1.000000000000000000, -4.336808689942016750E-16, 0.000000000000000000 ) ) ;
#3000 = DIRECTION ( 'NONE',  ( -5.421010862427527100E-17, -1.000000000000000000, 0.000000000000000000 ) ) ;
#3001 =( GEOMETRIC_REPRESENTATION_CONTEXT ( 3 ) GLOBAL_UNCERTAINTY_ASSIGNED_CONTEXT ( ( #11064 ) ) GLOBAL_UNIT_ASSIGNED_CONTEXT ( ( #5708, #2959, #2155 ) ) REPRESENTATION_CONTEXT ( 'NONE', 'WORKASPACE' ) );
#3002 = ORIENTED_EDGE ( 'NONE', *, *, #7239, .F. ) ;
#3003 = FACE_OUTER_BOUND ( 'NONE', #5540, .T. ) ;
#3004 = CIRCLE ( 'NONE', #7434, 1.386033755962696956 ) ;
#3005 = DIRECTION ( 'NONE',  ( 0.000000000000000000, 1.000000000000000000, 0.000000000000000000 ) ) ;
#3006 = DIRECTION ( 'NONE',  ( 0.000000000000000000, 1.000000000000000000, 0.000000000000000000 ) ) ;
#3007 = LINE ( 'NONE', #3906, #9473 ) ;
#3008 = EDGE_LOOP ( 'NONE', ( #3879, #7937, #8042, #10984 ) ) ;
#3009 = CARTESIAN_POINT ( 'NONE',  ( -3.999999999999993339, -13.99999999999999822, 1.599999999999999645 ) ) ;
#3010 = PRESENTATION_LAYER_ASSIGNMENT (  '', '', ( #11898 ) ) ;
#3011 = SURFACE_SIDE_STYLE ('',( #3726 ) ) ;
#3012 = CYLINDRICAL_SURFACE ( 'NONE', #9117, 1.486033755962697267 ) ;
#3013 = FACE_OUTER_BOUND ( 'NONE', #7815, .T. ) ;
#3014 = CIRCLE ( 'NONE', #9764, 0.1996509341460569464 ) ;
#3015 = CARTESIAN_POINT ( 'NONE',  ( 0.5000000000000018874, -0.4999999999999987232, 2.100000000000000089 ) ) ;
#3016 = DIRECTION ( 'NONE',  ( 0.000000000000000000, 1.000000000000000000, 0.000000000000000000 ) ) ;
#3017 = CARTESIAN_POINT ( 'NONE',  ( -4.500000000000000888, 4.499999999999998224, 2.100000000000000089 ) ) ;
#3018 = CARTESIAN_POINT ( 'NONE',  ( -6.113966244037301934, 2.500000000000009326, 2.100000000000000089 ) ) ;
#3019 = DIRECTION ( 'NONE',  ( -4.336808689942015764E-16, -1.000000000000000000, 0.000000000000000000 ) ) ;
#3020 =( LENGTH_UNIT ( ) NAMED_UNIT ( * ) SI_UNIT ( .MILLI., .METRE. ) );
#3021 = SURFACE_SIDE_STYLE ('',( #1130 ) ) ;
#3022 = SURFACE_STYLE_FILL_AREA ( #5765 ) ;
#3023 = DIRECTION ( 'NONE',  ( -0.000000000000000000, -0.000000000000000000, 1.000000000000000000 ) ) ;
#3024 = SURFACE_STYLE_FILL_AREA ( #7612 ) ;
#3025 = CARTESIAN_POINT ( 'NONE',  ( -3.886033755962694958, -2.499999999999991118, 2.463966244037302911 ) ) ;
#3026 = CARTESIAN_POINT ( 'NONE',  ( 7.500000000000001776, -2.499999999999992895, 2.463966244037302911 ) ) ;
#3027 = ORIENTED_EDGE ( 'NONE', *, *, #2133, .T. ) ;
#3028 =( LENGTH_UNIT ( ) NAMED_UNIT ( * ) SI_UNIT ( .MILLI., .METRE. ) );
#3029 = ORIENTED_EDGE ( 'NONE', *, *, #7631, .F. ) ;
#3030 = STYLED_ITEM ( 'NONE', ( #11262 ), #9205 ) ;
#3031 = SURFACE_STYLE_USAGE ( .BOTH. , #3207 ) ;
#3032 = ORIENTED_EDGE ( 'NONE', *, *, #2093, .T. ) ;
#3033 = ADVANCED_FACE ( 'NONE', ( #2310 ), #10488, .T. ) ;
#3034 = SURFACE_STYLE_FILL_AREA ( #5888 ) ;
#3035 = CLOSED_SHELL ( 'NONE', ( #4308, #7165, #1330, #11856, #1304 ) ) ;
#3036 = DIRECTION ( 'NONE',  ( 1.000000000000000000, 0.000000000000000000, 0.000000000000000000 ) ) ;
#3037 = CARTESIAN_POINT ( 'NONE',  ( -5.500000000000000888, 5.499999999999992895, 1.600000000000000089 ) ) ;
#3038 = SURFACE_STYLE_USAGE ( .BOTH. , #7576 ) ;
#3039 = FILL_AREA_STYLE ('',( #11332 ) ) ;
#3040 = MECHANICAL_DESIGN_GEOMETRIC_PRESENTATION_REPRESENTATION (  '', ( #1864 ), #9795 ) ;
#3041 = ORIENTED_EDGE ( 'NONE', *, *, #9343, .T. ) ;
#3042 = VERTEX_POINT ( 'NONE', #3959 ) ;
#3043 = DIRECTION ( 'NONE',  ( -0.000000000000000000, -0.000000000000000000, -1.000000000000000000 ) ) ;
#3044 = AXIS2_PLACEMENT_3D ( 'NONE', #8271, #158, #4714 ) ;
#3045 = DIRECTION ( 'NONE',  ( 0.000000000000000000, 1.000000000000000000, 0.000000000000000000 ) ) ;
#3046 = ORIENTED_EDGE ( 'NONE', *, *, #7595, .T. ) ;
#3047 = ADVANCED_FACE ( 'NONE', ( #5112 ), #8650, .T. ) ;
#3048 = CARTESIAN_POINT ( 'NONE',  ( 2.499999999999999556, 8.986033755962703040, 2.463966244037302911 ) ) ;
#3049 = DIRECTION ( 'NONE',  ( -0.000000000000000000, -0.000000000000000000, 1.000000000000000000 ) ) ;
#3050 = DIRECTION ( 'NONE',  ( -0.7071067811865475727, 0.7071067811865475727, 0.000000000000000000 ) ) ;
#3052 = EDGE_CURVE ( 'NONE', #8024, #1941, #6021, .T. ) ;
#3051 = DIRECTION ( 'NONE',  ( -0.000000000000000000, -0.000000000000000000, 1.000000000000000000 ) ) ;
#3053 = SURFACE_STYLE_USAGE ( .BOTH. , #8553 ) ;
#3054 = DIRECTION ( 'NONE',  ( 1.000000000000000000, 0.000000000000000000, 0.000000000000000000 ) ) ;
#3055 = COLOUR_RGB ( '',1.000000000000000000, 1.000000000000000000, 0.000000000000000000 ) ;
#3056 = AXIS2_PLACEMENT_3D ( 'NONE', #7996, #2245, #4979 ) ;
#3057 =( NAMED_UNIT ( * ) PLANE_ANGLE_UNIT ( ) SI_UNIT ( $, .RADIAN. ) );
#3058 = EDGE_LOOP ( 'NONE', ( #10648, #183, #1565, #7752 ) ) ;
#3059 = SURFACE_SIDE_STYLE ('',( #4995 ) ) ;
#3060 = ORIENTED_EDGE ( 'NONE', *, *, #11400, .T. ) ;
#3061 = ADVANCED_FACE ( 'NONE', ( #6749 ), #11600, .F. ) ;
#3062 = CARTESIAN_POINT ( 'NONE',  ( 2.660895463735137856, 12.34027113312489909, 1.600000000000000089 ) ) ;
#3063 = AXIS2_PLACEMENT_3D ( 'NONE', #2623, #5416, #4200 ) ;
#3064 = EDGE_CURVE ( 'NONE', #10417, #6208, #1435, .T. ) ;
#3065 = CARTESIAN_POINT ( 'NONE',  ( -2.499999999999997780, -7.499999999999991118, 2.100000000000000089 ) ) ;
#3066 = UNCERTAINTY_MEASURE_WITH_UNIT (LENGTH_MEASURE( 1.000000000000000082E-05 ), #179, 'distance_accuracy_value', 'NONE');
#3067 =( NAMED_UNIT ( * ) SI_UNIT ( $, .STERADIAN. ) SOLID_ANGLE_UNIT ( ) );
#3068 =( GEOMETRIC_REPRESENTATION_CONTEXT ( 3 ) GLOBAL_UNCERTAINTY_ASSIGNED_CONTEXT ( ( #4068 ) ) GLOBAL_UNIT_ASSIGNED_CONTEXT ( ( #8739, #4164, #3244 ) ) REPRESENTATION_CONTEXT ( 'NONE', 'WORKASPACE' ) );
#3069 = LINE ( 'NONE', #286, #1375 ) ;
#3070 = VECTOR ( 'NONE', #4767, 1000.000000000000000 ) ;
#3071 = SURFACE_SIDE_STYLE ('',( #231 ) ) ;
#3072 = FILL_AREA_STYLE_COLOUR ( '', #6008 ) ;
#3073 = DIRECTION ( 'NONE',  ( 1.000000000000000000, 0.000000000000000000, 0.000000000000000000 ) ) ;
#3074 = FACE_OUTER_BOUND ( 'NONE', #4512, .T. ) ;
#3075 = SURFACE_SIDE_STYLE ('',( #1298 ) ) ;
#3076 = CARTESIAN_POINT ( 'NONE',  ( 2.604026083246159029, 13.44012937056731083, 1.610000000000000098 ) ) ;
#3077 = SURFACE_STYLE_FILL_AREA ( #2098 ) ;
#3078 = VECTOR ( 'NONE', #7098, 1000.000000000000000 ) ;
#3079 =( NAMED_UNIT ( * ) SI_UNIT ( $, .STERADIAN. ) SOLID_ANGLE_UNIT ( ) );
#3080 = CIRCLE ( 'NONE', #4642, 1.386033755962696956 ) ;
#3081 = FILL_AREA_STYLE_COLOUR ( '', #4873 ) ;
#3082 = ORIENTED_EDGE ( 'NONE', *, *, #3128, .F. ) ;
#3083 = SURFACE_STYLE_FILL_AREA ( #6947 ) ;
#3084 = ORIENTED_EDGE ( 'NONE', *, *, #1262, .F. ) ;
#3085 = ORIENTED_EDGE ( 'NONE', *, *, #4549, .T. ) ;
#3086 = ADVANCED_FACE ( 'NONE', ( #11481 ), #1366, .T. ) ;
#3087 = CIRCLE ( 'NONE', #2298, 1.386033755962696956 ) ;
#3088 = DIRECTION ( 'NONE',  ( 0.000000000000000000, 0.000000000000000000, -1.000000000000000000 ) ) ;
#3089 = EDGE_CURVE ( 'NONE', #5138, #4571, #4168, .T. ) ;
#3090 = AXIS2_PLACEMENT_3D ( 'NONE', #4423, #8112, #10037 ) ;
#3091 = CARTESIAN_POINT ( 'NONE',  ( -2.499999999999997780, -2.499999999999991118, 2.100000000000000089 ) ) ;
#3092 = ORIENTED_EDGE ( 'NONE', *, *, #7084, .F. ) ;
#3093 = AXIS2_PLACEMENT_3D ( 'NONE', #10566, #2336, #5975 ) ;
#3094 = MECHANICAL_DESIGN_GEOMETRIC_PRESENTATION_REPRESENTATION (  '', ( #10433 ), #8877 ) ;
#3095 = CARTESIAN_POINT ( 'NONE',  ( 7.500000000000001776, -2.499999999999992895, 2.463966244037302911 ) ) ;
#3096 = FACE_OUTER_BOUND ( 'NONE', #3402, .T. ) ;
#3097 = AXIS2_PLACEMENT_3D ( 'NONE', #3896, #1109, #8257 ) ;
#3098 = ORIENTED_EDGE ( 'NONE', *, *, #2942, .T. ) ;
#3099 = ORIENTED_EDGE ( 'NONE', *, *, #3198, .F. ) ;
#3100 = EDGE_CURVE ( 'NONE', #2793, #11630, #11900, .T. ) ;
#3102 = FACE_OUTER_BOUND ( 'NONE', #6568, .T. ) ;
#3101 = UNCERTAINTY_MEASURE_WITH_UNIT (LENGTH_MEASURE( 1.000000000000000082E-05 ), #8502, 'distance_accuracy_value', 'NONE');
#3103 = CARTESIAN_POINT ( 'NONE',  ( 5.499999999999998224, 9.499999999999992895, 2.100000000000000089 ) ) ;
#3104 = ORIENTED_EDGE ( 'NONE', *, *, #11778, .T. ) ;
#3105 = CARTESIAN_POINT ( 'NONE',  ( 7.500000000000002665, -7.499999999999992895, 2.463966244037302911 ) ) ;
#3106 = CARTESIAN_POINT ( 'NONE',  ( 4.500000000000002665, -9.499999999999992895, 1.600000000000000089 ) ) ;
#3107 = DIRECTION ( 'NONE',  ( 1.000000000000000000, 0.000000000000000000, 0.000000000000000000 ) ) ;
#3108 = MECHANICAL_DESIGN_GEOMETRIC_PRESENTATION_REPRESENTATION (  '', ( #15 ), #11241 ) ;
#3109 = AXIS2_PLACEMENT_3D ( 'NONE', #8644, #356, #4069 ) ;
#3110 =( NAMED_UNIT ( * ) PLANE_ANGLE_UNIT ( ) SI_UNIT ( $, .RADIAN. ) );
#3111 = AXIS2_PLACEMENT_3D ( 'NONE', #3396, #7206, #10784 ) ;
#3112 = ADVANCED_FACE ( 'NONE', ( #5083 ), #7795, .F. ) ;
#3113 = CARTESIAN_POINT ( 'NONE',  ( -2.499999999999999556, 7.500000000000007994, 2.463966244037302911 ) ) ;
#3114 = ORIENTED_EDGE ( 'NONE', *, *, #1529, .T. ) ;
#3115 = VECTOR ( 'NONE', #10454, 1000.000000000000000 ) ;
#3116 = ORIENTED_EDGE ( 'NONE', *, *, #3933, .F. ) ;
#3117 = CARTESIAN_POINT ( 'NONE',  ( -7.499999999999999112, 2.500000000000009326, 3.850000000000000089 ) ) ;
#3118 = DIRECTION ( 'NONE',  ( 0.000000000000000000, 0.000000000000000000, 1.000000000000000000 ) ) ;
#3119 = AXIS2_PLACEMENT_3D ( 'NONE', #10404, #5335, #474 ) ;
#3120 =( LENGTH_UNIT ( ) NAMED_UNIT ( * ) SI_UNIT ( .MILLI., .METRE. ) );
#3121 = DIRECTION ( 'NONE',  ( 1.000000000000000000, 0.000000000000000000, 0.000000000000000000 ) ) ;
#3122 = EDGE_LOOP ( 'NONE', ( #6912, #3587, #1107, #7856 ) ) ;
#3123 = CARTESIAN_POINT ( 'NONE',  ( 8.986033755962699487, -7.499999999999992895, 2.100000000000000089 ) ) ;
#3124 = CARTESIAN_POINT ( 'NONE',  ( -9.500000000000000000, -5.499999999999994671, 2.100000000000000089 ) ) ;
#3125 = CIRCLE ( 'NONE', #4681, 1.486033755962697267 ) ;
#3126 =( NAMED_UNIT ( * ) SI_UNIT ( $, .STERADIAN. ) SOLID_ANGLE_UNIT ( ) );
#3127 = STYLED_ITEM ( 'NONE', ( #1842 ), #4700 ) ;
#3128 = EDGE_CURVE ( 'NONE', #8135, #2677, #7853, .T. ) ;
#3129 = SPHERICAL_SURFACE ( 'NONE', #9090, 1.386033755962696956 ) ;
#3130 = EDGE_CURVE ( 'NONE', #2690, #5458, #9726, .T. ) ;
#3131 = SURFACE_STYLE_USAGE ( .BOTH. , #11255 ) ;
#3132 = MECHANICAL_DESIGN_GEOMETRIC_PRESENTATION_REPRESENTATION (  '', ( #3320 ), #7186 ) ;
#3133 = VECTOR ( 'NONE', #9642, 1000.000000000000000 ) ;
#3134 = CARTESIAN_POINT ( 'NONE',  ( -4.500000000000000000, -0.4999999999999970024, 1.600000000000000089 ) ) ;
#3135 = DIRECTION ( 'NONE',  ( 1.000000000000000000, 0.000000000000000000, 0.000000000000000000 ) ) ;
#3136 = CARTESIAN_POINT ( 'NONE',  ( -2.499999999999999556, 2.500000000000009326, 2.463966244037302911 ) ) ;
#3137 = DIRECTION ( 'NONE',  ( -0.000000000000000000, -0.000000000000000000, -1.000000000000000000 ) ) ;
#3138 = FACE_OUTER_BOUND ( 'NONE', #3219, .T. ) ;
#3139 = CARTESIAN_POINT ( 'NONE',  ( 2.500000000000001332, -2.499999999999992006, 2.100000000000000089 ) ) ;
#3140 = CIRCLE ( 'NONE', #4701, 1.486033755962697267 ) ;
#3141 = AXIS2_PLACEMENT_3D ( 'NONE', #6922, #9697, #3118 ) ;
#3142 = EDGE_CURVE ( 'NONE', #3360, #5163, #9555, .T. ) ;
#3143 = CARTESIAN_POINT ( 'NONE',  ( 2.500000000000001332, -2.499999999999992006, 2.100000000000000089 ) ) ;
#3144 = DIRECTION ( 'NONE',  ( 1.000000000000000000, 0.000000000000000000, 0.000000000000000000 ) ) ;
#3145 = VERTEX_POINT ( 'NONE', #591 ) ;
#3146 = SURFACE_STYLE_USAGE ( .BOTH. , #476 ) ;
#3147 = EDGE_LOOP ( 'NONE', ( #5946, #11862 ) ) ;
#3148 = LINE ( 'NONE', #6836, #9220 ) ;
#3149 = CARTESIAN_POINT ( 'NONE',  ( 2.499999999999999556, 7.500000000000007105, 2.463966244037302911 ) ) ;
#3150 = LINE ( 'NONE', #2232, #7819 ) ;
#3151 = CIRCLE ( 'NONE', #6636, 0.2000000000000000944 ) ;
#3152 = SURFACE_STYLE_USAGE ( .BOTH. , #2287 ) ;
#3153 = ORIENTED_EDGE ( 'NONE', *, *, #5197, .F. ) ;
#3154 =( LENGTH_UNIT ( ) NAMED_UNIT ( * ) SI_UNIT ( .MILLI., .METRE. ) );
#3155 = CARTESIAN_POINT ( 'NONE',  ( 9.500000000000000000, 5.499999999999992895, 2.100000000000000089 ) ) ;
#3156 = MECHANICAL_DESIGN_GEOMETRIC_PRESENTATION_REPRESENTATION (  '', ( #8377 ), #442 ) ;
#3157 = PLANE ( 'NONE',  #5159 ) ;
#3158 = ORIENTED_EDGE ( 'NONE', *, *, #3947, .T. ) ;
#3159 = ORIENTED_EDGE ( 'NONE', *, *, #6380, .F. ) ;
#3160 = AXIS2_PLACEMENT_3D ( 'NONE', #10486, #5897, #11337 ) ;
#3161 = DIRECTION ( 'NONE',  ( 1.000000000000000000, -4.336808689942015764E-16, 0.000000000000000000 ) ) ;
#3162 = PLANE ( 'NONE',  #152 ) ;
#3163 = ORIENTED_EDGE ( 'NONE', *, *, #1112, .T. ) ;
#3164 = FACE_BOUND ( 'NONE', #11399, .T. ) ;
#3165 = CARTESIAN_POINT ( 'NONE',  ( 8.886033755962696290, 2.500000000000007550, 2.100000000000000089 ) ) ;
#3166 = DIRECTION ( 'NONE',  ( 1.000000000000000000, 0.000000000000000000, 0.000000000000000000 ) ) ;
#3167 = STYLED_ITEM ( 'NONE', ( #3534 ), #2294 ) ;
#3168 = FILL_AREA_STYLE ('',( #9627 ) ) ;
#3169 = ORIENTED_EDGE ( 'NONE', *, *, #10010, .F. ) ;
#3170 = VECTOR ( 'NONE', #8481, 1000.000000000000114 ) ;
#3171 = EDGE_LOOP ( 'NONE', ( #2853, #2744, #6626, #8199 ) ) ;
#3172 = CARTESIAN_POINT ( 'NONE',  ( -4.062136327575070815, -13.44012937056732504, 1.610000000000000098 ) ) ;
#3173 = DIRECTION ( 'NONE',  ( -1.000000000000000000, -0.000000000000000000, -0.000000000000000000 ) ) ;
#3174 = DIRECTION ( 'NONE',  ( -1.000000000000000000, 0.000000000000000000, -0.000000000000000000 ) ) ;
#3175 = VERTEX_POINT ( 'NONE', #11671 ) ;
#3176 = CARTESIAN_POINT ( 'NONE',  ( 7.500000000000000888, 2.500000000000007550, 2.100000000000000089 ) ) ;
#3177 = ADVANCED_FACE ( 'NONE', ( #9593, #10766 ), #3377, .F. ) ;
#3178 = CARTESIAN_POINT ( 'NONE',  ( 0.000000000000000000, 0.000000000000000000, 2.100000000000000089 ) ) ;
#3179 = MECHANICAL_DESIGN_GEOMETRIC_PRESENTATION_REPRESENTATION (  '', ( #4352 ), #9359 ) ;
#3180 = VECTOR ( 'NONE', #4628, 1000.000000000000000 ) ;
#3181 = FILL_AREA_STYLE ('',( #8511 ) ) ;
#3182 = AXIS2_PLACEMENT_3D ( 'NONE', #9506, #3050, #9566 ) ;
#3183 = SURFACE_STYLE_FILL_AREA ( #2332 ) ;
#3184 = UNCERTAINTY_MEASURE_WITH_UNIT (LENGTH_MEASURE( 1.000000000000000082E-05 ), #6120, 'distance_accuracy_value', 'NONE');
#3185 = DIRECTION ( 'NONE',  ( -0.000000000000000000, -0.000000000000000000, 1.000000000000000000 ) ) ;
#3186 = DIRECTION ( 'NONE',  ( 1.000000000000000000, 2.168404344971009361E-16, 0.000000000000000000 ) ) ;
#3187 =( GEOMETRIC_REPRESENTATION_CONTEXT ( 3 ) GLOBAL_UNCERTAINTY_ASSIGNED_CONTEXT ( ( #6355 ) ) GLOBAL_UNIT_ASSIGNED_CONTEXT ( ( #7194, #3449, #10835 ) ) REPRESENTATION_CONTEXT ( 'NONE', 'WORKASPACE' ) );
#3188 = SURFACE_SIDE_STYLE ('',( #2402 ) ) ;
#3189 = DIRECTION ( 'NONE',  ( 0.000000000000000000, 0.000000000000000000, -1.000000000000000000 ) ) ;
#3190 = EDGE_LOOP ( 'NONE', ( #4376, #9676, #1996, #2714, #517 ) ) ;
#3191 =( NAMED_UNIT ( * ) SI_UNIT ( $, .STERADIAN. ) SOLID_ANGLE_UNIT ( ) );
#3192 = FILL_AREA_STYLE_COLOUR ( '', #9259 ) ;
#3193 = CARTESIAN_POINT ( 'NONE',  ( 0.5000000000000025535, -9.499999999999994671, 2.100000000000000089 ) ) ;
#3194 = EDGE_CURVE ( 'NONE', #10592, #11226, #9909, .T. ) ;
#3195 = VECTOR ( 'NONE', #712, 1000.000000000000000 ) ;
#3196 = UNCERTAINTY_MEASURE_WITH_UNIT (LENGTH_MEASURE( 1.000000000000000082E-05 ), #4025, 'distance_accuracy_value', 'NONE');
#3197 = DIRECTION ( 'NONE',  ( -0.000000000000000000, -0.000000000000000000, 1.000000000000000000 ) ) ;
#3198 = EDGE_CURVE ( 'NONE', #3584, #6807, #2822, .T. ) ;
#3199 = FILL_AREA_STYLE_COLOUR ( '', #7589 ) ;
#3200 =( GEOMETRIC_REPRESENTATION_CONTEXT ( 3 ) GLOBAL_UNCERTAINTY_ASSIGNED_CONTEXT ( ( #6117 ) ) GLOBAL_UNIT_ASSIGNED_CONTEXT ( ( #11179, #7362, #11910 ) ) REPRESENTATION_CONTEXT ( 'NONE', 'WORKASPACE' ) );
#3201 = SURFACE_STYLE_FILL_AREA ( #5270 ) ;
#3202 = DIRECTION ( 'NONE',  ( -0.000000000000000000, -0.000000000000000000, 1.000000000000000000 ) ) ;
#3203 = ORIENTED_EDGE ( 'NONE', *, *, #4589, .T. ) ;
#3204 = DIRECTION ( 'NONE',  ( 1.000000000000000000, 0.000000000000000000, 0.000000000000000000 ) ) ;
#3205 = DIRECTION ( 'NONE',  ( -3.252606517456514781E-16, 1.000000000000000000, 0.000000000000000000 ) ) ;
#3206 = VECTOR ( 'NONE', #90, 1000.000000000000000 ) ;
#3207 = SURFACE_SIDE_STYLE ('',( #249 ) ) ;
#3208 = ORIENTED_EDGE ( 'NONE', *, *, #526, .F. ) ;
#3209 =( NAMED_UNIT ( * ) PLANE_ANGLE_UNIT ( ) SI_UNIT ( $, .RADIAN. ) );
#3210 = DIRECTION ( 'NONE',  ( 0.000000000000000000, 0.000000000000000000, -1.000000000000000000 ) ) ;
#3211 = FACE_OUTER_BOUND ( 'NONE', #861, .T. ) ;
#3212 = CYLINDRICAL_SURFACE ( 'NONE', #4035, 1.386033755962696956 ) ;
#3213 = CARTESIAN_POINT ( 'NONE',  ( 1.200000000000001510, 12.00000000000000355, 1.600000000000000089 ) ) ;
#3214 = PRESENTATION_LAYER_ASSIGNMENT (  '', '', ( #11913 ) ) ;
#3215 =( NAMED_UNIT ( * ) SI_UNIT ( $, .STERADIAN. ) SOLID_ANGLE_UNIT ( ) );
#3216 = ORIENTED_EDGE ( 'NONE', *, *, #261, .F. ) ;
#3217 = ORIENTED_EDGE ( 'NONE', *, *, #3646, .F. ) ;
#3218 = DIRECTION ( 'NONE',  ( 1.000000000000000000, 0.000000000000000000, 0.000000000000000000 ) ) ;
#3219 = EDGE_LOOP ( 'NONE', ( #3950, #7705 ) ) ;
#3220 = DIRECTION ( 'NONE',  ( -1.000000000000000000, -0.000000000000000000, -0.000000000000000000 ) ) ;
#3221 = UNCERTAINTY_MEASURE_WITH_UNIT (LENGTH_MEASURE( 1.000000000000000082E-05 ), #10351, 'distance_accuracy_value', 'NONE');
#3222 = ORIENTED_EDGE ( 'NONE', *, *, #6301, .F. ) ;
#3223 = CARTESIAN_POINT ( 'NONE',  ( -0.5000000000000004441, 5.499999999999992895, 1.600000000000000089 ) ) ;
#3224 = FACE_OUTER_BOUND ( 'NONE', #6933, .T. ) ;
#3225 = DIRECTION ( 'NONE',  ( -1.000000000000000000, -3.252606517456514781E-16, 0.000000000000000000 ) ) ;
#3226 = CARTESIAN_POINT ( 'NONE',  ( 4.000000000000003553, 11.99999999999999822, 1.800000000000000044 ) ) ;
#3227 = CARTESIAN_POINT ( 'NONE',  ( 2.500000000000002220, -7.499999999999992006, 3.850000000000000089 ) ) ;
#3228 = ORIENTED_EDGE ( 'NONE', *, *, #1868, .T. ) ;
#3229 = VERTEX_POINT ( 'NONE', #9968 ) ;
#3230 = CARTESIAN_POINT ( 'NONE',  ( 2.499999999999999556, 7.500000000000007105, 2.463966244037302911 ) ) ;
#3231 = CARTESIAN_POINT ( 'NONE',  ( -3.999999999999993339, -13.99999999999999822, 1.800000000000000044 ) ) ;
#3232 = LINE ( 'NONE', #2322, #2289 ) ;
#3233 = CARTESIAN_POINT ( 'NONE',  ( 9.749999999999989342, -11.35000000000000142, 1.600000000000000089 ) ) ;
#3234 = ORIENTED_EDGE ( 'NONE', *, *, #7084, .T. ) ;
#3235 = CARTESIAN_POINT ( 'NONE',  ( -7.499999999999997335, -2.499999999999990230, 2.463966244037302911 ) ) ;
#3236 = PLANE ( 'NONE',  #1753 ) ;
#3237 = PRESENTATION_LAYER_ASSIGNMENT (  '', '', ( #10978 ) ) ;
#3238 = PLANE ( 'NONE',  #11777 ) ;
#3239 = AXIS2_PLACEMENT_3D ( 'NONE', #1832, #5567, #3722 ) ;
#3240 = ADVANCED_FACE ( 'NONE', ( #2938 ), #6241, .T. ) ;
#3241 = DIRECTION ( 'NONE',  ( 1.000000000000000000, 0.000000000000000000, 0.000000000000000000 ) ) ;
#3242 = FACE_OUTER_BOUND ( 'NONE', #11935, .T. ) ;
#3243 = AXIS2_PLACEMENT_3D ( 'NONE', #3899, #3051, #9689 ) ;
#3244 =( NAMED_UNIT ( * ) SI_UNIT ( $, .STERADIAN. ) SOLID_ANGLE_UNIT ( ) );
#3245 = ADVANCED_FACE ( 'NONE', ( #11793 ), #4016, .F. ) ;
#3246 = FILL_AREA_STYLE_COLOUR ( '', #11607 ) ;
#3247 = VERTEX_POINT ( 'NONE', #1004 ) ;
#3248 = AXIS2_PLACEMENT_3D ( 'NONE', #3677, #11013, #3623 ) ;
#3249 = CARTESIAN_POINT ( 'NONE',  ( -7.499999999999997335, -2.499999999999990230, 2.100000000000000089 ) ) ;
#3250 = DIRECTION ( 'NONE',  ( 0.000000000000000000, 0.000000000000000000, -1.000000000000000000 ) ) ;
#3251 = DIRECTION ( 'NONE',  ( 0.000000000000000000, 1.000000000000000000, 0.000000000000000000 ) ) ;
#3252 = CARTESIAN_POINT ( 'NONE',  ( -5.395973916753827204, -13.44012937056731793, 1.610000000000000098 ) ) ;
#3253 = CARTESIAN_POINT ( 'NONE',  ( 5.499999999999999112, 4.499999999999998224, 2.100000000000000089 ) ) ;
#3254 = DIRECTION ( 'NONE',  ( -1.000000000000000000, 0.000000000000000000, 0.000000000000000000 ) ) ;
#3255 = PRESENTATION_LAYER_ASSIGNMENT (  '', '', ( #167 ) ) ;
#3256 = SURFACE_STYLE_USAGE ( .BOTH. , #8748 ) ;
#3257 = AXIS2_PLACEMENT_3D ( 'NONE', #5509, #8208, #8079 ) ;
#3258 = ORIENTED_EDGE ( 'NONE', *, *, #1262, .T. ) ;
#3259 = ADVANCED_FACE ( 'NONE', ( #3901 ), #11511, .T. ) ;
#3260 = ORIENTED_EDGE ( 'NONE', *, *, #3089, .F. ) ;
#3261 =( LENGTH_UNIT ( ) NAMED_UNIT ( * ) SI_UNIT ( .MILLI., .METRE. ) );
#3262 = CARTESIAN_POINT ( 'NONE',  ( -13.17499999999999538, 13.17499999999999538, 0.000000000000000000 ) ) ;
#3263 = VERTEX_POINT ( 'NONE', #3227 ) ;
#3264 = PRESENTATION_LAYER_ASSIGNMENT (  '', '', ( #8664 ) ) ;
#3265 = SURFACE_STYLE_FILL_AREA ( #9920 ) ;
#3266 = STYLED_ITEM ( 'NONE', ( #4082 ), #5211 ) ;
#3267 =( NAMED_UNIT ( * ) SI_UNIT ( $, .STERADIAN. ) SOLID_ANGLE_UNIT ( ) );
#3269 = FILL_AREA_STYLE ('',( #4060 ) ) ;
#3268 = VECTOR ( 'NONE', #2147, 1000.000000000000000 ) ;
#3270 = SURFACE_STYLE_FILL_AREA ( #5100 ) ;
#3271 = EDGE_CURVE ( 'NONE', #8114, #4689, #2427, .T. ) ;
#3272 = STYLED_ITEM ( 'NONE', ( #7637 ), #11843 ) ;
#3273 = EDGE_CURVE ( 'NONE', #6780, #6864, #6690, .T. ) ;
#3274 = ORIENTED_EDGE ( 'NONE', *, *, #948, .T. ) ;
#3275 = ORIENTED_EDGE ( 'NONE', *, *, #7534, .F. ) ;
#3276 = EDGE_CURVE ( 'NONE', #4177, #6269, #3014, .T. ) ;
#3277 = PRESENTATION_LAYER_ASSIGNMENT (  '', '', ( #4650 ) ) ;
#3278 =( LENGTH_UNIT ( ) NAMED_UNIT ( * ) SI_UNIT ( .MILLI., .METRE. ) );
#3279 = ORIENTED_EDGE ( 'NONE', *, *, #6827, .F. ) ;
#3280 = FILL_AREA_STYLE_COLOUR ( '', #3559 ) ;
#3281 = ORIENTED_EDGE ( 'NONE', *, *, #9006, .T. ) ;
#3282 = CARTESIAN_POINT ( 'NONE',  ( 2.500000000000000444, 1.013966244037310060, 2.463966244037302911 ) ) ;
#3283 = SURFACE_STYLE_USAGE ( .BOTH. , #8895 ) ;
#3284 = MECHANICAL_DESIGN_GEOMETRIC_PRESENTATION_REPRESENTATION (  '', ( #6202 ), #365 ) ;
#3285 = LINE ( 'NONE', #8003, #660 ) ;
#3286 = AXIS2_PLACEMENT_3D ( 'NONE', #10198, #3780, #5624 ) ;
#3287 = CARTESIAN_POINT ( 'NONE',  ( -4.499999999999999112, -9.499999999999994671, 2.100000000000000089 ) ) ;
#3288 = EDGE_CURVE ( 'NONE', #5391, #10130, #8554, .T. ) ;
#3289 = VERTEX_POINT ( 'NONE', #10553 ) ;
#3290 = EDGE_LOOP ( 'NONE', ( #7264, #11437, #920, #10532 ) ) ;
#3291 = DIRECTION ( 'NONE',  ( 0.000000000000000000, -0.000000000000000000, -1.000000000000000000 ) ) ;
#3292 = VECTOR ( 'NONE', #4679, 1000.000000000000000 ) ;
#3293 = AXIS2_PLACEMENT_3D ( 'NONE', #10725, #6266, #7142 ) ;
#3294 = LINE ( 'NONE', #9766, #5976 ) ;
#3295 =( NAMED_UNIT ( * ) SI_UNIT ( $, .STERADIAN. ) SOLID_ANGLE_UNIT ( ) );
#3296 = VERTEX_POINT ( 'NONE', #270 ) ;
#3297 = PLANE ( 'NONE',  #1444 ) ;
#3298 = PRESENTATION_LAYER_ASSIGNMENT (  '', '', ( #3497 ) ) ;
#3299 =( NAMED_UNIT ( * ) SI_UNIT ( $, .STERADIAN. ) SOLID_ANGLE_UNIT ( ) );
#3300 = MECHANICAL_DESIGN_GEOMETRIC_PRESENTATION_REPRESENTATION (  '', ( #7935 ), #10058 ) ;
#3301 = DIRECTION ( 'NONE',  ( 0.000000000000000000, -1.000000000000000000, 0.000000000000000000 ) ) ;
#3302 = CARTESIAN_POINT ( 'NONE',  ( -7.499999999999999112, 2.500000000000009326, 2.100000000000000089 ) ) ;
#3303 = CIRCLE ( 'NONE', #11814, 1.486033755962697267 ) ;
#3304 = VECTOR ( 'NONE', #10323, 1000.000000000000000 ) ;
#3305 =( NAMED_UNIT ( * ) SI_UNIT ( $, .STERADIAN. ) SOLID_ANGLE_UNIT ( ) );
#3306 = DIRECTION ( 'NONE',  ( -0.000000000000000000, -0.000000000000000000, 1.000000000000000000 ) ) ;
#3307 = LINE ( 'NONE', #5009, #1543 ) ;
#3308 = VERTEX_POINT ( 'NONE', #11296 ) ;
#3309 = SURFACE_STYLE_FILL_AREA ( #6112 ) ;
#3310 = CARTESIAN_POINT ( 'NONE',  ( 0.000000000000000000, 0.000000000000000000, 0.000000000000000000 ) ) ;
#3311 =( LENGTH_UNIT ( ) NAMED_UNIT ( * ) SI_UNIT ( .MILLI., .METRE. ) );
#3312 = AXIS2_PLACEMENT_3D ( 'NONE', #9293, #2707, #1715 ) ;
#3313 = VECTOR ( 'NONE', #4049, 1000.000000000000000 ) ;
#3314 = DIRECTION ( 'NONE',  ( -1.000000000000000000, 0.000000000000000000, 0.000000000000000000 ) ) ;
#3315 = UNCERTAINTY_MEASURE_WITH_UNIT (LENGTH_MEASURE( 1.000000000000000082E-05 ), #78, 'distance_accuracy_value', 'NONE');
#3316 = CARTESIAN_POINT ( 'NONE',  ( -3.999999999999993339, -11.99999999999999822, 1.999650934146056880 ) ) ;
#3317 = AXIS2_PLACEMENT_3D ( 'NONE', #8418, #7263, #10524 ) ;
#3318 = ADVANCED_FACE ( 'NONE', ( #3963 ), #5905, .F. ) ;
#3319 = DIRECTION ( 'NONE',  ( 0.000000000000000000, -1.000000000000000000, 0.000000000000000000 ) ) ;
#3320 = STYLED_ITEM ( 'NONE', ( #7657 ), #6695 ) ;
#3321 = AXIS2_PLACEMENT_3D ( 'NONE', #1185, #5134, #10511 ) ;
#3322 = ORIENTED_EDGE ( 'NONE', *, *, #7647, .T. ) ;
#3323 = CARTESIAN_POINT ( 'NONE',  ( 13.17499999999999893, -13.17499999999999893, 1.600000000000000089 ) ) ;
#3324 = ORIENTED_EDGE ( 'NONE', *, *, #3288, .F. ) ;
#3325 = CARTESIAN_POINT ( 'NONE',  ( 7.500000000000000000, 7.500000000000007105, 2.463966244037302911 ) ) ;
#3326 = CARTESIAN_POINT ( 'NONE',  ( 2.500000000000000444, 3.886033755962704284, 2.463966244037302911 ) ) ;
#3327 = PRESENTATION_STYLE_ASSIGNMENT (( #2484 ) ) ;
#3328 = PRESENTATION_STYLE_ASSIGNMENT (( #10776 ) ) ;
#3329 = ORIENTED_EDGE ( 'NONE', *, *, #6804, .F. ) ;
#3330 = MECHANICAL_DESIGN_GEOMETRIC_PRESENTATION_REPRESENTATION (  '', ( #11845 ), #2160 ) ;
#3331 = CARTESIAN_POINT ( 'NONE',  ( -2.499999999999999556, 2.500000000000009326, 2.463966244037302911 ) ) ;
#3332 = ADVANCED_FACE ( 'NONE', ( #4987 ), #8655, .T. ) ;
#3333 =( NAMED_UNIT ( * ) SI_UNIT ( $, .STERADIAN. ) SOLID_ANGLE_UNIT ( ) );
#3334 = DIRECTION ( 'NONE',  ( -0.000000000000000000, -1.000000000000000000, -0.000000000000000000 ) ) ;
#3335 = SURFACE_SIDE_STYLE ('',( #3395 ) ) ;
#3336 = CARTESIAN_POINT ( 'NONE',  ( 4.500000000000002665, -9.499999999999992895, 2.100000000000000089 ) ) ;
#3337 = ORIENTED_EDGE ( 'NONE', *, *, #957, .F. ) ;
#3338 = MECHANICAL_DESIGN_GEOMETRIC_PRESENTATION_REPRESENTATION (  '', ( #4893 ), #634 ) ;
#3339 = STYLED_ITEM ( 'NONE', ( #2509 ), #1302 ) ;
#3340 = ORIENTED_EDGE ( 'NONE', *, *, #2215, .F. ) ;
#3341 = SURFACE_STYLE_USAGE ( .BOTH. , #9803 ) ;
#3342 = ORIENTED_EDGE ( 'NONE', *, *, #1401, .T. ) ;
#3343 = ORIENTED_EDGE ( 'NONE', *, *, #9020, .T. ) ;
#3344 = CARTESIAN_POINT ( 'NONE',  ( 2.500000000000002220, -6.013966244037294295, 2.463966244037302911 ) ) ;
#3345 = DIRECTION ( 'NONE',  ( -1.000000000000000000, 0.000000000000000000, 0.000000000000000000 ) ) ;
#3346 = UNCERTAINTY_MEASURE_WITH_UNIT (LENGTH_MEASURE( 1.000000000000000082E-05 ), #2799, 'distance_accuracy_value', 'NONE');
#3347 = ADVANCED_FACE ( 'NONE', ( #1397 ), #3351, .T. ) ;
#3348 = PRESENTATION_LAYER_ASSIGNMENT (  '', '', ( #7007 ) ) ;
#3349 = ADVANCED_FACE ( 'NONE', ( #11832 ), #11569, .F. ) ;
#3350 = CARTESIAN_POINT ( 'NONE',  ( 2.500000000000001332, -2.499999999999992006, 2.463966244037302911 ) ) ;
#3351 = CYLINDRICAL_SURFACE ( 'NONE', #5040, 0.3220000000000002305 ) ;
#3352 = PRESENTATION_LAYER_ASSIGNMENT (  '', '', ( #5308 ) ) ;
#3353 = VERTEX_POINT ( 'NONE', #11709 ) ;
#3354 = ORIENTED_EDGE ( 'NONE', *, *, #524, .T. ) ;
#3355 = PLANE ( 'NONE',  #10022 ) ;
#3356 = CYLINDRICAL_SURFACE ( 'NONE', #9910, 1.486033755962698155 ) ;
#3357 = COLOUR_RGB ( '',1.000000000000000000, 1.000000000000000000, 0.000000000000000000 ) ;
#3358 = CARTESIAN_POINT ( 'NONE',  ( -3.886033755962694958, -7.499999999999991118, 2.100000000000000089 ) ) ;
#3359 = CARTESIAN_POINT ( 'NONE',  ( 5.500000000000000888, -5.499999999999992895, 2.100000000000000089 ) ) ;
#3360 = VERTEX_POINT ( 'NONE', #7092 ) ;
#3361 = FILL_AREA_STYLE ('',( #6987 ) ) ;
#3362 = DIRECTION ( 'NONE',  ( 0.000000000000000000, 0.000000000000000000, -1.000000000000000000 ) ) ;
#3363 = FILL_AREA_STYLE_COLOUR ( '', #3524 ) ;
#3364 = FILL_AREA_STYLE ('',( #11651 ) ) ;
#3365 =( GEOMETRIC_REPRESENTATION_CONTEXT ( 3 ) GLOBAL_UNCERTAINTY_ASSIGNED_CONTEXT ( ( #9119 ) ) GLOBAL_UNIT_ASSIGNED_CONTEXT ( ( #10431, #2129, #4015 ) ) REPRESENTATION_CONTEXT ( 'NONE', 'WORKASPACE' ) );
#3366 = PLANE ( 'NONE',  #10826 ) ;
#3367 = AXIS2_PLACEMENT_3D ( 'NONE', #236, #7668, #2156 ) ;
#3368 = DIRECTION ( 'NONE',  ( -0.000000000000000000, -0.000000000000000000, 1.000000000000000000 ) ) ;
#3369 = SURFACE_STYLE_FILL_AREA ( #8084 ) ;
#3370 = VERTEX_POINT ( 'NONE', #2503 ) ;
#3371 = PRESENTATION_STYLE_ASSIGNMENT (( #11788 ) ) ;
#3372 = MECHANICAL_DESIGN_GEOMETRIC_PRESENTATION_REPRESENTATION (  '', ( #8206 ), #9171 ) ;
#3373 = FILL_AREA_STYLE ('',( #11663 ) ) ;
#3374 = DIRECTION ( 'NONE',  ( 1.000000000000000000, 0.000000000000000000, 0.000000000000000000 ) ) ;
#3375 = SURFACE_STYLE_USAGE ( .BOTH. , #9048 ) ;
#3376 =( GEOMETRIC_REPRESENTATION_CONTEXT ( 3 ) GLOBAL_UNCERTAINTY_ASSIGNED_CONTEXT ( ( #7661 ) ) GLOBAL_UNIT_ASSIGNED_CONTEXT ( ( #7791, #1530, #4286 ) ) REPRESENTATION_CONTEXT ( 'NONE', 'WORKASPACE' ) );
#3377 = PLANE ( 'NONE',  #2625 ) ;
#3378 = DIRECTION ( 'NONE',  ( 1.000000000000000000, 0.000000000000000000, 0.000000000000000000 ) ) ;
#3379 = VECTOR ( 'NONE', #1253, 1000.000000000000000 ) ;
#3380 = ORIENTED_EDGE ( 'NONE', *, *, #11344, .T. ) ;
#3381 = SURFACE_SIDE_STYLE ('',( #4295 ) ) ;
#3382 = ORIENTED_EDGE ( 'NONE', *, *, #7178, .T. ) ;
#3383 = CARTESIAN_POINT ( 'NONE',  ( -7.499999999999999112, 7.500000000000007994, 2.100000000000000089 ) ) ;
#3384 = DIRECTION ( 'NONE',  ( -1.000000000000000000, 1.224646799147353207E-16, 0.000000000000000000 ) ) ;
#3385 = FACE_OUTER_BOUND ( 'NONE', #4372, .T. ) ;
#3386 = PLANE ( 'NONE',  #10340 ) ;
#3387 = DIRECTION ( 'NONE',  ( -0.000000000000000000, -0.000000000000000000, -1.000000000000000000 ) ) ;
#3388 = DIRECTION ( 'NONE',  ( 0.000000000000000000, 1.000000000000000000, -0.000000000000000000 ) ) ;
#3389 = ORIENTED_EDGE ( 'NONE', *, *, #1191, .T. ) ;
#3390 = DIRECTION ( 'NONE',  ( 1.000000000000000000, 0.000000000000000000, 0.000000000000000000 ) ) ;
#3391 = VECTOR ( 'NONE', #3735, 1000.000000000000000 ) ;
#3392 = FILL_AREA_STYLE ('',( #5399 ) ) ;
#3393 = SURFACE_SIDE_STYLE ('',( #2488 ) ) ;
#3394 = COLOUR_RGB ( '',0.7529411764705882248, 0.7529411764705882248, 0.7529411764705882248 ) ;
#3395 = SURFACE_STYLE_FILL_AREA ( #5101 ) ;
#3396 = CARTESIAN_POINT ( 'NONE',  ( -2.499999999999997780, -7.499999999999991118, 2.463966244037302911 ) ) ;
#3397 = SURFACE_SIDE_STYLE ('',( #10657 ) ) ;
#3398 = EDGE_LOOP ( 'NONE', ( #8758, #3274, #2167, #11884 ) ) ;
#3399 = PRESENTATION_LAYER_ASSIGNMENT (  '', '', ( #8598 ) ) ;
#3400 = VERTEX_POINT ( 'NONE', #9879 ) ;
#3401 = ADVANCED_FACE ( 'NONE', ( #5307 ), #988, .T. ) ;
#3402 = EDGE_LOOP ( 'NONE', ( #5297, #9615 ) ) ;
#3403 = DIRECTION ( 'NONE',  ( 1.000000000000000000, 0.000000000000000000, 0.000000000000000000 ) ) ;
#3404 = FACE_OUTER_BOUND ( 'NONE', #11355, .T. ) ;
#3405 = EDGE_CURVE ( 'NONE', #4505, #9349, #5250, .T. ) ;
#3406 = VERTEX_POINT ( 'NONE', #1689 ) ;
#3407 = DIRECTION ( 'NONE',  ( 1.000000000000000000, 0.000000000000000000, 0.000000000000000000 ) ) ;
#3408 = FACE_OUTER_BOUND ( 'NONE', #3955, .T. ) ;
#3409 = CARTESIAN_POINT ( 'NONE',  ( 4.000000000000003553, 60.00000000000000711, 1.600000000000000311 ) ) ;
#3410 = SURFACE_STYLE_USAGE ( .BOTH. , #5363 ) ;
#3411 = ORIENTED_EDGE ( 'NONE', *, *, #9478, .T. ) ;
#3412 = ORIENTED_EDGE ( 'NONE', *, *, #8652, .T. ) ;
#3413 = EDGE_CURVE ( 'NONE', #3942, #10787, #8191, .T. ) ;
#3414 = DIRECTION ( 'NONE',  ( -0.000000000000000000, -0.000000000000000000, 1.000000000000000000 ) ) ;
#3415 = VECTOR ( 'NONE', #7941, 1000.000000000000000 ) ;
#3416 = PRESENTATION_LAYER_ASSIGNMENT (  '', '', ( #4382 ) ) ;
#3417 = CARTESIAN_POINT ( 'NONE',  ( -3.999999999999993339, -13.44012937056731793, 1.800000000000000044 ) ) ;
#3418 = FILL_AREA_STYLE_COLOUR ( '', #3550 ) ;
#3419 = ORIENTED_EDGE ( 'NONE', *, *, #8721, .T. ) ;
#3420 = SURFACE_SIDE_STYLE ('',( #5246 ) ) ;
#3421 = DIRECTION ( 'NONE',  ( 0.000000000000000000, -1.000000000000000000, 0.000000000000000000 ) ) ;
#3422 = SURFACE_SIDE_STYLE ('',( #9894 ) ) ;
#3423 = FACE_OUTER_BOUND ( 'NONE', #83, .T. ) ;
#3424 = MECHANICAL_DESIGN_GEOMETRIC_PRESENTATION_REPRESENTATION (  '', ( #6715 ), #7858 ) ;
#3425 = FILL_AREA_STYLE_COLOUR ( '', #11408 ) ;
#3426 = UNCERTAINTY_MEASURE_WITH_UNIT (LENGTH_MEASURE( 1.000000000000000082E-05 ), #5691, 'distance_accuracy_value', 'NONE');
#3427 = ADVANCED_FACE ( 'NONE', ( #5676 ), #5490, .F. ) ;
#3428 = LINE ( 'NONE', #7785, #7527 ) ;
#3429 = LINE ( 'NONE', #7236, #3910 ) ;
#3430 = EDGE_CURVE ( 'NONE', #6497, #9495, #7276, .T. ) ;
#3431 = CLOSED_SHELL ( 'NONE', ( #7768, #3764, #3245, #6216, #5872 ) ) ;
#3432 =( NAMED_UNIT ( * ) SI_UNIT ( $, .STERADIAN. ) SOLID_ANGLE_UNIT ( ) );
#3433 = VERTEX_POINT ( 'NONE', #2859 ) ;
#3434 = AXIS2_PLACEMENT_3D ( 'NONE', #3176, #10560, #5969 ) ;
#3435 = PLANE ( 'NONE',  #927 ) ;
#3436 =( GEOMETRIC_REPRESENTATION_CONTEXT ( 3 ) GLOBAL_UNCERTAINTY_ASSIGNED_CONTEXT ( ( #2007 ) ) GLOBAL_UNIT_ASSIGNED_CONTEXT ( ( #804, #1680, #8121 ) ) REPRESENTATION_CONTEXT ( 'NONE', 'WORKASPACE' ) );
#3437 = UNCERTAINTY_MEASURE_WITH_UNIT (LENGTH_MEASURE( 1.000000000000000082E-05 ), #6129, 'distance_accuracy_value', 'NONE');
#3438 = CARTESIAN_POINT ( 'NONE',  ( 2.700000000000001510, -12.00000000000002132, 0.000000000000000000 ) ) ;
#3439 =( NAMED_UNIT ( * ) SI_UNIT ( $, .STERADIAN. ) SOLID_ANGLE_UNIT ( ) );
#3440 = DIRECTION ( 'NONE',  ( 0.000000000000000000, 0.000000000000000000, -1.000000000000000000 ) ) ;
#3441 = FILL_AREA_STYLE_COLOUR ( '', #200 ) ;
#3442 = ORIENTED_EDGE ( 'NONE', *, *, #84, .T. ) ;
#3443 = SURFACE_STYLE_USAGE ( .BOTH. , #3381 ) ;
#3444 = ORIENTED_EDGE ( 'NONE', *, *, #9375, .F. ) ;
#3445 = VECTOR ( 'NONE', #3220, 1000.000000000000000 ) ;
#3446 = SURFACE_STYLE_FILL_AREA ( #7254 ) ;
#3447 = CARTESIAN_POINT ( 'NONE',  ( -0.4999999999999996669, 0.4999999999999978351, 1.600000000000000089 ) ) ;
#3448 = PRESENTATION_STYLE_ASSIGNMENT (( #1723 ) ) ;
#3449 =( NAMED_UNIT ( * ) PLANE_ANGLE_UNIT ( ) SI_UNIT ( $, .RADIAN. ) );
#3450 = LINE ( 'NONE', #5209, #4644 ) ;
#3451 = CARTESIAN_POINT ( 'NONE',  ( 5.395973916753827204, 12.34027113312489909, 1.610000000000000098 ) ) ;
#3452 = EDGE_LOOP ( 'NONE', ( #3753, #6731 ) ) ;
#3453 = CARTESIAN_POINT ( 'NONE',  ( 3.986033755962696823, 7.500000000000007105, 2.463966244037302911 ) ) ;
#3454 = CIRCLE ( 'NONE', #9811, 1.386033755962696956 ) ;
#3455 = CARTESIAN_POINT ( 'NONE',  ( 4.500000000000000888, 0.4999999999999978351, 2.100000000000000089 ) ) ;
#3456 = CARTESIAN_POINT ( 'NONE',  ( 8.886033755962696290, 2.500000000000007550, 2.463966244037302911 ) ) ;
#3457 = VECTOR ( 'NONE', #11430, 1000.000000000000000 ) ;
#3458 = PLANE ( 'NONE',  #8656 ) ;
#3459 = CARTESIAN_POINT ( 'NONE',  ( -8.986033755962694158, -7.499999999999990230, 2.100000000000000089 ) ) ;
#3460 = EDGE_CURVE ( 'NONE', #8395, #8237, #10240, .T. ) ;
#3461 = DIRECTION ( 'NONE',  ( -0.000000000000000000, -0.000000000000000000, 1.000000000000000000 ) ) ;
#3462 = FILL_AREA_STYLE ('',( #1490 ) ) ;
#3463 = VERTEX_POINT ( 'NONE', #931 ) ;
#3464 = EDGE_LOOP ( 'NONE', ( #9961, #8064 ) ) ;
#3465 = PLANE ( 'NONE',  #16 ) ;
#3466 = MECHANICAL_DESIGN_GEOMETRIC_PRESENTATION_REPRESENTATION (  '', ( #551 ), #8479 ) ;
#3467 = ORIENTED_EDGE ( 'NONE', *, *, #990, .F. ) ;
#3468 = FACE_OUTER_BOUND ( 'NONE', #1091, .T. ) ;
#3469 = UNCERTAINTY_MEASURE_WITH_UNIT (LENGTH_MEASURE( 1.000000000000000082E-05 ), #5346, 'distance_accuracy_value', 'NONE');
#3470 = MECHANICAL_DESIGN_GEOMETRIC_PRESENTATION_REPRESENTATION (  '', ( #6175 ), #6377 ) ;
#3471 = ORIENTED_EDGE ( 'NONE', *, *, #2544, .T. ) ;
#3472 =( NAMED_UNIT ( * ) PLANE_ANGLE_UNIT ( ) SI_UNIT ( $, .RADIAN. ) );
#3473 = UNCERTAINTY_MEASURE_WITH_UNIT (LENGTH_MEASURE( 1.000000000000000082E-05 ), #2893, 'distance_accuracy_value', 'NONE');
#3474 = FACE_BOUND ( 'NONE', #1399, .T. ) ;
#3475 = ADVANCED_FACE ( 'NONE', ( #1872 ), #6735, .T. ) ;
#3476 = CIRCLE ( 'NONE', #10814, 1.500000000000000000 ) ;
#3477 = ADVANCED_FACE ( 'NONE', ( #18 ), #9610, .T. ) ;
#3478 = MECHANICAL_DESIGN_GEOMETRIC_PRESENTATION_REPRESENTATION (  '', ( #4823 ), #6565 ) ;
#3479 = EDGE_CURVE ( 'NONE', #2299, #3732, #4854, .T. ) ;
#3480 = ORIENTED_EDGE ( 'NONE', *, *, #9392, .T. ) ;
#3481 = EDGE_LOOP ( 'NONE', ( #5497, #4576, #6336, #5073 ) ) ;
#3482 = SURFACE_STYLE_USAGE ( .BOTH. , #9156 ) ;
#3483 = CARTESIAN_POINT ( 'NONE',  ( -4.061515957101494045, -12.34027113312490620, 1.610000000000000098 ) ) ;
#3484 = DIRECTION ( 'NONE',  ( -0.000000000000000000, -0.000000000000000000, 1.000000000000000000 ) ) ;
#3485 = ORIENTED_EDGE ( 'NONE', *, *, #5919, .T. ) ;
#3486 = MECHANICAL_DESIGN_GEOMETRIC_PRESENTATION_REPRESENTATION (  '', ( #2699 ), #7335 ) ;
#3487 = AXIS2_PLACEMENT_3D ( 'NONE', #7544, #2090, #5809 ) ;
#3488 = LINE ( 'NONE', #5503, #6805 ) ;
#3489 =( GEOMETRIC_REPRESENTATION_CONTEXT ( 3 ) GLOBAL_UNCERTAINTY_ASSIGNED_CONTEXT ( ( #5257 ) ) GLOBAL_UNIT_ASSIGNED_CONTEXT ( ( #4844, #4046, #2279 ) ) REPRESENTATION_CONTEXT ( 'NONE', 'WORKASPACE' ) );
#3490 = FACE_OUTER_BOUND ( 'NONE', #7867, .T. ) ;
#3491 = ADVANCED_FACE ( 'NONE', ( #3096 ), #2176, .T. ) ;
#3492 = CIRCLE ( 'NONE', #11402, 1.386033755962696956 ) ;
#3493 = DIRECTION ( 'NONE',  ( -0.000000000000000000, -0.000000000000000000, 1.000000000000000000 ) ) ;
#3494 =( GEOMETRIC_REPRESENTATION_CONTEXT ( 3 ) GLOBAL_UNCERTAINTY_ASSIGNED_CONTEXT ( ( #8896 ) ) GLOBAL_UNIT_ASSIGNED_CONTEXT ( ( #7442, #7269, #5667 ) ) REPRESENTATION_CONTEXT ( 'NONE', 'WORKASPACE' ) );
#3495 = CARTESIAN_POINT ( 'NONE',  ( -0.5000000000000004441, 5.499999999999992895, 2.100000000000000089 ) ) ;
#3496 = DIRECTION ( 'NONE',  ( 0.000000000000000000, 0.000000000000000000, -1.000000000000000000 ) ) ;
#3497 = STYLED_ITEM ( 'NONE', ( #11653 ), #4067 ) ;
#3498 = FILL_AREA_STYLE_COLOUR ( '', #7548 ) ;
#3499 = ORIENTED_EDGE ( 'NONE', *, *, #6305, .F. ) ;
#3500 = STYLED_ITEM ( 'NONE', ( #5781 ), #3491 ) ;
#3501 = FACE_OUTER_BOUND ( 'NONE', #8714, .T. ) ;
#3502 = DIRECTION ( 'NONE',  ( -1.000000000000000000, -4.336808689942015764E-16, 0.000000000000000000 ) ) ;
#3503 = CIRCLE ( 'NONE', #9294, 1.386033755962696956 ) ;
#3504 = PRESENTATION_LAYER_ASSIGNMENT (  '', '', ( #2331 ) ) ;
#3505 = CARTESIAN_POINT ( 'NONE',  ( -9.500000000000000000, -4.499999999999999112, 2.100000000000000089 ) ) ;
#3506 = EDGE_CURVE ( 'NONE', #5732, #10680, #6028, .T. ) ;
#3507 = EDGE_CURVE ( 'NONE', #8050, #7018, #2704, .T. ) ;
#3508 = STYLED_ITEM ( 'NONE', ( #242 ), #3685 ) ;
#3509 = CARTESIAN_POINT ( 'NONE',  ( 4.500000000000001776, -0.4999999999999987232, 2.100000000000000089 ) ) ;
#3510 = VERTEX_POINT ( 'NONE', #4369 ) ;
#3511 = PLANE ( 'NONE',  #9068 ) ;
#3512 = EDGE_LOOP ( 'NONE', ( #1101, #556, #10713, #11712, #2056, #10014, #11542, #4128 ) ) ;
#3513 = DIRECTION ( 'NONE',  ( 1.000000000000000000, 0.000000000000000000, 0.000000000000000000 ) ) ;
#3514 = MECHANICAL_DESIGN_GEOMETRIC_PRESENTATION_REPRESENTATION (  '', ( #2730 ), #1747 ) ;
#3515 = CIRCLE ( 'NONE', #396, 0.3220000000000002305 ) ;
#3516 = PLANE ( 'NONE',  #10961 ) ;
#3517 = DIRECTION ( 'NONE',  ( 1.000000000000000000, 0.000000000000000000, 0.000000000000000000 ) ) ;
#3518 = LINE ( 'NONE', #7067, #5544 ) ;
#3519 = COLOUR_RGB ( '',0.7529411764705882248, 0.7529411764705882248, 0.7529411764705882248 ) ;
#3520 = ORIENTED_EDGE ( 'NONE', *, *, #3430, .T. ) ;
#3521 = SURFACE_STYLE_USAGE ( .BOTH. , #9003 ) ;
#3522 = FILL_AREA_STYLE_COLOUR ( '', #4543 ) ;
#3523 = EDGE_CURVE ( 'NONE', #6881, #6011, #10844, .T. ) ;
#3524 = COLOUR_RGB ( '',0.7529411764705882248, 0.7529411764705882248, 0.7529411764705882248 ) ;
#3525 = CARTESIAN_POINT ( 'NONE',  ( 3.938484042898503290, 12.34027113312490265, 1.610000000000000098 ) ) ;
#3526 = PRESENTATION_LAYER_ASSIGNMENT (  '', '', ( #5848 ) ) ;
#3527 = DIRECTION ( 'NONE',  ( 1.000000000000000000, 0.000000000000000000, 0.000000000000000000 ) ) ;
#3528 = ORIENTED_EDGE ( 'NONE', *, *, #455, .T. ) ;
#3529 = ORIENTED_EDGE ( 'NONE', *, *, #7741, .F. ) ;
#3530 = ORIENTED_EDGE ( 'NONE', *, *, #5690, .F. ) ;
#3531 = ORIENTED_EDGE ( 'NONE', *, *, #33, .T. ) ;
#3532 = LINE ( 'NONE', #10790, #3632 ) ;
#3533 = PRESENTATION_LAYER_ASSIGNMENT (  '', '', ( #9325 ) ) ;
#3534 = PRESENTATION_STYLE_ASSIGNMENT (( #8057 ) ) ;
#3535 = VERTEX_POINT ( 'NONE', #10655 ) ;
#3536 = DIRECTION ( 'NONE',  ( 1.000000000000000000, 0.000000000000000000, 0.000000000000000000 ) ) ;
#3537 = CARTESIAN_POINT ( 'NONE',  ( 2.500000000000001332, -2.499999999999992006, 2.100000000000000089 ) ) ;
#3538 = FACE_BOUND ( 'NONE', #1780, .T. ) ;
#3539 =( GEOMETRIC_REPRESENTATION_CONTEXT ( 3 ) GLOBAL_UNCERTAINTY_ASSIGNED_CONTEXT ( ( #9525 ) ) GLOBAL_UNIT_ASSIGNED_CONTEXT ( ( #4971, #10651, #9398 ) ) REPRESENTATION_CONTEXT ( 'NONE', 'WORKASPACE' ) );
#3540 = EDGE_LOOP ( 'NONE', ( #7975, #3092 ) ) ;
#3541 = EDGE_LOOP ( 'NONE', ( #11088, #676, #4600, #972 ) ) ;
#3542 = PLANE ( 'NONE',  #5611 ) ;
#3543 = CARTESIAN_POINT ( 'NONE',  ( -2.499999999999999556, 2.500000000000009326, 2.463966244037302911 ) ) ;
#3544 =( NAMED_UNIT ( * ) PLANE_ANGLE_UNIT ( ) SI_UNIT ( $, .RADIAN. ) );
#3545 = EDGE_LOOP ( 'NONE', ( #5994, #9201, #11443, #3444 ) ) ;
#3546 = AXIS2_PLACEMENT_3D ( 'NONE', #10104, #1794, #4786 ) ;
#3547 = AXIS2_PLACEMENT_3D ( 'NONE', #9273, #10183, #10988 ) ;
#3548 = CARTESIAN_POINT ( 'NONE',  ( -7.499999999999999112, 7.500000000000007994, 2.463966244037302911 ) ) ;
#3549 = DIRECTION ( 'NONE',  ( -0.000000000000000000, -0.000000000000000000, 1.000000000000000000 ) ) ;
#3550 = COLOUR_RGB ( '',0.7529411764705882248, 0.7529411764705882248, 0.7529411764705882248 ) ;
#3551 = SURFACE_STYLE_FILL_AREA ( #11901 ) ;
#3552 = AXIS2_PLACEMENT_3D ( 'NONE', #5839, #43, #11966 ) ;
#3553 = CARTESIAN_POINT ( 'NONE',  ( -2.499999999999997780, -7.499999999999991118, 3.950000000000000178 ) ) ;
#3554 = DIRECTION ( 'NONE',  ( 0.000000000000000000, -1.000000000000000000, 0.000000000000000000 ) ) ;
#3555 = FILL_AREA_STYLE ('',( #2645 ) ) ;
#3556 = CARTESIAN_POINT ( 'NONE',  ( -4.061617769648870002, -12.52005692907781054, 1.610000000000000098 ) ) ;
#3557 = EDGE_LOOP ( 'NONE', ( #10224, #2491, #9866, #9814, #5403 ) ) ;
#3558 = EDGE_CURVE ( 'NONE', #7759, #4273, #8766, .T. ) ;
#3559 = COLOUR_RGB ( '',0.5019607843137254832, 0.5019607843137254832, 0.5019607843137254832 ) ;
#3560 = CARTESIAN_POINT ( 'NONE',  ( -2.499999999999999556, 2.500000000000009326, 2.100000000000000089 ) ) ;
#3561 = ADVANCED_FACE ( 'NONE', ( #6071 ), #1436, .F. ) ;
#3562 = LINE ( 'NONE', #4465, #7280 ) ;
#3563 = UNCERTAINTY_MEASURE_WITH_UNIT (LENGTH_MEASURE( 1.000000000000000082E-05 ), #5633, 'distance_accuracy_value', 'NONE');
#3564 = LINE ( 'NONE', #838, #10073 ) ;
#3565 = MECHANICAL_DESIGN_GEOMETRIC_PRESENTATION_REPRESENTATION (  '', ( #7800 ), #3365 ) ;
#3566 = ADVANCED_FACE ( 'NONE', ( #7988 ), #11691, .T. ) ;
#3567 = VERTEX_POINT ( 'NONE', #8235 ) ;
#3568 = DIRECTION ( 'NONE',  ( -0.000000000000000000, -0.000000000000000000, -1.000000000000000000 ) ) ;
#3569 = VERTEX_POINT ( 'NONE', #10221 ) ;
#3570 = PLANE ( 'NONE',  #8711 ) ;
#3571 = AXIS2_PLACEMENT_3D ( 'NONE', #2217, #6716, #3860 ) ;
#3572 = FACE_OUTER_BOUND ( 'NONE', #10168, .T. ) ;
#3573 = EDGE_CURVE ( 'NONE', #9235, #3890, #7318, .T. ) ;
#3574 = CARTESIAN_POINT ( 'NONE',  ( 2.499999999999999556, 7.500000000000007105, 2.463966244037302911 ) ) ;
#3575 = ORIENTED_EDGE ( 'NONE', *, *, #8409, .F. ) ;
#3576 = EDGE_CURVE ( 'NONE', #866, #6564, #10264, .T. ) ;
#3577 = CIRCLE ( 'NONE', #10714, 1.486033755962697267 ) ;
#3578 =( NAMED_UNIT ( * ) SI_UNIT ( $, .STERADIAN. ) SOLID_ANGLE_UNIT ( ) );
#3579 = DIRECTION ( 'NONE',  ( -1.000000000000000000, -0.000000000000000000, -0.000000000000000000 ) ) ;
#3580 = PRESENTATION_STYLE_ASSIGNMENT (( #10907 ) ) ;
#3581 = CARTESIAN_POINT ( 'NONE',  ( -7.499999999999999112, 8.886033755962705172, 2.463966244037302911 ) ) ;
#3582 = AXIS2_PLACEMENT_3D ( 'NONE', #1882, #10312, #2015 ) ;
#3583 =( NAMED_UNIT ( * ) PLANE_ANGLE_UNIT ( ) SI_UNIT ( $, .RADIAN. ) );
#3584 = VERTEX_POINT ( 'NONE', #8176 ) ;
#3585 = VERTEX_POINT ( 'NONE', #1734 ) ;
#3586 = ORIENTED_EDGE ( 'NONE', *, *, #871, .T. ) ;
#3587 = ORIENTED_EDGE ( 'NONE', *, *, #5675, .T. ) ;
#3588 = CARTESIAN_POINT ( 'NONE',  ( 5.395973916753827204, 12.34027113312489909, 1.600000000000000089 ) ) ;
#3589 = ADVANCED_FACE ( 'NONE', ( #3689 ), #2789, .T. ) ;
#3590 = STYLED_ITEM ( 'NONE', ( #11919 ), #8158 ) ;
#3591 = VERTEX_POINT ( 'NONE', #3581 ) ;
#3592 = CARTESIAN_POINT ( 'NONE',  ( -3.937863672424916750, -13.44012937056731793, 1.610000000000000098 ) ) ;
#3593 = SURFACE_STYLE_FILL_AREA ( #1810 ) ;
#3594 = UNCERTAINTY_MEASURE_WITH_UNIT (LENGTH_MEASURE( 1.000000000000000082E-05 ), #155, 'distance_accuracy_value', 'NONE');
#3595 = SURFACE_SIDE_STYLE ('',( #8190 ) ) ;
#3596 = DIRECTION ( 'NONE',  ( -1.000000000000000000, -2.168404344971009361E-16, 0.000000000000000000 ) ) ;
#3597 = AXIS2_PLACEMENT_3D ( 'NONE', #4530, #7053, #5264 ) ;
#3598 = ORIENTED_EDGE ( 'NONE', *, *, #8624, .F. ) ;
#3599 = ORIENTED_EDGE ( 'NONE', *, *, #427, .F. ) ;
#3600 = UNCERTAINTY_MEASURE_WITH_UNIT (LENGTH_MEASURE( 1.000000000000000082E-05 ), #10645, 'distance_accuracy_value', 'NONE');
#3601 = ADVANCED_FACE ( 'NONE', ( #5660 ), #5476, .F. ) ;
#3602 = LINE ( 'NONE', #11645, #3849 ) ;
#3603 = CARTESIAN_POINT ( 'NONE',  ( -4.499999999999999112, -9.499999999999994671, 2.100000000000000089 ) ) ;
#3604 = VERTEX_POINT ( 'NONE', #6549 ) ;
#3605 = FACE_OUTER_BOUND ( 'NONE', #4969, .T. ) ;
#3606 = CARTESIAN_POINT ( 'NONE',  ( 2.499999999999999556, 7.500000000000007105, 2.463966244037302911 ) ) ;
#3607 = CARTESIAN_POINT ( 'NONE',  ( 7.500000000000000888, 2.500000000000007550, 2.100000000000000089 ) ) ;
#3608 =( NAMED_UNIT ( * ) PLANE_ANGLE_UNIT ( ) SI_UNIT ( $, .RADIAN. ) );
#3609 = FACE_OUTER_BOUND ( 'NONE', #6051, .T. ) ;
#3610 = FACE_OUTER_BOUND ( 'NONE', #6614, .T. ) ;
#3611 = FILL_AREA_STYLE_COLOUR ( '', #5592 ) ;
#3612 =( LENGTH_UNIT ( ) NAMED_UNIT ( * ) SI_UNIT ( .MILLI., .METRE. ) );
#3613 = ORIENTED_EDGE ( 'NONE', *, *, #1003, .T. ) ;
#3614 = DIRECTION ( 'NONE',  ( -1.000000000000000000, -0.000000000000000000, -0.000000000000000000 ) ) ;
#3615 = FACE_OUTER_BOUND ( 'NONE', #11134, .T. ) ;
#3616 = CIRCLE ( 'NONE', #2666, 1.386033755962696956 ) ;
#3617 = FILL_AREA_STYLE_COLOUR ( '', #2315 ) ;
#3618 = EDGE_LOOP ( 'NONE', ( #8475, #9015, #8303, #11303 ) ) ;
#3619 = EDGE_CURVE ( 'NONE', #4675, #11513, #7121, .T. ) ;
#3620 = EDGE_LOOP ( 'NONE', ( #2543, #8892, #6388, #8529 ) ) ;
#3621 = DIRECTION ( 'NONE',  ( 0.000000000000000000, 0.000000000000000000, -1.000000000000000000 ) ) ;
#3622 = MECHANICAL_DESIGN_GEOMETRIC_PRESENTATION_REPRESENTATION (  '', ( #5581 ), #11171 ) ;
#3623 = DIRECTION ( 'NONE',  ( -1.000000000000000000, 0.000000000000000000, 0.000000000000000000 ) ) ;
#3624 = CARTESIAN_POINT ( 'NONE',  ( 2.500000000000002220, -7.499999999999992006, 2.463966244037302911 ) ) ;
#3625 = CARTESIAN_POINT ( 'NONE',  ( 7.500000000000002665, -7.499999999999992895, 2.100000000000000089 ) ) ;
#3626 = EDGE_LOOP ( 'NONE', ( #8855, #473 ) ) ;
#3627 = SURFACE_SIDE_STYLE ('',( #4548 ) ) ;
#3628 =( NAMED_UNIT ( * ) PLANE_ANGLE_UNIT ( ) SI_UNIT ( $, .RADIAN. ) );
#3629 = FILL_AREA_STYLE_COLOUR ( '', #2170 ) ;
#3630 = DIRECTION ( 'NONE',  ( -0.000000000000000000, -0.000000000000000000, -1.000000000000000000 ) ) ;
#3631 = EDGE_CURVE ( 'NONE', #10592, #6541, #9196, .T. ) ;
#3632 = VECTOR ( 'NONE', #8184, 1000.000000000000000 ) ;
#3633 = FILL_AREA_STYLE ('',( #2670 ) ) ;
#3634 = CARTESIAN_POINT ( 'NONE',  ( 4.000000000000003553, 12.34027113312489909, 1.800000000000000044 ) ) ;
#3635 = ORIENTED_EDGE ( 'NONE', *, *, #7203, .F. ) ;
#3636 = ORIENTED_EDGE ( 'NONE', *, *, #5992, .F. ) ;
#3637 = EDGE_LOOP ( 'NONE', ( #7770, #8787, #8224, #444 ) ) ;
#3638 = ORIENTED_EDGE ( 'NONE', *, *, #8455, .T. ) ;
#3639 = AXIS2_PLACEMENT_3D ( 'NONE', #3537, #2442, #9808 ) ;
#3640 = SURFACE_STYLE_FILL_AREA ( #4625 ) ;
#3641 = ORIENTED_EDGE ( 'NONE', *, *, #4599, .T. ) ;
#3642 = PRESENTATION_LAYER_ASSIGNMENT (  '', '', ( #8836 ) ) ;
#3643 = DIRECTION ( 'NONE',  ( -0.000000000000000000, -0.000000000000000000, -1.000000000000000000 ) ) ;
#3644 = ADVANCED_FACE ( 'NONE', ( #10967 ), #6320, .T. ) ;
#3645 = CARTESIAN_POINT ( 'NONE',  ( 0.5000000000000009992, 0.4999999999999970024, 2.100000000000000089 ) ) ;
#3646 = EDGE_CURVE ( 'NONE', #1617, #1094, #8524, .T. ) ;
#3647 = ORIENTED_EDGE ( 'NONE', *, *, #6319, .F. ) ;
#3648 = ORIENTED_EDGE ( 'NONE', *, *, #4778, .F. ) ;
#3649 = SURFACE_SIDE_STYLE ('',( #9095 ) ) ;
#3650 = DIRECTION ( 'NONE',  ( -0.000000000000000000, -0.000000000000000000, -1.000000000000000000 ) ) ;
#3651 = EDGE_LOOP ( 'NONE', ( #1549, #775, #665, #5010 ) ) ;
#3652 = LINE ( 'NONE', #7347, #3206 ) ;
#3653 = PRESENTATION_STYLE_ASSIGNMENT (( #147 ) ) ;
#3654 = DIRECTION ( 'NONE',  ( -0.000000000000000000, -0.000000000000000000, -1.000000000000000000 ) ) ;
#3655 = DIRECTION ( 'NONE',  ( 0.000000000000000000, -1.000000000000000000, 0.000000000000000000 ) ) ;
#3656 = CARTESIAN_POINT ( 'NONE',  ( 1.113966244037302600, 7.500000000000007105, 2.100000000000000089 ) ) ;
#3657 = PRESENTATION_LAYER_ASSIGNMENT (  '', '', ( #2291 ) ) ;
#3658 = MECHANICAL_DESIGN_GEOMETRIC_PRESENTATION_REPRESENTATION (  '', ( #8304 ), #2886 ) ;
#3659 =( NAMED_UNIT ( * ) PLANE_ANGLE_UNIT ( ) SI_UNIT ( $, .RADIAN. ) );
#3660 = FILL_AREA_STYLE ('',( #8448 ) ) ;
#3661 = CARTESIAN_POINT ( 'NONE',  ( 3.886033755962696734, 7.500000000000007105, 2.463966244037302911 ) ) ;
#3662 = MECHANICAL_DESIGN_GEOMETRIC_PRESENTATION_REPRESENTATION (  '', ( #11986 ), #5222 ) ;
#3663 = CARTESIAN_POINT ( 'NONE',  ( 0.5000000000000017764, -4.499999999999998224, 1.600000000000000089 ) ) ;
#3664 = LINE ( 'NONE', #11119, #4279 ) ;
#3665 = ORIENTED_EDGE ( 'NONE', *, *, #10288, .F. ) ;
#3666 = CIRCLE ( 'NONE', #10047, 1.486033755962697267 ) ;
#3667 =( NAMED_UNIT ( * ) PLANE_ANGLE_UNIT ( ) SI_UNIT ( $, .RADIAN. ) );
#3668 = UNCERTAINTY_MEASURE_WITH_UNIT (LENGTH_MEASURE( 1.000000000000000082E-05 ), #10601, 'distance_accuracy_value', 'NONE');
#3669 = DIRECTION ( 'NONE',  ( -0.000000000000000000, -1.000000000000000000, -0.000000000000000000 ) ) ;
#3670 =( LENGTH_UNIT ( ) NAMED_UNIT ( * ) SI_UNIT ( .MILLI., .METRE. ) );
#3671 = VECTOR ( 'NONE', #682, 1000.000000000000000 ) ;
#3672 = DIRECTION ( 'NONE',  ( -0.000000000000000000, -0.000000000000000000, -1.000000000000000000 ) ) ;
#3673 = COLOUR_RGB ( '',1.000000000000000000, 1.000000000000000000, 0.000000000000000000 ) ;
#3674 = ORIENTED_EDGE ( 'NONE', *, *, #6873, .T. ) ;
#3675 = ORIENTED_EDGE ( 'NONE', *, *, #8312, .F. ) ;
#3676 = FILL_AREA_STYLE_COLOUR ( '', #10864 ) ;
#3677 = CARTESIAN_POINT ( 'NONE',  ( -2.499999999999997780, -7.499999999999991118, 2.100000000000000089 ) ) ;
#3678 = CARTESIAN_POINT ( 'NONE',  ( 2.500000000000001332, -2.499999999999992006, 2.463966244037302911 ) ) ;
#3679 = AXIS2_PLACEMENT_3D ( 'NONE', #5097, #10475, #7571 ) ;
#3680 = CIRCLE ( 'NONE', #3109, 1.386033755962696956 ) ;
#3681 = CYLINDRICAL_SURFACE ( 'NONE', #11111, 1.386033755962697844 ) ;
#3682 = ORIENTED_EDGE ( 'NONE', *, *, #5889, .F. ) ;
#3683 =( LENGTH_UNIT ( ) NAMED_UNIT ( * ) SI_UNIT ( .MILLI., .METRE. ) );
#3684 = DIRECTION ( 'NONE',  ( 0.000000000000000000, 0.000000000000000000, 1.000000000000000000 ) ) ;
#3685 = ADVANCED_FACE ( 'NONE', ( #3932 ), #6830, .F. ) ;
#3686 = STYLED_ITEM ( 'NONE', ( #96 ), #4212 ) ;
#3687 =( NAMED_UNIT ( * ) PLANE_ANGLE_UNIT ( ) SI_UNIT ( $, .RADIAN. ) );
#3688 = SURFACE_STYLE_USAGE ( .BOTH. , #9313 ) ;
#3689 = FACE_OUTER_BOUND ( 'NONE', #10659, .T. ) ;
#3690 = SURFACE_STYLE_FILL_AREA ( #2 ) ;
#3691 = ORIENTED_EDGE ( 'NONE', *, *, #11125, .T. ) ;
#3692 = ORIENTED_EDGE ( 'NONE', *, *, #1448, .F. ) ;
#3693 = AXIS2_PLACEMENT_3D ( 'NONE', #10469, #180, #7734 ) ;
#3694 = ORIENTED_EDGE ( 'NONE', *, *, #10809, .F. ) ;
#3695 = FILL_AREA_STYLE_COLOUR ( '', #9087 ) ;
#3696 = ORIENTED_EDGE ( 'NONE', *, *, #7725, .T. ) ;
#3697 = PRESENTATION_STYLE_ASSIGNMENT (( #5774 ) ) ;
#3698 = CARTESIAN_POINT ( 'NONE',  ( -9.500000000000000000, -4.499999999999999112, 2.100000000000000089 ) ) ;
#3699 = ORIENTED_EDGE ( 'NONE', *, *, #9074, .F. ) ;
#3700 = EDGE_CURVE ( 'NONE', #4819, #45, #7162, .T. ) ;
#3701 = VECTOR ( 'NONE', #4170, 1000.000000000000000 ) ;
#3702 = UNCERTAINTY_MEASURE_WITH_UNIT (LENGTH_MEASURE( 1.000000000000000082E-05 ), #11117, 'distance_accuracy_value', 'NONE');
#3703 = CARTESIAN_POINT ( 'NONE',  ( -8.886033755962692737, -7.499999999999990230, 2.100000000000000089 ) ) ;
#3704 = FILL_AREA_STYLE_COLOUR ( '', #7733 ) ;
#3705 = ORIENTED_EDGE ( 'NONE', *, *, #6148, .T. ) ;
#3706 =( GEOMETRIC_REPRESENTATION_CONTEXT ( 3 ) GLOBAL_UNCERTAINTY_ASSIGNED_CONTEXT ( ( #2263 ) ) GLOBAL_UNIT_ASSIGNED_CONTEXT ( ( #9282, #10933, #2695 ) ) REPRESENTATION_CONTEXT ( 'NONE', 'WORKASPACE' ) );
#3707 = STYLED_ITEM ( 'NONE', ( #11312 ), #747 ) ;
#3708 = VERTEX_POINT ( 'NONE', #1244 ) ;
#3710 = DIRECTION ( 'NONE',  ( 1.000000000000000000, 0.000000000000000000, 0.000000000000000000 ) ) ;
#3709 = UNCERTAINTY_MEASURE_WITH_UNIT (LENGTH_MEASURE( 1.000000000000000082E-05 ), #4710, 'distance_accuracy_value', 'NONE');
#3711 = DIRECTION ( 'NONE',  ( -0.000000000000000000, -0.000000000000000000, 1.000000000000000000 ) ) ;
#3712 = PRESENTATION_STYLE_ASSIGNMENT (( #5683 ) ) ;
#3713 = ORIENTED_EDGE ( 'NONE', *, *, #1193, .T. ) ;
#3714 = EDGE_CURVE ( 'NONE', #9914, #264, #6605, .T. ) ;
#3715 = CARTESIAN_POINT ( 'NONE',  ( -1.013966244037302289, 2.500000000000009326, 2.100000000000000089 ) ) ;
#3717 = EDGE_CURVE ( 'NONE', #8360, #3360, #11396, .T. ) ;
#3716 = DIRECTION ( 'NONE',  ( 1.000000000000000000, 0.000000000000000000, 0.000000000000000000 ) ) ;
#3718 =( GEOMETRIC_REPRESENTATION_CONTEXT ( 3 ) GLOBAL_UNCERTAINTY_ASSIGNED_CONTEXT ( ( #4090 ) ) GLOBAL_UNIT_ASSIGNED_CONTEXT ( ( #1315, #2871, #11236 ) ) REPRESENTATION_CONTEXT ( 'NONE', 'WORKASPACE' ) );
#3719 = PRESENTATION_STYLE_ASSIGNMENT (( #4583 ) ) ;
#3720 = CARTESIAN_POINT ( 'NONE',  ( -5.395973916753827204, -13.44012937056731793, 1.610000000000000098 ) ) ;
#3721 = DIRECTION ( 'NONE',  ( 0.000000000000000000, 0.000000000000000000, 1.000000000000000000 ) ) ;
#3722 = DIRECTION ( 'NONE',  ( -1.000000000000000000, 0.000000000000000000, -0.000000000000000000 ) ) ;
#3723 = CIRCLE ( 'NONE', #11648, 1.386033755962697844 ) ;
#3724 = ORIENTED_EDGE ( 'NONE', *, *, #11493, .F. ) ;
#3725 = CARTESIAN_POINT ( 'NONE',  ( 2.500000000000001332, -2.499999999999992006, 2.463966244037302911 ) ) ;
#3726 = SURFACE_STYLE_FILL_AREA ( #2885 ) ;
#3727 = FACE_OUTER_BOUND ( 'NONE', #1176, .T. ) ;
#3728 =( NAMED_UNIT ( * ) SI_UNIT ( $, .STERADIAN. ) SOLID_ANGLE_UNIT ( ) );
#3729 =( GEOMETRIC_REPRESENTATION_CONTEXT ( 3 ) GLOBAL_UNCERTAINTY_ASSIGNED_CONTEXT ( ( #1591 ) ) GLOBAL_UNIT_ASSIGNED_CONTEXT ( ( #4732, #3628, #2786 ) ) REPRESENTATION_CONTEXT ( 'NONE', 'WORKASPACE' ) );
#3730 = LINE ( 'NONE', #9231, #10828 ) ;
#3731 = SURFACE_SIDE_STYLE ('',( #5579 ) ) ;
#3732 = VERTEX_POINT ( 'NONE', #125 ) ;
#3733 = CARTESIAN_POINT ( 'NONE',  ( -12.94999999999999396, 11.35000000000000142, 1.600000000000000089 ) ) ;
#3734 =( NAMED_UNIT ( * ) PLANE_ANGLE_UNIT ( ) SI_UNIT ( $, .RADIAN. ) );
#3735 = DIRECTION ( 'NONE',  ( 1.000000000000000000, 4.336808689942016750E-16, 0.000000000000000000 ) ) ;
#3737 = VECTOR ( 'NONE', #2444, 1000.000000000000000 ) ;
#3736 =( NAMED_UNIT ( * ) SI_UNIT ( $, .STERADIAN. ) SOLID_ANGLE_UNIT ( ) );
#3738 = FILL_AREA_STYLE ('',( #6427 ) ) ;
#3739 = EDGE_LOOP ( 'NONE', ( #11270, #1245, #201, #6554 ) ) ;
#3740 = FILL_AREA_STYLE_COLOUR ( '', #9997 ) ;
#3741 = CYLINDRICAL_SURFACE ( 'NONE', #6022, 1.386033755962696956 ) ;
#3742 =( LENGTH_UNIT ( ) NAMED_UNIT ( * ) SI_UNIT ( .MILLI., .METRE. ) );
#3743 = DIRECTION ( 'NONE',  ( 0.000000000000000000, 0.000000000000000000, 1.000000000000000000 ) ) ;
#3744 =( GEOMETRIC_REPRESENTATION_CONTEXT ( 3 ) GLOBAL_UNCERTAINTY_ASSIGNED_CONTEXT ( ( #6384 ) ) GLOBAL_UNIT_ASSIGNED_CONTEXT ( ( #2055, #2234, #11278 ) ) REPRESENTATION_CONTEXT ( 'NONE', 'WORKASPACE' ) );
#3745 =( LENGTH_UNIT ( ) NAMED_UNIT ( * ) SI_UNIT ( .MILLI., .METRE. ) );
#3746 = PRESENTATION_LAYER_ASSIGNMENT (  '', '', ( #11880 ) ) ;
#3747 = ORIENTED_EDGE ( 'NONE', *, *, #9138, .T. ) ;
#3748 = CARTESIAN_POINT ( 'NONE',  ( -7.499999999999999112, 2.500000000000009326, 2.463966244037302911 ) ) ;
#3749 = EDGE_LOOP ( 'NONE', ( #7440, #9116 ) ) ;
#3750 = ORIENTED_EDGE ( 'NONE', *, *, #526, .T. ) ;
#3751 = PRESENTATION_LAYER_ASSIGNMENT (  '', '', ( #4918 ) ) ;
#3752 = PRESENTATION_STYLE_ASSIGNMENT (( #7387 ) ) ;
#3753 = ORIENTED_EDGE ( 'NONE', *, *, #9092, .F. ) ;
#3754 = DIRECTION ( 'NONE',  ( 1.000000000000000000, 0.000000000000000000, 0.000000000000000000 ) ) ;
#3755 = CARTESIAN_POINT ( 'NONE',  ( -1.013966244037300513, -7.499999999999991118, 2.463966244037302911 ) ) ;
#3756 = ORIENTED_EDGE ( 'NONE', *, *, #5601, .T. ) ;
#3757 = DIRECTION ( 'NONE',  ( 0.7071067811865474617, -0.7071067811865474617, 0.000000000000000000 ) ) ;
#3758 = APPLICATION_CONTEXT ( 'automotive_design' ) ;
#3759 =( GEOMETRIC_REPRESENTATION_CONTEXT ( 3 ) GLOBAL_UNCERTAINTY_ASSIGNED_CONTEXT ( ( #4169 ) ) GLOBAL_UNIT_ASSIGNED_CONTEXT ( ( #1789, #8410, #4605 ) ) REPRESENTATION_CONTEXT ( 'NONE', 'WORKASPACE' ) );
#3760 =( NAMED_UNIT ( * ) PLANE_ANGLE_UNIT ( ) SI_UNIT ( $, .RADIAN. ) );
#3761 = CARTESIAN_POINT ( 'NONE',  ( -7.499999999999997335, -6.113966244037293052, 2.463966244037302911 ) ) ;
#3762 = AXIS2_PLACEMENT_3D ( 'NONE', #11506, #10549, #3107 ) ;
#3763 = DIRECTION ( 'NONE',  ( 1.000000000000000000, 0.000000000000000000, 0.000000000000000000 ) ) ;
#3764 = ADVANCED_FACE ( 'NONE', ( #3807 ), #7062, .F. ) ;
#3765 = VERTEX_POINT ( 'NONE', #3025 ) ;
#3766 = PRESENTATION_LAYER_ASSIGNMENT (  '', '', ( #10717 ) ) ;
#3767 = EDGE_LOOP ( 'NONE', ( #2191, #58, #1620, #7341 ) ) ;
#3768 = SPHERICAL_SURFACE ( 'NONE', #1982, 1.386033755962696956 ) ;
#3769 = CARTESIAN_POINT ( 'NONE',  ( -5.500000000000000000, 0.4999999999999978351, 1.600000000000000089 ) ) ;
#3770 = SURFACE_STYLE_FILL_AREA ( #8380 ) ;
#3771 = ORIENTED_EDGE ( 'NONE', *, *, #10365, .F. ) ;
#3772 = PRESENTATION_LAYER_ASSIGNMENT (  '', '', ( #9954 ) ) ;
#3773 = FACE_OUTER_BOUND ( 'NONE', #9934, .T. ) ;
#3774 = CARTESIAN_POINT ( 'NONE',  ( -0.4999999999999981681, -9.499999999999992895, 2.100000000000000089 ) ) ;
#3775 = LINE ( 'NONE', #8258, #4751 ) ;
#3776 = CARTESIAN_POINT ( 'NONE',  ( 2.500000000000001332, -2.499999999999992006, 2.463966244037302911 ) ) ;
#3777 = STYLED_ITEM ( 'NONE', ( #1187 ), #8436 ) ;
#3778 =( NAMED_UNIT ( * ) SI_UNIT ( $, .STERADIAN. ) SOLID_ANGLE_UNIT ( ) );
#3779 = ADVANCED_FACE ( 'NONE', ( #10767 ), #4174, .F. ) ;
#3780 = DIRECTION ( 'NONE',  ( -1.000000000000000000, 0.000000000000000000, 0.000000000000000000 ) ) ;
#3781 = CARTESIAN_POINT ( 'NONE',  ( -9.500000000000000000, -9.499999999999994671, 1.600000000000000089 ) ) ;
#3782 = CIRCLE ( 'NONE', #10551, 1.386033755962696956 ) ;
#3783 = CARTESIAN_POINT ( 'NONE',  ( -2.499999999999999556, 2.500000000000009326, 2.463966244037302911 ) ) ;
#3784 = DIRECTION ( 'NONE',  ( -0.000000000000000000, -0.000000000000000000, 1.000000000000000000 ) ) ;
#3785 = VERTEX_POINT ( 'NONE', #9656 ) ;
#3786 = CARTESIAN_POINT ( 'NONE',  ( 0.5000000000000009992, 0.4999999999999970024, 2.100000000000000089 ) ) ;
#3787 = CARTESIAN_POINT ( 'NONE',  ( -7.499999999999999112, 2.500000000000009326, 2.100000000000000089 ) ) ;
#3788 =( LENGTH_UNIT ( ) NAMED_UNIT ( * ) SI_UNIT ( .MILLI., .METRE. ) );
#3789 = AXIS2_PLACEMENT_3D ( 'NONE', #5125, #8788, #7160 ) ;
#3790 = PRESENTATION_LAYER_ASSIGNMENT (  '', '', ( #10558 ) ) ;
#3791 = ADVANCED_FACE ( 'NONE', ( #5271 ), #6174, .F. ) ;
#3792 = ADVANCED_FACE ( 'NONE', ( #9728, #4108 ), #9785, .F. ) ;
#3793 = FACE_OUTER_BOUND ( 'NONE', #7453, .T. ) ;
#3794 = LINE ( 'NONE', #8458, #11989 ) ;
#3795 = ORIENTED_EDGE ( 'NONE', *, *, #667, .F. ) ;
#3796 = DIRECTION ( 'NONE',  ( 0.000000000000000000, 0.000000000000000000, -1.000000000000000000 ) ) ;
#3797 = FILL_AREA_STYLE_COLOUR ( '', #11962 ) ;
#3798 = FILL_AREA_STYLE_COLOUR ( '', #4944 ) ;
#3799 = LINE ( 'NONE', #7726, #9853 ) ;
#3800 = MECHANICAL_DESIGN_GEOMETRIC_PRESENTATION_REPRESENTATION (  '', ( #9580 ), #710 ) ;
#3801 = LINE ( 'NONE', #5764, #6091 ) ;
#3802 =( NAMED_UNIT ( * ) PLANE_ANGLE_UNIT ( ) SI_UNIT ( $, .RADIAN. ) );
#3803 = VERTEX_POINT ( 'NONE', #1539 ) ;
#3804 = CYLINDRICAL_SURFACE ( 'NONE', #142, 1.386033755962696956 ) ;
#3805 = FILL_AREA_STYLE ('',( #7555 ) ) ;
#3806 = FACE_OUTER_BOUND ( 'NONE', #10760, .T. ) ;
#3807 = FACE_OUTER_BOUND ( 'NONE', #5898, .T. ) ;
#3808 = DIRECTION ( 'NONE',  ( 0.000000000000000000, 1.000000000000000000, -0.000000000000000000 ) ) ;
#3809 = ORIENTED_EDGE ( 'NONE', *, *, #3573, .T. ) ;
#3810 = ORIENTED_EDGE ( 'NONE', *, *, #6471, .F. ) ;
#3811 = VERTEX_POINT ( 'NONE', #11007 ) ;
#3812 = CARTESIAN_POINT ( 'NONE',  ( 15.00000000000000355, 11.34999999999999964, 0.000000000000000000 ) ) ;
#3813 = ORIENTED_EDGE ( 'NONE', *, *, #11602, .F. ) ;
#3814 = DIRECTION ( 'NONE',  ( 0.000000000000000000, 0.000000000000000000, 1.000000000000000000 ) ) ;
#3815 = EDGE_LOOP ( 'NONE', ( #3217, #2672 ) ) ;
#3816 = LINE ( 'NONE', #3885, #4456 ) ;
#3817 = CIRCLE ( 'NONE', #10579, 0.3220000000000002305 ) ;
#3818 = DIRECTION ( 'NONE',  ( -0.000000000000000000, -0.000000000000000000, 1.000000000000000000 ) ) ;
#3819 = UNCERTAINTY_MEASURE_WITH_UNIT (LENGTH_MEASURE( 1.000000000000000082E-05 ), #919, 'distance_accuracy_value', 'NONE');
#3820 = AXIS2_PLACEMENT_3D ( 'NONE', #10115, #8055, #3403 ) ;
#3821 = EDGE_CURVE ( 'NONE', #132, #2974, #773, .T. ) ;
#3822 = PRESENTATION_STYLE_ASSIGNMENT (( #1206 ) ) ;
#3823 = PRESENTATION_STYLE_ASSIGNMENT (( #9089 ) ) ;
#3824 = EDGE_CURVE ( 'NONE', #2794, #5546, #3730, .T. ) ;
#3825 = ORIENTED_EDGE ( 'NONE', *, *, #5106, .F. ) ;
#3826 = AXIS2_PLACEMENT_3D ( 'NONE', #3548, #5433, #9103 ) ;
#3827 = ORIENTED_EDGE ( 'NONE', *, *, #5104, .F. ) ;
#3829 = PRESENTATION_STYLE_ASSIGNMENT (( #2863 ) ) ;
#3828 = UNCERTAINTY_MEASURE_WITH_UNIT (LENGTH_MEASURE( 1.000000000000000082E-05 ), #1078, 'distance_accuracy_value', 'NONE');
#3830 = CARTESIAN_POINT ( 'NONE',  ( 5.500000000000000000, -0.4999999999999970024, 2.100000000000000089 ) ) ;
#3831 = VERTEX_POINT ( 'NONE', #51 ) ;
#3832 = LINE ( 'NONE', #1054, #5360 ) ;
#3833 = CARTESIAN_POINT ( 'NONE',  ( -7.499999999999997335, -2.499999999999990230, 2.463966244037302911 ) ) ;
#3834 = CARTESIAN_POINT ( 'NONE',  ( 2.500000000000002220, -7.499999999999992006, 2.463966244037302911 ) ) ;
#3835 = FILL_AREA_STYLE ('',( #1057 ) ) ;
#3836 = PLANE ( 'NONE',  #1969 ) ;
#3837 = AXIS2_PLACEMENT_3D ( 'NONE', #2500, #8125, #560 ) ;
#3838 = ADVANCED_FACE ( 'NONE', ( #2653 ), #11914, .F. ) ;
#3839 = DIRECTION ( 'NONE',  ( -0.000000000000000000, -0.000000000000000000, 1.000000000000000000 ) ) ;
#3840 = MECHANICAL_DESIGN_GEOMETRIC_PRESENTATION_REPRESENTATION (  '', ( #11560 ), #10806 ) ;
#3841 = ADVANCED_FACE ( 'NONE', ( #8277 ), #7301, .T. ) ;
#3842 = SURFACE_SIDE_STYLE ('',( #2532 ) ) ;
#3843 =( NAMED_UNIT ( * ) SI_UNIT ( $, .STERADIAN. ) SOLID_ANGLE_UNIT ( ) );
#3844 = CARTESIAN_POINT ( 'NONE',  ( -2.499999999999999556, 7.500000000000007994, 2.100000000000000089 ) ) ;
#3845 = FILL_AREA_STYLE_COLOUR ( '', #2757 ) ;
#3846 = FACE_OUTER_BOUND ( 'NONE', #1924, .T. ) ;
#3847 = LINE ( 'NONE', #11059, #5835 ) ;
#3848 = ORIENTED_EDGE ( 'NONE', *, *, #9594, .F. ) ;
#3849 = VECTOR ( 'NONE', #5496, 1000.000000000000000 ) ;
#3850 = CARTESIAN_POINT ( 'NONE',  ( 6.013966244037304953, -7.499999999999992895, 2.100000000000000089 ) ) ;
#3851 = EDGE_CURVE ( 'NONE', #1941, #3296, #1841, .T. ) ;
#3852 = PRESENTATION_LAYER_ASSIGNMENT (  '', '', ( #4823 ) ) ;
#3853 = CARTESIAN_POINT ( 'NONE',  ( -2.499999999999997780, -7.499999999999991118, 2.463966244037302911 ) ) ;
#3854 = SURFACE_STYLE_USAGE ( .BOTH. , #7602 ) ;
#3855 = CIRCLE ( 'NONE', #11218, 1.486033755962697267 ) ;
#3856 =( NAMED_UNIT ( * ) PLANE_ANGLE_UNIT ( ) SI_UNIT ( $, .RADIAN. ) );
#3857 = FACE_OUTER_BOUND ( 'NONE', #6245, .T. ) ;
#3858 = MECHANICAL_DESIGN_GEOMETRIC_PRESENTATION_REPRESENTATION (  '', ( #10071 ), #8111 ) ;
#3859 = SURFACE_STYLE_FILL_AREA ( #2039 ) ;
#3860 = DIRECTION ( 'NONE',  ( 1.000000000000000000, 0.000000000000000000, 0.000000000000000000 ) ) ;
#3861 = CARTESIAN_POINT ( 'NONE',  ( 6.113966244037304598, -2.499999999999992895, 2.100000000000000089 ) ) ;
#3862 = SURFACE_STYLE_USAGE ( .BOTH. , #3021 ) ;
#3863 = EDGE_CURVE ( 'NONE', #3229, #3765, #896, .T. ) ;
#3864 = SURFACE_STYLE_USAGE ( .BOTH. , #399 ) ;
#3865 = CIRCLE ( 'NONE', #197, 1.386033755962696956 ) ;
#3866 = CARTESIAN_POINT ( 'NONE',  ( -7.499999999999999112, 2.500000000000009326, 2.463966244037302911 ) ) ;
#3867 = EDGE_CURVE ( 'NONE', #1738, #199, #5227, .T. ) ;
#3869 = VECTOR ( 'NONE', #9696, 1000.000000000000000 ) ;
#3868 = PRESENTATION_STYLE_ASSIGNMENT (( #4610 ) ) ;
#3870 = VECTOR ( 'NONE', #5332, 1000.000000000000000 ) ;
#3871 =( NAMED_UNIT ( * ) PLANE_ANGLE_UNIT ( ) SI_UNIT ( $, .RADIAN. ) );
#3872 = DIRECTION ( 'NONE',  ( -1.000000000000000000, -0.000000000000000000, -0.000000000000000000 ) ) ;
#3873 = ORIENTED_EDGE ( 'NONE', *, *, #7333, .F. ) ;
#3874 = DIRECTION ( 'NONE',  ( 1.000000000000000000, 0.000000000000000000, 0.000000000000000000 ) ) ;
#3875 = ORIENTED_EDGE ( 'NONE', *, *, #3064, .F. ) ;
#3876 =( GEOMETRIC_REPRESENTATION_CONTEXT ( 3 ) GLOBAL_UNCERTAINTY_ASSIGNED_CONTEXT ( ( #9501 ) ) GLOBAL_UNIT_ASSIGNED_CONTEXT ( ( #1566, #3472, #10794 ) ) REPRESENTATION_CONTEXT ( 'NONE', 'WORKASPACE' ) );
#3877 = CIRCLE ( 'NONE', #8331, 1.386033755962696956 ) ;
#3878 = ORIENTED_EDGE ( 'NONE', *, *, #7825, .T. ) ;
#3879 = ORIENTED_EDGE ( 'NONE', *, *, #11780, .F. ) ;
#3880 = LINE ( 'NONE', #2913, #6103 ) ;
#3881 = COLOUR_RGB ( '',0.7529411764705882248, 0.7529411764705882248, 0.7529411764705882248 ) ;
#3882 = DIRECTION ( 'NONE',  ( 0.000000000000000000, -1.000000000000000000, 0.000000000000000000 ) ) ;
#3883 = ORIENTED_EDGE ( 'NONE', *, *, #1654, .F. ) ;
#3884 = AXIS2_PLACEMENT_3D ( 'NONE', #3645, #7336, #3596 ) ;
#3885 = CARTESIAN_POINT ( 'NONE',  ( -3.886033755962696734, 7.500000000000007994, 2.100000000000000089 ) ) ;
#3886 = CARTESIAN_POINT ( 'NONE',  ( -7.499999999999997335, -2.499999999999990230, 2.100000000000000089 ) ) ;
#3887 =( GEOMETRIC_REPRESENTATION_CONTEXT ( 3 ) GLOBAL_UNCERTAINTY_ASSIGNED_CONTEXT ( ( #4928 ) ) GLOBAL_UNIT_ASSIGNED_CONTEXT ( ( #9133, #5653, #4664 ) ) REPRESENTATION_CONTEXT ( 'NONE', 'WORKASPACE' ) );
#3888 = CARTESIAN_POINT ( 'NONE',  ( 2.500000000000001332, -3.886033755962688740, 2.463966244037302911 ) ) ;
#3889 = ORIENTED_EDGE ( 'NONE', *, *, #2652, .F. ) ;
#3890 = VERTEX_POINT ( 'NONE', #10150 ) ;
#3891 =( GEOMETRIC_REPRESENTATION_CONTEXT ( 3 ) GLOBAL_UNCERTAINTY_ASSIGNED_CONTEXT ( ( #8062 ) ) GLOBAL_UNIT_ASSIGNED_CONTEXT ( ( #533, #10957, #7191 ) ) REPRESENTATION_CONTEXT ( 'NONE', 'WORKASPACE' ) );
#3892 = DIRECTION ( 'NONE',  ( 0.000000000000000000, -0.000000000000000000, -1.000000000000000000 ) ) ;
#3893 = CARTESIAN_POINT ( 'NONE',  ( -1.113966244037300823, -7.499999999999991118, 2.100000000000000089 ) ) ;
#3894 = EDGE_LOOP ( 'NONE', ( #4631, #6739, #10281, #426 ) ) ;
#3895 =( LENGTH_UNIT ( ) NAMED_UNIT ( * ) SI_UNIT ( .MILLI., .METRE. ) );
#3896 = CARTESIAN_POINT ( 'NONE',  ( -7.499999999999997335, -2.499999999999990230, 2.463966244037302911 ) ) ;
#3897 = FILL_AREA_STYLE ('',( #5740 ) ) ;
#3898 = AXIS2_PLACEMENT_3D ( 'NONE', #3026, #3934, #296 ) ;
#3899 = CARTESIAN_POINT ( 'NONE',  ( -2.499999999999997780, -7.499999999999991118, 2.100000000000000089 ) ) ;
#3900 = DIRECTION ( 'NONE',  ( -0.000000000000000000, -0.000000000000000000, 1.000000000000000000 ) ) ;
#3901 = FACE_OUTER_BOUND ( 'NONE', #5966, .T. ) ;
#3902 = PRESENTATION_LAYER_ASSIGNMENT (  '', '', ( #7175 ) ) ;
#3903 = MECHANICAL_DESIGN_GEOMETRIC_PRESENTATION_REPRESENTATION (  '', ( #11834 ), #230 ) ;
#3904 = VERTEX_POINT ( 'NONE', #1717 ) ;
#3905 = DIRECTION ( 'NONE',  ( -1.000000000000000000, 0.000000000000000000, 0.000000000000000000 ) ) ;
#3906 = CARTESIAN_POINT ( 'NONE',  ( -9.500000000000001776, 4.499999999999996447, 2.100000000000000089 ) ) ;
#3907 = ORIENTED_EDGE ( 'NONE', *, *, #8469, .F. ) ;
#3908 = DIRECTION ( 'NONE',  ( 1.000000000000000000, 0.000000000000000000, 0.000000000000000000 ) ) ;
#3909 = AXIS2_PLACEMENT_3D ( 'NONE', #8327, #5435, #9105 ) ;
#3910 = VECTOR ( 'NONE', #10939, 1000.000000000000000 ) ;
#3911 = SURFACE_SIDE_STYLE ('',( #10205 ) ) ;
#3912 = DIRECTION ( 'NONE',  ( 0.000000000000000000, 0.000000000000000000, -1.000000000000000000 ) ) ;
#3913 = DIRECTION ( 'NONE',  ( -0.000000000000000000, -0.000000000000000000, -1.000000000000000000 ) ) ;
#3914 = CARTESIAN_POINT ( 'NONE',  ( 4.500000000000000000, 5.499999999999992895, 1.600000000000000089 ) ) ;
#3915 = CIRCLE ( 'NONE', #8923, 1.486033755962697267 ) ;
#3916 = STYLED_ITEM ( 'NONE', ( #10926 ), #1246 ) ;
#3917 = EDGE_CURVE ( 'NONE', #10680, #8649, #1155, .T. ) ;
#3918 = CARTESIAN_POINT ( 'NONE',  ( 0.000000000000000000, 0.000000000000000000, 2.100000000000000089 ) ) ;
#3919 = FACE_OUTER_BOUND ( 'NONE', #7082, .T. ) ;
#3920 =( NAMED_UNIT ( * ) SI_UNIT ( $, .STERADIAN. ) SOLID_ANGLE_UNIT ( ) );
#3921 = CARTESIAN_POINT ( 'NONE',  ( 5.500000000000000888, -9.499999999999994671, 2.100000000000000089 ) ) ;
#3922 = SURFACE_STYLE_FILL_AREA ( #3982 ) ;
#3923 = SURFACE_STYLE_USAGE ( .BOTH. , #3075 ) ;
#3924 = DIRECTION ( 'NONE',  ( -1.000000000000000000, 8.673617379884033500E-16, -0.000000000000000000 ) ) ;
#3925 = FACE_OUTER_BOUND ( 'NONE', #3618, .T. ) ;
#3926 = COLOUR_RGB ( '',1.000000000000000000, 1.000000000000000000, 0.000000000000000000 ) ;
#3927 = AXIS2_PLACEMENT_3D ( 'NONE', #1157, #10359, #3161 ) ;
#3928 = LINE ( 'NONE', #7610, #4708 ) ;
#3929 = SURFACE_STYLE_USAGE ( .BOTH. , #1986 ) ;
#3930 = EDGE_CURVE ( 'NONE', #1729, #156, #8093, .T. ) ;
#3931 = AXIS2_PLACEMENT_3D ( 'NONE', #11954, #205, #2865 ) ;
#3932 = FACE_OUTER_BOUND ( 'NONE', #9569, .T. ) ;
#3933 = EDGE_CURVE ( 'NONE', #1508, #8948, #844, .T. ) ;
#3934 = DIRECTION ( 'NONE',  ( -0.000000000000000000, -0.000000000000000000, 1.000000000000000000 ) ) ;
#3935 = EDGE_LOOP ( 'NONE', ( #2792, #7417 ) ) ;
#3936 = FACE_OUTER_BOUND ( 'NONE', #2316, .T. ) ;
#3937 = ORIENTED_EDGE ( 'NONE', *, *, #3714, .T. ) ;
#3938 = DIRECTION ( 'NONE',  ( -0.000000000000000000, -0.000000000000000000, 1.000000000000000000 ) ) ;
#3939 = EDGE_CURVE ( 'NONE', #4296, #7345, #6474, .T. ) ;
#3940 =( NAMED_UNIT ( * ) SI_UNIT ( $, .STERADIAN. ) SOLID_ANGLE_UNIT ( ) );
#3941 = SURFACE_STYLE_FILL_AREA ( #10409 ) ;
#3942 = VERTEX_POINT ( 'NONE', #3509 ) ;
#3943 = SURFACE_SIDE_STYLE ('',( #3034 ) ) ;
#3944 = CARTESIAN_POINT ( 'NONE',  ( -9.500000000000000000, -5.499999999999994671, 2.100000000000000089 ) ) ;
#3945 = AXIS2_PLACEMENT_3D ( 'NONE', #7149, #5488, #4437 ) ;
#3946 = DIRECTION ( 'NONE',  ( 1.000000000000000000, 0.000000000000000000, 0.000000000000000000 ) ) ;
#3947 = EDGE_CURVE ( 'NONE', #6011, #2734, #1718, .T. ) ;
#3948 = SURFACE_SIDE_STYLE ('',( #11284 ) ) ;
#3949 = ORIENTED_EDGE ( 'NONE', *, *, #6874, .T. ) ;
#3950 = ORIENTED_EDGE ( 'NONE', *, *, #6729, .T. ) ;
#3952 = CARTESIAN_POINT ( 'NONE',  ( -7.499999999999999112, 3.886033755962706060, 2.463966244037302911 ) ) ;
#3951 = UNCERTAINTY_MEASURE_WITH_UNIT (LENGTH_MEASURE( 1.000000000000000082E-05 ), #11367, 'distance_accuracy_value', 'NONE');
#3953 = SURFACE_STYLE_FILL_AREA ( #8545 ) ;
#3954 = CARTESIAN_POINT ( 'NONE',  ( 9.500000000000001776, -4.499999999999997335, 1.600000000000000089 ) ) ;
#3955 = EDGE_LOOP ( 'NONE', ( #531, #571, #9489, #2587 ) ) ;
#3956 = CIRCLE ( 'NONE', #9172, 1.386033755962696956 ) ;
#3957 = FACE_OUTER_BOUND ( 'NONE', #5124, .T. ) ;
#3958 = LINE ( 'NONE', #5790, #6399 ) ;
#3959 = CARTESIAN_POINT ( 'NONE',  ( 6.113966244037305486, -7.499999999999992895, 2.463966244037302911 ) ) ;
#3960 = LINE ( 'NONE', #11343, #8466 ) ;
#3961 = AXIS2_PLACEMENT_3D ( 'NONE', #2468, #1470, #2527 ) ;
#3962 = DIRECTION ( 'NONE',  ( -4.336808689942016750E-16, 1.000000000000000000, 0.000000000000000000 ) ) ;
#3963 = FACE_OUTER_BOUND ( 'NONE', #5413, .T. ) ;
#3964 = VECTOR ( 'NONE', #11327, 1000.000000000000000 ) ;
#3965 = CARTESIAN_POINT ( 'NONE',  ( -5.500000000000000888, 9.499999999999991118, 1.600000000000000089 ) ) ;
#3966 = VERTEX_POINT ( 'NONE', #9969 ) ;
#3967 = CARTESIAN_POINT ( 'NONE',  ( -7.499999999999999112, 6.013966244037311171, 2.463966244037302911 ) ) ;
#3968 =( GEOMETRIC_REPRESENTATION_CONTEXT ( 3 ) GLOBAL_UNCERTAINTY_ASSIGNED_CONTEXT ( ( #1232 ) ) GLOBAL_UNIT_ASSIGNED_CONTEXT ( ( #7349, #9279, #9339 ) ) REPRESENTATION_CONTEXT ( 'NONE', 'WORKASPACE' ) );
#3969 = FILL_AREA_STYLE_COLOUR ( '', #5071 ) ;
#3970 = CARTESIAN_POINT ( 'NONE',  ( 4.000000000000003553, 60.00000000000000711, 1.800000000000000044 ) ) ;
#3971 = SURFACE_SIDE_STYLE ('',( #4150 ) ) ;
#3972 = EDGE_LOOP ( 'NONE', ( #1045, #8337, #1439, #2731 ) ) ;
#3973 = LINE ( 'NONE', #3009, #7840 ) ;
#3974 = CARTESIAN_POINT ( 'NONE',  ( -3.999999999999993339, -13.99999999999999822, 2.000000000000000000 ) ) ;
#3975 = SURFACE_STYLE_USAGE ( .BOTH. , #8563 ) ;
#3976 = AXIS2_PLACEMENT_3D ( 'NONE', #151, #10194, #1596 ) ;
#3977 = EDGE_CURVE ( 'NONE', #879, #6315, #3666, .T. ) ;
#3978 = EDGE_CURVE ( 'NONE', #899, #5709, #6762, .T. ) ;
#3979 = VECTOR ( 'NONE', #534, 1000.000000000000000 ) ;
#3980 =( NAMED_UNIT ( * ) PLANE_ANGLE_UNIT ( ) SI_UNIT ( $, .RADIAN. ) );
#3981 = CYLINDRICAL_SURFACE ( 'NONE', #9377, 1.386033755962696956 ) ;
#3982 = FILL_AREA_STYLE ('',( #11259 ) ) ;
#3983 = DIRECTION ( 'NONE',  ( 0.000000000000000000, -0.000000000000000000, -1.000000000000000000 ) ) ;
#3984 = PLANE ( 'NONE',  #3367 ) ;
#3985 = ORIENTED_CLOSED_SHELL ( 'NONE', *, #3035, .F. );
#3986 = FILL_AREA_STYLE ('',( #3629 ) ) ;
#3987 = DIRECTION ( 'NONE',  ( -1.000000000000000000, 0.000000000000000000, 0.000000000000000000 ) ) ;
#3988 = ADVANCED_FACE ( 'NONE', ( #3793, #8513 ), #5638, .T. ) ;
#3989 = FILL_AREA_STYLE_COLOUR ( '', #6575 ) ;
#3990 = CARTESIAN_POINT ( 'NONE',  ( 4.500000000000000000, 5.499999999999992895, 1.600000000000000089 ) ) ;
#3991 = ORIENTED_EDGE ( 'NONE', *, *, #8721, .F. ) ;
#3992 = CARTESIAN_POINT ( 'NONE',  ( 5.499999999999998224, 9.499999999999992895, 2.100000000000000089 ) ) ;
#3993 = ORIENTED_EDGE ( 'NONE', *, *, #3851, .F. ) ;
#3994 = MECHANICAL_DESIGN_GEOMETRIC_PRESENTATION_REPRESENTATION (  '', ( #504 ), #6522 ) ;
#3995 = ORIENTED_EDGE ( 'NONE', *, *, #1987, .F. ) ;
#3996 = CARTESIAN_POINT ( 'NONE',  ( 0.5000000000000025535, -9.499999999999994671, 1.600000000000000089 ) ) ;
#3997 = VERTEX_POINT ( 'NONE', #3015 ) ;
#3998 = PLANE ( 'NONE',  #6587 ) ;
#3999 = SURFACE_STYLE_USAGE ( .BOTH. , #5726 ) ;
#4000 = EDGE_CURVE ( 'NONE', #1541, #8708, #9298, .T. ) ;
#4001 = CIRCLE ( 'NONE', #1461, 0.1999999999999996503 ) ;
#4002 = FILL_AREA_STYLE ('',( #8706 ) ) ;
#4003 = AXIS2_PLACEMENT_3D ( 'NONE', #9423, #6612, #8474 ) ;
#4004 = ORIENTED_EDGE ( 'NONE', *, *, #948, .F. ) ;
#4005 = VERTEX_POINT ( 'NONE', #7660 ) ;
#4006 = DIRECTION ( 'NONE',  ( 1.000000000000000000, 0.000000000000000000, 0.000000000000000000 ) ) ;
#4007 = VECTOR ( 'NONE', #5857, 1000.000000000000000 ) ;
#4008 = FILL_AREA_STYLE_COLOUR ( '', #2777 ) ;
#4009 = VERTEX_POINT ( 'NONE', #4718 ) ;
#4010 = DIRECTION ( 'NONE',  ( 0.000000000000000000, 0.000000000000000000, -1.000000000000000000 ) ) ;
#4011 = SURFACE_STYLE_USAGE ( .BOTH. , #496 ) ;
#4012 = DIRECTION ( 'NONE',  ( 0.000000000000000000, 0.000000000000000000, -1.000000000000000000 ) ) ;
#4013 = EDGE_CURVE ( 'NONE', #4539, #10943, #163, .T. ) ;
#4014 = ADVANCED_FACE ( 'NONE', ( #6589 ), #1184, .T. ) ;
#4015 =( NAMED_UNIT ( * ) SI_UNIT ( $, .STERADIAN. ) SOLID_ANGLE_UNIT ( ) );
#4016 = SPHERICAL_SURFACE ( 'NONE', #10342, 1.386033755962696956 ) ;
#4017 = MECHANICAL_DESIGN_GEOMETRIC_PRESENTATION_REPRESENTATION (  '', ( #2075 ), #8831 ) ;
#4018 = ORIENTED_EDGE ( 'NONE', *, *, #1777, .T. ) ;
#4019 = EDGE_LOOP ( 'NONE', ( #1139, #5952, #9763, #8183 ) ) ;
#4020 = SURFACE_SIDE_STYLE ('',( #11174 ) ) ;
#4021 = CARTESIAN_POINT ( 'NONE',  ( 0.5000000000000017764, -4.499999999999998224, 1.600000000000000089 ) ) ;
#4022 = FILL_AREA_STYLE_COLOUR ( '', #8092 ) ;
#4023 = DIRECTION ( 'NONE',  ( 0.000000000000000000, 0.000000000000000000, -1.000000000000000000 ) ) ;
#4024 = ORIENTED_EDGE ( 'NONE', *, *, #2759, .F. ) ;
#4025 =( LENGTH_UNIT ( ) NAMED_UNIT ( * ) SI_UNIT ( .MILLI., .METRE. ) );
#4026 = MECHANICAL_DESIGN_GEOMETRIC_PRESENTATION_REPRESENTATION (  '', ( #6555 ), #5968 ) ;
#4027 = MECHANICAL_DESIGN_GEOMETRIC_PRESENTATION_REPRESENTATION (  '', ( #7306 ), #8645 ) ;
#4028 = DIRECTION ( 'NONE',  ( -1.000000000000000000, 0.000000000000000000, 0.000000000000000000 ) ) ;
#4029 = ADVANCED_FACE ( 'NONE', ( #6652 ), #3129, .F. ) ;
#4030 = CARTESIAN_POINT ( 'NONE',  ( -0.4999999999999996669, 0.4999999999999978351, 2.100000000000000089 ) ) ;
#4031 = UNCERTAINTY_MEASURE_WITH_UNIT (LENGTH_MEASURE( 1.000000000000000082E-05 ), #10938, 'distance_accuracy_value', 'NONE');
#4032 = CARTESIAN_POINT ( 'NONE',  ( 2.500000000000001332, -2.499999999999992006, 2.463966244037302911 ) ) ;
#4033 = COLOUR_RGB ( '',1.000000000000000000, 1.000000000000000000, 0.000000000000000000 ) ;
#4034 = PRESENTATION_STYLE_ASSIGNMENT (( #1291 ) ) ;
#4035 = AXIS2_PLACEMENT_3D ( 'NONE', #4249, #5943, #7927 ) ;
#4036 = CARTESIAN_POINT ( 'NONE',  ( -1.113966244037300823, -2.499999999999991118, 2.463966244037302911 ) ) ;
#4037 = DIRECTION ( 'NONE',  ( 0.000000000000000000, 0.000000000000000000, -1.000000000000000000 ) ) ;
#4038 = SURFACE_STYLE_FILL_AREA ( #5762 ) ;
#4039 = DIRECTION ( 'NONE',  ( 0.000000000000000000, -0.000000000000000000, -1.000000000000000000 ) ) ;
#4040 =( NAMED_UNIT ( * ) PLANE_ANGLE_UNIT ( ) SI_UNIT ( $, .RADIAN. ) );
#4041 = SURFACE_STYLE_USAGE ( .BOTH. , #8464 ) ;
#4042 = PRESENTATION_STYLE_ASSIGNMENT (( #6660 ) ) ;
#4043 = AXIS2_PLACEMENT_3D ( 'NONE', #819, #10745, #6341 ) ;
#4045 = SURFACE_SIDE_STYLE ('',( #3201 ) ) ;
#4044 = VECTOR ( 'NONE', #3630, 1000.000000000000000 ) ;
#4046 =( NAMED_UNIT ( * ) PLANE_ANGLE_UNIT ( ) SI_UNIT ( $, .RADIAN. ) );
#4047 = SURFACE_STYLE_FILL_AREA ( #8626 ) ;
#4048 = EDGE_LOOP ( 'NONE', ( #9357, #4191, #814, #7197, #4224 ) ) ;
#4049 = DIRECTION ( 'NONE',  ( -0.000000000000000000, -0.000000000000000000, -1.000000000000000000 ) ) ;
#4050 = ORIENTED_EDGE ( 'NONE', *, *, #346, .T. ) ;
#4051 = ORIENTED_EDGE ( 'NONE', *, *, #9430, .F. ) ;
#4052 =( NAMED_UNIT ( * ) SI_UNIT ( $, .STERADIAN. ) SOLID_ANGLE_UNIT ( ) );
#4053 = VECTOR ( 'NONE', #7956, 1000.000000000000000 ) ;
#4054 =( LENGTH_UNIT ( ) NAMED_UNIT ( * ) SI_UNIT ( .MILLI., .METRE. ) );
#4055 = DIRECTION ( 'NONE',  ( -0.000000000000000000, -0.000000000000000000, 1.000000000000000000 ) ) ;
#4056 = ORIENTED_EDGE ( 'NONE', *, *, #4487, .F. ) ;
#4057 = VECTOR ( 'NONE', #8797, 1000.000000000000000 ) ;
#4058 = DIRECTION ( 'NONE',  ( 0.000000000000000000, 0.000000000000000000, -1.000000000000000000 ) ) ;
#4059 =( LENGTH_UNIT ( ) NAMED_UNIT ( * ) SI_UNIT ( .MILLI., .METRE. ) );
#4060 = FILL_AREA_STYLE_COLOUR ( '', #2756 ) ;
#4061 = COLOUR_RGB ( '',1.000000000000000000, 1.000000000000000000, 0.000000000000000000 ) ;
#4062 =( GEOMETRIC_REPRESENTATION_CONTEXT ( 3 ) GLOBAL_UNCERTAINTY_ASSIGNED_CONTEXT ( ( #1497 ) ) GLOBAL_UNIT_ASSIGNED_CONTEXT ( ( #6331, #9148, #135 ) ) REPRESENTATION_CONTEXT ( 'NONE', 'WORKASPACE' ) );
#4063 =( NAMED_UNIT ( * ) PLANE_ANGLE_UNIT ( ) SI_UNIT ( $, .RADIAN. ) );
#4064 = ORIENTED_EDGE ( 'NONE', *, *, #383, .T. ) ;
#4065 = AXIS2_PLACEMENT_3D ( 'NONE', #10075, #3493, #1767 ) ;
#4066 = ORIENTED_EDGE ( 'NONE', *, *, #3506, .T. ) ;
#4067 = ADVANCED_FACE ( 'NONE', ( #110 ), #9827, .T. ) ;
#4069 = DIRECTION ( 'NONE',  ( 1.000000000000000000, 0.000000000000000000, 0.000000000000000000 ) ) ;
#4068 = UNCERTAINTY_MEASURE_WITH_UNIT (LENGTH_MEASURE( 1.000000000000000082E-05 ), #8739, 'distance_accuracy_value', 'NONE');
#4070 = CARTESIAN_POINT ( 'NONE',  ( -3.999999999999993339, -13.44012937056731793, 1.600097715859679859 ) ) ;
#4071 = EDGE_LOOP ( 'NONE', ( #548, #11955, #10582, #8164, #5408 ) ) ;
#4072 = DIRECTION ( 'NONE',  ( 1.000000000000000000, 0.000000000000000000, 0.000000000000000000 ) ) ;
#4073 = LINE ( 'NONE', #6855, #4838 ) ;
#4074 = DIRECTION ( 'NONE',  ( -1.000000000000000000, -0.000000000000000000, -0.000000000000000000 ) ) ;
#4075 = DIRECTION ( 'NONE',  ( 1.000000000000000000, 0.000000000000000000, 0.000000000000000000 ) ) ;
#4076 = DIRECTION ( 'NONE',  ( 0.000000000000000000, 0.000000000000000000, 1.000000000000000000 ) ) ;
#4077 = DIRECTION ( 'NONE',  ( -1.000000000000000000, 0.000000000000000000, 0.000000000000000000 ) ) ;
#4078 = EDGE_LOOP ( 'NONE', ( #5670, #10060, #10598, #3342 ) ) ;
#4079 = AXIS2_PLACEMENT_3D ( 'NONE', #9253, #4672, #4790 ) ;
#4080 = ORIENTED_EDGE ( 'NONE', *, *, #6396, .T. ) ;
#4081 = EDGE_CURVE ( 'NONE', #3145, #1156, #5186, .T. ) ;
#4082 = PRESENTATION_STYLE_ASSIGNMENT (( #2318 ) ) ;
#4083 = FACE_OUTER_BOUND ( 'NONE', #11499, .T. ) ;
#4084 = AXIS2_PLACEMENT_3D ( 'NONE', #10167, #914, #1674 ) ;
#4085 = PRESENTATION_STYLE_ASSIGNMENT (( #4149 ) ) ;
#4086 = EDGE_CURVE ( 'NONE', #3569, #3904, #6161, .T. ) ;
#4087 = ORIENTED_EDGE ( 'NONE', *, *, #8668, .F. ) ;
#4088 = DIRECTION ( 'NONE',  ( -0.000000000000000000, 1.000000000000000000, -0.000000000000000000 ) ) ;
#4089 = PRESENTATION_STYLE_ASSIGNMENT (( #1284 ) ) ;
#4090 = UNCERTAINTY_MEASURE_WITH_UNIT (LENGTH_MEASURE( 1.000000000000000082E-05 ), #1315, 'distance_accuracy_value', 'NONE');
#4091 = STYLED_ITEM ( 'NONE', ( #776 ), #4703 ) ;
#4092 = MECHANICAL_DESIGN_GEOMETRIC_PRESENTATION_REPRESENTATION (  '', ( #9310 ), #4491 ) ;
#4093 = SURFACE_SIDE_STYLE ('',( #3183 ) ) ;
#4094 = DIRECTION ( 'NONE',  ( -1.000000000000000000, 0.000000000000000000, -0.000000000000000000 ) ) ;
#4095 = AXIS2_PLACEMENT_3D ( 'NONE', #3853, #4028, #6584 ) ;
#4096 = CIRCLE ( 'NONE', #10876, 0.1999999999999996503 ) ;
#4097 = SURFACE_STYLE_FILL_AREA ( #7723 ) ;
#4098 = DIRECTION ( 'NONE',  ( -1.000000000000000000, -0.000000000000000000, -0.000000000000000000 ) ) ;
#4099 = ORIENTED_EDGE ( 'NONE', *, *, #2668, .F. ) ;
#4100 = DIRECTION ( 'NONE',  ( -0.000000000000000000, -0.000000000000000000, 1.000000000000000000 ) ) ;
#4101 = CARTESIAN_POINT ( 'NONE',  ( 7.500000000000000000, 7.500000000000007105, 2.463966244037302911 ) ) ;
#4102 = SURFACE_STYLE_USAGE ( .BOTH. , #5814 ) ;
#4103 = SPHERICAL_SURFACE ( 'NONE', #7477, 1.386033755962696956 ) ;
#4104 = FILL_AREA_STYLE ('',( #3199 ) ) ;
#4105 = VECTOR ( 'NONE', #5156, 1000.000000000000000 ) ;
#4106 = DIRECTION ( 'NONE',  ( 1.000000000000000000, 0.000000000000000000, 0.000000000000000000 ) ) ;
#4107 = CIRCLE ( 'NONE', #7390, 0.2000000000000003164 ) ;
#4108 = FACE_BOUND ( 'NONE', #4632, .T. ) ;
#4109 = ORIENTED_EDGE ( 'NONE', *, *, #11727, .F. ) ;
#4110 = VERTEX_POINT ( 'NONE', #5255 ) ;
#4111 = FILL_AREA_STYLE_COLOUR ( '', #2343 ) ;
#4112 = EDGE_CURVE ( 'NONE', #1033, #4770, #456, .T. ) ;
#4113 = ORIENTED_EDGE ( 'NONE', *, *, #4745, .F. ) ;
#4114 =( NAMED_UNIT ( * ) PLANE_ANGLE_UNIT ( ) SI_UNIT ( $, .RADIAN. ) );
#4115 = PRESENTATION_LAYER_ASSIGNMENT (  '', '', ( #9703 ) ) ;
#4116 = CARTESIAN_POINT ( 'NONE',  ( 2.604026083246159029, 13.44012937056731083, 1.600000000000000089 ) ) ;
#4117 = VERTEX_POINT ( 'NONE', #4160 ) ;
#4118 = VECTOR ( 'NONE', #8049, 1000.000000000000000 ) ;
#4119 = DIRECTION ( 'NONE',  ( 0.000000000000000000, -1.000000000000000000, 0.000000000000000000 ) ) ;
#4120 =( NAMED_UNIT ( * ) SI_UNIT ( $, .STERADIAN. ) SOLID_ANGLE_UNIT ( ) );
#4121 = FACE_OUTER_BOUND ( 'NONE', #6390, .T. ) ;
#4122 = STYLED_ITEM ( 'NONE', ( #2826 ), #1838 ) ;
#4123 = FILL_AREA_STYLE_COLOUR ( '', #11203 ) ;
#4124 = SURFACE_SIDE_STYLE ('',( #673 ) ) ;
#4125 = CIRCLE ( 'NONE', #9724, 1.486033755962697267 ) ;
#4126 = LINE ( 'NONE', #3336, #419 ) ;
#4127 = EDGE_LOOP ( 'NONE', ( #4066, #5773, #11818, #6751 ) ) ;
#4128 = ORIENTED_EDGE ( 'NONE', *, *, #4826, .F. ) ;
#4129 = CARTESIAN_POINT ( 'NONE',  ( 0.5000000000000009992, 0.4999999999999970024, 1.600000000000000089 ) ) ;
#4130 = ORIENTED_EDGE ( 'NONE', *, *, #10741, .T. ) ;
#4131 = FILL_AREA_STYLE ('',( #4008 ) ) ;
#4132 = ORIENTED_EDGE ( 'NONE', *, *, #9822, .T. ) ;
#4133 = LINE ( 'NONE', #2014, #8807 ) ;
#4134 = LINE ( 'NONE', #8893, #1914 ) ;
#4135 = FACE_BOUND ( 'NONE', #8185, .T. ) ;
#4136 = CIRCLE ( 'NONE', #2187, 1.600000000000002531 ) ;
#4137 = SURFACE_SIDE_STYLE ('',( #10369 ) ) ;
#4138 = DIRECTION ( 'NONE',  ( 1.000000000000000000, 0.000000000000000000, 0.000000000000000000 ) ) ;
#4139 = EDGE_CURVE ( 'NONE', #341, #8722, #10255, .T. ) ;
#4140 =( GEOMETRIC_REPRESENTATION_CONTEXT ( 3 ) GLOBAL_UNCERTAINTY_ASSIGNED_CONTEXT ( ( #1749 ) ) GLOBAL_UNIT_ASSIGNED_CONTEXT ( ( #9792, #601, #6253 ) ) REPRESENTATION_CONTEXT ( 'NONE', 'WORKASPACE' ) );
#4141 = CARTESIAN_POINT ( 'NONE',  ( 7.500000000000001776, -2.499999999999992895, 2.463966244037302911 ) ) ;
#4142 = EDGE_CURVE ( 'NONE', #3145, #1033, #7932, .T. ) ;
#4143 = ORIENTED_EDGE ( 'NONE', *, *, #1350, .F. ) ;
#4144 = CIRCLE ( 'NONE', #6288, 1.486033755962696379 ) ;
#4145 = VERTEX_POINT ( 'NONE', #2209 ) ;
#4146 = STYLED_ITEM ( 'NONE', ( #9670 ), #10260 ) ;
#4147 = DIRECTION ( 'NONE',  ( -4.336808689942015764E-16, 1.000000000000000000, 0.000000000000000000 ) ) ;
#4148 = CYLINDRICAL_SURFACE ( 'NONE', #5084, 0.2000000000000003164 ) ;
#4149 = SURFACE_STYLE_USAGE ( .BOTH. , #376 ) ;
#4150 = SURFACE_STYLE_FILL_AREA ( #1224 ) ;
#4151 = ORIENTED_EDGE ( 'NONE', *, *, #2668, .T. ) ;
#4152 = STYLED_ITEM ( 'NONE', ( #4900 ), #2611 ) ;
#4153 = CARTESIAN_POINT ( 'NONE',  ( -2.499999999999997780, -2.499999999999991118, 2.463966244037302911 ) ) ;
#4154 = SURFACE_SIDE_STYLE ('',( #8732 ) ) ;
#4155 = PRESENTATION_STYLE_ASSIGNMENT (( #6040 ) ) ;
#4156 = PLANE ( 'NONE',  #2389 ) ;
#4157 = AXIS2_PLACEMENT_3D ( 'NONE', #7861, #11431, #3088 ) ;
#4158 = SURFACE_STYLE_USAGE ( .BOTH. , #4334 ) ;
#4159 = ADVANCED_FACE ( 'NONE', ( #2520 ), #4455, .F. ) ;
#4160 = CARTESIAN_POINT ( 'NONE',  ( -2.499999999999999556, 1.113966244037312148, 2.463966244037302911 ) ) ;
#4161 = UNCERTAINTY_MEASURE_WITH_UNIT (LENGTH_MEASURE( 1.000000000000000082E-05 ), #5608, 'distance_accuracy_value', 'NONE');
#4162 = DIRECTION ( 'NONE',  ( -0.000000000000000000, -0.000000000000000000, 1.000000000000000000 ) ) ;
#4163 =( GEOMETRIC_REPRESENTATION_CONTEXT ( 3 ) GLOBAL_UNCERTAINTY_ASSIGNED_CONTEXT ( ( #4288 ) ) GLOBAL_UNIT_ASSIGNED_CONTEXT ( ( #233, #169, #9188 ) ) REPRESENTATION_CONTEXT ( 'NONE', 'WORKASPACE' ) );
#4164 =( NAMED_UNIT ( * ) PLANE_ANGLE_UNIT ( ) SI_UNIT ( $, .RADIAN. ) );
#4165 = ORIENTED_EDGE ( 'NONE', *, *, #1901, .F. ) ;
#4166 = CARTESIAN_POINT ( 'NONE',  ( 0.5000000000000025535, -9.499999999999994671, 2.100000000000000089 ) ) ;
#4167 = LINE ( 'NONE', #7846, #5330 ) ;
#4168 = CIRCLE ( 'NONE', #10936, 1.386033755962696956 ) ;
#4169 = UNCERTAINTY_MEASURE_WITH_UNIT (LENGTH_MEASURE( 1.000000000000000082E-05 ), #1789, 'distance_accuracy_value', 'NONE');
#4170 = DIRECTION ( 'NONE',  ( -0.000000000000000000, 1.000000000000000000, -0.000000000000000000 ) ) ;
#4171 = DIRECTION ( 'NONE',  ( 0.000000000000000000, -0.000000000000000000, -1.000000000000000000 ) ) ;
#4172 = EDGE_CURVE ( 'NONE', #8163, #4622, #2914, .T. ) ;
#4173 = EDGE_CURVE ( 'NONE', #312, #2793, #8328, .T. ) ;
#4174 = PLANE ( 'NONE',  #11025 ) ;
#4175 = ORIENTED_EDGE ( 'NONE', *, *, #7427, .F. ) ;
#4176 = DIRECTION ( 'NONE',  ( 1.000000000000000000, 0.000000000000000000, 0.000000000000000000 ) ) ;
#4177 = VERTEX_POINT ( 'NONE', #2758 ) ;
#4178 = SURFACE_STYLE_USAGE ( .BOTH. , #8869 ) ;
#4179 = SURFACE_STYLE_USAGE ( .BOTH. , #478 ) ;
#4180 =( NAMED_UNIT ( * ) SI_UNIT ( $, .STERADIAN. ) SOLID_ANGLE_UNIT ( ) );
#4181 = FILL_AREA_STYLE ('',( #6064 ) ) ;
#4182 =( GEOMETRIC_REPRESENTATION_CONTEXT ( 3 ) GLOBAL_UNCERTAINTY_ASSIGNED_CONTEXT ( ( #7056 ) ) GLOBAL_UNIT_ASSIGNED_CONTEXT ( ( #2143, #9576, #11458 ) ) REPRESENTATION_CONTEXT ( 'NONE', 'WORKASPACE' ) );
#4183 = CARTESIAN_POINT ( 'NONE',  ( 5.499999999999998224, 5.499999999999991118, 2.100000000000000089 ) ) ;
#4184 = ORIENTED_EDGE ( 'NONE', *, *, #6607, .F. ) ;
#4185 = SURFACE_STYLE_USAGE ( .BOTH. , #5155 ) ;
#4186 = SURFACE_STYLE_FILL_AREA ( #10315 ) ;
#4187 = EDGE_CURVE ( 'NONE', #11333, #3966, #5507, .T. ) ;
#4188 = FILL_AREA_STYLE_COLOUR ( '', #9825 ) ;
#4189 = CIRCLE ( 'NONE', #8249, 1.486033755962697267 ) ;
#4190 = COLOUR_RGB ( '',1.000000000000000000, 0.000000000000000000, 0.000000000000000000 ) ;
#4191 = ORIENTED_EDGE ( 'NONE', *, *, #8067, .T. ) ;
#4192 = ORIENTED_EDGE ( 'NONE', *, *, #10420, .T. ) ;
#4193 =( NAMED_UNIT ( * ) SI_UNIT ( $, .STERADIAN. ) SOLID_ANGLE_UNIT ( ) );
#4194 = ORIENTED_EDGE ( 'NONE', *, *, #11127, .T. ) ;
#4195 = UNCERTAINTY_MEASURE_WITH_UNIT (LENGTH_MEASURE( 1.000000000000000082E-05 ), #4957, 'distance_accuracy_value', 'NONE');
#4196 = ORIENTED_EDGE ( 'NONE', *, *, #11895, .F. ) ;
#4197 = CARTESIAN_POINT ( 'NONE',  ( -3.886033755962696734, 7.500000000000007994, 2.463966244037302911 ) ) ;
#4198 = MECHANICAL_DESIGN_GEOMETRIC_PRESENTATION_REPRESENTATION (  '', ( #10375 ), #1104 ) ;
#4199 = EDGE_CURVE ( 'NONE', #3247, #11630, #10839, .T. ) ;
#4200 = DIRECTION ( 'NONE',  ( -1.000000000000000000, 0.000000000000000000, -0.000000000000000000 ) ) ;
#4201 = ADVANCED_FACE ( 'NONE', ( #6223 ), #5374, .F. ) ;
#4202 = CARTESIAN_POINT ( 'NONE',  ( 0.5000000000000009992, 4.499999999999996447, 2.100000000000000089 ) ) ;
#4203 = CLOSED_SHELL ( 'NONE', ( #2002, #1166, #4225, #6146, #4243, #5846, #5128, #7392, #4067, #6446, #11220, #10821, #3086, #1697, #3589, #360, #8117, #7380, #6895, #6695, #1687, #4769, #1124, #509, #10605, #1918, #2083, #2693, #430, #4014, #10505, #11320, #9169, #779, #6696, #11464, #3791, #1306, #9999, #8943, #3347, #8989, #10885, #8713, #7710, #10730, #7696, #8612, #747, #10042, #7355, #3988, #6709, #3177, #1853, #5359, #5211, #11098, #9405, #9931, #6530, #6882, #9904, #4403, #3792, #8875, #4667, #3601, #3033, #3259, #3047, #1781, #3112, #7163, #6169, #6170, #11405, #3838, #8844, #2984, #11254, #3561, #5657, #7413, #1629, #6172, #9772, #5191, #1058, #7334, #6929, #5075, #11703, #4393, #2054, #5460, #7913, #11165, #8253, #511, #9838, #2664, #6076, #10843, #5214, #9458, #1838, #3427, #8508, #8002, #4684, #5573, #7012, #10083, #8085, #2296, #9461, #4159, #5262, #1612, #9352, #11916, #2585, #4201, #559, #1447, #10382, #6255, #6752, #1302, #10590, #5041, #3318, #733, #3349, #3779, #9547, #1906, #8781, #5505, #5243, #1053, #10260, #7352, #3841, #9035, #11197, #11868, #3332, #6627, #6755, #10233, #1246, #7237, #1765, #5093, #3566, #1597, #7042, #891, #2394, #3240, #7106, #11843, #3401, #11751, #8294, #7948, #2044, #3477, #2393, #3475, #10983, #6992, #2457, #2681, #6065, #6251, #1179, #11687, #6639, #294, #2231, #11360, #7024, #11718, #7300, #4927, #8058, #2294, #6110, #2857, #5741, #9312, #423, #6958, #7893, #2611, #2432 ) ) ;
#4204 = ORIENTED_EDGE ( 'NONE', *, *, #2807, .T. ) ;
#4205 = VECTOR ( 'NONE', #6285, 1000.000000000000000 ) ;
#4206 = ORIENTED_EDGE ( 'NONE', *, *, #9343, .F. ) ;
#4207 = FACE_OUTER_BOUND ( 'NONE', #9906, .T. ) ;
#4208 = CARTESIAN_POINT ( 'NONE',  ( 7.500000000000000888, 2.500000000000007550, 2.463966244037302911 ) ) ;
#4209 = CARTESIAN_POINT ( 'NONE',  ( 2.500000000000002220, -7.499999999999992006, 2.100000000000000089 ) ) ;
#4210 = ORIENTED_EDGE ( 'NONE', *, *, #4081, .F. ) ;
#4211 = FACE_OUTER_BOUND ( 'NONE', #11924, .T. ) ;
#4212 = ADVANCED_FACE ( 'NONE', ( #8077 ), #6701, .F. ) ;
#4213 = SURFACE_SIDE_STYLE ('',( #6039 ) ) ;
#4214 =( LENGTH_UNIT ( ) NAMED_UNIT ( * ) SI_UNIT ( .MILLI., .METRE. ) );
#4216 = VECTOR ( 'NONE', #8970, 1000.000000000000114 ) ;
#4215 =( NAMED_UNIT ( * ) PLANE_ANGLE_UNIT ( ) SI_UNIT ( $, .RADIAN. ) );
#4217 =( NAMED_UNIT ( * ) SI_UNIT ( $, .STERADIAN. ) SOLID_ANGLE_UNIT ( ) );
#4218 = STYLED_ITEM ( 'NONE', ( #5280 ), #10756 ) ;
#4219 = CARTESIAN_POINT ( 'NONE',  ( 4.000000000000003553, 13.99999999999999822, 1.600000000000000311 ) ) ;
#4220 =( NAMED_UNIT ( * ) PLANE_ANGLE_UNIT ( ) SI_UNIT ( $, .RADIAN. ) );
#4221 = CIRCLE ( 'NONE', #3243, 1.486033755962697267 ) ;
#4222 = FACE_OUTER_BOUND ( 'NONE', #9002, .T. ) ;
#4223 = CARTESIAN_POINT ( 'NONE',  ( -6.013966244037301401, 7.500000000000007994, 2.463966244037302911 ) ) ;
#4224 = ORIENTED_EDGE ( 'NONE', *, *, #9684, .F. ) ;
#4225 = ADVANCED_FACE ( 'NONE', ( #11779 ), #7529, .T. ) ;
#4226 = CIRCLE ( 'NONE', #4804, 1.386033755962696956 ) ;
#4227 = DIRECTION ( 'NONE',  ( -0.000000000000000000, -0.000000000000000000, -1.000000000000000000 ) ) ;
#4228 = CARTESIAN_POINT ( 'NONE',  ( -7.499999999999997335, -7.499999999999990230, 2.100000000000000089 ) ) ;
#4229 = FILL_AREA_STYLE_COLOUR ( '', #11930 ) ;
#4230 = CARTESIAN_POINT ( 'NONE',  ( 5.395973916753827204, 13.44012937056731083, 1.600000000000000089 ) ) ;
#4231 = FACE_OUTER_BOUND ( 'NONE', #5531, .T. ) ;
#4232 = DIRECTION ( 'NONE',  ( 0.000000000000000000, 1.000000000000000000, -0.000000000000000000 ) ) ;
#4233 = CARTESIAN_POINT ( 'NONE',  ( 4.000000000000003553, 65.00000000000000000, 2.122000000000000330 ) ) ;
#4234 = EDGE_LOOP ( 'NONE', ( #9873, #11661, #11424, #7369 ) ) ;
#4235 = DIRECTION ( 'NONE',  ( -0.000000000000000000, 0.000000000000000000, 1.000000000000000000 ) ) ;
#4236 = CARTESIAN_POINT ( 'NONE',  ( -8.986033755962694158, -2.499999999999990230, 2.463966244037302911 ) ) ;
#4237 = CARTESIAN_POINT ( 'NONE',  ( -4.500000000000001776, 5.499999999999991118, 2.100000000000000089 ) ) ;
#4238 = EDGE_CURVE ( 'NONE', #3535, #10850, #7367, .T. ) ;
#4239 = SPHERICAL_SURFACE ( 'NONE', #2021, 1.486033755962697267 ) ;
#4240 =( LENGTH_UNIT ( ) NAMED_UNIT ( * ) SI_UNIT ( .MILLI., .METRE. ) );
#4241 = LINE ( 'NONE', #2422, #4550 ) ;
#4242 = VERTEX_POINT ( 'NONE', #10197 ) ;
#4243 = ADVANCED_FACE ( 'NONE', ( #9284 ), #4370, .T. ) ;
#4244 = STYLED_ITEM ( 'NONE', ( #4085 ), #11320 ) ;
#4245 = DIRECTION ( 'NONE',  ( 0.000000000000000000, 0.000000000000000000, -1.000000000000000000 ) ) ;
#4246 = CIRCLE ( 'NONE', #8853, 1.386033755962696956 ) ;
#4248 =( NAMED_UNIT ( * ) PLANE_ANGLE_UNIT ( ) SI_UNIT ( $, .RADIAN. ) );
#4247 = COLOUR_RGB ( '',1.000000000000000000, 1.000000000000000000, 0.000000000000000000 ) ;
#4249 = CARTESIAN_POINT ( 'NONE',  ( 2.500000000000000444, 2.500000000000007550, 2.100000000000000089 ) ) ;
#4250 = ORIENTED_EDGE ( 'NONE', *, *, #4453, .F. ) ;
#4251 = VECTOR ( 'NONE', #10105, 1000.000000000000000 ) ;
#4252 = EDGE_LOOP ( 'NONE', ( #113, #429, #3878, #7592 ) ) ;
#4253 = MECHANICAL_DESIGN_GEOMETRIC_PRESENTATION_REPRESENTATION (  '', ( #10616 ), #8110 ) ;
#4254 = ORIENTED_EDGE ( 'NONE', *, *, #1404, .T. ) ;
#4255 = LINE ( 'NONE', #3103, #7484 ) ;
#4256 = AXIS2_PLACEMENT_3D ( 'NONE', #8470, #4736, #7674 ) ;
#4257 = CYLINDRICAL_SURFACE ( 'NONE', #10317, 1.386033755962696956 ) ;
#4258 = EDGE_LOOP ( 'NONE', ( #6307, #4490, #2280, #745 ) ) ;
#4259 = CARTESIAN_POINT ( 'NONE',  ( -3.999999999999993339, -13.99999999999999822, 1.477999999999999758 ) ) ;
#4260 = CARTESIAN_POINT ( 'NONE',  ( 3.986033755962698599, -2.499999999999992006, 2.100000000000000089 ) ) ;
#4261 = PRESENTATION_STYLE_ASSIGNMENT (( #3283 ) ) ;
#4262 = COLOUR_RGB ( '',0.7529411764705882248, 0.7529411764705882248, 0.7529411764705882248 ) ;
#4263 = CARTESIAN_POINT ( 'NONE',  ( 4.500000000000000888, 4.499999999999996447, 1.600000000000000089 ) ) ;
#4264 =( GEOMETRIC_REPRESENTATION_CONTEXT ( 3 ) GLOBAL_UNCERTAINTY_ASSIGNED_CONTEXT ( ( #11415 ) ) GLOBAL_UNIT_ASSIGNED_CONTEXT ( ( #8392, #11242, #11401 ) ) REPRESENTATION_CONTEXT ( 'NONE', 'WORKASPACE' ) );
#4265 = MECHANICAL_DESIGN_GEOMETRIC_PRESENTATION_REPRESENTATION (  '', ( #9457 ), #3489 ) ;
#4266 = ORIENTED_EDGE ( 'NONE', *, *, #3717, .F. ) ;
#4267 = ORIENTED_EDGE ( 'NONE', *, *, #608, .F. ) ;
#4268 = DIRECTION ( 'NONE',  ( -0.000000000000000000, -1.000000000000000000, -0.000000000000000000 ) ) ;
#4269 = SURFACE_STYLE_FILL_AREA ( #568 ) ;
#4270 = PRESENTATION_LAYER_ASSIGNMENT (  '', '', ( #10054 ) ) ;
#4271 = CARTESIAN_POINT ( 'NONE',  ( 3.986033755962698599, -2.499999999999992006, 2.100000000000000089 ) ) ;
#4272 =( LENGTH_UNIT ( ) NAMED_UNIT ( * ) SI_UNIT ( .MILLI., .METRE. ) );
#4273 = VERTEX_POINT ( 'NONE', #3965 ) ;
#4274 = SURFACE_STYLE_FILL_AREA ( #3361 ) ;
#4275 = CARTESIAN_POINT ( 'NONE',  ( -4.500000000000000000, -0.4999999999999970024, 2.100000000000000089 ) ) ;
#4276 = STYLED_ITEM ( 'NONE', ( #2627 ), #3401 ) ;
#4277 = DIRECTION ( 'NONE',  ( -1.000000000000000000, 0.000000000000000000, 0.000000000000000000 ) ) ;
#4278 = MECHANICAL_DESIGN_GEOMETRIC_PRESENTATION_REPRESENTATION (  '', ( #9472 ), #794 ) ;
#4279 = VECTOR ( 'NONE', #4711, 1000.000000000000000 ) ;
#4280 = DIRECTION ( 'NONE',  ( 0.000000000000000000, 0.9999999847691289911, -0.0001745329243133371888 ) ) ;
#4281 = AXIS2_PLACEMENT_3D ( 'NONE', #2429, #11397, #4077 ) ;
#4282 = UNCERTAINTY_MEASURE_WITH_UNIT (LENGTH_MEASURE( 1.000000000000000082E-05 ), #1114, 'distance_accuracy_value', 'NONE');
#4283 = DIRECTION ( 'NONE',  ( 1.000000000000000000, 0.000000000000000000, 0.000000000000000000 ) ) ;
#4284 = ORIENTED_EDGE ( 'NONE', *, *, #3917, .T. ) ;
#4285 = VECTOR ( 'NONE', #7849, 1000.000000000000000 ) ;
#4286 =( NAMED_UNIT ( * ) SI_UNIT ( $, .STERADIAN. ) SOLID_ANGLE_UNIT ( ) );
#4287 =( NAMED_UNIT ( * ) PLANE_ANGLE_UNIT ( ) SI_UNIT ( $, .RADIAN. ) );
#4288 = UNCERTAINTY_MEASURE_WITH_UNIT (LENGTH_MEASURE( 1.000000000000000082E-05 ), #233, 'distance_accuracy_value', 'NONE');
#4289 = DIRECTION ( 'NONE',  ( 1.000000000000000000, 0.000000000000000000, 0.000000000000000000 ) ) ;
#4290 = AXIS2_PLACEMENT_3D ( 'NONE', #3323, #10706, #8993 ) ;
#4291 = FILL_AREA_STYLE_COLOUR ( '', #6635 ) ;
#4292 = EDGE_CURVE ( 'NONE', #2288, #8427, #9102, .T. ) ;
#4293 = DIRECTION ( 'NONE',  ( -1.000000000000000000, 0.000000000000000000, -0.000000000000000000 ) ) ;
#4294 = CIRCLE ( 'NONE', #10663, 1.486033755962697267 ) ;
#4295 = SURFACE_STYLE_FILL_AREA ( #1479 ) ;
#4296 = VERTEX_POINT ( 'NONE', #11748 ) ;
#4297 = CARTESIAN_POINT ( 'NONE',  ( 5.395973916753827204, 13.44012937056731083, 1.610000000000000098 ) ) ;
#4298 = DIRECTION ( 'NONE',  ( -1.000000000000000000, 4.336808689942016750E-16, -0.000000000000000000 ) ) ;
#4299 =( NAMED_UNIT ( * ) PLANE_ANGLE_UNIT ( ) SI_UNIT ( $, .RADIAN. ) );
#4300 = DIRECTION ( 'NONE',  ( -0.000000000000000000, -0.000000000000000000, 1.000000000000000000 ) ) ;
#4301 = ORIENTED_EDGE ( 'NONE', *, *, #3288, .T. ) ;
#4302 = CARTESIAN_POINT ( 'NONE',  ( -7.499999999999999112, 7.500000000000007994, 2.100000000000000089 ) ) ;
#4303 = MECHANICAL_DESIGN_GEOMETRIC_PRESENTATION_REPRESENTATION (  '', ( #1194 ), #424 ) ;
#4304 = CIRCLE ( 'NONE', #627, 1.600000000000002531 ) ;
#4305 = PRESENTATION_STYLE_ASSIGNMENT (( #7074 ) ) ;
#4306 = EDGE_CURVE ( 'NONE', #5546, #6111, #590, .T. ) ;
#4307 = FACE_OUTER_BOUND ( 'NONE', #8867, .T. ) ;
#4308 = ADVANCED_FACE ( 'NONE', ( #8946 ), #7703, .F. ) ;
#4309 = SURFACE_STYLE_USAGE ( .BOTH. , #4124 ) ;
#4310 = DIRECTION ( 'NONE',  ( 0.000000000000000000, -1.000000000000000000, 0.000000000000000000 ) ) ;
#4311 = ORIENTED_EDGE ( 'NONE', *, *, #7781, .F. ) ;
#4312 = STYLED_ITEM ( 'NONE', ( #3829 ), #1304 ) ;
#4313 = ORIENTED_EDGE ( 'NONE', *, *, #10753, .F. ) ;
#4314 = DIRECTION ( 'NONE',  ( 0.000000000000000000, -1.000000000000000000, 0.000000000000000000 ) ) ;
#4315 = EDGE_LOOP ( 'NONE', ( #4997, #6419, #7517, #89 ) ) ;
#4316 = ORIENTED_EDGE ( 'NONE', *, *, #5752, .F. ) ;
#4317 = PRESENTATION_LAYER_ASSIGNMENT (  '', '', ( #8377 ) ) ;
#4318 = CARTESIAN_POINT ( 'NONE',  ( 2.499999999999999556, 7.500000000000007105, 2.463966244037302911 ) ) ;
#4319 = DIRECTION ( 'NONE',  ( 0.000000000000000000, -0.000000000000000000, -1.000000000000000000 ) ) ;
#4320 = UNCERTAINTY_MEASURE_WITH_UNIT (LENGTH_MEASURE( 1.000000000000000082E-05 ), #11496, 'distance_accuracy_value', 'NONE');
#4321 = DIRECTION ( 'NONE',  ( -0.000000000000000000, -0.000000000000000000, 1.000000000000000000 ) ) ;
#4322 = ADVANCED_FACE ( 'NONE', ( #7015 ), #7989, .F. ) ;
#4323 = EDGE_CURVE ( 'NONE', #1962, #11101, #2489, .T. ) ;
#4324 = CIRCLE ( 'NONE', #5878, 1.386033755962696956 ) ;
#4325 = ORIENTED_EDGE ( 'NONE', *, *, #582, .T. ) ;
#4326 = VERTEX_POINT ( 'NONE', #4616 ) ;
#4327 = SURFACE_SIDE_STYLE ('',( #5311 ) ) ;
#4328 = VECTOR ( 'NONE', #10964, 1000.000000000000000 ) ;
#4329 = CARTESIAN_POINT ( 'NONE',  ( 7.500000000000001776, -2.499999999999992895, 2.463966244037302911 ) ) ;
#4330 = DIRECTION ( 'NONE',  ( 0.000000000000000000, -0.000000000000000000, -1.000000000000000000 ) ) ;
#4331 = ORIENTED_EDGE ( 'NONE', *, *, #3558, .T. ) ;
#4332 = PRESENTATION_LAYER_ASSIGNMENT (  '', '', ( #3167 ) ) ;
#4333 = DIRECTION ( 'NONE',  ( 0.000000000000000000, 1.000000000000000000, 0.000000000000000000 ) ) ;
#4334 = SURFACE_SIDE_STYLE ('',( #7961 ) ) ;
#4335 = CIRCLE ( 'NONE', #4535, 0.1996509341460565023 ) ;
#4336 =( NAMED_UNIT ( * ) PLANE_ANGLE_UNIT ( ) SI_UNIT ( $, .RADIAN. ) );
#4337 = SURFACE_SIDE_STYLE ('',( #389 ) ) ;
#4338 = AXIS2_PLACEMENT_3D ( 'NONE', #5466, #8349, #6540 ) ;
#4339 = LINE ( 'NONE', #6163, #1015 ) ;
#4340 = DIRECTION ( 'NONE',  ( 1.000000000000000000, 0.000000000000000000, 0.000000000000000000 ) ) ;
#4341 =( LENGTH_UNIT ( ) NAMED_UNIT ( * ) SI_UNIT ( .MILLI., .METRE. ) );
#4342 = ORIENTED_EDGE ( 'NONE', *, *, #9430, .T. ) ;
#4343 =( NAMED_UNIT ( * ) PLANE_ANGLE_UNIT ( ) SI_UNIT ( $, .RADIAN. ) );
#4344 = CIRCLE ( 'NONE', #5526, 1.486033755962697267 ) ;
#4345 = CARTESIAN_POINT ( 'NONE',  ( -3.986033755962696823, 2.500000000000009326, 2.100000000000000089 ) ) ;
#4347 = DIRECTION ( 'NONE',  ( 0.000000000000000000, 1.000000000000000000, 0.000000000000000000 ) ) ;
#4346 = CIRCLE ( 'NONE', #10523, 1.386033755962696956 ) ;
#4348 = EDGE_CURVE ( 'NONE', #11982, #4982, #10108, .T. ) ;
#4349 =( NAMED_UNIT ( * ) PLANE_ANGLE_UNIT ( ) SI_UNIT ( $, .RADIAN. ) );
#4350 = EDGE_CURVE ( 'NONE', #5351, #1927, #7946, .T. ) ;
#4351 = FILL_AREA_STYLE ('',( #7410 ) ) ;
#4352 = STYLED_ITEM ( 'NONE', ( #1429 ), #8085 ) ;
#4353 = ORIENTED_EDGE ( 'NONE', *, *, #8001, .F. ) ;
#4354 = SPHERICAL_SURFACE ( 'NONE', #4478, 1.386033755962696956 ) ;
#4355 = ORIENTED_EDGE ( 'NONE', *, *, #8794, .F. ) ;
#4356 = DIRECTION ( 'NONE',  ( -0.000000000000000000, -0.000000000000000000, 1.000000000000000000 ) ) ;
#4357 = DIRECTION ( 'NONE',  ( 0.000000000000000000, -1.000000000000000000, 0.000000000000000000 ) ) ;
#4358 = DIRECTION ( 'NONE',  ( -0.000000000000000000, -0.000000000000000000, -1.000000000000000000 ) ) ;
#4359 = STYLED_ITEM ( 'NONE', ( #11170 ), #3240 ) ;
#4360 = DIRECTION ( 'NONE',  ( 0.000000000000000000, -0.000000000000000000, -1.000000000000000000 ) ) ;
#4361 = CARTESIAN_POINT ( 'NONE',  ( 4.000000000000003553, 60.00000000000000711, 1.999999999999999556 ) ) ;
#4362 = ORIENTED_EDGE ( 'NONE', *, *, #4366, .F. ) ;
#4363 = DIRECTION ( 'NONE',  ( -1.000000000000000000, -0.000000000000000000, -0.000000000000000000 ) ) ;
#4364 = VECTOR ( 'NONE', #10394, 1000.000000000000000 ) ;
#4366 = EDGE_CURVE ( 'NONE', #621, #1215, #4489, .T. ) ;
#4365 = FILL_AREA_STYLE ('',( #9005 ) ) ;
#4367 = DIRECTION ( 'NONE',  ( 0.000000000000000000, 0.000000000000000000, -1.000000000000000000 ) ) ;
#4368 = DIRECTION ( 'NONE',  ( 1.000000000000000000, 0.000000000000000000, 0.000000000000000000 ) ) ;
#4369 = CARTESIAN_POINT ( 'NONE',  ( -6.113966244037300157, -2.499999999999990230, 2.463966244037302911 ) ) ;
#4370 = SPHERICAL_SURFACE ( 'NONE', #799, 1.486033755962697267 ) ;
#4371 = DIRECTION ( 'NONE',  ( -1.000000000000000000, 0.000000000000000000, 0.000000000000000000 ) ) ;
#4372 = EDGE_LOOP ( 'NONE', ( #10170, #9562, #5795, #2023, #2724 ) ) ;
#4373 = VECTOR ( 'NONE', #1896, 1000.000000000000000 ) ;
#4374 = ORIENTED_EDGE ( 'NONE', *, *, #6546, .T. ) ;
#4375 = FILL_AREA_STYLE ('',( #11821 ) ) ;
#4376 = ORIENTED_EDGE ( 'NONE', *, *, #10753, .T. ) ;
#4377 = DIRECTION ( 'NONE',  ( -1.000000000000000000, 0.000000000000000000, 0.000000000000000000 ) ) ;
#4378 = ORIENTED_EDGE ( 'NONE', *, *, #2017, .F. ) ;
#4379 = EDGE_CURVE ( 'NONE', #11513, #7432, #11413, .T. ) ;
#4380 = CARTESIAN_POINT ( 'NONE',  ( -4.500000000000001776, 9.499999999999992895, 2.100000000000000089 ) ) ;
#4381 = VECTOR ( 'NONE', #5431, 1000.000000000000000 ) ;
#4382 = STYLED_ITEM ( 'NONE', ( #421 ), #309 ) ;
#4383 = DIRECTION ( 'NONE',  ( 0.000000000000000000, 0.000000000000000000, -1.000000000000000000 ) ) ;
#4384 = ORIENTED_EDGE ( 'NONE', *, *, #10917, .T. ) ;
#4385 = ORIENTED_EDGE ( 'NONE', *, *, #381, .T. ) ;
#4386 = FILL_AREA_STYLE_COLOUR ( '', #8552 ) ;
#4387 = STYLED_ITEM ( 'NONE', ( #2248 ), #9035 ) ;
#4388 = DIRECTION ( 'NONE',  ( 1.000000000000000000, 0.000000000000000000, 0.000000000000000000 ) ) ;
#4389 = FILL_AREA_STYLE ('',( #3418 ) ) ;
#4390 = VERTEX_POINT ( 'NONE', #10038 ) ;
#4391 = EDGE_CURVE ( 'NONE', #1676, #5665, #10849, .T. ) ;
#4393 = ADVANCED_FACE ( 'NONE', ( #2671 ), #2791, .F. ) ;
#4392 = SURFACE_STYLE_USAGE ( .BOTH. , #1517 ) ;
#4394 = LINE ( 'NONE', #3656, #4687 ) ;
#4395 = DIRECTION ( 'NONE',  ( -4.336808689942016750E-16, 1.000000000000000000, 0.000000000000000000 ) ) ;
#4396 = DIRECTION ( 'NONE',  ( -2.168404344971008868E-16, 1.000000000000000000, 0.000000000000000000 ) ) ;
#4397 = UNCERTAINTY_MEASURE_WITH_UNIT (LENGTH_MEASURE( 1.000000000000000082E-05 ), #6246, 'distance_accuracy_value', 'NONE');
#4398 = SURFACE_STYLE_USAGE ( .BOTH. , #759 ) ;
#4399 = CARTESIAN_POINT ( 'NONE',  ( -4.500000000000000888, 0.4999999999999961142, 2.100000000000000089 ) ) ;
#4400 = SURFACE_STYLE_USAGE ( .BOTH. , #705 ) ;
#4401 = ORIENTED_EDGE ( 'NONE', *, *, #10783, .T. ) ;
#4402 = CARTESIAN_POINT ( 'NONE',  ( 2.500000000000002220, -7.499999999999992006, 2.100000000000000089 ) ) ;
#4403 = ADVANCED_FACE ( 'NONE', ( #1856, #4557 ), #9318, .F. ) ;
#4404 = PRESENTATION_LAYER_ASSIGNMENT (  '', '', ( #6353 ) ) ;
#4405 = CARTESIAN_POINT ( 'NONE',  ( 7.500000000000000000, 7.500000000000007105, 2.463966244037302911 ) ) ;
#4406 = UNCERTAINTY_MEASURE_WITH_UNIT (LENGTH_MEASURE( 1.000000000000000082E-05 ), #1468, 'distance_accuracy_value', 'NONE');
#4407 = SURFACE_STYLE_USAGE ( .BOTH. , #652 ) ;
#4408 = CARTESIAN_POINT ( 'NONE',  ( -7.499999999999999112, 2.500000000000009326, 2.463966244037302911 ) ) ;
#4409 = DIRECTION ( 'NONE',  ( 1.000000000000000000, 0.000000000000000000, 0.000000000000000000 ) ) ;
#4410 = AXIS2_PLACEMENT_3D ( 'NONE', #5370, #5315, #574 ) ;
#4411 = ORIENTED_EDGE ( 'NONE', *, *, #4747, .F. ) ;
#4412 = CARTESIAN_POINT ( 'NONE',  ( 7.500000000000000888, 2.500000000000007550, 2.463966244037302911 ) ) ;
#4413 = ORIENTED_EDGE ( 'NONE', *, *, #4086, .F. ) ;
#4414 = DIRECTION ( 'NONE',  ( 0.000000000000000000, 1.000000000000000000, 0.000000000000000000 ) ) ;
#4415 = DIRECTION ( 'NONE',  ( 1.000000000000000000, 0.000000000000000000, 0.000000000000000000 ) ) ;
#4416 = CARTESIAN_POINT ( 'NONE',  ( 0.000000000000000000, 0.000000000000000000, 2.100000000000000089 ) ) ;
#4417 = DIRECTION ( 'NONE',  ( -1.000000000000000000, 0.000000000000000000, 0.000000000000000000 ) ) ;
#4418 = CARTESIAN_POINT ( 'NONE',  ( -1.013966244037300513, -2.499999999999991118, 2.463966244037302911 ) ) ;
#4419 = ORIENTED_EDGE ( 'NONE', *, *, #3619, .F. ) ;
#4420 = COLOUR_RGB ( '',1.000000000000000000, 1.000000000000000000, 0.000000000000000000 ) ;
#4421 = SURFACE_STYLE_USAGE ( .BOTH. , #11744 ) ;
#4422 = COLOUR_RGB ( '',0.7529411764705882248, 0.7529411764705882248, 0.7529411764705882248 ) ;
#4423 = CARTESIAN_POINT ( 'NONE',  ( 0.000000000000000000, 0.000000000000000000, 2.100000000000000089 ) ) ;
#4424 = DIRECTION ( 'NONE',  ( -1.000000000000000000, 0.000000000000000000, 0.000000000000000000 ) ) ;
#4425 = FILL_AREA_STYLE ('',( #1615 ) ) ;
#4426 = ORIENTED_EDGE ( 'NONE', *, *, #6662, .F. ) ;
#4427 = ORIENTED_EDGE ( 'NONE', *, *, #10226, .F. ) ;
#4428 = EDGE_CURVE ( 'NONE', #3708, #9495, #1547, .T. ) ;
#4429 = VERTEX_POINT ( 'NONE', #2104 ) ;
#4430 =( GEOMETRIC_REPRESENTATION_CONTEXT ( 3 ) GLOBAL_UNCERTAINTY_ASSIGNED_CONTEXT ( ( #3101 ) ) GLOBAL_UNIT_ASSIGNED_CONTEXT ( ( #8502, #7471, #8335 ) ) REPRESENTATION_CONTEXT ( 'NONE', 'WORKASPACE' ) );
#4431 = ORIENTED_EDGE ( 'NONE', *, *, #1474, .T. ) ;
#4432 = FILL_AREA_STYLE ('',( #3280 ) ) ;
#4433 = EDGE_LOOP ( 'NONE', ( #7995, #1683, #974, #8104 ) ) ;
#4434 = SURFACE_STYLE_FILL_AREA ( #741 ) ;
#4435 = CARTESIAN_POINT ( 'NONE',  ( 11.35000000000000320, 15.00000000000000000, 1.600000000000000089 ) ) ;
#4436 = UNCERTAINTY_MEASURE_WITH_UNIT (LENGTH_MEASURE( 1.000000000000000082E-05 ), #8068, 'distance_accuracy_value', 'NONE');
#4437 = DIRECTION ( 'NONE',  ( 0.000000000000000000, 0.000000000000000000, 1.000000000000000000 ) ) ;
#4438 = VECTOR ( 'NONE', #4868, 1000.000000000000114 ) ;
#4439 = AXIS2_PLACEMENT_3D ( 'NONE', #1760, #9101, #4514 ) ;
#4440 = EDGE_CURVE ( 'NONE', #4273, #7624, #6665, .T. ) ;
#4441 = COLOUR_RGB ( '',0.7529411764705882248, 0.7529411764705882248, 0.7529411764705882248 ) ;
#4442 = VERTEX_POINT ( 'NONE', #10343 ) ;
#4443 = ORIENTED_EDGE ( 'NONE', *, *, #4952, .T. ) ;
#4444 = ADVANCED_FACE ( 'NONE', ( #5714 ), #243, .F. ) ;
#4445 =( LENGTH_UNIT ( ) NAMED_UNIT ( * ) SI_UNIT ( .MILLI., .METRE. ) );
#4446 = DIRECTION ( 'NONE',  ( 0.000000000000000000, 0.000000000000000000, 1.000000000000000000 ) ) ;
#4447 = VERTEX_POINT ( 'NONE', #8471 ) ;
#4448 = DIRECTION ( 'NONE',  ( 1.000000000000000000, 0.000000000000000000, 0.000000000000000000 ) ) ;
#4449 = CARTESIAN_POINT ( 'NONE',  ( -2.499999999999997780, -8.986033755962688829, 2.463966244037302911 ) ) ;
#4450 = COLOUR_RGB ( '',0.7529411764705882248, 0.7529411764705882248, 0.7529411764705882248 ) ;
#4451 = DIRECTION ( 'NONE',  ( -0.000000000000000000, -0.000000000000000000, 1.000000000000000000 ) ) ;
#4452 =( GEOMETRIC_REPRESENTATION_CONTEXT ( 3 ) GLOBAL_UNCERTAINTY_ASSIGNED_CONTEXT ( ( #1583 ) ) GLOBAL_UNIT_ASSIGNED_CONTEXT ( ( #9122, #9051, #4538 ) ) REPRESENTATION_CONTEXT ( 'NONE', 'WORKASPACE' ) );
#4453 = EDGE_CURVE ( 'NONE', #9269, #8116, #8528, .T. ) ;
#4454 =( GEOMETRIC_REPRESENTATION_CONTEXT ( 3 ) GLOBAL_UNCERTAINTY_ASSIGNED_CONTEXT ( ( #817 ) ) GLOBAL_UNIT_ASSIGNED_CONTEXT ( ( #10515, #10630, #9836 ) ) REPRESENTATION_CONTEXT ( 'NONE', 'WORKASPACE' ) );
#4455 = PLANE ( 'NONE',  #584 ) ;
#4456 = VECTOR ( 'NONE', #5606, 1000.000000000000000 ) ;
#4457 = AXIS2_PLACEMENT_3D ( 'NONE', #8618, #1294, #1466 ) ;
#4458 = EDGE_CURVE ( 'NONE', #10963, #5108, #8897, .T. ) ;
#4459 = DIRECTION ( 'NONE',  ( -0.000000000000000000, -0.000000000000000000, 1.000000000000000000 ) ) ;
#4460 = STYLED_ITEM ( 'NONE', ( #8912 ), #4029 ) ;
#4461 = CARTESIAN_POINT ( 'NONE',  ( 0.000000000000000000, -15.00000000000000000, 1.600000000000000089 ) ) ;
#4462 = CARTESIAN_POINT ( 'NONE',  ( 2.500000000000000444, 2.500000000000007550, 2.100000000000000089 ) ) ;
#4463 = ORIENTED_EDGE ( 'NONE', *, *, #4517, .T. ) ;
#4464 = COLOUR_RGB ( '',0.7529411764705882248, 0.7529411764705882248, 0.7529411764705882248 ) ;
#4465 = CARTESIAN_POINT ( 'NONE',  ( -5.499999999999998224, -9.499999999999992895, 2.100000000000000089 ) ) ;
#4466 = DIRECTION ( 'NONE',  ( 1.000000000000000000, 0.000000000000000000, 0.000000000000000000 ) ) ;
#4467 = AXIS2_PLACEMENT_3D ( 'NONE', #338, #3197, #2043 ) ;
#4468 = VECTOR ( 'NONE', #9010, 1000.000000000000000 ) ;
#4469 = DIRECTION ( 'NONE',  ( -0.000000000000000000, -1.000000000000000000, -0.000000000000000000 ) ) ;
#4470 = VERTEX_POINT ( 'NONE', #4907 ) ;
#4471 = VERTEX_POINT ( 'NONE', #5823 ) ;
#4472 = CARTESIAN_POINT ( 'NONE',  ( -8.986033755962695935, 2.500000000000009326, 2.100000000000000089 ) ) ;
#4473 = PRESENTATION_LAYER_ASSIGNMENT (  '', '', ( #1554 ) ) ;
#4474 = CARTESIAN_POINT ( 'NONE',  ( -2.499999999999997780, -2.499999999999991118, 3.850000000000000089 ) ) ;
#4475 = PRESENTATION_STYLE_ASSIGNMENT (( #5463 ) ) ;
#4476 = FACE_OUTER_BOUND ( 'NONE', #8994, .T. ) ;
#4477 = SURFACE_STYLE_USAGE ( .BOTH. , #11981 ) ;
#4478 = AXIS2_PLACEMENT_3D ( 'NONE', #5276, #4176, #9729 ) ;
#4479 = SURFACE_STYLE_USAGE ( .BOTH. , #853 ) ;
#4480 = ORIENTED_EDGE ( 'NONE', *, *, #5990, .F. ) ;
#4481 = LINE ( 'NONE', #10218, #5834 ) ;
#4482 = CARTESIAN_POINT ( 'NONE',  ( 0.5000000000000009992, 4.499999999999996447, 2.100000000000000089 ) ) ;
#4483 =( LENGTH_UNIT ( ) NAMED_UNIT ( * ) SI_UNIT ( .MILLI., .METRE. ) );
#4484 = VECTOR ( 'NONE', #5753, 1000.000000000000000 ) ;
#4485 =( LENGTH_UNIT ( ) NAMED_UNIT ( * ) SI_UNIT ( .MILLI., .METRE. ) );
#4486 = PRESENTATION_LAYER_ASSIGNMENT (  '', '', ( #9491 ) ) ;
#4487 = EDGE_CURVE ( 'NONE', #8237, #6793, #6832, .T. ) ;
#4488 = DIRECTION ( 'NONE',  ( 0.000000000000000000, 1.000000000000000000, 0.000000000000000000 ) ) ;
#4489 = LINE ( 'NONE', #6434, #4665 ) ;
#4490 = ORIENTED_EDGE ( 'NONE', *, *, #3413, .F. ) ;
#4491 =( GEOMETRIC_REPRESENTATION_CONTEXT ( 3 ) GLOBAL_UNCERTAINTY_ASSIGNED_CONTEXT ( ( #929 ) ) GLOBAL_UNIT_ASSIGNED_CONTEXT ( ( #7930, #11623, #3215 ) ) REPRESENTATION_CONTEXT ( 'NONE', 'WORKASPACE' ) );
#4492 = ORIENTED_EDGE ( 'NONE', *, *, #11274, .T. ) ;
#4493 = ORIENTED_EDGE ( 'NONE', *, *, #6977, .F. ) ;
#4494 = ORIENTED_EDGE ( 'NONE', *, *, #945, .F. ) ;
#4495 = DIRECTION ( 'NONE',  ( 0.000000000000000000, 1.000000000000000000, 0.000000000000000000 ) ) ;
#4496 =( GEOMETRIC_REPRESENTATION_CONTEXT ( 3 ) GLOBAL_UNCERTAINTY_ASSIGNED_CONTEXT ( ( #2035 ) ) GLOBAL_UNIT_ASSIGNED_CONTEXT ( ( #2239, #417, #9921 ) ) REPRESENTATION_CONTEXT ( 'NONE', 'WORKASPACE' ) );
#4497 = AXIS2_PLACEMENT_3D ( 'NONE', #9776, #9112, #7108 ) ;
#4498 = CARTESIAN_POINT ( 'NONE',  ( 4.000000000000003553, 11.99999999999999822, 1.999650934146056436 ) ) ;
#4499 = ORIENTED_EDGE ( 'NONE', *, *, #5945, .T. ) ;
#4500 = CARTESIAN_POINT ( 'NONE',  ( 4.500000000000000888, 0.4999999999999978351, 1.600000000000000089 ) ) ;
#4501 = DIRECTION ( 'NONE',  ( 1.000000000000000000, 0.000000000000000000, 0.000000000000000000 ) ) ;
#4502 = DIRECTION ( 'NONE',  ( -0.000000000000000000, -0.000000000000000000, -1.000000000000000000 ) ) ;
#4503 =( LENGTH_UNIT ( ) NAMED_UNIT ( * ) SI_UNIT ( .MILLI., .METRE. ) );
#4504 = VECTOR ( 'NONE', #11403, 1000.000000000000000 ) ;
#4505 = VERTEX_POINT ( 'NONE', #6608 ) ;
#4506 = EDGE_LOOP ( 'NONE', ( #3647, #11497, #2972, #6230, #9062 ) ) ;
#4507 =( NAMED_UNIT ( * ) PLANE_ANGLE_UNIT ( ) SI_UNIT ( $, .RADIAN. ) );
#4508 = COLOUR_RGB ( '',1.000000000000000000, 1.000000000000000000, 0.000000000000000000 ) ;
#4509 =( NAMED_UNIT ( * ) PLANE_ANGLE_UNIT ( ) SI_UNIT ( $, .RADIAN. ) );
#4510 = CYLINDRICAL_SURFACE ( 'NONE', #5799, 1.600000000000002531 ) ;
#4511 = PLANE ( 'NONE',  #1205 ) ;
#4512 = EDGE_LOOP ( 'NONE', ( #7009, #3084 ) ) ;
#4513 = DIRECTION ( 'NONE',  ( 2.710505431213761085E-17, 1.000000000000000000, 0.000000000000000000 ) ) ;
#4514 = DIRECTION ( 'NONE',  ( -1.000000000000000000, -4.336808689942016750E-16, 0.000000000000000000 ) ) ;
#4515 = AXIS2_PLACEMENT_3D ( 'NONE', #6685, #11335, #3218 ) ;
#4516 = FILL_AREA_STYLE ('',( #11773 ) ) ;
#4517 = EDGE_CURVE ( 'NONE', #2661, #8193, #400, .T. ) ;
#4518 = CARTESIAN_POINT ( 'NONE',  ( 7.500000000000000000, 6.013966244037309394, 2.463966244037302911 ) ) ;
#4519 = EDGE_CURVE ( 'NONE', #4110, #7677, #10463, .T. ) ;
#4520 = FILL_AREA_STYLE ('',( #826 ) ) ;
#4521 = CIRCLE ( 'NONE', #4720, 1.386033755962696068 ) ;
#4522 = CIRCLE ( 'NONE', #11864, 1.386033755962697844 ) ;
#4523 = FILL_AREA_STYLE_COLOUR ( '', #4441 ) ;
#4524 = SURFACE_SIDE_STYLE ('',( #6291 ) ) ;
#4525 = CARTESIAN_POINT ( 'NONE',  ( 7.500000000000000000, 7.500000000000007105, 2.100000000000000089 ) ) ;
#4526 = CARTESIAN_POINT ( 'NONE',  ( 7.500000000000000888, 2.500000000000007550, 2.100000000000000089 ) ) ;
#4527 = CARTESIAN_POINT ( 'NONE',  ( 4.500000000000000000, 5.499999999999992895, 2.100000000000000089 ) ) ;
#4528 = EDGE_LOOP ( 'NONE', ( #7854, #3692, #8769, #10865 ) ) ;
#4529 = VECTOR ( 'NONE', #10544, 1000.000000000000000 ) ;
#4530 = CARTESIAN_POINT ( 'NONE',  ( 9.500000000000000000, 0.4999999999999978351, 2.100000000000000089 ) ) ;
#4531 = CYLINDRICAL_SURFACE ( 'NONE', #11534, 1.386033755962697844 ) ;
#4532 = EDGE_CURVE ( 'NONE', #2534, #3569, #1990, .T. ) ;
#4533 = UNCERTAINTY_MEASURE_WITH_UNIT (LENGTH_MEASURE( 1.000000000000000082E-05 ), #5012, 'distance_accuracy_value', 'NONE');
#4534 = DIRECTION ( 'NONE',  ( -1.000000000000000000, 0.000000000000000000, -0.000000000000000000 ) ) ;
#4535 = AXIS2_PLACEMENT_3D ( 'NONE', #3226, #6916, #4383 ) ;
#4536 = CARTESIAN_POINT ( 'NONE',  ( -6.113966244037300157, -7.499999999999990230, 2.100000000000000089 ) ) ;
#4537 = VECTOR ( 'NONE', #10048, 1000.000000000000000 ) ;
#4538 =( NAMED_UNIT ( * ) SI_UNIT ( $, .STERADIAN. ) SOLID_ANGLE_UNIT ( ) );
#4539 = VERTEX_POINT ( 'NONE', #3990 ) ;
#4540 = ORIENTED_EDGE ( 'NONE', *, *, #8810, .T. ) ;
#4541 = CARTESIAN_POINT ( 'NONE',  ( 2.500000000000002220, -7.499999999999992006, 2.463966244037302911 ) ) ;
#4542 = DIRECTION ( 'NONE',  ( -1.000000000000000000, -4.336808689942016750E-16, 0.000000000000000000 ) ) ;
#4543 = COLOUR_RGB ( '',1.000000000000000000, 1.000000000000000000, 0.000000000000000000 ) ;
#4544 = SURFACE_STYLE_FILL_AREA ( #8102 ) ;
#4545 = FILL_AREA_STYLE ('',( #10960 ) ) ;
#4546 =( NAMED_UNIT ( * ) PLANE_ANGLE_UNIT ( ) SI_UNIT ( $, .RADIAN. ) );
#4547 = ORIENTED_EDGE ( 'NONE', *, *, #5644, .T. ) ;
#4548 = SURFACE_STYLE_FILL_AREA ( #11983 ) ;
#4549 = EDGE_CURVE ( 'NONE', #8708, #11865, #6791, .T. ) ;
#4550 = VECTOR ( 'NONE', #6481, 1000.000000000000000 ) ;
#4551 = ADVANCED_FACE ( 'NONE', ( #11323 ), #4354, .F. ) ;
#4552 = EDGE_CURVE ( 'NONE', #5423, #1249, #6426, .T. ) ;
#4553 =( NAMED_UNIT ( * ) SI_UNIT ( $, .STERADIAN. ) SOLID_ANGLE_UNIT ( ) );
#4554 = CIRCLE ( 'NONE', #2413, 0.1999999999999996503 ) ;
#4555 = CARTESIAN_POINT ( 'NONE',  ( 15.00000000000000355, 0.000000000000000000, 1.600000000000000089 ) ) ;
#4556 = AXIS2_PLACEMENT_3D ( 'NONE', #3834, #10368, #8323 ) ;
#4557 = FACE_BOUND ( 'NONE', #657, .T. ) ;
#4558 = ORIENTED_EDGE ( 'NONE', *, *, #379, .T. ) ;
#4559 = ORIENTED_EDGE ( 'NONE', *, *, #4350, .F. ) ;
#4560 = EDGE_LOOP ( 'NONE', ( #11934, #3260, #11386, #4132 ) ) ;
#4561 = VERTEX_POINT ( 'NONE', #7855 ) ;
#4562 = SURFACE_STYLE_FILL_AREA ( #1743 ) ;
#4563 = AXIS2_PLACEMENT_3D ( 'NONE', #1786, #11979, #5706 ) ;
#4564 = CARTESIAN_POINT ( 'NONE',  ( -2.499999999999999556, 7.500000000000007994, 2.463966244037302911 ) ) ;
#4565 = ORIENTED_EDGE ( 'NONE', *, *, #5116, .T. ) ;
#4566 = CARTESIAN_POINT ( 'NONE',  ( -6.013966244037299624, -7.499999999999990230, 2.463966244037302911 ) ) ;
#4567 = CARTESIAN_POINT ( 'NONE',  ( 0.000000000000000000, 0.000000000000000000, 2.100000000000000089 ) ) ;
#4568 = AXIS2_PLACEMENT_3D ( 'NONE', #6171, #4106, #5018 ) ;
#4569 =( NAMED_UNIT ( * ) SI_UNIT ( $, .STERADIAN. ) SOLID_ANGLE_UNIT ( ) );
#4570 =( GEOMETRIC_REPRESENTATION_CONTEXT ( 3 ) GLOBAL_UNCERTAINTY_ASSIGNED_CONTEXT ( ( #3563 ) ) GLOBAL_UNIT_ASSIGNED_CONTEXT ( ( #5633, #2947, #8396 ) ) REPRESENTATION_CONTEXT ( 'NONE', 'WORKASPACE' ) );
#4571 = VERTEX_POINT ( 'NONE', #2477 ) ;
#4572 = EDGE_LOOP ( 'NONE', ( #730, #3696, #2235, #7577, #722 ) ) ;
#4573 = UNCERTAINTY_MEASURE_WITH_UNIT (LENGTH_MEASURE( 1.000000000000000082E-05 ), #2373, 'distance_accuracy_value', 'NONE');
#4574 = CARTESIAN_POINT ( 'NONE',  ( 0.5000000000000003331, 9.499999999999991118, 2.100000000000000089 ) ) ;
#4575 = CARTESIAN_POINT ( 'NONE',  ( -7.499999999999999112, 2.500000000000009326, 2.100000000000000089 ) ) ;
#4576 = ORIENTED_EDGE ( 'NONE', *, *, #10202, .F. ) ;
#4577 = DIRECTION ( 'NONE',  ( 0.000000000000000000, 1.000000000000000000, 0.000000000000000000 ) ) ;
#4578 = SURFACE_STYLE_USAGE ( .BOTH. , #10189 ) ;
#4579 = DIRECTION ( 'NONE',  ( 0.000000000000000000, 0.000000000000000000, 1.000000000000000000 ) ) ;
#4580 = CIRCLE ( 'NONE', #11509, 1.386033755962696956 ) ;
#4581 = SPHERICAL_SURFACE ( 'NONE', #2074, 1.386033755962696956 ) ;
#4582 = CARTESIAN_POINT ( 'NONE',  ( -1.113966244037300823, -7.499999999999991118, 2.100000000000000089 ) ) ;
#4583 = SURFACE_STYLE_USAGE ( .BOTH. , #1764 ) ;
#4584 = UNCERTAINTY_MEASURE_WITH_UNIT (LENGTH_MEASURE( 1.000000000000000082E-05 ), #11265, 'distance_accuracy_value', 'NONE');
#4585 = CIRCLE ( 'NONE', #7076, 1.486033755962697267 ) ;
#4586 = CIRCLE ( 'NONE', #11342, 1.486033755962697267 ) ;
#4587 = ORIENTED_CLOSED_SHELL ( 'NONE', *, #10779, .F. );
#4588 = CARTESIAN_POINT ( 'NONE',  ( 7.500000000000000000, 7.500000000000007105, 2.463966244037302911 ) ) ;
#4589 = EDGE_CURVE ( 'NONE', #10943, #3831, #2281, .T. ) ;
#4590 = SURFACE_SIDE_STYLE ('',( #7238 ) ) ;
#4591 = CYLINDRICAL_SURFACE ( 'NONE', #10895, 1.386033755962696068 ) ;
#4592 = EDGE_LOOP ( 'NONE', ( #1800, #2899, #4113, #10848 ) ) ;
#4593 = PRESENTATION_STYLE_ASSIGNMENT (( #4713 ) ) ;
#4594 = PLANE ( 'NONE',  #1469 ) ;
#4595 = DIRECTION ( 'NONE',  ( 1.000000000000000000, -0.000000000000000000, -0.000000000000000000 ) ) ;
#4596 = DIRECTION ( 'NONE',  ( -0.000000000000000000, 0.000000000000000000, 1.000000000000000000 ) ) ;
#4597 = VECTOR ( 'NONE', #10472, 1000.000000000000000 ) ;
#4598 = EDGE_LOOP ( 'NONE', ( #2324, #6609, #2105, #9026 ) ) ;
#4599 = EDGE_CURVE ( 'NONE', #6428, #10963, #715, .T. ) ;
#4600 = ORIENTED_EDGE ( 'NONE', *, *, #9138, .F. ) ;
#4601 = SURFACE_STYLE_USAGE ( .BOTH. , #6654 ) ;
#4602 = CIRCLE ( 'NONE', #3044, 1.486033755962697267 ) ;
#4603 = DIRECTION ( 'NONE',  ( -4.336808689942016750E-16, 1.000000000000000000, 0.000000000000000000 ) ) ;
#4604 = SURFACE_SIDE_STYLE ('',( #6425 ) ) ;
#4605 =( NAMED_UNIT ( * ) SI_UNIT ( $, .STERADIAN. ) SOLID_ANGLE_UNIT ( ) );
#4606 = DIRECTION ( 'NONE',  ( -0.000000000000000000, -0.000000000000000000, 1.000000000000000000 ) ) ;
#4607 = ORIENTED_EDGE ( 'NONE', *, *, #1545, .F. ) ;
#4608 = CARTESIAN_POINT ( 'NONE',  ( -4.499999999999999112, -9.499999999999994671, 1.600000000000000089 ) ) ;
#4609 = FILL_AREA_STYLE_COLOUR ( '', #672 ) ;
#4610 = SURFACE_STYLE_USAGE ( .BOTH. , #11138 ) ;
#4611 =( GEOMETRIC_REPRESENTATION_CONTEXT ( 3 ) GLOBAL_UNCERTAINTY_ASSIGNED_CONTEXT ( ( #10088 ) ) GLOBAL_UNIT_ASSIGNED_CONTEXT ( ( #11896, #5249, #6344 ) ) REPRESENTATION_CONTEXT ( 'NONE', 'WORKASPACE' ) );
#4612 = PRESENTATION_STYLE_ASSIGNMENT (( #8292 ) ) ;
#4613 = AXIS2_PLACEMENT_3D ( 'NONE', #2676, #6440, #5543 ) ;
#4614 =( LENGTH_UNIT ( ) NAMED_UNIT ( * ) SI_UNIT ( .MILLI., .METRE. ) );
#4615 = EDGE_CURVE ( 'NONE', #2536, #4923, #1001, .T. ) ;
#4616 = CARTESIAN_POINT ( 'NONE',  ( 1.013966244037304953, -7.499999999999992006, 2.100000000000000089 ) ) ;
#4617 = ORIENTED_EDGE ( 'NONE', *, *, #1644, .T. ) ;
#4618 = ORIENTED_EDGE ( 'NONE', *, *, #60, .T. ) ;
#4619 = ORIENTED_EDGE ( 'NONE', *, *, #4428, .F. ) ;
#4620 = EDGE_CURVE ( 'NONE', #2675, #11878, #11734, .T. ) ;
#4621 = DIRECTION ( 'NONE',  ( 1.000000000000000000, 0.000000000000000000, 0.000000000000000000 ) ) ;
#4622 = VERTEX_POINT ( 'NONE', #7914 ) ;
#4623 = CARTESIAN_POINT ( 'NONE',  ( -2.499999999999997780, -7.499999999999991118, 2.463966244037302911 ) ) ;
#4624 = CIRCLE ( 'NONE', #9232, 1.600000000000002531 ) ;
#4625 = FILL_AREA_STYLE ('',( #7445 ) ) ;
#4626 = ORIENTED_EDGE ( 'NONE', *, *, #4112, .T. ) ;
#4627 = CONICAL_SURFACE ( 'NONE', #7692, 0.2000000000000000944, 0.0001745329251994333440 ) ;
#4628 = DIRECTION ( 'NONE',  ( -0.000000000000000000, -0.000000000000000000, -1.000000000000000000 ) ) ;
#4629 = DIRECTION ( 'NONE',  ( 1.000000000000000000, 0.000000000000000000, 0.000000000000000000 ) ) ;
#4630 = AXIS2_PLACEMENT_3D ( 'NONE', #585, #333, #1236 ) ;
#4631 = ORIENTED_EDGE ( 'NONE', *, *, #667, .T. ) ;
#4632 = EDGE_LOOP ( 'NONE', ( #5615, #1088 ) ) ;
#4633 = DIRECTION ( 'NONE',  ( -0.000000000000000000, -0.000000000000000000, -1.000000000000000000 ) ) ;
#4634 = PRESENTATION_STYLE_ASSIGNMENT (( #2065 ) ) ;
#4635 =( NAMED_UNIT ( * ) SI_UNIT ( $, .STERADIAN. ) SOLID_ANGLE_UNIT ( ) );
#4636 = ORIENTED_EDGE ( 'NONE', *, *, #11847, .T. ) ;
#4637 = DIRECTION ( 'NONE',  ( 0.000000000000000000, -0.000000000000000000, 1.000000000000000000 ) ) ;
#4638 = PRESENTATION_STYLE_ASSIGNMENT (( #4578 ) ) ;
#4639 = DIRECTION ( 'NONE',  ( -0.000000000000000000, -0.000000000000000000, 1.000000000000000000 ) ) ;
#4640 = DIRECTION ( 'NONE',  ( -0.000000000000000000, -0.000000000000000000, 1.000000000000000000 ) ) ;
#4641 = AXIS2_PLACEMENT_3D ( 'NONE', #605, #1489, #4368 ) ;
#4642 = AXIS2_PLACEMENT_3D ( 'NONE', #2937, #3900, #4075 ) ;
#4643 = FACE_OUTER_BOUND ( 'NONE', #3972, .T. ) ;
#4644 = VECTOR ( 'NONE', #7127, 1000.000000000000000 ) ;
#4645 =( NAMED_UNIT ( * ) PLANE_ANGLE_UNIT ( ) SI_UNIT ( $, .RADIAN. ) );
#4646 = SURFACE_SIDE_STYLE ('',( #947 ) ) ;
#4647 = AXIS2_PLACEMENT_3D ( 'NONE', #5536, #792, #62 ) ;
#4648 = SURFACE_STYLE_FILL_AREA ( #950 ) ;
#4649 = VERTEX_POINT ( 'NONE', #10830 ) ;
#4650 = STYLED_ITEM ( 'NONE', ( #8675 ), #4927 ) ;
#4651 = VECTOR ( 'NONE', #1024, 1000.000000000000000 ) ;
#4652 = DIRECTION ( 'NONE',  ( -0.000000000000000000, -0.000000000000000000, 1.000000000000000000 ) ) ;
#4653 = SURFACE_STYLE_USAGE ( .BOTH. , #2887 ) ;
#4654 = CIRCLE ( 'NONE', #8673, 1.386033755962696956 ) ;
#4655 = FILL_AREA_STYLE ('',( #3617 ) ) ;
#4656 = AXIS2_PLACEMENT_3D ( 'NONE', #6459, #1831, #6347 ) ;
#4657 = ORIENTED_EDGE ( 'NONE', *, *, #10149, .T. ) ;
#4658 = CYLINDRICAL_SURFACE ( 'NONE', #5066, 0.3220000000000002305 ) ;
#4659 = CYLINDRICAL_SURFACE ( 'NONE', #5033, 1.386033755962696956 ) ;
#4660 =( LENGTH_UNIT ( ) NAMED_UNIT ( * ) SI_UNIT ( .MILLI., .METRE. ) );
#4661 = DIRECTION ( 'NONE',  ( 1.000000000000000000, 4.336808689942015764E-16, 0.000000000000000000 ) ) ;
#4662 = ORIENTED_EDGE ( 'NONE', *, *, #5091, .T. ) ;
#4663 = DIRECTION ( 'NONE',  ( -0.000000000000000000, -0.000000000000000000, 1.000000000000000000 ) ) ;
#4664 =( NAMED_UNIT ( * ) SI_UNIT ( $, .STERADIAN. ) SOLID_ANGLE_UNIT ( ) );
#4665 = VECTOR ( 'NONE', #11206, 1000.000000000000000 ) ;
#4666 = FACE_OUTER_BOUND ( 'NONE', #9802, .T. ) ;
#4667 = ADVANCED_FACE ( 'NONE', ( #1368 ), #5204, .F. ) ;
#4668 = CARTESIAN_POINT ( 'NONE',  ( -2.499999999999997780, -7.499999999999991118, 2.463966244037302911 ) ) ;
#4669 = FILL_AREA_STYLE ('',( #1671 ) ) ;
#4670 = COLOUR_RGB ( '',1.000000000000000000, 1.000000000000000000, 0.000000000000000000 ) ;
#4671 = EDGE_LOOP ( 'NONE', ( #8868, #7005, #5119, #7152 ) ) ;
#4672 = DIRECTION ( 'NONE',  ( -1.000000000000000000, 0.000000000000000000, 0.000000000000000000 ) ) ;
#4673 = ORIENTED_EDGE ( 'NONE', *, *, #5821, .T. ) ;
#4674 = MECHANICAL_DESIGN_GEOMETRIC_PRESENTATION_REPRESENTATION (  '', ( #7955 ), #1183 ) ;
#4675 = VERTEX_POINT ( 'NONE', #11484 ) ;
#4676 = ORIENTED_EDGE ( 'NONE', *, *, #9004, .F. ) ;
#4677 = SURFACE_STYLE_USAGE ( .BOTH. , #11214 ) ;
#4678 = EDGE_LOOP ( 'NONE', ( #6343, #10159, #8299, #11735 ) ) ;
#4679 = DIRECTION ( 'NONE',  ( -0.000000000000000000, -0.000000000000000000, 1.000000000000000000 ) ) ;
#4680 = PRESENTATION_LAYER_ASSIGNMENT (  '', '', ( #10265 ) ) ;
#4681 = AXIS2_PLACEMENT_3D ( 'NONE', #3748, #2908, #3874 ) ;
#4682 = FILL_AREA_STYLE_COLOUR ( '', #10719 ) ;
#4683 = UNCERTAINTY_MEASURE_WITH_UNIT (LENGTH_MEASURE( 1.000000000000000082E-05 ), #8854, 'distance_accuracy_value', 'NONE');
#4684 = ADVANCED_FACE ( 'NONE', ( #6890 ), #595, .F. ) ;
#4685 = FACE_OUTER_BOUND ( 'NONE', #2630, .T. ) ;
#4686 = ORIENTED_EDGE ( 'NONE', *, *, #840, .T. ) ;
#4687 = VECTOR ( 'NONE', #32, 1000.000000000000000 ) ;
#4688 = CIRCLE ( 'NONE', #9301, 1.486033755962697267 ) ;
#4689 = VERTEX_POINT ( 'NONE', #10092 ) ;
#4691 =( LENGTH_UNIT ( ) NAMED_UNIT ( * ) SI_UNIT ( .MILLI., .METRE. ) );
#4690 = UNCERTAINTY_MEASURE_WITH_UNIT (LENGTH_MEASURE( 1.000000000000000082E-05 ), #3120, 'distance_accuracy_value', 'NONE');
#4692 = LINE ( 'NONE', #1819, #572 ) ;
#4693 = CARTESIAN_POINT ( 'NONE',  ( -0.5000000000000002220, 9.499999999999989342, 1.600000000000000089 ) ) ;
#4694 = ORIENTED_EDGE ( 'NONE', *, *, #918, .F. ) ;
#4695 = CYLINDRICAL_SURFACE ( 'NONE', #1089, 0.3220000000000002305 ) ;
#4696 = DIRECTION ( 'NONE',  ( -0.000000000000000000, -0.000000000000000000, 1.000000000000000000 ) ) ;
#4697 = FACE_OUTER_BOUND ( 'NONE', #8350, .T. ) ;
#4698 = EDGE_CURVE ( 'NONE', #2851, #960, #11976, .T. ) ;
#4699 = CARTESIAN_POINT ( 'NONE',  ( 0.000000000000000000, 0.000000000000000000, 2.100000000000000089 ) ) ;
#4700 = ADVANCED_FACE ( 'NONE', ( #898 ), #11797, .F. ) ;
#4701 = AXIS2_PLACEMENT_3D ( 'NONE', #10874, #4640, #7164 ) ;
#4702 = VECTOR ( 'NONE', #644, 1000.000000000000000 ) ;
#4703 = ADVANCED_FACE ( 'NONE', ( #6476 ), #5641, .F. ) ;
#4704 =( LENGTH_UNIT ( ) NAMED_UNIT ( * ) SI_UNIT ( .MILLI., .METRE. ) );
#4705 = SURFACE_SIDE_STYLE ('',( #1889 ) ) ;
#4706 = DIRECTION ( 'NONE',  ( -0.000000000000000000, -0.000000000000000000, 1.000000000000000000 ) ) ;
#4707 = DIRECTION ( 'NONE',  ( 0.000000000000000000, -1.000000000000000000, 0.000000000000000000 ) ) ;
#4708 = VECTOR ( 'NONE', #6719, 1000.000000000000000 ) ;
#4709 =( GEOMETRIC_REPRESENTATION_CONTEXT ( 3 ) GLOBAL_UNCERTAINTY_ASSIGNED_CONTEXT ( ( #4436 ) ) GLOBAL_UNIT_ASSIGNED_CONTEXT ( ( #8068, #10866, #2570 ) ) REPRESENTATION_CONTEXT ( 'NONE', 'WORKASPACE' ) );
#4710 =( LENGTH_UNIT ( ) NAMED_UNIT ( * ) SI_UNIT ( .MILLI., .METRE. ) );
#4711 = DIRECTION ( 'NONE',  ( -0.000000000000000000, -0.000000000000000000, 1.000000000000000000 ) ) ;
#4712 = ORIENTED_EDGE ( 'NONE', *, *, #2078, .T. ) ;
#4713 = SURFACE_STYLE_USAGE ( .BOTH. , #6581 ) ;
#4714 = DIRECTION ( 'NONE',  ( -1.000000000000000000, 0.000000000000000000, 0.000000000000000000 ) ) ;
#4715 = DIRECTION ( 'NONE',  ( 0.000000000000000000, 0.000000000000000000, -1.000000000000000000 ) ) ;
#4716 = SURFACE_STYLE_FILL_AREA ( #2651 ) ;
#4717 = MECHANICAL_DESIGN_GEOMETRIC_PRESENTATION_REPRESENTATION (  '', ( #6826 ), #6273 ) ;
#4718 = CARTESIAN_POINT ( 'NONE',  ( -2.499999999999999556, 6.013966244037311171, 2.463966244037302911 ) ) ;
#4719 = PRESENTATION_STYLE_ASSIGNMENT (( #3131 ) ) ;
#4720 = AXIS2_PLACEMENT_3D ( 'NONE', #6797, #7638, #5951 ) ;
#4721 = ORIENTED_EDGE ( 'NONE', *, *, #1383, .T. ) ;
#4722 = FILL_AREA_STYLE ('',( #4777 ) ) ;
#4723 =( LENGTH_UNIT ( ) NAMED_UNIT ( * ) SI_UNIT ( .MILLI., .METRE. ) );
#4724 = CARTESIAN_POINT ( 'NONE',  ( -3.986033755962696823, 2.500000000000009326, 2.100000000000000089 ) ) ;
#4726 =( GEOMETRIC_REPRESENTATION_CONTEXT ( 3 ) GLOBAL_UNCERTAINTY_ASSIGNED_CONTEXT ( ( #5985 ) ) GLOBAL_UNIT_ASSIGNED_CONTEXT ( ( #5550, #10981, #4569 ) ) REPRESENTATION_CONTEXT ( 'NONE', 'WORKASPACE' ) );
#4725 = DIRECTION ( 'NONE',  ( -1.000000000000000000, 1.224646799147353207E-16, 0.000000000000000000 ) ) ;
#4727 = CARTESIAN_POINT ( 'NONE',  ( 0.5000000000000025535, -9.499999999999994671, 1.600000000000000089 ) ) ;
#4728 = ORIENTED_EDGE ( 'NONE', *, *, #4348, .T. ) ;
#4729 = CARTESIAN_POINT ( 'NONE',  ( -8.886033755962692737, -2.499999999999990230, 2.100000000000000089 ) ) ;
#4730 =( LENGTH_UNIT ( ) NAMED_UNIT ( * ) SI_UNIT ( .MILLI., .METRE. ) );
#4731 = ADVANCED_FACE ( 'NONE', ( #1016 ), #3511, .F. ) ;
#4732 =( LENGTH_UNIT ( ) NAMED_UNIT ( * ) SI_UNIT ( .MILLI., .METRE. ) );
#4733 = PLANE ( 'NONE',  #2952 ) ;
#4734 =( GEOMETRIC_REPRESENTATION_CONTEXT ( 3 ) GLOBAL_UNCERTAINTY_ASSIGNED_CONTEXT ( ( #5304 ) ) GLOBAL_UNIT_ASSIGNED_CONTEXT ( ( #11377, #9603, #5940 ) ) REPRESENTATION_CONTEXT ( 'NONE', 'WORKASPACE' ) );
#4735 = DIRECTION ( 'NONE',  ( -0.000000000000000000, -0.000000000000000000, -1.000000000000000000 ) ) ;
#4736 = DIRECTION ( 'NONE',  ( -0.000000000000000000, -0.000000000000000000, 1.000000000000000000 ) ) ;
#4737 =( LENGTH_UNIT ( ) NAMED_UNIT ( * ) SI_UNIT ( .MILLI., .METRE. ) );
#4738 = ORIENTED_EDGE ( 'NONE', *, *, #5973, .F. ) ;
#4739 = FILL_AREA_STYLE_COLOUR ( '', #6031 ) ;
#4740 = ORIENTED_EDGE ( 'NONE', *, *, #2766, .T. ) ;
#4741 = EDGE_LOOP ( 'NONE', ( #2067, #6135 ) ) ;
#4742 = ORIENTED_CLOSED_SHELL ( 'NONE', *, #11940, .F. );
#4743 = DIRECTION ( 'NONE',  ( 0.000000000000000000, 0.000000000000000000, 1.000000000000000000 ) ) ;
#4744 = ORIENTED_EDGE ( 'NONE', *, *, #5919, .F. ) ;
#4745 = EDGE_CURVE ( 'NONE', #2684, #7759, #5864, .T. ) ;
#4746 = CARTESIAN_POINT ( 'NONE',  ( -9.500000000000000000, -9.499999999999994671, 2.100000000000000089 ) ) ;
#4747 = EDGE_CURVE ( 'NONE', #5458, #1679, #330, .T. ) ;
#4748 = EDGE_LOOP ( 'NONE', ( #5369, #8547 ) ) ;
#4749 = CARTESIAN_POINT ( 'NONE',  ( -13.17499999999999538, -13.17499999999999538, 1.600000000000000089 ) ) ;
#4750 = DIRECTION ( 'NONE',  ( 1.000000000000000000, 0.000000000000000000, 0.000000000000000000 ) ) ;
#4751 = VECTOR ( 'NONE', #6570, 1000.000000000000000 ) ;
#4752 = DIRECTION ( 'NONE',  ( 0.000000000000000000, -1.000000000000000000, 0.000000000000000000 ) ) ;
#4753 = ORIENTED_EDGE ( 'NONE', *, *, #1425, .T. ) ;
#4754 =( GEOMETRIC_REPRESENTATION_CONTEXT ( 3 ) GLOBAL_UNCERTAINTY_ASSIGNED_CONTEXT ( ( #10700 ) ) GLOBAL_UNIT_ASSIGNED_CONTEXT ( ( #9058, #5339, #8998 ) ) REPRESENTATION_CONTEXT ( 'NONE', 'WORKASPACE' ) );
#4755 = ORIENTED_EDGE ( 'NONE', *, *, #8637, .T. ) ;
#4756 = EDGE_CURVE ( 'NONE', #10050, #9613, #112, .T. ) ;
#4757 = CARTESIAN_POINT ( 'NONE',  ( -9.500000000000001776, 0.4999999999999961142, 1.600000000000000089 ) ) ;
#4758 = DIRECTION ( 'NONE',  ( 0.000000000000000000, 0.000000000000000000, -1.000000000000000000 ) ) ;
#4759 =( NAMED_UNIT ( * ) PLANE_ANGLE_UNIT ( ) SI_UNIT ( $, .RADIAN. ) );
#4760 = EDGE_LOOP ( 'NONE', ( #9793, #1442 ) ) ;
#4761 = DIRECTION ( 'NONE',  ( -0.000000000000000000, -0.000000000000000000, -1.000000000000000000 ) ) ;
#4762 = FILL_AREA_STYLE ('',( #1055 ) ) ;
#4763 = CARTESIAN_POINT ( 'NONE',  ( -11.34999999999999254, -11.35000000000000142, 1.600000000000000089 ) ) ;
#4764 = DIRECTION ( 'NONE',  ( -0.000000000000000000, -0.000000000000000000, -1.000000000000000000 ) ) ;
#4765 = MECHANICAL_DESIGN_GEOMETRIC_PRESENTATION_REPRESENTATION (  '', ( #8598 ), #11498 ) ;
#4766 = EDGE_CURVE ( 'NONE', #7398, #132, #3794, .T. ) ;
#4767 = DIRECTION ( 'NONE',  ( -0.000000000000000000, -0.000000000000000000, 1.000000000000000000 ) ) ;
#4768 = DIRECTION ( 'NONE',  ( -1.000000000000000000, 0.000000000000000000, 0.000000000000000000 ) ) ;
#4769 = ADVANCED_FACE ( 'NONE', ( #165 ), #11188, .T. ) ;
#4770 = VERTEX_POINT ( 'NONE', #2891 ) ;
#4771 = DIRECTION ( 'NONE',  ( 0.000000000000000000, -1.000000000000000000, 0.000000000000000000 ) ) ;
#4772 = CARTESIAN_POINT ( 'NONE',  ( 1.013966244037304953, -7.499999999999992006, 2.463966244037302911 ) ) ;
#4773 = LINE ( 'NONE', #4030, #7980 ) ;
#4774 = CARTESIAN_POINT ( 'NONE',  ( 4.500000000000002665, -5.499999999999994671, 2.100000000000000089 ) ) ;
#4775 =( LENGTH_UNIT ( ) NAMED_UNIT ( * ) SI_UNIT ( .MILLI., .METRE. ) );
#4776 = EDGE_LOOP ( 'NONE', ( #1026, #8658 ) ) ;
#4777 = FILL_AREA_STYLE_COLOUR ( '', #1563 ) ;
#4778 = EDGE_CURVE ( 'NONE', #6207, #5153, #2703, .T. ) ;
#4779 = DIRECTION ( 'NONE',  ( -0.000000000000000000, -0.000000000000000000, 1.000000000000000000 ) ) ;
#4780 = CARTESIAN_POINT ( 'NONE',  ( 0.000000000000000000, 0.000000000000000000, 2.100000000000000089 ) ) ;
#4781 = MECHANICAL_DESIGN_GEOMETRIC_PRESENTATION_REPRESENTATION (  '', ( #9782 ), #317 ) ;
#4782 = FILL_AREA_STYLE ('',( #9471 ) ) ;
#4783 = CARTESIAN_POINT ( 'NONE',  ( 6.013966244037302289, 7.500000000000007105, 2.100000000000000089 ) ) ;
#4784 = CARTESIAN_POINT ( 'NONE',  ( 7.500000000000000000, 7.500000000000007105, 2.100000000000000089 ) ) ;
#4785 =( NAMED_UNIT ( * ) SI_UNIT ( $, .STERADIAN. ) SOLID_ANGLE_UNIT ( ) );
#4786 = DIRECTION ( 'NONE',  ( 0.000000000000000000, 1.000000000000000000, 0.000000000000000000 ) ) ;
#4787 = CARTESIAN_POINT ( 'NONE',  ( 1.200000000000001510, -12.00000000000002132, 0.000000000000000000 ) ) ;
#4788 = CIRCLE ( 'NONE', #1097, 1.486033755962697267 ) ;
#4789 = ORIENTED_EDGE ( 'NONE', *, *, #8653, .F. ) ;
#4790 = DIRECTION ( 'NONE',  ( 0.000000000000000000, 1.000000000000000000, 0.000000000000000000 ) ) ;
#4791 = ORIENTED_EDGE ( 'NONE', *, *, #6806, .F. ) ;
#4792 = SURFACE_SIDE_STYLE ('',( #1090 ) ) ;
#4793 = ORIENTED_EDGE ( 'NONE', *, *, #2189, .T. ) ;
#4794 = AXIS2_PLACEMENT_3D ( 'NONE', #7859, #2356, #8814 ) ;
#4795 = EDGE_LOOP ( 'NONE', ( #11531, #11374 ) ) ;
#4796 =( GEOMETRIC_REPRESENTATION_CONTEXT ( 3 ) GLOBAL_UNCERTAINTY_ASSIGNED_CONTEXT ( ( #8155 ) ) GLOBAL_UNIT_ASSIGNED_CONTEXT ( ( #1283, #8790, #3299 ) ) REPRESENTATION_CONTEXT ( 'NONE', 'WORKASPACE' ) );
#4797 = CARTESIAN_POINT ( 'NONE',  ( -4.500000000000000000, -4.499999999999999112, 1.600000000000000089 ) ) ;
#4798 = CIRCLE ( 'NONE', #8069, 1.386033755962696956 ) ;
#4799 = DIRECTION ( 'NONE',  ( -0.000000000000000000, -0.000000000000000000, 1.000000000000000000 ) ) ;
#4800 = EDGE_CURVE ( 'NONE', #7805, #7688, #3855, .T. ) ;
#4801 = ORIENTED_EDGE ( 'NONE', *, *, #3052, .F. ) ;
#4802 = VERTEX_POINT ( 'NONE', #2151 ) ;
#4803 = LINE ( 'NONE', #4925, #11805 ) ;
#4804 = AXIS2_PLACEMENT_3D ( 'NONE', #6310, #11073, #1785 ) ;
#4805 = EDGE_LOOP ( 'NONE', ( #11695, #1752, #7438, #8319, #5105 ) ) ;
#4806 =( NAMED_UNIT ( * ) PLANE_ANGLE_UNIT ( ) SI_UNIT ( $, .RADIAN. ) );
#4807 = LINE ( 'NONE', #7587, #6576 ) ;
#4808 = PRESENTATION_STYLE_ASSIGNMENT (( #1110 ) ) ;
#4809 =( NAMED_UNIT ( * ) SI_UNIT ( $, .STERADIAN. ) SOLID_ANGLE_UNIT ( ) );
#4810 = FACE_OUTER_BOUND ( 'NONE', #4528, .T. ) ;
#4811 = EDGE_CURVE ( 'NONE', #10109, #6780, #4896, .T. ) ;
#4812 = DIRECTION ( 'NONE',  ( 1.000000000000000000, 0.000000000000000000, 0.000000000000000000 ) ) ;
#4813 = AXIS2_PLACEMENT_3D ( 'NONE', #2255, #5239, #8725 ) ;
#4814 = DIRECTION ( 'NONE',  ( -1.000000000000000000, 0.000000000000000000, 0.000000000000000000 ) ) ;
#4815 = ORIENTED_EDGE ( 'NONE', *, *, #2748, .F. ) ;
#4816 = CARTESIAN_POINT ( 'NONE',  ( -4.500000000000001776, 9.499999999999992895, 2.100000000000000089 ) ) ;
#4817 = FILL_AREA_STYLE_COLOUR ( '', #5400 ) ;
#4818 = CARTESIAN_POINT ( 'NONE',  ( 2.500000000000001332, -2.499999999999992006, 2.463966244037302911 ) ) ;
#4819 = VERTEX_POINT ( 'NONE', #10452 ) ;
#4820 = CIRCLE ( 'NONE', #5212, 1.386033755962696956 ) ;
#4821 = CARTESIAN_POINT ( 'NONE',  ( -2.499999999999997780, -2.499999999999991118, 2.463966244037302911 ) ) ;
#4822 = MECHANICAL_DESIGN_GEOMETRIC_PRESENTATION_REPRESENTATION (  '', ( #2291 ), #9249 ) ;
#4823 = STYLED_ITEM ( 'NONE', ( #3719 ), #7380 ) ;
#4824 = DIRECTION ( 'NONE',  ( -0.000000000000000000, 0.000000000000000000, 1.000000000000000000 ) ) ;
#4825 = CYLINDRICAL_SURFACE ( 'NONE', #10024, 1.386033755962696956 ) ;
#4826 = EDGE_CURVE ( 'NONE', #8034, #7432, #285, .T. ) ;
#4827 = UNCERTAINTY_MEASURE_WITH_UNIT (LENGTH_MEASURE( 1.000000000000000082E-05 ), #10780, 'distance_accuracy_value', 'NONE');
#4828 = EDGE_CURVE ( 'NONE', #1540, #9778, #7338, .T. ) ;
#4829 = CIRCLE ( 'NONE', #2109, 1.386033755962696956 ) ;
#4830 = AXIS2_PLACEMENT_3D ( 'NONE', #5767, #6776, #5658 ) ;
#4831 = SURFACE_SIDE_STYLE ('',( #3859 ) ) ;
#4832 = FILL_AREA_STYLE ('',( #10215 ) ) ;
#4833 = CARTESIAN_POINT ( 'NONE',  ( -2.499999999999997780, -2.499999999999991118, 2.463966244037302911 ) ) ;
#4834 = SURFACE_STYLE_USAGE ( .BOTH. , #235 ) ;
#4835 = CARTESIAN_POINT ( 'NONE',  ( 11.34999999999999254, 11.35000000000000142, 0.000000000000000000 ) ) ;
#4836 =( LENGTH_UNIT ( ) NAMED_UNIT ( * ) SI_UNIT ( .MILLI., .METRE. ) );
#4837 = CARTESIAN_POINT ( 'NONE',  ( -3.999999999999993339, -60.00000000000000711, 1.800000000000000044 ) ) ;
#4838 = VECTOR ( 'NONE', #6748, 1000.000000000000000 ) ;
#4840 =( GEOMETRIC_REPRESENTATION_CONTEXT ( 3 ) GLOBAL_UNCERTAINTY_ASSIGNED_CONTEXT ( ( #284 ) ) GLOBAL_UNIT_ASSIGNED_CONTEXT ( ( #8263, #5566, #6406 ) ) REPRESENTATION_CONTEXT ( 'NONE', 'WORKASPACE' ) );
#4839 = CARTESIAN_POINT ( 'NONE',  ( 4.252356890137760637, 15.00000000000000000, 1.600000000000000089 ) ) ;
#4841 = VECTOR ( 'NONE', #8456, 1000.000000000000000 ) ;
#4842 = CARTESIAN_POINT ( 'NONE',  ( 4.000000000000003553, 13.99999999999999822, 1.800000000000000044 ) ) ;
#4843 = EDGE_CURVE ( 'NONE', #10417, #4937, #764, .T. ) ;
#4844 =( LENGTH_UNIT ( ) NAMED_UNIT ( * ) SI_UNIT ( .MILLI., .METRE. ) );
#4845 =( NAMED_UNIT ( * ) SI_UNIT ( $, .STERADIAN. ) SOLID_ANGLE_UNIT ( ) );
#4846 = ORIENTED_EDGE ( 'NONE', *, *, #10917, .F. ) ;
#4847 = CARTESIAN_POINT ( 'NONE',  ( 0.000000000000000000, 0.000000000000000000, 1.610000000000000098 ) ) ;
#4848 = ORIENTED_EDGE ( 'NONE', *, *, #2969, .F. ) ;
#4849 = VECTOR ( 'NONE', #11943, 1000.000000000000000 ) ;
#4850 = CARTESIAN_POINT ( 'NONE',  ( 5.500000000000000000, -4.499999999999999112, 2.100000000000000089 ) ) ;
#4851 = MECHANICAL_DESIGN_GEOMETRIC_PRESENTATION_REPRESENTATION (  '', ( #3497 ), #11237 ) ;
#4852 = DIRECTION ( 'NONE',  ( 0.000000000000000000, -1.000000000000000000, 0.000000000000000000 ) ) ;
#4853 = EDGE_LOOP ( 'NONE', ( #1031, #4755, #2598, #2800 ) ) ;
#4854 = CIRCLE ( 'NONE', #11601, 1.486033755962697267 ) ;
#4855 = SURFACE_STYLE_USAGE ( .BOTH. , #3943 ) ;
#4856 = DIRECTION ( 'NONE',  ( -0.000000000000000000, -0.000000000000000000, 1.000000000000000000 ) ) ;
#4857 = FACE_OUTER_BOUND ( 'NONE', #8376, .T. ) ;
#4858 = SURFACE_STYLE_FILL_AREA ( #8431 ) ;
#4859 =( GEOMETRIC_REPRESENTATION_CONTEXT ( 3 ) GLOBAL_UNCERTAINTY_ASSIGNED_CONTEXT ( ( #10810 ) ) GLOBAL_UNIT_ASSIGNED_CONTEXT ( ( #4990, #2613, #8601 ) ) REPRESENTATION_CONTEXT ( 'NONE', 'WORKASPACE' ) );
#4860 = PRESENTATION_LAYER_ASSIGNMENT (  '', '', ( #10071 ) ) ;
#4861 = SURFACE_STYLE_USAGE ( .BOTH. , #9387 ) ;
#4862 = ORIENTED_EDGE ( 'NONE', *, *, #11670, .F. ) ;
#4863 = ORIENTED_EDGE ( 'NONE', *, *, #5690, .T. ) ;
#4864 = DIRECTION ( 'NONE',  ( -0.000000000000000000, -0.000000000000000000, 1.000000000000000000 ) ) ;
#4865 = DIRECTION ( 'NONE',  ( -0.000000000000000000, -0.000000000000000000, 1.000000000000000000 ) ) ;
#4866 = CIRCLE ( 'NONE', #2548, 1.386033755962696956 ) ;
#4867 = AXIS2_PLACEMENT_3D ( 'NONE', #6362, #849, #9850 ) ;
#4868 = DIRECTION ( 'NONE',  ( 0.7071067811865474617, 0.7071067811865474617, 0.000000000000000000 ) ) ;
#4869 =( NAMED_UNIT ( * ) PLANE_ANGLE_UNIT ( ) SI_UNIT ( $, .RADIAN. ) );
#4870 = ORIENTED_EDGE ( 'NONE', *, *, #8276, .F. ) ;
#4871 = CARTESIAN_POINT ( 'NONE',  ( -8.886033755962692737, -2.499999999999990230, 2.463966244037302911 ) ) ;
#4872 = CARTESIAN_POINT ( 'NONE',  ( 13.17499999999999893, 13.17499999999999893, 1.600000000000000089 ) ) ;
#4873 = COLOUR_RGB ( '',1.000000000000000000, 1.000000000000000000, 0.000000000000000000 ) ;
#4874 = PRESENTATION_STYLE_ASSIGNMENT (( #2071 ) ) ;
#4875 = CARTESIAN_POINT ( 'NONE',  ( -5.500000000000000000, 4.499999999999996447, 2.100000000000000089 ) ) ;
#4876 = DIRECTION ( 'NONE',  ( -0.000000000000000000, -0.000000000000000000, 1.000000000000000000 ) ) ;
#4877 = PRESENTATION_LAYER_ASSIGNMENT (  '', '', ( #10085 ) ) ;
#4878 = MECHANICAL_DESIGN_GEOMETRIC_PRESENTATION_REPRESENTATION (  '', ( #10086 ), #8356 ) ;
#4879 = SURFACE_STYLE_USAGE ( .BOTH. , #8391 ) ;
#4880 = ORIENTED_EDGE ( 'NONE', *, *, #5860, .F. ) ;
#4881 =( NAMED_UNIT ( * ) SI_UNIT ( $, .STERADIAN. ) SOLID_ANGLE_UNIT ( ) );
#4882 = SPHERICAL_SURFACE ( 'NONE', #1577, 1.486033755962697267 ) ;
#4883 = CARTESIAN_POINT ( 'NONE',  ( 2.500000000000002220, -7.499999999999992006, 2.100000000000000089 ) ) ;
#4884 = ORIENTED_EDGE ( 'NONE', *, *, #4615, .T. ) ;
#4885 = EDGE_CURVE ( 'NONE', #8059, #11077, #5187, .T. ) ;
#4886 = PRESENTATION_LAYER_ASSIGNMENT (  '', '', ( #5284 ) ) ;
#4887 = VECTOR ( 'NONE', #2462, 1000.000000000000000 ) ;
#4888 = EDGE_CURVE ( 'NONE', #3765, #11726, #968, .T. ) ;
#4889 = CARTESIAN_POINT ( 'NONE',  ( -3.999999999999993339, -15.00000000000000000, 1.800000000000000044 ) ) ;
#4890 =( NAMED_UNIT ( * ) PLANE_ANGLE_UNIT ( ) SI_UNIT ( $, .RADIAN. ) );
#4891 = CARTESIAN_POINT ( 'NONE',  ( -4.500000000000000888, 0.4999999999999961142, 2.100000000000000089 ) ) ;
#4892 = DIRECTION ( 'NONE',  ( 1.000000000000000000, 0.000000000000000000, -0.000000000000000000 ) ) ;
#4893 = STYLED_ITEM ( 'NONE', ( #911 ), #6992 ) ;
#4894 = AXIS2_PLACEMENT_3D ( 'NONE', #1049, #11103, #11044 ) ;
#4895 = UNCERTAINTY_MEASURE_WITH_UNIT (LENGTH_MEASURE( 1.000000000000000082E-05 ), #8738, 'distance_accuracy_value', 'NONE');
#4896 = LINE ( 'NONE', #6593, #6764 ) ;
#4897 =( NAMED_UNIT ( * ) SI_UNIT ( $, .STERADIAN. ) SOLID_ANGLE_UNIT ( ) );
#4898 = FACE_OUTER_BOUND ( 'NONE', #11787, .T. ) ;
#4899 = EDGE_CURVE ( 'NONE', #706, #8438, #11794, .T. ) ;
#4900 = PRESENTATION_STYLE_ASSIGNMENT (( #9361 ) ) ;
#4901 = DIRECTION ( 'NONE',  ( 0.000000000000000000, 1.000000000000000000, 0.000000000000000000 ) ) ;
#4903 = COLOUR_RGB ( '',0.7529411764705882248, 0.7529411764705882248, 0.7529411764705882248 ) ;
#4902 = PRESENTATION_LAYER_ASSIGNMENT (  '', '', ( #1419 ) ) ;
#4904 = FACE_OUTER_BOUND ( 'NONE', #11453, .T. ) ;
#4905 = FILL_AREA_STYLE_COLOUR ( '', #9843 ) ;
#4906 = CIRCLE ( 'NONE', #7599, 1.386033755962696956 ) ;
#4907 = CARTESIAN_POINT ( 'NONE',  ( -0.4999999999999987232, -0.5000000000000004441, 2.100000000000000089 ) ) ;
#4908 = ORIENTED_EDGE ( 'NONE', *, *, #1233, .F. ) ;
#4909 = EDGE_LOOP ( 'NONE', ( #11279, #8086, #10419, #5356 ) ) ;
#4910 = AXIS2_PLACEMENT_3D ( 'NONE', #10284, #9365, #385 ) ;
#4911 = CARTESIAN_POINT ( 'NONE',  ( -3.999999999999993339, -13.99999999999999822, 1.599999999999999645 ) ) ;
#4912 = EDGE_CURVE ( 'NONE', #4117, #4649, #1711, .T. ) ;
#4913 = DIRECTION ( 'NONE',  ( 0.000000000000000000, 1.000000000000000000, 0.000000000000000000 ) ) ;
#4914 = EDGE_CURVE ( 'NONE', #325, #3370, #3428, .T. ) ;
#4915 = FILL_AREA_STYLE ('',( #5885 ) ) ;
#4916 = VERTEX_POINT ( 'NONE', #5068 ) ;
#4917 = EDGE_CURVE ( 'NONE', #2661, #5138, #1463, .T. ) ;
#4918 = STYLED_ITEM ( 'NONE', ( #3328 ), #2457 ) ;
#4919 = DIRECTION ( 'NONE',  ( -0.000000000000000000, -0.000000000000000000, 1.000000000000000000 ) ) ;
#4920 = VECTOR ( 'NONE', #6203, 1000.000000000000000 ) ;
#4921 = SURFACE_SIDE_STYLE ('',( #7628 ) ) ;
#4922 = PRESENTATION_LAYER_ASSIGNMENT (  '', '', ( #9167 ) ) ;
#4923 = VERTEX_POINT ( 'NONE', #11467 ) ;
#4924 = ORIENTED_EDGE ( 'NONE', *, *, #4379, .T. ) ;
#4925 = CARTESIAN_POINT ( 'NONE',  ( 0.5000000000000018874, -0.4999999999999987232, 2.100000000000000089 ) ) ;
#4926 =( NAMED_UNIT ( * ) PLANE_ANGLE_UNIT ( ) SI_UNIT ( $, .RADIAN. ) );
#4927 = ADVANCED_FACE ( 'NONE', ( #6226 ), #3366, .F. ) ;
#4928 = UNCERTAINTY_MEASURE_WITH_UNIT (LENGTH_MEASURE( 1.000000000000000082E-05 ), #9133, 'distance_accuracy_value', 'NONE');
#4929 = PRESENTATION_LAYER_ASSIGNMENT (  '', '', ( #7428 ) ) ;
#4930 = EDGE_LOOP ( 'NONE', ( #691, #2507 ) ) ;
#4931 = PRESENTATION_LAYER_ASSIGNMENT (  '', '', ( #4146 ) ) ;
#4932 =( NAMED_UNIT ( * ) SI_UNIT ( $, .STERADIAN. ) SOLID_ANGLE_UNIT ( ) );
#4933 =( LENGTH_UNIT ( ) NAMED_UNIT ( * ) SI_UNIT ( .MILLI., .METRE. ) );
#4934 = DIRECTION ( 'NONE',  ( 0.7071067811865475727, 0.7071067811865475727, -0.000000000000000000 ) ) ;
#4935 = COLOUR_RGB ( '',1.000000000000000000, 1.000000000000000000, 0.000000000000000000 ) ;
#4936 = AXIS2_PLACEMENT_3D ( 'NONE', #11738, #4300, #8167 ) ;
#4937 = VERTEX_POINT ( 'NONE', #10624 ) ;
#4938 = MECHANICAL_DESIGN_GEOMETRIC_PRESENTATION_REPRESENTATION (  '', ( #479 ), #6491 ) ;
#4939 = CARTESIAN_POINT ( 'NONE',  ( 2.604026083246159029, 13.44012937056731083, 1.610000000000000098 ) ) ;
#4940 = CARTESIAN_POINT ( 'NONE',  ( 4.000000000000003553, 65.00000000000000000, 1.800000000000000044 ) ) ;
#4941 = FILL_AREA_STYLE_COLOUR ( '', #2770 ) ;
#4942 = VERTEX_POINT ( 'NONE', #2400 ) ;
#4943 = FILL_AREA_STYLE ('',( #6038 ) ) ;
#4944 = COLOUR_RGB ( '',1.000000000000000000, 1.000000000000000000, 0.000000000000000000 ) ;
#4945 = LINE ( 'NONE', #3974, #10781 ) ;
#4946 = CARTESIAN_POINT ( 'NONE',  ( 7.500000000000001776, -2.499999999999992895, 2.463966244037302911 ) ) ;
#4947 = SURFACE_STYLE_USAGE ( .BOTH. , #10448 ) ;
#4948 = EDGE_CURVE ( 'NONE', #2179, #1086, #2111, .T. ) ;
#4949 = PRESENTATION_LAYER_ASSIGNMENT (  '', '', ( #10347 ) ) ;
#4950 = DIRECTION ( 'NONE',  ( 0.000000000000000000, 0.000000000000000000, -1.000000000000000000 ) ) ;
#4951 = LINE ( 'NONE', #10625, #10481 ) ;
#4952 = EDGE_CURVE ( 'NONE', #1075, #1875, #8313, .T. ) ;
#4953 = PLANE ( 'NONE',  #1353 ) ;
#4954 = SURFACE_SIDE_STYLE ('',( #2216 ) ) ;
#4955 = DIRECTION ( 'NONE',  ( 0.000000000000000000, -1.000000000000000000, 0.000000000000000000 ) ) ;
#4956 = DIRECTION ( 'NONE',  ( -1.000000000000000000, 1.224646799147353207E-16, 0.000000000000000000 ) ) ;
#4957 =( LENGTH_UNIT ( ) NAMED_UNIT ( * ) SI_UNIT ( .MILLI., .METRE. ) );
#4958 = SURFACE_STYLE_FILL_AREA ( #3986 ) ;
#4959 = DIRECTION ( 'NONE',  ( 0.000000000000000000, 0.000000000000000000, 1.000000000000000000 ) ) ;
#4960 = EDGE_CURVE ( 'NONE', #8381, #866, #2890, .T. ) ;
#4961 = ORIENTED_EDGE ( 'NONE', *, *, #594, .F. ) ;
#4962 = SURFACE_STYLE_FILL_AREA ( #1248 ) ;
#4963 = ORIENTED_EDGE ( 'NONE', *, *, #10966, .F. ) ;
#4964 =( LENGTH_UNIT ( ) NAMED_UNIT ( * ) SI_UNIT ( .MILLI., .METRE. ) );
#4965 = VERTEX_POINT ( 'NONE', #9641 ) ;
#4966 = AXIS2_PLACEMENT_3D ( 'NONE', #908, #10666, #11019 ) ;
#4967 =( NAMED_UNIT ( * ) PLANE_ANGLE_UNIT ( ) SI_UNIT ( $, .RADIAN. ) );
#4968 = PRESENTATION_STYLE_ASSIGNMENT (( #6950 ) ) ;
#4969 = EDGE_LOOP ( 'NONE', ( #11385, #7912, #9257, #3825, #5, #214 ) ) ;
#4970 = DIRECTION ( 'NONE',  ( 1.000000000000000000, 0.000000000000000000, 0.000000000000000000 ) ) ;
#4971 =( LENGTH_UNIT ( ) NAMED_UNIT ( * ) SI_UNIT ( .MILLI., .METRE. ) );
#4972 = COLOUR_RGB ( '',1.000000000000000000, 1.000000000000000000, 0.000000000000000000 ) ;
#4973 = EDGE_CURVE ( 'NONE', #6140, #8375, #6046, .T. ) ;
#4974 = FILL_AREA_STYLE_COLOUR ( '', #5447 ) ;
#4975 = EDGE_CURVE ( 'NONE', #777, #10321, #367, .T. ) ;
#4976 = ORIENTED_EDGE ( 'NONE', *, *, #10148, .T. ) ;
#4977 = EDGE_LOOP ( 'NONE', ( #5054, #1373, #2654, #5117, #2107 ) ) ;
#4978 = LINE ( 'NONE', #7636, #7008 ) ;
#4979 = DIRECTION ( 'NONE',  ( 0.000000000000000000, 1.000000000000000000, 0.000000000000000000 ) ) ;
#4980 = STYLED_ITEM ( 'NONE', ( #2949 ), #9458 ) ;
#4981 = DIRECTION ( 'NONE',  ( 0.7071067811865474617, 0.7071067811865474617, 0.000000000000000000 ) ) ;
#4982 = VERTEX_POINT ( 'NONE', #8149 ) ;
#4984 = DIRECTION ( 'NONE',  ( -0.000000000000000000, -0.000000000000000000, 1.000000000000000000 ) ) ;
#4983 = AXIS2_PLACEMENT_3D ( 'NONE', #11876, #9935, #9870 ) ;
#4985 = SURFACE_STYLE_FILL_AREA ( #1216 ) ;
#4986 = DIRECTION ( 'NONE',  ( -1.000000000000000000, 0.000000000000000000, -0.000000000000000000 ) ) ;
#4987 = FACE_OUTER_BOUND ( 'NONE', #4506, .T. ) ;
#4988 = COLOUR_RGB ( '',0.7529411764705882248, 0.7529411764705882248, 0.7529411764705882248 ) ;
#4989 = AXIS2_PLACEMENT_3D ( 'NONE', #1974, #1126, #11191 ) ;
#4990 =( LENGTH_UNIT ( ) NAMED_UNIT ( * ) SI_UNIT ( .MILLI., .METRE. ) );
#4991 = ORIENTED_EDGE ( 'NONE', *, *, #8131, .T. ) ;
#4992 = ORIENTED_EDGE ( 'NONE', *, *, #114, .F. ) ;
#4993 = SURFACE_STYLE_FILL_AREA ( #8904 ) ;
#4994 = CARTESIAN_POINT ( 'NONE',  ( 9.500000000000000000, 0.4999999999999978351, 1.600000000000000089 ) ) ;
#4995 = SURFACE_STYLE_FILL_AREA ( #10439 ) ;
#4996 =( LENGTH_UNIT ( ) NAMED_UNIT ( * ) SI_UNIT ( .MILLI., .METRE. ) );
#4997 = ORIENTED_EDGE ( 'NONE', *, *, #11622, .T. ) ;
#4998 = DIRECTION ( 'NONE',  ( -0.000000000000000000, -0.000000000000000000, 1.000000000000000000 ) ) ;
#4999 = DIRECTION ( 'NONE',  ( -5.421010862427527100E-17, -1.000000000000000000, 0.000000000000000000 ) ) ;
#5000 = CIRCLE ( 'NONE', #9038, 1.386033755962696956 ) ;
#5001 = DIRECTION ( 'NONE',  ( -1.000000000000000000, 4.336808689942016750E-16, -0.000000000000000000 ) ) ;
#5002 = FILL_AREA_STYLE_COLOUR ( '', #11095 ) ;
#5003 = EDGE_CURVE ( 'NONE', #5941, #7368, #10242, .T. ) ;
#5004 = SURFACE_STYLE_USAGE ( .BOTH. , #4093 ) ;
#5005 = UNCERTAINTY_MEASURE_WITH_UNIT (LENGTH_MEASURE( 1.000000000000000082E-05 ), #5020, 'distance_accuracy_value', 'NONE');
#5006 = DIRECTION ( 'NONE',  ( -0.000000000000000000, -0.000000000000000000, 1.000000000000000000 ) ) ;
#5007 = PLANE ( 'NONE',  #619 ) ;
#5008 = SURFACE_SIDE_STYLE ('',( #4097 ) ) ;
#5009 = CARTESIAN_POINT ( 'NONE',  ( -8.986033755962694158, -2.499999999999990230, 2.100000000000000089 ) ) ;
#5010 = ORIENTED_EDGE ( 'NONE', *, *, #2396, .T. ) ;
#5011 = PRESENTATION_LAYER_ASSIGNMENT (  '', '', ( #7133 ) ) ;
#5012 =( LENGTH_UNIT ( ) NAMED_UNIT ( * ) SI_UNIT ( .MILLI., .METRE. ) );
#5013 = PLANE ( 'NONE',  #10517 ) ;
#5014 = LINE ( 'NONE', #3861, #8960 ) ;
#5015 = SURFACE_SIDE_STYLE ('',( #2966 ) ) ;
#5016 = CIRCLE ( 'NONE', #11568, 0.3220000000000002305 ) ;
#5018 = DIRECTION ( 'NONE',  ( 0.000000000000000000, -1.000000000000000000, 0.000000000000000000 ) ) ;
#5017 = VECTOR ( 'NONE', #8201, 1000.000000000000000 ) ;
#5019 = VECTOR ( 'NONE', #8075, 1000.000000000000000 ) ;
#5020 =( LENGTH_UNIT ( ) NAMED_UNIT ( * ) SI_UNIT ( .MILLI., .METRE. ) );
#5021 = ORIENTED_EDGE ( 'NONE', *, *, #5060, .F. ) ;
#5022 = CARTESIAN_POINT ( 'NONE',  ( 1.200000000000001510, 12.00000000000000355, 1.600000000000000089 ) ) ;
#5023 = EDGE_LOOP ( 'NONE', ( #10305, #3528, #5580, #10143, #9819 ) ) ;
#5024 = DIRECTION ( 'NONE',  ( -0.000000000000000000, -0.000000000000000000, 1.000000000000000000 ) ) ;
#5025 = CARTESIAN_POINT ( 'NONE',  ( -3.986033755962696823, 2.500000000000009326, 2.463966244037302911 ) ) ;
#5026 = AXIS2_PLACEMENT_3D ( 'NONE', #6514, #10132, #8384 ) ;
#5027 = FACE_OUTER_BOUND ( 'NONE', #11324, .T. ) ;
#5028 = ORIENTED_EDGE ( 'NONE', *, *, #9449, .T. ) ;
#5029 = EDGE_CURVE ( 'NONE', #4561, #8072, #7141, .T. ) ;
#5030 = COLOUR_RGB ( '',1.000000000000000000, 1.000000000000000000, 0.000000000000000000 ) ;
#5031 = CARTESIAN_POINT ( 'NONE',  ( -7.499999999999999112, 2.500000000000009326, 2.463966244037302911 ) ) ;
#5032 = SURFACE_SIDE_STYLE ('',( #3270 ) ) ;
#5033 = AXIS2_PLACEMENT_3D ( 'NONE', #782, #2659, #9060 ) ;
#5034 = SURFACE_STYLE_USAGE ( .BOTH. , #7630 ) ;
#5035 = COLOUR_RGB ( '',0.7529411764705882248, 0.7529411764705882248, 0.7529411764705882248 ) ;
#5036 = AXIS2_PLACEMENT_3D ( 'NONE', #10172, #1032, #4743 ) ;
#5037 = SURFACE_STYLE_FILL_AREA ( #4002 ) ;
#5038 = EDGE_LOOP ( 'NONE', ( #9930, #6846, #11428, #6325, #8424 ) ) ;
#5039 = EDGE_LOOP ( 'NONE', ( #140, #2119, #7241, #7123 ) ) ;
#5040 = AXIS2_PLACEMENT_3D ( 'NONE', #7150, #10862, #10796 ) ;
#5041 = ADVANCED_FACE ( 'NONE', ( #4643 ), #11902, .F. ) ;
#5042 = DIRECTION ( 'NONE',  ( 1.000000000000000000, 0.000000000000000000, 0.000000000000000000 ) ) ;
#5043 =( LENGTH_UNIT ( ) NAMED_UNIT ( * ) SI_UNIT ( .MILLI., .METRE. ) );
#5044 = UNCERTAINTY_MEASURE_WITH_UNIT (LENGTH_MEASURE( 1.000000000000000082E-05 ), #3311, 'distance_accuracy_value', 'NONE');
#5045 = ORIENTED_EDGE ( 'NONE', *, *, #9594, .T. ) ;
#5046 = EDGE_CURVE ( 'NONE', #11982, #5492, #9428, .T. ) ;
#5047 = FACE_BOUND ( 'NONE', #5679, .T. ) ;
#5048 = MECHANICAL_DESIGN_GEOMETRIC_PRESENTATION_REPRESENTATION (  '', ( #2537 ), #215 ) ;
#5049 = FILL_AREA_STYLE ('',( #10550 ) ) ;
#5050 = COLOUR_RGB ( '',1.000000000000000000, 1.000000000000000000, 0.000000000000000000 ) ;
#5051 = DIRECTION ( 'NONE',  ( -0.000000000000000000, -0.000000000000000000, 1.000000000000000000 ) ) ;
#5052 = PRESENTATION_LAYER_ASSIGNMENT (  '', '', ( #6976 ) ) ;
#5053 = CARTESIAN_POINT ( 'NONE',  ( -3.999999999999993339, -11.99999999999999822, 1.800000000000000044 ) ) ;
#5054 = ORIENTED_EDGE ( 'NONE', *, *, #9700, .T. ) ;
#5055 = VECTOR ( 'NONE', #9577, 1000.000000000000000 ) ;
#5056 = VERTEX_POINT ( 'NONE', #3553 ) ;
#5057 = DIRECTION ( 'NONE',  ( 0.000000000000000000, 1.000000000000000000, 0.000000000000000000 ) ) ;
#5058 =( NAMED_UNIT ( * ) SI_UNIT ( $, .STERADIAN. ) SOLID_ANGLE_UNIT ( ) );
#5059 = VERTEX_POINT ( 'NONE', #10078 ) ;
#5060 = EDGE_CURVE ( 'NONE', #6779, #7064, #11225, .T. ) ;
#5061 = CARTESIAN_POINT ( 'NONE',  ( 2.500000000000002220, -7.499999999999992006, 2.100000000000000089 ) ) ;
#5062 = EDGE_CURVE ( 'NONE', #3289, #412, #772, .T. ) ;
#5063 = FILL_AREA_STYLE ('',( #1406 ) ) ;
#5064 = CARTESIAN_POINT ( 'NONE',  ( -6.013966244037301401, 2.500000000000009326, 2.100000000000000089 ) ) ;
#5065 = COLOUR_RGB ( '',0.7529411764705882248, 0.7529411764705882248, 0.7529411764705882248 ) ;
#5066 = AXIS2_PLACEMENT_3D ( 'NONE', #5525, #10153, #3796 ) ;
#5067 =( NAMED_UNIT ( * ) PLANE_ANGLE_UNIT ( ) SI_UNIT ( $, .RADIAN. ) );
#5068 = CARTESIAN_POINT ( 'NONE',  ( 4.500000000000001776, -4.499999999999997335, 2.100000000000000089 ) ) ;
#5069 = DIRECTION ( 'NONE',  ( 0.000000000000000000, 1.000000000000000000, 0.000000000000000000 ) ) ;
#5070 = VECTOR ( 'NONE', #7491, 1000.000000000000000 ) ;
#5071 = COLOUR_RGB ( '',1.000000000000000000, 1.000000000000000000, 0.000000000000000000 ) ;
#5072 = CARTESIAN_POINT ( 'NONE',  ( -3.999999999999993339, -60.00000000000000711, 1.800000000000000044 ) ) ;
#5073 = ORIENTED_EDGE ( 'NONE', *, *, #8131, .F. ) ;
#5074 = FILL_AREA_STYLE ('',( #11366 ) ) ;
#5075 = ADVANCED_FACE ( 'NONE', ( #3609 ), #41, .F. ) ;
#5076 = CARTESIAN_POINT ( 'NONE',  ( -0.000000000000000000, 15.00000000000000000, 0.000000000000000000 ) ) ;
#5077 = DIRECTION ( 'NONE',  ( -0.000000000000000000, -0.000000000000000000, 1.000000000000000000 ) ) ;
#5078 = SURFACE_STYLE_USAGE ( .BOTH. , #9536 ) ;
#5079 = UNCERTAINTY_MEASURE_WITH_UNIT (LENGTH_MEASURE( 1.000000000000000082E-05 ), #8670, 'distance_accuracy_value', 'NONE');
#5080 = CARTESIAN_POINT ( 'NONE',  ( -5.395973916753827204, -12.34027113312490620, 1.610000000000000098 ) ) ;
#5081 = VECTOR ( 'NONE', #6963, 1000.000000000000000 ) ;
#5082 = DIRECTION ( 'NONE',  ( -0.000000000000000000, -0.000000000000000000, 1.000000000000000000 ) ) ;
#5083 = FACE_OUTER_BOUND ( 'NONE', #2434, .T. ) ;
#5084 = AXIS2_PLACEMENT_3D ( 'NONE', #8603, #323, #7772 ) ;
#5085 = DIRECTION ( 'NONE',  ( -0.000000000000000000, -0.000000000000000000, -1.000000000000000000 ) ) ;
#5086 = SURFACE_SIDE_STYLE ('',( #4962 ) ) ;
#5087 = EDGE_LOOP ( 'NONE', ( #549, #692, #8473, #9949 ) ) ;
#5088 = FILL_AREA_STYLE ('',( #4111 ) ) ;
#5090 = EDGE_CURVE ( 'NONE', #681, #7064, #9515, .T. ) ;
#5089 = LINE ( 'NONE', #4237, #6361 ) ;
#5091 = EDGE_CURVE ( 'NONE', #6140, #9235, #5202, .T. ) ;
#5092 = PRESENTATION_LAYER_ASSIGNMENT (  '', '', ( #7001 ) ) ;
#5093 = ADVANCED_FACE ( 'NONE', ( #3003 ), #6523, .T. ) ;
#5094 = VECTOR ( 'NONE', #11500, 1000.000000000000000 ) ;
#5095 = CARTESIAN_POINT ( 'NONE',  ( 4.000000000000003553, 13.99999999999999822, 1.800000000000000044 ) ) ;
#5096 = ORIENTED_EDGE ( 'NONE', *, *, #970, .F. ) ;
#5097 = CARTESIAN_POINT ( 'NONE',  ( 2.500000000000001332, -2.499999999999992006, 2.100000000000000089 ) ) ;
#5098 =( NAMED_UNIT ( * ) PLANE_ANGLE_UNIT ( ) SI_UNIT ( $, .RADIAN. ) );
#5099 = COLOUR_RGB ( '',1.000000000000000000, 1.000000000000000000, 0.000000000000000000 ) ;
#5100 = FILL_AREA_STYLE ('',( #4188 ) ) ;
#5101 = FILL_AREA_STYLE ('',( #1378 ) ) ;
#5102 = AXIS2_PLACEMENT_3D ( 'NONE', #11867, #11926, #9311 ) ;
#5103 = VERTEX_POINT ( 'NONE', #2079 ) ;
#5104 = EDGE_CURVE ( 'NONE', #8422, #2595, #1065, .T. ) ;
#5105 = ORIENTED_EDGE ( 'NONE', *, *, #7094, .T. ) ;
#5106 = EDGE_CURVE ( 'NONE', #7080, #975, #2137, .T. ) ;
#5107 = SURFACE_SIDE_STYLE ('',( #9933 ) ) ;
#5108 = VERTEX_POINT ( 'NONE', #3967 ) ;
#5109 = ORIENTED_EDGE ( 'NONE', *, *, #7685, .T. ) ;
#5110 = LINE ( 'NONE', #4608, #7659 ) ;
#5111 = DIRECTION ( 'NONE',  ( -0.000000000000000000, 0.000000000000000000, -1.000000000000000000 ) ) ;
#5112 = FACE_OUTER_BOUND ( 'NONE', #9214, .T. ) ;
#5113 = CIRCLE ( 'NONE', #11678, 1.386033755962696956 ) ;
#5114 = LINE ( 'NONE', #3409, #2790 ) ;
#5115 =( NAMED_UNIT ( * ) PLANE_ANGLE_UNIT ( ) SI_UNIT ( $, .RADIAN. ) );
#5116 = EDGE_CURVE ( 'NONE', #8229, #3042, #7650, .T. ) ;
#5117 = ORIENTED_EDGE ( 'NONE', *, *, #10077, .T. ) ;
#5118 = AXIS2_PLACEMENT_3D ( 'NONE', #305, #9384, #8371 ) ;
#5119 = ORIENTED_EDGE ( 'NONE', *, *, #1766, .F. ) ;
#5120 = VECTOR ( 'NONE', #11280, 1000.000000000000000 ) ;
#5121 = DIRECTION ( 'NONE',  ( 1.000000000000000000, 0.000000000000000000, 0.000000000000000000 ) ) ;
#5122 = SURFACE_STYLE_FILL_AREA ( #10609 ) ;
#5123 = PRESENTATION_STYLE_ASSIGNMENT (( #9574 ) ) ;
#5124 = EDGE_LOOP ( 'NONE', ( #6014, #8246, #11043, #1437 ) ) ;
#5125 = CARTESIAN_POINT ( 'NONE',  ( -2.499999999999999556, 7.500000000000007994, 2.100000000000000089 ) ) ;
#5126 = DIRECTION ( 'NONE',  ( 1.000000000000000000, 0.000000000000000000, 0.000000000000000000 ) ) ;
#5127 = DIRECTION ( 'NONE',  ( -0.000000000000000000, -0.000000000000000000, 1.000000000000000000 ) ) ;
#5128 = ADVANCED_FACE ( 'NONE', ( #1890 ), #1278, .T. ) ;
#5129 = AXIS2_PLACEMENT_3D ( 'NONE', #4228, #5077, #6235 ) ;
#5130 = CARTESIAN_POINT ( 'NONE',  ( 5.499999999999998224, 9.499999999999992895, 1.600000000000000089 ) ) ;
#5131 = EDGE_CURVE ( 'NONE', #2006, #9990, #8499, .T. ) ;
#5132 = UNCERTAINTY_MEASURE_WITH_UNIT (LENGTH_MEASURE( 1.000000000000000082E-05 ), #8550, 'distance_accuracy_value', 'NONE');
#5133 = CARTESIAN_POINT ( 'NONE',  ( -1.013966244037302289, 7.500000000000007994, 2.100000000000000089 ) ) ;
#5134 = DIRECTION ( 'NONE',  ( -0.000000000000000000, -0.000000000000000000, 1.000000000000000000 ) ) ;
#5135 = COLOUR_RGB ( '',0.7529411764705882248, 0.7529411764705882248, 0.7529411764705882248 ) ;
#5136 =( LENGTH_UNIT ( ) NAMED_UNIT ( * ) SI_UNIT ( .MILLI., .METRE. ) );
#5137 =( NAMED_UNIT ( * ) PLANE_ANGLE_UNIT ( ) SI_UNIT ( $, .RADIAN. ) );
#5138 = VERTEX_POINT ( 'NONE', #8009 ) ;
#5139 = DIRECTION ( 'NONE',  ( 1.000000000000000000, 0.000000000000000000, 0.000000000000000000 ) ) ;
#5140 = SURFACE_STYLE_USAGE ( .BOTH. , #394 ) ;
#5141 = FILL_AREA_STYLE ('',( #11476 ) ) ;
#5142 = AXIS2_PLACEMENT_3D ( 'NONE', #9447, #10372, #6861 ) ;
#5143 = UNCERTAINTY_MEASURE_WITH_UNIT (LENGTH_MEASURE( 1.000000000000000082E-05 ), #7591, 'distance_accuracy_value', 'NONE');
#5144 = FILL_AREA_STYLE ('',( #2347 ) ) ;
#5145 = COLOUR_RGB ( '',1.000000000000000000, 1.000000000000000000, 0.000000000000000000 ) ;
#5146 = AXIS2_PLACEMENT_3D ( 'NONE', #3325, #4415, #9732 ) ;
#5147 = VERTEX_POINT ( 'NONE', #3172 ) ;
#5148 = DIRECTION ( 'NONE',  ( 0.000000000000000000, 0.000000000000000000, 1.000000000000000000 ) ) ;
#5149 = LINE ( 'NONE', #10584, #10728 ) ;
#5150 = CARTESIAN_POINT ( 'NONE',  ( 2.500000000000000444, 2.500000000000007550, 2.463966244037302911 ) ) ;
#5151 = PRESENTATION_LAYER_ASSIGNMENT (  '', '', ( #7266 ) ) ;
#5152 = CARTESIAN_POINT ( 'NONE',  ( -7.499999999999999112, 7.500000000000007994, 2.100000000000000089 ) ) ;
#5153 = VERTEX_POINT ( 'NONE', #11514 ) ;
#5154 = LINE ( 'NONE', #6128, #2135 ) ;
#5155 = SURFACE_SIDE_STYLE ('',( #9740 ) ) ;
#5156 = DIRECTION ( 'NONE',  ( 0.000000000000000000, 1.000000000000000000, 0.000000000000000000 ) ) ;
#5157 = FILL_AREA_STYLE ('',( #9745 ) ) ;
#5158 = VECTOR ( 'NONE', #2068, 1000.000000000000000 ) ;
#5159 = AXIS2_PLACEMENT_3D ( 'NONE', #9612, #2118, #6845 ) ;
#5160 = DIRECTION ( 'NONE',  ( 0.000000000000000000, 1.000000000000000000, 0.000000000000000000 ) ) ;
#5161 = ORIENTED_EDGE ( 'NONE', *, *, #4973, .T. ) ;
#5162 = VERTEX_POINT ( 'NONE', #10676 ) ;
#5163 = VERTEX_POINT ( 'NONE', #3117 ) ;
#5164 = CARTESIAN_POINT ( 'NONE',  ( 0.000000000000000000, -13.99999999999999822, 1.600000000000000089 ) ) ;
#5165 = UNCERTAINTY_MEASURE_WITH_UNIT (LENGTH_MEASURE( 1.000000000000000082E-05 ), #6649, 'distance_accuracy_value', 'NONE');
#5166 = ORIENTED_EDGE ( 'NONE', *, *, #2365, .F. ) ;
#5167 =( NAMED_UNIT ( * ) SI_UNIT ( $, .STERADIAN. ) SOLID_ANGLE_UNIT ( ) );
#5168 =( LENGTH_UNIT ( ) NAMED_UNIT ( * ) SI_UNIT ( .MILLI., .METRE. ) );
#5169 = CARTESIAN_POINT ( 'NONE',  ( 7.500000000000000888, 2.500000000000007550, 2.463966244037302911 ) ) ;
#5170 = VECTOR ( 'NONE', #11273, 1000.000000000000000 ) ;
#5171 = ORIENTED_EDGE ( 'NONE', *, *, #11546, .T. ) ;
#5172 = VECTOR ( 'NONE', #8202, 1000.000000000000000 ) ;
#5173 = EDGE_LOOP ( 'NONE', ( #1791, #7078, #4963, #2778 ) ) ;
#5174 = DIRECTION ( 'NONE',  ( 0.000000000000000000, 0.000000000000000000, -1.000000000000000000 ) ) ;
#5175 = DIRECTION ( 'NONE',  ( -1.000000000000000000, 1.224646799147353207E-16, 0.000000000000000000 ) ) ;
#5176 = FACE_OUTER_BOUND ( 'NONE', #3171, .T. ) ;
#5177 = ORIENTED_EDGE ( 'NONE', *, *, #2589, .F. ) ;
#5178 = DIRECTION ( 'NONE',  ( 1.000000000000000000, 0.000000000000000000, 0.000000000000000000 ) ) ;
#5179 = CARTESIAN_POINT ( 'NONE',  ( -5.500000000000000000, 4.499999999999996447, 2.100000000000000089 ) ) ;
#5180 = EDGE_CURVE ( 'NONE', #2414, #9422, #7034, .T. ) ;
#5181 = CARTESIAN_POINT ( 'NONE',  ( 6.013966244037304065, -2.499999999999992895, 2.100000000000000089 ) ) ;
#5182 = MECHANICAL_DESIGN_GEOMETRIC_PRESENTATION_REPRESENTATION (  '', ( #7103 ), #4611 ) ;
#5183 = EDGE_CURVE ( 'NONE', #746, #6421, #10623, .T. ) ;
#5184 = FACE_BOUND ( 'NONE', #4748, .T. ) ;
#5185 = MECHANICAL_DESIGN_GEOMETRIC_PRESENTATION_REPRESENTATION (  '', ( #4218 ), #8272 ) ;
#5186 = LINE ( 'NONE', #10752, #2326 ) ;
#5187 = LINE ( 'NONE', #9713, #5422 ) ;
#5188 = CARTESIAN_POINT ( 'NONE',  ( -9.500000000000000000, -4.499999999999999112, 2.100000000000000089 ) ) ;
#5189 = COLOUR_RGB ( '',0.7529411764705882248, 0.7529411764705882248, 0.7529411764705882248 ) ;
#5190 = ORIENTED_EDGE ( 'NONE', *, *, #7929, .F. ) ;
#5191 = ADVANCED_FACE ( 'NONE', ( #4207 ), #445, .F. ) ;
#5192 = VECTOR ( 'NONE', #5811, 1000.000000000000000 ) ;
#5193 = DIRECTION ( 'NONE',  ( -1.000000000000000000, 0.000000000000000000, 0.000000000000000000 ) ) ;
#5194 = DIRECTION ( 'NONE',  ( 1.000000000000000000, -1.224646799147353207E-16, 0.000000000000000000 ) ) ;
#5195 = EDGE_CURVE ( 'NONE', #8193, #2661, #2117, .T. ) ;
#5196 = LINE ( 'NONE', #466, #8526 ) ;
#5197 = EDGE_CURVE ( 'NONE', #3370, #8649, #567, .T. ) ;
#5198 =( NAMED_UNIT ( * ) SI_UNIT ( $, .STERADIAN. ) SOLID_ANGLE_UNIT ( ) );
#5199 = DIRECTION ( 'NONE',  ( -1.000000000000000000, 1.224646799147353207E-16, 0.000000000000000000 ) ) ;
#5200 =( GEOMETRIC_REPRESENTATION_CONTEXT ( 3 ) GLOBAL_UNCERTAINTY_ASSIGNED_CONTEXT ( ( #11102 ) ) GLOBAL_UNIT_ASSIGNED_CONTEXT ( ( #115, #3734, #961 ) ) REPRESENTATION_CONTEXT ( 'NONE', 'WORKASPACE' ) );
#5201 = DIRECTION ( 'NONE',  ( 0.000000000000000000, 0.000000000000000000, -1.000000000000000000 ) ) ;
#5202 = CIRCLE ( 'NONE', #8504, 1.486033755962697267 ) ;
#5203 = ORIENTED_EDGE ( 'NONE', *, *, #7537, .T. ) ;
#5204 = PLANE ( 'NONE',  #4290 ) ;
#5205 = ORIENTED_EDGE ( 'NONE', *, *, #11200, .T. ) ;
#5206 = LINE ( 'NONE', #661, #301 ) ;
#5207 = CARTESIAN_POINT ( 'NONE',  ( 2.500000000000000444, 2.500000000000007550, 2.100000000000000089 ) ) ;
#5208 = FILL_AREA_STYLE ('',( #1484 ) ) ;
#5209 = CARTESIAN_POINT ( 'NONE',  ( -9.749999999999989342, 11.35000000000000142, 1.600000000000000089 ) ) ;
#5210 = ORIENTED_EDGE ( 'NONE', *, *, #10273, .F. ) ;
#5211 = ADVANCED_FACE ( 'NONE', ( #10608, #11643 ), #3355, .F. ) ;
#5212 = AXIS2_PLACEMENT_3D ( 'NONE', #9517, #2196, #1403 ) ;
#5213 = SURFACE_SIDE_STYLE ('',( #9794 ) ) ;
#5214 = ADVANCED_FACE ( 'NONE', ( #8136 ), #11836, .F. ) ;
#5216 = FACE_OUTER_BOUND ( 'NONE', #130, .T. ) ;
#5215 = PRESENTATION_LAYER_ASSIGNMENT (  '', '', ( #8304 ) ) ;
#5217 = CARTESIAN_POINT ( 'NONE',  ( -3.999999999999993339, -60.00000000000000711, 2.000000000000000000 ) ) ;
#5218 = DIRECTION ( 'NONE',  ( -0.000000000000000000, 0.000000000000000000, 1.000000000000000000 ) ) ;
#5219 = DIRECTION ( 'NONE',  ( -0.000000000000000000, -0.000000000000000000, 1.000000000000000000 ) ) ;
#5220 = VECTOR ( 'NONE', #7036, 1000.000000000000000 ) ;
#5221 = ORIENTED_EDGE ( 'NONE', *, *, #9224, .T. ) ;
#5222 =( GEOMETRIC_REPRESENTATION_CONTEXT ( 3 ) GLOBAL_UNCERTAINTY_ASSIGNED_CONTEXT ( ( #6850 ) ) GLOBAL_UNIT_ASSIGNED_CONTEXT ( ( #2407, #823, #6398 ) ) REPRESENTATION_CONTEXT ( 'NONE', 'WORKASPACE' ) );
#5223 = ORIENTED_EDGE ( 'NONE', *, *, #8368, .F. ) ;
#5224 = MECHANICAL_DESIGN_GEOMETRIC_PRESENTATION_REPRESENTATION (  '', ( #4650 ), #6197 ) ;
#5225 = ORIENTED_EDGE ( 'NONE', *, *, #8308, .T. ) ;
#5226 = CARTESIAN_POINT ( 'NONE',  ( -14.99999999999999645, 0.000000000000000000, 0.000000000000000000 ) ) ;
#5227 = CIRCLE ( 'NONE', #1520, 1.486033755962697267 ) ;
#5228 = SURFACE_STYLE_USAGE ( .BOTH. , #7873 ) ;
#5229 = ORIENTED_EDGE ( 'NONE', *, *, #2831, .F. ) ;
#5230 = DIRECTION ( 'NONE',  ( 1.000000000000000000, 0.000000000000000000, 0.000000000000000000 ) ) ;
#5231 = CIRCLE ( 'NONE', #5998, 1.486033755962697267 ) ;
#5232 = AXIS2_PLACEMENT_3D ( 'NONE', #1391, #5111, #434 ) ;
#5233 = DIRECTION ( 'NONE',  ( -0.000000000000000000, -0.000000000000000000, 1.000000000000000000 ) ) ;
#5234 = VECTOR ( 'NONE', #2024, 1000.000000000000000 ) ;
#5235 = FILL_AREA_STYLE ('',( #7029 ) ) ;
#5236 = COLOUR_RGB ( '',1.000000000000000000, 1.000000000000000000, 0.000000000000000000 ) ;
#5237 = ORIENTED_EDGE ( 'NONE', *, *, #2445, .F. ) ;
#5238 = ORIENTED_EDGE ( 'NONE', *, *, #1868, .F. ) ;
#5239 = DIRECTION ( 'NONE',  ( 0.000000000000000000, -1.000000000000000000, 0.000000000000000000 ) ) ;
#5240 = COLOUR_RGB ( '',1.000000000000000000, 1.000000000000000000, 0.000000000000000000 ) ;
#5241 = AXIS2_PLACEMENT_3D ( 'NONE', #8826, #5296, #4314 ) ;
#5242 = DIRECTION ( 'NONE',  ( 0.000000000000000000, 1.000000000000000000, 0.000000000000000000 ) ) ;
#5243 = ADVANCED_FACE ( 'NONE', ( #6209 ), #3542, .F. ) ;
#5244 = LINE ( 'NONE', #3603, #6648 ) ;
#5245 = VERTEX_POINT ( 'NONE', #10588 ) ;
#5246 = SURFACE_STYLE_FILL_AREA ( #9890 ) ;
#5247 =( GEOMETRIC_REPRESENTATION_CONTEXT ( 3 ) GLOBAL_UNCERTAINTY_ASSIGNED_CONTEXT ( ( #642 ) ) GLOBAL_UNIT_ASSIGNED_CONTEXT ( ( #6638, #11173, #3843 ) ) REPRESENTATION_CONTEXT ( 'NONE', 'WORKASPACE' ) );
#5248 = EDGE_CURVE ( 'NONE', #7677, #5910, #5800, .T. ) ;
#5249 =( NAMED_UNIT ( * ) PLANE_ANGLE_UNIT ( ) SI_UNIT ( $, .RADIAN. ) );
#5250 = CIRCLE ( 'NONE', #2130, 1.600000000000002531 ) ;
#5251 = DIRECTION ( 'NONE',  ( -0.000000000000000000, -0.000000000000000000, -1.000000000000000000 ) ) ;
#5252 =( NAMED_UNIT ( * ) SI_UNIT ( $, .STERADIAN. ) SOLID_ANGLE_UNIT ( ) );
#5253 = PRESENTATION_LAYER_ASSIGNMENT (  '', '', ( #11045 ) ) ;
#5254 = AXIS2_PLACEMENT_3D ( 'NONE', #4818, #5695, #1893 ) ;
#5255 = CARTESIAN_POINT ( 'NONE',  ( 7.500000000000001776, -3.986033755962690162, 2.463966244037302911 ) ) ;
#5256 = COLOUR_RGB ( '',0.7529411764705882248, 0.7529411764705882248, 0.7529411764705882248 ) ;
#5257 = UNCERTAINTY_MEASURE_WITH_UNIT (LENGTH_MEASURE( 1.000000000000000082E-05 ), #4844, 'distance_accuracy_value', 'NONE');
#5258 = ORIENTED_CLOSED_SHELL ( 'NONE', *, #11348, .F. );
#5259 =( NAMED_UNIT ( * ) SI_UNIT ( $, .STERADIAN. ) SOLID_ANGLE_UNIT ( ) );
#5260 = CARTESIAN_POINT ( 'NONE',  ( 1.113966244037304376, -2.499999999999992006, 2.463966244037302911 ) ) ;
#5261 = SURFACE_STYLE_FILL_AREA ( #10941 ) ;
#5262 = ADVANCED_FACE ( 'NONE', ( #4307 ), #3458, .F. ) ;
#5263 = VERTEX_POINT ( 'NONE', #1377 ) ;
#5264 = DIRECTION ( 'NONE',  ( 0.000000000000000000, 0.000000000000000000, 1.000000000000000000 ) ) ;
#5265 = DIRECTION ( 'NONE',  ( 1.000000000000000000, 0.000000000000000000, 0.000000000000000000 ) ) ;
#5266 = CIRCLE ( 'NONE', #37, 1.486033755962697267 ) ;
#5267 = UNCERTAINTY_MEASURE_WITH_UNIT (LENGTH_MEASURE( 1.000000000000000082E-05 ), #4059, 'distance_accuracy_value', 'NONE');
#5268 = SURFACE_STYLE_FILL_AREA ( #5144 ) ;
#5269 = DIRECTION ( 'NONE',  ( -0.000000000000000000, -0.000000000000000000, 1.000000000000000000 ) ) ;
#5270 = FILL_AREA_STYLE ('',( #7732 ) ) ;
#5271 = FACE_OUTER_BOUND ( 'NONE', #9197, .T. ) ;
#5272 = VECTOR ( 'NONE', #6518, 1000.000000000000000 ) ;
#5273 = VECTOR ( 'NONE', #9973, 1000.000000000000000 ) ;
#5274 = ORIENTED_EDGE ( 'NONE', *, *, #7564, .T. ) ;
#5275 = ADVANCED_FACE ( 'NONE', ( #8942 ), #3212, .F. ) ;
#5276 = CARTESIAN_POINT ( 'NONE',  ( -2.499999999999999556, 2.500000000000009326, 2.463966244037302911 ) ) ;
#5277 = VERTEX_POINT ( 'NONE', #9608 ) ;
#5278 = DIRECTION ( 'NONE',  ( -0.000000000000000000, -0.000000000000000000, -1.000000000000000000 ) ) ;
#5279 = SPHERICAL_SURFACE ( 'NONE', #4794, 1.386033755962696956 ) ;
#5280 = PRESENTATION_STYLE_ASSIGNMENT (( #9663 ) ) ;
#5281 = CARTESIAN_POINT ( 'NONE',  ( -3.886033755962696734, 7.500000000000007994, 2.100000000000000089 ) ) ;
#5282 = SURFACE_SIDE_STYLE ('',( #3953 ) ) ;
#5283 = ORIENTED_EDGE ( 'NONE', *, *, #10654, .T. ) ;
#5284 = STYLED_ITEM ( 'NONE', ( #6634 ), #6898 ) ;
#5285 = MECHANICAL_DESIGN_GEOMETRIC_PRESENTATION_REPRESENTATION (  '', ( #241 ), #11068 ) ;
#5286 = CARTESIAN_POINT ( 'NONE',  ( 9.500000000000000000, 0.4999999999999978351, 1.600000000000000089 ) ) ;
#5287 = LINE ( 'NONE', #11811, #4105 ) ;
#5288 = CARTESIAN_POINT ( 'NONE',  ( -5.500000000000000888, 5.499999999999992895, 1.600000000000000089 ) ) ;
#5289 = EDGE_CURVE ( 'NONE', #8782, #6111, #670, .T. ) ;
#5290 = DIRECTION ( 'NONE',  ( 1.000000000000000000, 0.000000000000000000, 0.000000000000000000 ) ) ;
#5291 = ORIENTED_EDGE ( 'NONE', *, *, #1475, .F. ) ;
#5292 = MECHANICAL_DESIGN_GEOMETRIC_PRESENTATION_REPRESENTATION (  '', ( #11277 ), #9134 ) ;
#5293 = PRESENTATION_LAYER_ASSIGNMENT (  '', '', ( #11846 ) ) ;
#5294 = EDGE_LOOP ( 'NONE', ( #8152, #3691, #2916, #5895, #11085 ) ) ;
#5295 = EDGE_CURVE ( 'NONE', #7425, #7339, #9798, .T. ) ;
#5296 = DIRECTION ( 'NONE',  ( -1.000000000000000000, 1.224646799147353207E-16, 0.000000000000000000 ) ) ;
#5297 = ORIENTED_EDGE ( 'NONE', *, *, #11521, .T. ) ;
#5298 = SPHERICAL_SURFACE ( 'NONE', #7686, 1.486033755962697267 ) ;
#5299 = CARTESIAN_POINT ( 'NONE',  ( 2.499999999999999556, 7.500000000000007105, 2.463966244037302911 ) ) ;
#5300 = ORIENTED_EDGE ( 'NONE', *, *, #150, .T. ) ;
#5301 = AXIS2_PLACEMENT_3D ( 'NONE', #8606, #3121, #4023 ) ;
#5302 = DIRECTION ( 'NONE',  ( 1.000000000000000000, 0.000000000000000000, 0.000000000000000000 ) ) ;
#5303 = CARTESIAN_POINT ( 'NONE',  ( -7.499999999999997335, -2.499999999999990230, 2.463966244037302911 ) ) ;
#5304 = UNCERTAINTY_MEASURE_WITH_UNIT (LENGTH_MEASURE( 1.000000000000000082E-05 ), #11377, 'distance_accuracy_value', 'NONE');
#5305 = VECTOR ( 'NONE', #9966, 1000.000000000000000 ) ;
#5306 = DIRECTION ( 'NONE',  ( -0.000000000000000000, -0.000000000000000000, 1.000000000000000000 ) ) ;
#5307 = FACE_OUTER_BOUND ( 'NONE', #11674, .T. ) ;
#5308 = STYLED_ITEM ( 'NONE', ( #6394 ), #2054 ) ;
#5309 = ORIENTED_EDGE ( 'NONE', *, *, #5003, .F. ) ;
#5310 = EDGE_LOOP ( 'NONE', ( #11840, #11933 ) ) ;
#5311 = SURFACE_STYLE_FILL_AREA ( #6096 ) ;
#5312 = AXIS2_PLACEMENT_3D ( 'NONE', #10861, #5607, #11947 ) ;
#5313 = DIRECTION ( 'NONE',  ( -0.000000000000000000, -0.000000000000000000, 1.000000000000000000 ) ) ;
#5314 = ORIENTED_EDGE ( 'NONE', *, *, #10520, .F. ) ;
#5315 = DIRECTION ( 'NONE',  ( -0.000000000000000000, -0.000000000000000000, 1.000000000000000000 ) ) ;
#5316 = STYLED_ITEM ( 'NONE', ( #7804 ), #2394 ) ;
#5317 = DIRECTION ( 'NONE',  ( -0.000000000000000000, -0.000000000000000000, 1.000000000000000000 ) ) ;
#5318 = CIRCLE ( 'NONE', #868, 1.486033755962697267 ) ;
#5319 = PRESENTATION_STYLE_ASSIGNMENT (( #5564 ) ) ;
#5320 = DIRECTION ( 'NONE',  ( 1.000000000000000000, 0.000000000000000000, 0.000000000000000000 ) ) ;
#5321 = VECTOR ( 'NONE', #538, 1000.000000000000000 ) ;
#5322 = DIRECTION ( 'NONE',  ( -1.000000000000000000, 0.000000000000000000, 0.000000000000000000 ) ) ;
#5323 = CARTESIAN_POINT ( 'NONE',  ( -4.062136327575070815, -13.44012937056732504, 1.610000000000000098 ) ) ;
#5324 = ORIENTED_EDGE ( 'NONE', *, *, #8214, .T. ) ;
#5325 = DIRECTION ( 'NONE',  ( -0.000000000000000000, -0.000000000000000000, -1.000000000000000000 ) ) ;
#5326 = PRESENTATION_LAYER_ASSIGNMENT (  '', '', ( #6296 ) ) ;
#5328 = CARTESIAN_POINT ( 'NONE',  ( -2.499999999999997780, -7.499999999999991118, 2.463966244037302911 ) ) ;
#5327 =( GEOMETRIC_REPRESENTATION_CONTEXT ( 3 ) GLOBAL_UNCERTAINTY_ASSIGNED_CONTEXT ( ( #8029 ) ) GLOBAL_UNIT_ASSIGNED_CONTEXT ( ( #9607, #416, #4120 ) ) REPRESENTATION_CONTEXT ( 'NONE', 'WORKASPACE' ) );
#5329 = PRESENTATION_STYLE_ASSIGNMENT (( #4407 ) ) ;
#5330 = VECTOR ( 'NONE', #3251, 1000.000000000000000 ) ;
#5331 = ADVANCED_FACE ( 'NONE', ( #1316 ), #418, .F. ) ;
#5332 = DIRECTION ( 'NONE',  ( -0.000000000000000000, -0.000000000000000000, -1.000000000000000000 ) ) ;
#5333 = PRESENTATION_LAYER_ASSIGNMENT (  '', '', ( #5725 ) ) ;
#5334 = ORIENTED_EDGE ( 'NONE', *, *, #3977, .F. ) ;
#5335 = DIRECTION ( 'NONE',  ( -0.000000000000000000, -0.000000000000000000, 1.000000000000000000 ) ) ;
#5336 = ORIENTED_EDGE ( 'NONE', *, *, #7198, .T. ) ;
#5337 = CARTESIAN_POINT ( 'NONE',  ( 9.500000000000001776, -4.499999999999997335, 2.100000000000000089 ) ) ;
#5338 =( NAMED_UNIT ( * ) PLANE_ANGLE_UNIT ( ) SI_UNIT ( $, .RADIAN. ) );
#5339 =( NAMED_UNIT ( * ) PLANE_ANGLE_UNIT ( ) SI_UNIT ( $, .RADIAN. ) );
#5340 =( NAMED_UNIT ( * ) PLANE_ANGLE_UNIT ( ) SI_UNIT ( $, .RADIAN. ) );
#5341 = ORIENTED_EDGE ( 'NONE', *, *, #8986, .T. ) ;
#5342 = SURFACE_STYLE_USAGE ( .BOTH. , #5213 ) ;
#5343 = MECHANICAL_DESIGN_GEOMETRIC_PRESENTATION_REPRESENTATION (  '', ( #3590 ), #4754 ) ;
#5344 = CARTESIAN_POINT ( 'NONE',  ( 5.500000000000000888, -9.499999999999994671, 2.100000000000000089 ) ) ;
#5345 = EDGE_CURVE ( 'NONE', #5736, #9307, #4246, .T. ) ;
#5346 =( LENGTH_UNIT ( ) NAMED_UNIT ( * ) SI_UNIT ( .MILLI., .METRE. ) );
#5347 = DIRECTION ( 'NONE',  ( 1.000000000000000000, 0.000000000000000000, 0.000000000000000000 ) ) ;
#5348 = SURFACE_STYLE_USAGE ( .BOTH. , #10720 ) ;
#5349 = ORIENTED_EDGE ( 'NONE', *, *, #8382, .F. ) ;
#5350 = CIRCLE ( 'NONE', #887, 1.386033755962696956 ) ;
#5351 = VERTEX_POINT ( 'NONE', #2788 ) ;
#5352 = DIRECTION ( 'NONE',  ( 1.000000000000000000, 0.000000000000000000, 0.000000000000000000 ) ) ;
#5353 = ORIENTED_EDGE ( 'NONE', *, *, #1193, .F. ) ;
#5354 = DIRECTION ( 'NONE',  ( -1.000000000000000000, 8.673617379884033500E-16, -0.000000000000000000 ) ) ;
#5355 = FILL_AREA_STYLE_COLOUR ( '', #1038 ) ;
#5356 = ORIENTED_EDGE ( 'NONE', *, *, #10352, .F. ) ;
#5357 = CARTESIAN_POINT ( 'NONE',  ( -3.999999999999993339, -12.34027113312490620, 1.800000000000000044 ) ) ;
#5358 = FACE_BOUND ( 'NONE', #675, .T. ) ;
#5359 = ADVANCED_FACE ( 'NONE', ( #9009, #7316 ), #8234, .F. ) ;
#5360 = VECTOR ( 'NONE', #10131, 1000.000000000000000 ) ;
#5361 = EDGE_CURVE ( 'NONE', #8229, #7425, #9066, .T. ) ;
#5362 = FACE_BOUND ( 'NONE', #11008, .T. ) ;
#5363 = SURFACE_SIDE_STYLE ('',( #2565 ) ) ;
#5364 = EDGE_LOOP ( 'NONE', ( #9813, #11285, #4355, #1801 ) ) ;
#5365 = ORIENTED_EDGE ( 'NONE', *, *, #2833, .F. ) ;
#5366 = SURFACE_STYLE_FILL_AREA ( #11713 ) ;
#5367 = CARTESIAN_POINT ( 'NONE',  ( 5.395973916753827204, 13.44012937056731083, 1.600000000000000089 ) ) ;
#5368 = CARTESIAN_POINT ( 'NONE',  ( 7.500000000000001776, -2.499999999999992895, 2.100000000000000089 ) ) ;
#5369 = ORIENTED_EDGE ( 'NONE', *, *, #5091, .F. ) ;
#5370 = CARTESIAN_POINT ( 'NONE',  ( -2.499999999999999556, 7.500000000000007994, 2.463966244037302911 ) ) ;
#5371 = CYLINDRICAL_SURFACE ( 'NONE', #47, 1.486033755962697267 ) ;
#5372 =( LENGTH_UNIT ( ) NAMED_UNIT ( * ) SI_UNIT ( .MILLI., .METRE. ) );
#5373 = CIRCLE ( 'NONE', #6340, 1.386033755962696956 ) ;
#5374 = PLANE ( 'NONE',  #8143 ) ;
#5375 = SURFACE_STYLE_USAGE ( .BOTH. , #7235 ) ;
#5376 = CARTESIAN_POINT ( 'NONE',  ( -2.499999999999997780, -2.499999999999991118, 2.463966244037302911 ) ) ;
#5377 = DIRECTION ( 'NONE',  ( 1.000000000000000000, 0.000000000000000000, 0.000000000000000000 ) ) ;
#5378 = ORIENTED_EDGE ( 'NONE', *, *, #4960, .T. ) ;
#5379 = DIRECTION ( 'NONE',  ( -0.000000000000000000, -0.000000000000000000, -1.000000000000000000 ) ) ;
#5380 = VECTOR ( 'NONE', #7231, 1000.000000000000000 ) ;
#5381 = CARTESIAN_POINT ( 'NONE',  ( 7.500000000000002665, -7.499999999999992895, 2.100000000000000089 ) ) ;
#5382 = VECTOR ( 'NONE', #617, 1000.000000000000000 ) ;
#5383 = UNCERTAINTY_MEASURE_WITH_UNIT (LENGTH_MEASURE( 1.000000000000000082E-05 ), #3683, 'distance_accuracy_value', 'NONE');
#5384 =( NAMED_UNIT ( * ) PLANE_ANGLE_UNIT ( ) SI_UNIT ( $, .RADIAN. ) );
#5385 = FILL_AREA_STYLE_COLOUR ( '', #3926 ) ;
#5386 =( NAMED_UNIT ( * ) PLANE_ANGLE_UNIT ( ) SI_UNIT ( $, .RADIAN. ) );
#5387 = CARTESIAN_POINT ( 'NONE',  ( -11.34999999999999254, -11.35000000000000142, 1.600000000000000089 ) ) ;
#5388 = COLOUR_RGB ( '',0.7529411764705882248, 0.7529411764705882248, 0.7529411764705882248 ) ;
#5389 = ORIENTED_EDGE ( 'NONE', *, *, #9581, .F. ) ;
#5390 = PRESENTATION_STYLE_ASSIGNMENT (( #1657 ) ) ;
#5391 = VERTEX_POINT ( 'NONE', #6489 ) ;
#5392 =( GEOMETRIC_REPRESENTATION_CONTEXT ( 3 ) GLOBAL_UNCERTAINTY_ASSIGNED_CONTEXT ( ( #7342 ) ) GLOBAL_UNIT_ASSIGNED_CONTEXT ( ( #10958, #10899, #11978 ) ) REPRESENTATION_CONTEXT ( 'NONE', 'WORKASPACE' ) );
#5393 = CARTESIAN_POINT ( 'NONE',  ( -4.500000000000000888, 4.499999999999998224, 1.600000000000000089 ) ) ;
#5394 = SURFACE_STYLE_USAGE ( .BOTH. , #1546 ) ;
#5395 = FACE_OUTER_BOUND ( 'NONE', #2636, .T. ) ;
#5396 =( NAMED_UNIT ( * ) SI_UNIT ( $, .STERADIAN. ) SOLID_ANGLE_UNIT ( ) );
#5397 = ORIENTED_EDGE ( 'NONE', *, *, #2896, .F. ) ;
#5398 = CARTESIAN_POINT ( 'NONE',  ( -4.499999999999999112, -5.499999999999992895, 2.100000000000000089 ) ) ;
#5399 = FILL_AREA_STYLE_COLOUR ( '', #52 ) ;
#5400 = COLOUR_RGB ( '',1.000000000000000000, 1.000000000000000000, 0.000000000000000000 ) ;
#5401 = CARTESIAN_POINT ( 'NONE',  ( 0.000000000000000000, 0.000000000000000000, 2.100000000000000089 ) ) ;
#5402 = SURFACE_STYLE_USAGE ( .BOTH. , #1 ) ;
#5403 = ORIENTED_EDGE ( 'NONE', *, *, #10122, .T. ) ;
#5404 = VERTEX_POINT ( 'NONE', #11928 ) ;
#5405 = EDGE_LOOP ( 'NONE', ( #8358, #4558, #1295, #7188, #7017 ) ) ;
#5406 = EDGE_CURVE ( 'NONE', #4470, #5263, #6433, .T. ) ;
#5407 =( GEOMETRIC_REPRESENTATION_CONTEXT ( 3 ) GLOBAL_UNCERTAINTY_ASSIGNED_CONTEXT ( ( #4690 ) ) GLOBAL_UNIT_ASSIGNED_CONTEXT ( ( #3120, #10502, #448 ) ) REPRESENTATION_CONTEXT ( 'NONE', 'WORKASPACE' ) );
#5408 = ORIENTED_EDGE ( 'NONE', *, *, #10650, .T. ) ;
#5409 = CARTESIAN_POINT ( 'NONE',  ( 4.000000000000003553, 13.99999999999999822, 1.800000000000000044 ) ) ;
#5410 = AXIS2_PLACEMENT_3D ( 'NONE', #7225, #10925, #2508 ) ;
#5411 = FILL_AREA_STYLE ('',( #5355 ) ) ;
#5412 = EDGE_CURVE ( 'NONE', #181, #9376, #10164, .T. ) ;
#5413 = EDGE_LOOP ( 'NONE', ( #3442, #6725, #7250, #246 ) ) ;
#5414 = STYLED_ITEM ( 'NONE', ( #11581 ), #7352 ) ;
#5415 = DIRECTION ( 'NONE',  ( 0.000000000000000000, 0.000000000000000000, -1.000000000000000000 ) ) ;
#5416 = DIRECTION ( 'NONE',  ( 0.000000000000000000, 0.000000000000000000, -1.000000000000000000 ) ) ;
#5417 = UNCERTAINTY_MEASURE_WITH_UNIT (LENGTH_MEASURE( 1.000000000000000082E-05 ), #6970, 'distance_accuracy_value', 'NONE');
#5418 = DIRECTION ( 'NONE',  ( -0.000000000000000000, -1.000000000000000000, -0.000000000000000000 ) ) ;
#5419 = AXIS2_PLACEMENT_3D ( 'NONE', #10096, #4417, #9189 ) ;
#5420 = FILL_AREA_STYLE ('',( #8310 ) ) ;
#5421 = COLOUR_RGB ( '',1.000000000000000000, 1.000000000000000000, 0.000000000000000000 ) ;
#5422 = VECTOR ( 'NONE', #10691, 1000.000000000000000 ) ;
#5423 = VERTEX_POINT ( 'NONE', #11812 ) ;
#5424 =( GEOMETRIC_REPRESENTATION_CONTEXT ( 3 ) GLOBAL_UNCERTAINTY_ASSIGNED_CONTEXT ( ( #11527 ) ) GLOBAL_UNIT_ASSIGNED_CONTEXT ( ( #3745, #2223, #6777 ) ) REPRESENTATION_CONTEXT ( 'NONE', 'WORKASPACE' ) );
#5425 = VERTEX_POINT ( 'NONE', #3525 ) ;
#5426 = ADVANCED_FACE ( 'NONE', ( #2549 ), #9248, .F. ) ;
#5427 = FACE_OUTER_BOUND ( 'NONE', #9226, .T. ) ;
#5428 = LINE ( 'NONE', #5367, #3078 ) ;
#5429 = FILL_AREA_STYLE_COLOUR ( '', #5099 ) ;
#5430 = ORIENTED_EDGE ( 'NONE', *, *, #9735, .T. ) ;
#5431 = DIRECTION ( 'NONE',  ( -0.000000000000000000, -0.000000000000000000, 1.000000000000000000 ) ) ;
#5432 = AXIS2_PLACEMENT_3D ( 'NONE', #7460, #1824, #5560 ) ;
#5433 = DIRECTION ( 'NONE',  ( -0.000000000000000000, -0.000000000000000000, 1.000000000000000000 ) ) ;
#5434 = STYLED_ITEM ( 'NONE', ( #502 ), #5191 ) ;
#5435 = DIRECTION ( 'NONE',  ( -0.000000000000000000, -0.000000000000000000, 1.000000000000000000 ) ) ;
#5436 = AXIS2_PLACEMENT_3D ( 'NONE', #8688, #3378, #3319 ) ;
#5437 = FACE_OUTER_BOUND ( 'NONE', #2506, .T. ) ;
#5438 = DIRECTION ( 'NONE',  ( 1.000000000000000000, 0.000000000000000000, 0.000000000000000000 ) ) ;
#5439 = COLOUR_RGB ( '',0.7529411764705882248, 0.7529411764705882248, 0.7529411764705882248 ) ;
#5440 = EDGE_CURVE ( 'NONE', #4982, #6376, #3476, .T. ) ;
#5441 = CARTESIAN_POINT ( 'NONE',  ( -2.499999999999999556, 2.500000000000009326, 2.463966244037302911 ) ) ;
#5442 = FILL_AREA_STYLE ('',( #9500 ) ) ;
#5443 =( GEOMETRIC_REPRESENTATION_CONTEXT ( 3 ) GLOBAL_UNCERTAINTY_ASSIGNED_CONTEXT ( ( #8615 ) ) GLOBAL_UNIT_ASSIGNED_CONTEXT ( ( #1411, #5067, #3305 ) ) REPRESENTATION_CONTEXT ( 'NONE', 'WORKASPACE' ) );
#5444 = CARTESIAN_POINT ( 'NONE',  ( 7.500000000000002665, -7.499999999999992895, 2.463966244037302911 ) ) ;
#5445 = EDGE_CURVE ( 'NONE', #11031, #3370, #11319, .T. ) ;
#5446 = ORIENTED_EDGE ( 'NONE', *, *, #9379, .T. ) ;
#5447 = COLOUR_RGB ( '',1.000000000000000000, 1.000000000000000000, 0.000000000000000000 ) ;
#5448 = CARTESIAN_POINT ( 'NONE',  ( -5.499999999999999112, -0.4999999999999987232, 2.100000000000000089 ) ) ;
#5449 =( NAMED_UNIT ( * ) SI_UNIT ( $, .STERADIAN. ) SOLID_ANGLE_UNIT ( ) );
#5450 = DIRECTION ( 'NONE',  ( 1.000000000000000000, 4.336808689942016750E-16, 0.000000000000000000 ) ) ;
#5451 = PRESENTATION_LAYER_ASSIGNMENT (  '', '', ( #9472 ) ) ;
#5452 = STYLED_ITEM ( 'NONE', ( #6293 ), #1765 ) ;
#5453 = DIRECTION ( 'NONE',  ( 1.000000000000000000, 0.000000000000000000, -0.000000000000000000 ) ) ;
#5454 = MECHANICAL_DESIGN_GEOMETRIC_PRESENTATION_REPRESENTATION (  '', ( #1739 ), #10259 ) ;
#5455 = COLOUR_RGB ( '',1.000000000000000000, 1.000000000000000000, 0.000000000000000000 ) ;
#5456 = ORIENTED_EDGE ( 'NONE', *, *, #4843, .T. ) ;
#5457 = FILL_AREA_STYLE ('',( #7252 ) ) ;
#5458 = VERTEX_POINT ( 'NONE', #177 ) ;
#5459 = SURFACE_STYLE_USAGE ( .BOTH. , #1722 ) ;
#5460 = ADVANCED_FACE ( 'NONE', ( #3806 ), #7494, .F. ) ;
#5461 = AXIS2_PLACEMENT_3D ( 'NONE', #11065, #7299, #4466 ) ;
#5462 = AXIS2_PLACEMENT_3D ( 'NONE', #1027, #9421, #245 ) ;
#5463 = SURFACE_STYLE_USAGE ( .BOTH. , #9128 ) ;
#5464 = PLANE ( 'NONE',  #8763 ) ;
#5465 = MECHANICAL_DESIGN_GEOMETRIC_PRESENTATION_REPRESENTATION (  '', ( #10656 ), #10267 ) ;
#5466 = CARTESIAN_POINT ( 'NONE',  ( 11.34999999999999254, -11.35000000000000142, 1.600000000000000089 ) ) ;
#5467 = ORIENTED_EDGE ( 'NONE', *, *, #11114, .F. ) ;
#5468 = SPHERICAL_SURFACE ( 'NONE', #7850, 1.386033755962696956 ) ;
#5469 = DIRECTION ( 'NONE',  ( -0.7071067811865474617, 0.7071067811865474617, 0.000000000000000000 ) ) ;
#5470 = DIRECTION ( 'NONE',  ( 0.000000000000000000, 0.000000000000000000, 1.000000000000000000 ) ) ;
#5471 = FACE_OUTER_BOUND ( 'NONE', #9991, .T. ) ;
#5472 = STYLED_ITEM ( 'NONE', ( #1349 ), #6752 ) ;
#5473 =( NAMED_UNIT ( * ) PLANE_ANGLE_UNIT ( ) SI_UNIT ( $, .RADIAN. ) );
#5474 = AXIS2_PLACEMENT_3D ( 'NONE', #11012, #1602, #7065 ) ;
#5475 = PRESENTATION_LAYER_ASSIGNMENT (  '', '', ( #7574 ) ) ;
#5476 = PLANE ( 'NONE',  #9104 ) ;
#5477 = SURFACE_SIDE_STYLE ('',( #859 ) ) ;
#5478 = VERTEX_POINT ( 'NONE', #8623 ) ;
#5479 = EDGE_LOOP ( 'NONE', ( #8297, #10272, #1919, #2735 ) ) ;
#5480 = EDGE_LOOP ( 'NONE', ( #11550, #1017, #5314, #7633 ) ) ;
#5481 = ORIENTED_EDGE ( 'NONE', *, *, #441, .T. ) ;
#5482 = CARTESIAN_POINT ( 'NONE',  ( 3.886033755962696734, 7.500000000000007105, 2.100000000000000089 ) ) ;
#5483 = AXIS2_PLACEMENT_3D ( 'NONE', #1464, #10813, #8080 ) ;
#5484 = PRESENTATION_STYLE_ASSIGNMENT (( #10116 ) ) ;
#5485 = ORIENTED_EDGE ( 'NONE', *, *, #5440, .T. ) ;
#5486 = DIRECTION ( 'NONE',  ( 0.000000000000000000, 1.000000000000000000, 0.000000000000000000 ) ) ;
#5487 = PRESENTATION_STYLE_ASSIGNMENT (( #8370 ) ) ;
#5488 = DIRECTION ( 'NONE',  ( -0.000000000000000000, -1.000000000000000000, -0.000000000000000000 ) ) ;
#5489 = ORIENTED_CLOSED_SHELL ( 'NONE', *, #6137, .F. );
#5490 = PLANE ( 'NONE',  #3884 ) ;
#5491 = EDGE_CURVE ( 'NONE', #7018, #6121, #7337, .T. ) ;
#5492 = VERTEX_POINT ( 'NONE', #1132 ) ;
#5493 = VERTEX_POINT ( 'NONE', #1023 ) ;
#5494 = DIRECTION ( 'NONE',  ( -1.000000000000000000, 0.000000000000000000, -0.000000000000000000 ) ) ;
#5495 = AXIS2_PLACEMENT_3D ( 'NONE', #5368, #3484, #7158 ) ;
#5496 = DIRECTION ( 'NONE',  ( -0.000000000000000000, -0.000000000000000000, 1.000000000000000000 ) ) ;
#5497 = ORIENTED_EDGE ( 'NONE', *, *, #176, .F. ) ;
#5498 = CARTESIAN_POINT ( 'NONE',  ( 1.200000000000001510, -12.00000000000002132, 1.600000000000000089 ) ) ;
#5499 = DIRECTION ( 'NONE',  ( -4.336808689942017736E-16, 1.000000000000000000, 0.000000000000000000 ) ) ;
#5500 = MECHANICAL_DESIGN_GEOMETRIC_PRESENTATION_REPRESENTATION (  '', ( #8180 ), #5874 ) ;
#5501 = VECTOR ( 'NONE', #9435, 1000.000000000000000 ) ;
#5502 = DIRECTION ( 'NONE',  ( -0.000000000000000000, -0.000000000000000000, 1.000000000000000000 ) ) ;
#5503 = CARTESIAN_POINT ( 'NONE',  ( -6.113966244037300157, -2.499999999999990230, 2.100000000000000089 ) ) ;
#5504 =( LENGTH_UNIT ( ) NAMED_UNIT ( * ) SI_UNIT ( .MILLI., .METRE. ) );
#5505 = ADVANCED_FACE ( 'NONE', ( #2845 ), #7229, .F. ) ;
#5506 =( GEOMETRIC_REPRESENTATION_CONTEXT ( 3 ) GLOBAL_UNCERTAINTY_ASSIGNED_CONTEXT ( ( #9998 ) ) GLOBAL_UNIT_ASSIGNED_CONTEXT ( ( #1326, #6017, #11503 ) ) REPRESENTATION_CONTEXT ( 'NONE', 'WORKASPACE' ) );
#5507 = LINE ( 'NONE', #11723, #9859 ) ;
#5508 = STYLED_ITEM ( 'NONE', ( #8290 ), #10302 ) ;
#5509 = CARTESIAN_POINT ( 'NONE',  ( 1.200000000000001510, -12.00000000000002132, 1.600000000000000089 ) ) ;
#5510 =( NAMED_UNIT ( * ) SI_UNIT ( $, .STERADIAN. ) SOLID_ANGLE_UNIT ( ) );
#5511 = DIRECTION ( 'NONE',  ( -0.000000000000000000, 0.000000000000000000, 1.000000000000000000 ) ) ;
#5512 = CARTESIAN_POINT ( 'NONE',  ( -4.061668590459453831, -12.60994982710260714, 1.610000000000000098 ) ) ;
#5513 = ORIENTED_EDGE ( 'NONE', *, *, #9020, .F. ) ;
#5514 = AXIS2_PLACEMENT_3D ( 'NONE', #7391, #1929, #11941 ) ;
#5515 = DIRECTION ( 'NONE',  ( 0.000000000000000000, 0.000000000000000000, -1.000000000000000000 ) ) ;
#5516 = UNCERTAINTY_MEASURE_WITH_UNIT (LENGTH_MEASURE( 1.000000000000000082E-05 ), #2113, 'distance_accuracy_value', 'NONE');
#5517 =( LENGTH_UNIT ( ) NAMED_UNIT ( * ) SI_UNIT ( .MILLI., .METRE. ) );
#5518 = MECHANICAL_DESIGN_GEOMETRIC_PRESENTATION_REPRESENTATION (  '', ( #9159 ), #4726 ) ;
#5519 = SURFACE_SIDE_STYLE ('',( #10636 ) ) ;
#5520 = EDGE_CURVE ( 'NONE', #7836, #5391, #8803, .T. ) ;
#5521 = EDGE_CURVE ( 'NONE', #11891, #6946, #2889, .T. ) ;
#5522 = AXIS2_PLACEMENT_3D ( 'NONE', #2723, #2605, #9306 ) ;
#5523 = ORIENTED_EDGE ( 'NONE', *, *, #2131, .T. ) ;
#5524 = ORIENTED_EDGE ( 'NONE', *, *, #9510, .F. ) ;
#5525 = CARTESIAN_POINT ( 'NONE',  ( -3.999999999999993339, -13.99999999999999822, 1.800000000000000044 ) ) ;
#5526 = AXIS2_PLACEMENT_3D ( 'NONE', #9329, #11282, #4750 ) ;
#5527 = DIRECTION ( 'NONE',  ( 1.000000000000000000, 0.000000000000000000, 0.000000000000000000 ) ) ;
#5528 = AXIS2_PLACEMENT_3D ( 'NONE', #3095, #6788, #2364 ) ;
#5529 = SPHERICAL_SURFACE ( 'NONE', #7810, 1.386033755962696956 ) ;
#5530 = PRESENTATION_STYLE_ASSIGNMENT (( #9130 ) ) ;
#5531 = EDGE_LOOP ( 'NONE', ( #7032, #11140, #5785, #4266 ) ) ;
#5532 = CARTESIAN_POINT ( 'NONE',  ( -11.34999999999999254, 11.35000000000000142, 1.600000000000000089 ) ) ;
#5533 = DIRECTION ( 'NONE',  ( 0.000000000000000000, -0.000000000000000000, -1.000000000000000000 ) ) ;
#5534 = EDGE_CURVE ( 'NONE', #10482, #4242, #7714, .T. ) ;
#5535 = MECHANICAL_DESIGN_GEOMETRIC_PRESENTATION_REPRESENTATION (  '', ( #5725 ), #679 ) ;
#5536 = CARTESIAN_POINT ( 'NONE',  ( 7.500000000000002665, -7.499999999999992895, 2.100000000000000089 ) ) ;
#5537 = CARTESIAN_POINT ( 'NONE',  ( 4.061583109206180708, 12.45878509720289706, 1.610000000000000098 ) ) ;
#5538 = VECTOR ( 'NONE', #4232, 1000.000000000000000 ) ;
#5539 = ORIENTED_EDGE ( 'NONE', *, *, #439, .T. ) ;
#5540 = EDGE_LOOP ( 'NONE', ( #7797, #6439, #11378, #2568 ) ) ;
#5541 = ORIENTED_EDGE ( 'NONE', *, *, #10519, .T. ) ;
#5542 = ORIENTED_EDGE ( 'NONE', *, *, #2365, .T. ) ;
#5543 = DIRECTION ( 'NONE',  ( -1.000000000000000000, 0.000000000000000000, 0.000000000000000000 ) ) ;
#5544 = VECTOR ( 'NONE', #10901, 1000.000000000000000 ) ;
#5545 = DIRECTION ( 'NONE',  ( 0.000000000000000000, 0.000000000000000000, -1.000000000000000000 ) ) ;
#5546 = VERTEX_POINT ( 'NONE', #7285 ) ;
#5547 = SPHERICAL_SURFACE ( 'NONE', #7505, 1.386033755962696956 ) ;
#5548 = UNCERTAINTY_MEASURE_WITH_UNIT (LENGTH_MEASURE( 1.000000000000000082E-05 ), #4996, 'distance_accuracy_value', 'NONE');
#5549 = STYLED_ITEM ( 'NONE', ( #10522 ), #3086 ) ;
#5550 =( LENGTH_UNIT ( ) NAMED_UNIT ( * ) SI_UNIT ( .MILLI., .METRE. ) );
#5551 =( NAMED_UNIT ( * ) PLANE_ANGLE_UNIT ( ) SI_UNIT ( $, .RADIAN. ) );
#5552 = STYLED_ITEM ( 'NONE', ( #5572 ), #8612 ) ;
#5553 = VECTOR ( 'NONE', #7006, 1000.000000000000000 ) ;
#5554 = ORIENTED_EDGE ( 'NONE', *, *, #2807, .F. ) ;
#5555 = ORIENTED_EDGE ( 'NONE', *, *, #3824, .F. ) ;
#5556 = FILL_AREA_STYLE_COLOUR ( '', #6445 ) ;
#5557 = CARTESIAN_POINT ( 'NONE',  ( 9.500000000000000000, 0.4999999999999978351, 2.100000000000000089 ) ) ;
#5558 = ORIENTED_EDGE ( 'NONE', *, *, #11167, .F. ) ;
#5559 = DIRECTION ( 'NONE',  ( -0.000000000000000000, -0.000000000000000000, -1.000000000000000000 ) ) ;
#5560 = DIRECTION ( 'NONE',  ( 1.000000000000000000, 0.000000000000000000, 0.000000000000000000 ) ) ;
#5561 =( GEOMETRIC_REPRESENTATION_CONTEXT ( 3 ) GLOBAL_UNCERTAINTY_ASSIGNED_CONTEXT ( ( #3196 ) ) GLOBAL_UNIT_ASSIGNED_CONTEXT ( ( #4025, #6284, #11647 ) ) REPRESENTATION_CONTEXT ( 'NONE', 'WORKASPACE' ) );
#5562 = DIRECTION ( 'NONE',  ( 0.000000000000000000, 1.000000000000000000, 0.000000000000000000 ) ) ;
#5563 = CARTESIAN_POINT ( 'NONE',  ( 2.499999999999999556, 7.500000000000007105, 2.100000000000000089 ) ) ;
#5564 = SURFACE_STYLE_USAGE ( .BOTH. , #10937 ) ;
#5565 = AXIS2_PLACEMENT_3D ( 'NONE', #7697, #4072, #8595 ) ;
#5566 =( NAMED_UNIT ( * ) PLANE_ANGLE_UNIT ( ) SI_UNIT ( $, .RADIAN. ) );
#5567 = DIRECTION ( 'NONE',  ( 0.000000000000000000, 0.000000000000000000, -1.000000000000000000 ) ) ;
#5568 = DIRECTION ( 'NONE',  ( 0.000000000000000000, 1.000000000000000000, 0.000000000000000000 ) ) ;
#5569 = PLANE ( 'NONE',  #5301 ) ;
#5570 = ORIENTED_EDGE ( 'NONE', *, *, #2459, .T. ) ;
#5571 = EDGE_CURVE ( 'NONE', #7991, #11027, #6763, .T. ) ;
#5572 = PRESENTATION_STYLE_ASSIGNMENT (( #1836 ) ) ;
#5573 = ADVANCED_FACE ( 'NONE', ( #10994 ), #6936, .F. ) ;
#5574 = DIRECTION ( 'NONE',  ( 1.000000000000000000, 0.000000000000000000, 0.000000000000000000 ) ) ;
#5575 = PRESENTATION_STYLE_ASSIGNMENT (( #2649 ) ) ;
#5576 = AXIS2_PLACEMENT_3D ( 'NONE', #11911, #10945, #650 ) ;
#5577 = EDGE_CURVE ( 'NONE', #11333, #6421, #9720, .T. ) ;
#5578 = DIRECTION ( 'NONE',  ( 1.000000000000000000, 4.336808689942015764E-16, 0.000000000000000000 ) ) ;
#5579 = SURFACE_STYLE_FILL_AREA ( #959 ) ;
#5580 = ORIENTED_EDGE ( 'NONE', *, *, #1389, .T. ) ;
#5581 = STYLED_ITEM ( 'NONE', ( #836 ), #9405 ) ;
#5582 = CARTESIAN_POINT ( 'NONE',  ( 4.500000000000000000, 9.499999999999991118, 1.600000000000000089 ) ) ;
#5583 = ADVANCED_FACE ( 'NONE', ( #9647 ), #11894, .F. ) ;
#5584 = CARTESIAN_POINT ( 'NONE',  ( -5.499999999999998224, -9.499999999999992895, 2.100000000000000089 ) ) ;
#5585 = ORIENTED_EDGE ( 'NONE', *, *, #383, .F. ) ;
#5586 =( NAMED_UNIT ( * ) PLANE_ANGLE_UNIT ( ) SI_UNIT ( $, .RADIAN. ) );
#5587 = FACE_OUTER_BOUND ( 'NONE', #11298, .T. ) ;
#5588 = CARTESIAN_POINT ( 'NONE',  ( -2.499999999999997780, -2.499999999999991118, 2.100000000000000089 ) ) ;
#5589 = FACE_OUTER_BOUND ( 'NONE', #2352, .T. ) ;
#5590 = COLOUR_RGB ( '',0.7529411764705882248, 0.7529411764705882248, 0.7529411764705882248 ) ;
#5591 = CARTESIAN_POINT ( 'NONE',  ( -4.500000000000000000, -4.499999999999999112, 2.100000000000000089 ) ) ;
#5592 = COLOUR_RGB ( '',1.000000000000000000, 1.000000000000000000, 0.000000000000000000 ) ;
#5593 = CARTESIAN_POINT ( 'NONE',  ( 4.062136327575078809, 13.44012937056731083, 1.610000000000000098 ) ) ;
#5594 = PRESENTATION_STYLE_ASSIGNMENT (( #8296 ) ) ;
#5595 = ORIENTED_EDGE ( 'NONE', *, *, #1668, .F. ) ;
#5596 = ORIENTED_EDGE ( 'NONE', *, *, #10797, .T. ) ;
#5597 = EDGE_LOOP ( 'NONE', ( #4353, #3027, #1758, #7305, #6247 ) ) ;
#5598 = EDGE_CURVE ( 'NONE', #134, #4296, #882, .T. ) ;
#5599 = ORIENTED_EDGE ( 'NONE', *, *, #2680, .T. ) ;
#5600 = CARTESIAN_POINT ( 'NONE',  ( -2.604026083246159029, -13.44012937056731793, 1.610000000000000098 ) ) ;
#5601 = EDGE_CURVE ( 'NONE', #9235, #6140, #2711, .T. ) ;
#5602 = PRESENTATION_LAYER_ASSIGNMENT (  '', '', ( #11372 ) ) ;
#5603 = CARTESIAN_POINT ( 'NONE',  ( 4.000000000000003553, 11.99999999999999822, 1.800000000000000044 ) ) ;
#5604 = ORIENTED_EDGE ( 'NONE', *, *, #1751, .T. ) ;
#5605 = MECHANICAL_DESIGN_GEOMETRIC_PRESENTATION_REPRESENTATION (  '', ( #6743 ), #340 ) ;
#5606 = DIRECTION ( 'NONE',  ( -0.000000000000000000, -0.000000000000000000, 1.000000000000000000 ) ) ;
#5607 = DIRECTION ( 'NONE',  ( -0.000000000000000000, 0.000000000000000000, 1.000000000000000000 ) ) ;
#5608 =( LENGTH_UNIT ( ) NAMED_UNIT ( * ) SI_UNIT ( .MILLI., .METRE. ) );
#5609 =( GEOMETRIC_REPRESENTATION_CONTEXT ( 3 ) GLOBAL_UNCERTAINTY_ASSIGNED_CONTEXT ( ( #7581 ) ) GLOBAL_UNIT_ASSIGNED_CONTEXT ( ( #5136, #515, #8677 ) ) REPRESENTATION_CONTEXT ( 'NONE', 'WORKASPACE' ) );
#5610 = EDGE_LOOP ( 'NONE', ( #9937, #11697 ) ) ;
#5611 = AXIS2_PLACEMENT_3D ( 'NONE', #2687, #6391, #6005 ) ;
#5612 = ORIENTED_EDGE ( 'NONE', *, *, #2696, .T. ) ;
#5613 = CARTESIAN_POINT ( 'NONE',  ( -7.499999999999999112, 2.500000000000009326, 2.100000000000000089 ) ) ;
#5614 = DIRECTION ( 'NONE',  ( 1.000000000000000000, 0.000000000000000000, 0.000000000000000000 ) ) ;
#5615 = ORIENTED_EDGE ( 'NONE', *, *, #800, .F. ) ;
#5616 = CARTESIAN_POINT ( 'NONE',  ( 6.113966244037304598, -2.499999999999992895, 2.100000000000000089 ) ) ;
#5617 = LINE ( 'NONE', #11109, #6104 ) ;
#5618 = CARTESIAN_POINT ( 'NONE',  ( 6.013966244037304065, -2.499999999999992895, 2.100000000000000089 ) ) ;
#5619 = CIRCLE ( 'NONE', #7324, 0.1999999999999996503 ) ;
#5620 = DIRECTION ( 'NONE',  ( 0.000000000000000000, 0.000000000000000000, 1.000000000000000000 ) ) ;
#5621 =( GEOMETRIC_REPRESENTATION_CONTEXT ( 3 ) GLOBAL_UNCERTAINTY_ASSIGNED_CONTEXT ( ( #6138 ) ) GLOBAL_UNIT_ASSIGNED_CONTEXT ( ( #8573, #9416, #3079 ) ) REPRESENTATION_CONTEXT ( 'NONE', 'WORKASPACE' ) );
#5622 = CARTESIAN_POINT ( 'NONE',  ( 7.500000000000002665, -7.499999999999992895, 2.463966244037302911 ) ) ;
#5623 = ADVANCED_FACE ( 'NONE', ( #2868 ), #1949, .F. ) ;
#5624 = DIRECTION ( 'NONE',  ( 0.000000000000000000, 1.000000000000000000, 0.000000000000000000 ) ) ;
#5625 = VECTOR ( 'NONE', #3650, 1000.000000000000000 ) ;
#5626 = CARTESIAN_POINT ( 'NONE',  ( -2.604026083246159029, -13.44012937056731793, 1.610000000000000098 ) ) ;
#5627 = EDGE_CURVE ( 'NONE', #1784, #11350, #7729, .T. ) ;
#5628 = PRESENTATION_LAYER_ASSIGNMENT (  '', '', ( #5818 ) ) ;
#5629 = CARTESIAN_POINT ( 'NONE',  ( -0.5000000000000004441, 5.499999999999992895, 1.600000000000000089 ) ) ;
#5630 = FILL_AREA_STYLE_COLOUR ( '', #4670 ) ;
#5631 = ORIENTED_EDGE ( 'NONE', *, *, #6346, .T. ) ;
#5632 = AXIS2_PLACEMENT_3D ( 'NONE', #6106, #11000, #9040 ) ;
#5633 =( LENGTH_UNIT ( ) NAMED_UNIT ( * ) SI_UNIT ( .MILLI., .METRE. ) );
#5634 =( LENGTH_UNIT ( ) NAMED_UNIT ( * ) SI_UNIT ( .MILLI., .METRE. ) );
#5635 = CARTESIAN_POINT ( 'NONE',  ( 0.000000000000000000, 0.000000000000000000, 2.100000000000000089 ) ) ;
#5636 =( GEOMETRIC_REPRESENTATION_CONTEXT ( 3 ) GLOBAL_UNCERTAINTY_ASSIGNED_CONTEXT ( ( #8643 ) ) GLOBAL_UNIT_ASSIGNED_CONTEXT ( ( #11133, #2603, #9129 ) ) REPRESENTATION_CONTEXT ( 'NONE', 'WORKASPACE' ) );
#5637 = ORIENTED_CLOSED_SHELL ( 'NONE', *, #10383, .F. );
#5638 = PLANE ( 'NONE',  #1928 ) ;
#5639 =( GEOMETRIC_REPRESENTATION_CONTEXT ( 3 ) GLOBAL_UNCERTAINTY_ASSIGNED_CONTEXT ( ( #1462 ) ) GLOBAL_UNIT_ASSIGNED_CONTEXT ( ( #8147, #4336, #2642 ) ) REPRESENTATION_CONTEXT ( 'NONE', 'WORKASPACE' ) );
#5640 = EDGE_CURVE ( 'NONE', #587, #188, #967, .T. ) ;
#5641 = CYLINDRICAL_SURFACE ( 'NONE', #7182, 1.386033755962696956 ) ;
#5642 = EDGE_LOOP ( 'NONE', ( #9389, #5604, #1818, #10660 ) ) ;
#5643 = FACE_OUTER_BOUND ( 'NONE', #876, .T. ) ;
#5644 = EDGE_CURVE ( 'NONE', #7931, #1275, #4807, .T. ) ;
#5645 = DIRECTION ( 'NONE',  ( -0.000000000000000000, -0.000000000000000000, 1.000000000000000000 ) ) ;
#5646 = PRESENTATION_STYLE_ASSIGNMENT (( #2837 ) ) ;
#5647 = DIRECTION ( 'NONE',  ( 1.000000000000000000, 0.000000000000000000, 0.000000000000000000 ) ) ;
#5648 = CARTESIAN_POINT ( 'NONE',  ( 7.500000000000000888, 2.500000000000007550, 2.463966244037302911 ) ) ;
#5649 = AXIS2_PLACEMENT_3D ( 'NONE', #7292, #2646, #762 ) ;
#5650 = CARTESIAN_POINT ( 'NONE',  ( -3.747643109862235811, -13.99999999999999822, 1.600000000000000089 ) ) ;
#5651 = ORIENTED_EDGE ( 'NONE', *, *, #5195, .T. ) ;
#5652 =( NAMED_UNIT ( * ) PLANE_ANGLE_UNIT ( ) SI_UNIT ( $, .RADIAN. ) );
#5653 =( NAMED_UNIT ( * ) PLANE_ANGLE_UNIT ( ) SI_UNIT ( $, .RADIAN. ) );
#5654 = AXIS2_PLACEMENT_3D ( 'NONE', #9799, #3461, #11452 ) ;
#5655 =( NAMED_UNIT ( * ) SI_UNIT ( $, .STERADIAN. ) SOLID_ANGLE_UNIT ( ) );
#5656 =( NAMED_UNIT ( * ) SI_UNIT ( $, .STERADIAN. ) SOLID_ANGLE_UNIT ( ) );
#5657 = ADVANCED_FACE ( 'NONE', ( #10367 ), #2817, .F. ) ;
#5658 = DIRECTION ( 'NONE',  ( 1.000000000000000000, 0.000000000000000000, 0.000000000000000000 ) ) ;
#5659 = EDGE_CURVE ( 'NONE', #1962, #2414, #4073, .T. ) ;
#5660 = FACE_OUTER_BOUND ( 'NONE', #2866, .T. ) ;
#5661 = COLOUR_RGB ( '',0.7529411764705882248, 0.7529411764705882248, 0.7529411764705882248 ) ;
#5662 = CIRCLE ( 'NONE', #11423, 1.486033755962697267 ) ;
#5663 = ORIENTED_EDGE ( 'NONE', *, *, #1460, .T. ) ;
#5664 = DIRECTION ( 'NONE',  ( -2.710505431213761701E-17, -1.000000000000000000, -0.000000000000000000 ) ) ;
#5665 = VERTEX_POINT ( 'NONE', #3282 ) ;
#5666 = ORIENTED_EDGE ( 'NONE', *, *, #8067, .F. ) ;
#5667 =( NAMED_UNIT ( * ) SI_UNIT ( $, .STERADIAN. ) SOLID_ANGLE_UNIT ( ) );
#5668 = VERTEX_POINT ( 'NONE', #3223 ) ;
#5669 =( NAMED_UNIT ( * ) SI_UNIT ( $, .STERADIAN. ) SOLID_ANGLE_UNIT ( ) );
#5670 = ORIENTED_EDGE ( 'NONE', *, *, #9342, .T. ) ;
#5671 = CARTESIAN_POINT ( 'NONE',  ( 7.500000000000001776, -1.013966244037295406, 2.463966244037302911 ) ) ;
#5672 = FILL_AREA_STYLE_COLOUR ( '', #4420 ) ;
#5673 = UNCERTAINTY_MEASURE_WITH_UNIT (LENGTH_MEASURE( 1.000000000000000082E-05 ), #8516, 'distance_accuracy_value', 'NONE');
#5674 = AXIS2_PLACEMENT_3D ( 'NONE', #11128, #11070, #9234 ) ;
#5675 = EDGE_CURVE ( 'NONE', #10321, #777, #8324, .T. ) ;
#5676 = FACE_OUTER_BOUND ( 'NONE', #2494, .T. ) ;
#5677 = ORIENTED_EDGE ( 'NONE', *, *, #1333, .T. ) ;
#5678 = CIRCLE ( 'NONE', #415, 1.486033755962697267 ) ;
#5679 = EDGE_LOOP ( 'NONE', ( #6557, #4862 ) ) ;
#5681 = DIRECTION ( 'NONE',  ( 1.000000000000000000, 4.336808689942015764E-16, 0.000000000000000000 ) ) ;
#5680 = UNCERTAINTY_MEASURE_WITH_UNIT (LENGTH_MEASURE( 1.000000000000000082E-05 ), #2992, 'distance_accuracy_value', 'NONE');
#5682 = PLANE ( 'NONE',  #6385 ) ;
#5683 = SURFACE_STYLE_USAGE ( .BOTH. , #9213 ) ;
#5684 = ORIENTED_EDGE ( 'NONE', *, *, #11127, .F. ) ;
#5685 = LINE ( 'NONE', #9277, #9967 ) ;
#5686 = CARTESIAN_POINT ( 'NONE',  ( 2.500000000000002220, -7.499999999999992006, 2.100000000000000089 ) ) ;
#5687 =( LENGTH_UNIT ( ) NAMED_UNIT ( * ) SI_UNIT ( .MILLI., .METRE. ) );
#5688 = VECTOR ( 'NONE', #4633, 1000.000000000000000 ) ;
#5689 = SURFACE_STYLE_FILL_AREA ( #319 ) ;
#5690 = EDGE_CURVE ( 'NONE', #2005, #3353, #3865, .T. ) ;
#5691 =( LENGTH_UNIT ( ) NAMED_UNIT ( * ) SI_UNIT ( .MILLI., .METRE. ) );
#5692 = DIRECTION ( 'NONE',  ( -0.000000000000000000, -0.000000000000000000, 1.000000000000000000 ) ) ;
#5693 = MECHANICAL_DESIGN_GEOMETRIC_PRESENTATION_REPRESENTATION (  '', ( #4312 ), #11448 ) ;
#5694 = DIRECTION ( 'NONE',  ( -0.000000000000000000, -0.000000000000000000, -1.000000000000000000 ) ) ;
#5695 = DIRECTION ( 'NONE',  ( 1.000000000000000000, 0.000000000000000000, 0.000000000000000000 ) ) ;
#5696 = ORIENTED_EDGE ( 'NONE', *, *, #3867, .T. ) ;
#5697 = SPHERICAL_SURFACE ( 'NONE', #8426, 1.386033755962696956 ) ;
#5698 =( GEOMETRIC_REPRESENTATION_CONTEXT ( 3 ) GLOBAL_UNCERTAINTY_ASSIGNED_CONTEXT ( ( #3594 ) ) GLOBAL_UNIT_ASSIGNED_CONTEXT ( ( #155, #1281, #3295 ) ) REPRESENTATION_CONTEXT ( 'NONE', 'WORKASPACE' ) );
#5699 = LINE ( 'NONE', #2204, #1943 ) ;
#5700 = MECHANICAL_DESIGN_GEOMETRIC_PRESENTATION_REPRESENTATION (  '', ( #5508 ), #7220 ) ;
#5701 = FILL_AREA_STYLE_COLOUR ( '', #3673 ) ;
#5702 = DIRECTION ( 'NONE',  ( -1.000000000000000000, 0.000000000000000000, -0.000000000000000000 ) ) ;
#5703 = CIRCLE ( 'NONE', #11287, 1.386033755962696956 ) ;
#5704 = VERTEX_POINT ( 'NONE', #361 ) ;
#5705 = CARTESIAN_POINT ( 'NONE',  ( -2.499999999999999556, 7.500000000000007994, 2.100000000000000089 ) ) ;
#5706 = DIRECTION ( 'NONE',  ( 1.000000000000000000, 0.000000000000000000, 0.000000000000000000 ) ) ;
#5707 = PRESENTATION_STYLE_ASSIGNMENT (( #7606 ) ) ;
#5708 =( LENGTH_UNIT ( ) NAMED_UNIT ( * ) SI_UNIT ( .MILLI., .METRE. ) );
#5709 = VERTEX_POINT ( 'NONE', #11391 ) ;
#5710 = DIRECTION ( 'NONE',  ( 1.000000000000000000, 0.000000000000000000, 0.000000000000000000 ) ) ;
#5711 = LINE ( 'NONE', #2844, #5070 ) ;
#5712 = VECTOR ( 'NONE', #4852, 1000.000000000000000 ) ;
#5713 = DIRECTION ( 'NONE',  ( 1.000000000000000000, 0.000000000000000000, 0.000000000000000000 ) ) ;
#5714 = FACE_OUTER_BOUND ( 'NONE', #11561, .T. ) ;
#5715 = VERTEX_POINT ( 'NONE', #3106 ) ;
#5716 = ORIENTED_EDGE ( 'NONE', *, *, #11376, .F. ) ;
#5717 = ORIENTED_EDGE ( 'NONE', *, *, #9986, .T. ) ;
#5718 = CIRCLE ( 'NONE', #4338, 1.600000000000002531 ) ;
#5719 = VERTEX_POINT ( 'NONE', #6800 ) ;
#5720 = DIRECTION ( 'NONE',  ( 0.000000000000000000, 0.000000000000000000, -1.000000000000000000 ) ) ;
#5721 = PRESENTATION_STYLE_ASSIGNMENT (( #6556 ) ) ;
#5722 = ORIENTED_EDGE ( 'NONE', *, *, #10759, .F. ) ;
#5723 = EDGE_CURVE ( 'NONE', #5789, #2028, #3958, .T. ) ;
#5724 = CARTESIAN_POINT ( 'NONE',  ( 9.749999999999989342, -11.35000000000000142, 1.600000000000000089 ) ) ;
#5725 = STYLED_ITEM ( 'NONE', ( #8364 ), #8002 ) ;
#5726 = SURFACE_SIDE_STYLE ('',( #10412 ) ) ;
#5727 = FILL_AREA_STYLE ('',( #138 ) ) ;
#5728 = COLOUR_RGB ( '',1.000000000000000000, 1.000000000000000000, 0.000000000000000000 ) ;
#5729 = PRESENTATION_STYLE_ASSIGNMENT (( #1318 ) ) ;
#5730 = VERTEX_POINT ( 'NONE', #4871 ) ;
#5731 = COLOUR_RGB ( '',0.7529411764705882248, 0.7529411764705882248, 0.7529411764705882248 ) ;
#5732 = VERTEX_POINT ( 'NONE', #266 ) ;
#5733 = CARTESIAN_POINT ( 'NONE',  ( 2.500000000000000444, 2.500000000000007550, 2.463966244037302911 ) ) ;
#5734 = DIRECTION ( 'NONE',  ( -0.000000000000000000, -0.000000000000000000, 1.000000000000000000 ) ) ;
#5735 = CARTESIAN_POINT ( 'NONE',  ( 2.499999999999999556, 7.500000000000007105, 2.100000000000000089 ) ) ;
#5736 = VERTEX_POINT ( 'NONE', #4197 ) ;
#5737 = EDGE_CURVE ( 'NONE', #7814, #2656, #1716, .T. ) ;
#5738 = AXIS2_PLACEMENT_3D ( 'NONE', #2350, #5199, #2473 ) ;
#5739 = DIRECTION ( 'NONE',  ( -1.000000000000000000, 0.000000000000000000, 0.000000000000000000 ) ) ;
#5740 = FILL_AREA_STYLE_COLOUR ( '', #8219 ) ;
#5741 = ADVANCED_FACE ( 'NONE', ( #8549 ), #7821, .T. ) ;
#5742 = AXIS2_PLACEMENT_3D ( 'NONE', #3560, #707, #6232 ) ;
#5743 = PRESENTATION_STYLE_ASSIGNMENT (( #3053 ) ) ;
#5744 = EDGE_LOOP ( 'NONE', ( #8238, #2478 ) ) ;
#5745 = PRESENTATION_STYLE_ASSIGNMENT (( #2875 ) ) ;
#5746 = DIRECTION ( 'NONE',  ( 1.000000000000000000, 4.336808689942015764E-16, 0.000000000000000000 ) ) ;
#5747 = AXIS2_PLACEMENT_3D ( 'NONE', #5061, #11305, #3908 ) ;
#5748 = CARTESIAN_POINT ( 'NONE',  ( 5.499999999999999112, 4.499999999999998224, 2.100000000000000089 ) ) ;
#5749 = DIRECTION ( 'NONE',  ( 1.000000000000000000, 0.000000000000000000, 0.000000000000000000 ) ) ;
#5750 = ORIENTED_EDGE ( 'NONE', *, *, #220, .T. ) ;
#5752 = EDGE_CURVE ( 'NONE', #8837, #2028, #9623, .T. ) ;
#5751 = FACE_OUTER_BOUND ( 'NONE', #75, .T. ) ;
#5753 = DIRECTION ( 'NONE',  ( 1.000000000000000000, 4.336808689942015764E-16, 0.000000000000000000 ) ) ;
#5754 =( NAMED_UNIT ( * ) PLANE_ANGLE_UNIT ( ) SI_UNIT ( $, .RADIAN. ) );
#5755 = AXIS2_PLACEMENT_3D ( 'NONE', #10547, #265, #6799 ) ;
#5756 = MECHANICAL_DESIGN_GEOMETRIC_PRESENTATION_REPRESENTATION (  '', ( #7275 ), #6131 ) ;
#5757 = FILL_AREA_STYLE_COLOUR ( '', #2713 ) ;
#5758 = DIRECTION ( 'NONE',  ( 0.000000000000000000, -1.000000000000000000, 0.000000000000000000 ) ) ;
#5759 =( NAMED_UNIT ( * ) PLANE_ANGLE_UNIT ( ) SI_UNIT ( $, .RADIAN. ) );
#5760 =( LENGTH_UNIT ( ) NAMED_UNIT ( * ) SI_UNIT ( .MILLI., .METRE. ) );
#5761 = EDGE_CURVE ( 'NONE', #6647, #2299, #8873, .T. ) ;
#5762 = FILL_AREA_STYLE ('',( #1908 ) ) ;
#5763 = PRESENTATION_LAYER_ASSIGNMENT (  '', '', ( #8620 ) ) ;
#5764 = CARTESIAN_POINT ( 'NONE',  ( -6.013966244037301401, 2.500000000000009326, 2.100000000000000089 ) ) ;
#5765 = FILL_AREA_STYLE ('',( #2962 ) ) ;
#5766 = CLOSED_SHELL ( 'NONE', ( #4703, #8444, #3491, #4444, #10450 ) ) ;
#5767 = CARTESIAN_POINT ( 'NONE',  ( -7.499999999999999112, 7.500000000000007994, 2.100000000000000089 ) ) ;
#5768 = AXIS2_PLACEMENT_3D ( 'NONE', #6812, #7715, #2203 ) ;
#5769 = DIRECTION ( 'NONE',  ( 1.000000000000000000, 0.000000000000000000, 0.000000000000000000 ) ) ;
#5770 = VERTEX_POINT ( 'NONE', #5955 ) ;
#5771 = DIRECTION ( 'NONE',  ( 1.000000000000000000, 4.336808689942015764E-16, 0.000000000000000000 ) ) ;
#5772 = VERTEX_POINT ( 'NONE', #1270 ) ;
#5773 = ORIENTED_EDGE ( 'NONE', *, *, #7333, .T. ) ;
#5774 = SURFACE_STYLE_USAGE ( .BOTH. , #7504 ) ;
#5775 = LINE ( 'NONE', #8632, #7806 ) ;
#5776 = ORIENTED_EDGE ( 'NONE', *, *, #11639, .F. ) ;
#5777 = DIRECTION ( 'NONE',  ( -0.000000000000000000, -0.000000000000000000, -1.000000000000000000 ) ) ;
#5778 = VECTOR ( 'NONE', #1641, 1000.000000000000000 ) ;
#5779 = CARTESIAN_POINT ( 'NONE',  ( 8.886033755962698066, -2.499999999999992895, 2.100000000000000089 ) ) ;
#5780 = PRESENTATION_LAYER_ASSIGNMENT (  '', '', ( #11746 ) ) ;
#5781 = PRESENTATION_STYLE_ASSIGNMENT (( #2920 ) ) ;
#5782 = UNCERTAINTY_MEASURE_WITH_UNIT (LENGTH_MEASURE( 1.000000000000000082E-05 ), #3788, 'distance_accuracy_value', 'NONE');
#5783 = ORIENTED_EDGE ( 'NONE', *, *, #10759, .T. ) ;
#5784 =( GEOMETRIC_REPRESENTATION_CONTEXT ( 3 ) GLOBAL_UNCERTAINTY_ASSIGNED_CONTEXT ( ( #6938 ) ) GLOBAL_UNIT_ASSIGNED_CONTEXT ( ( #10733, #8061, #623 ) ) REPRESENTATION_CONTEXT ( 'NONE', 'WORKASPACE' ) );
#5785 = ORIENTED_EDGE ( 'NONE', *, *, #3142, .F. ) ;
#5786 = EDGE_CURVE ( 'NONE', #9031, #2006, #4134, .T. ) ;
#5787 = FILL_AREA_STYLE ('',( #313 ) ) ;
#5788 = UNCERTAINTY_MEASURE_WITH_UNIT (LENGTH_MEASURE( 1.000000000000000082E-05 ), #8030, 'distance_accuracy_value', 'NONE');
#5789 = VERTEX_POINT ( 'NONE', #9938 ) ;
#5790 = CARTESIAN_POINT ( 'NONE',  ( 9.500000000000001776, -5.499999999999994671, 2.100000000000000089 ) ) ;
#5791 = DIRECTION ( 'NONE',  ( 1.000000000000000000, 0.000000000000000000, 0.000000000000000000 ) ) ;
#5792 = VECTOR ( 'NONE', #5694, 1000.000000000000000 ) ;
#5793 = STYLED_ITEM ( 'NONE', ( #6703 ), #5128 ) ;
#5794 = EDGE_CURVE ( 'NONE', #4242, #8697, #4654, .T. ) ;
#5795 = ORIENTED_EDGE ( 'NONE', *, *, #5029, .F. ) ;
#5796 = CARTESIAN_POINT ( 'NONE',  ( 8.986033755962695935, 7.500000000000007105, 2.100000000000000089 ) ) ;
#5797 = DIRECTION ( 'NONE',  ( 0.000000000000000000, 0.000000000000000000, 1.000000000000000000 ) ) ;
#5798 = ORIENTED_EDGE ( 'NONE', *, *, #6189, .T. ) ;
#5799 = AXIS2_PLACEMENT_3D ( 'NONE', #2451, #1692, #1574 ) ;
#5800 = CIRCLE ( 'NONE', #4641, 1.486033755962698155 ) ;
#5801 =( NAMED_UNIT ( * ) PLANE_ANGLE_UNIT ( ) SI_UNIT ( $, .RADIAN. ) );
#5802 = PRESENTATION_LAYER_ASSIGNMENT (  '', '', ( #10421 ) ) ;
#5803 = SURFACE_STYLE_FILL_AREA ( #10385 ) ;
#5804 = CARTESIAN_POINT ( 'NONE',  ( 5.499999999999998224, 5.499999999999991118, 1.600000000000000089 ) ) ;
#5805 = EDGE_CURVE ( 'NONE', #6421, #7521, #10570, .T. ) ;
#5806 = DIRECTION ( 'NONE',  ( 1.000000000000000000, 0.000000000000000000, 0.000000000000000000 ) ) ;
#5807 = EDGE_CURVE ( 'NONE', #616, #9990, #11704, .T. ) ;
#5808 = STYLED_ITEM ( 'NONE', ( #4719 ), #4769 ) ;
#5809 = DIRECTION ( 'NONE',  ( 0.000000000000000000, 0.000000000000000000, -1.000000000000000000 ) ) ;
#5810 = CARTESIAN_POINT ( 'NONE',  ( -5.499999999999998224, -5.499999999999994671, 2.100000000000000089 ) ) ;
#5811 = DIRECTION ( 'NONE',  ( 1.000000000000000000, 2.168404344971009361E-16, 0.000000000000000000 ) ) ;
#5812 = CARTESIAN_POINT ( 'NONE',  ( -7.499999999999999112, 2.500000000000009326, 2.463966244037302911 ) ) ;
#5813 = FACE_OUTER_BOUND ( 'NONE', #10059, .T. ) ;
#5814 = SURFACE_SIDE_STYLE ('',( #10396 ) ) ;
#5815 = CARTESIAN_POINT ( 'NONE',  ( 4.000000000000003553, 65.00000000000000000, 1.800000000000000044 ) ) ;
#5816 = VECTOR ( 'NONE', #170, 1000.000000000000114 ) ;
#5817 = SURFACE_STYLE_USAGE ( .BOTH. , #10462 ) ;
#5818 = STYLED_ITEM ( 'NONE', ( #9505 ), #5741 ) ;
#5820 = MECHANICAL_DESIGN_GEOMETRIC_PRESENTATION_REPRESENTATION (  '', ( #5434 ), #583 ) ;
#5819 = CARTESIAN_POINT ( 'NONE',  ( 2.499999999999999556, 7.500000000000007105, 2.100000000000000089 ) ) ;
#5821 = EDGE_CURVE ( 'NONE', #4770, #975, #7999, .T. ) ;
#5822 = CARTESIAN_POINT ( 'NONE',  ( -4.499999999999999112, -9.499999999999994671, 1.600000000000000089 ) ) ;
#5823 = CARTESIAN_POINT ( 'NONE',  ( -7.499999999999997335, -8.886033755962685632, 2.463966244037302911 ) ) ;
#5824 = VERTEX_POINT ( 'NONE', #807 ) ;
#5825 = DIRECTION ( 'NONE',  ( -1.000000000000000000, 0.000000000000000000, 0.000000000000000000 ) ) ;
#5826 = ORIENTED_EDGE ( 'NONE', *, *, #5858, .F. ) ;
#5827 = CIRCLE ( 'NONE', #8330, 1.600000000000002531 ) ;
#5828 =( NAMED_UNIT ( * ) SI_UNIT ( $, .STERADIAN. ) SOLID_ANGLE_UNIT ( ) );
#5829 = STYLED_ITEM ( 'NONE', ( #5319 ), #4159 ) ;
#5830 = ORIENTED_EDGE ( 'NONE', *, *, #11482, .F. ) ;
#5831 =( GEOMETRIC_REPRESENTATION_CONTEXT ( 3 ) GLOBAL_UNCERTAINTY_ASSIGNED_CONTEXT ( ( #4161 ) ) GLOBAL_UNIT_ASSIGNED_CONTEXT ( ( #5608, #5551, #11154 ) ) REPRESENTATION_CONTEXT ( 'NONE', 'WORKASPACE' ) );
#5832 = SURFACE_SIDE_STYLE ('',( #483 ) ) ;
#5833 = CARTESIAN_POINT ( 'NONE',  ( 4.500000000000000000, 5.499999999999992895, 2.100000000000000089 ) ) ;
#5834 = VECTOR ( 'NONE', #966, 1000.000000000000000 ) ;
#5835 = VECTOR ( 'NONE', #6705, 1000.000000000000000 ) ;
#5836 = CARTESIAN_POINT ( 'NONE',  ( 6.113966244037303710, 2.500000000000007550, 2.463966244037302911 ) ) ;
#5837 = ORIENTED_EDGE ( 'NONE', *, *, #11622, .F. ) ;
#5838 = ORIENTED_EDGE ( 'NONE', *, *, #5248, .F. ) ;
#5839 = CARTESIAN_POINT ( 'NONE',  ( -7.499999999999997335, -7.499999999999990230, 2.100000000000000089 ) ) ;
#5840 = PRESENTATION_LAYER_ASSIGNMENT (  '', '', ( #2730 ) ) ;
#5841 =( GEOMETRIC_REPRESENTATION_CONTEXT ( 3 ) GLOBAL_UNCERTAINTY_ASSIGNED_CONTEXT ( ( #6144 ) ) GLOBAL_UNIT_ASSIGNED_CONTEXT ( ( #3028, #6667, #10291 ) ) REPRESENTATION_CONTEXT ( 'NONE', 'WORKASPACE' ) );
#5842 = CARTESIAN_POINT ( 'NONE',  ( -6.113966244037300157, -7.499999999999990230, 2.463966244037302911 ) ) ;
#5843 = ORIENTED_EDGE ( 'NONE', *, *, #4013, .T. ) ;
#5844 = DIRECTION ( 'NONE',  ( 0.000000000000000000, 0.000000000000000000, -1.000000000000000000 ) ) ;
#5845 = DIRECTION ( 'NONE',  ( -0.000000000000000000, -0.000000000000000000, 1.000000000000000000 ) ) ;
#5846 = ADVANCED_FACE ( 'NONE', ( #9996 ), #1686, .T. ) ;
#5847 = CARTESIAN_POINT ( 'NONE',  ( 2.500000000000000444, 2.500000000000007550, 2.463966244037302911 ) ) ;
#5848 = STYLED_ITEM ( 'NONE', ( #9358 ), #758 ) ;
#5849 = VERTEX_POINT ( 'NONE', #4260 ) ;
#5850 = DIRECTION ( 'NONE',  ( -1.000000000000000000, 0.000000000000000000, 0.000000000000000000 ) ) ;
#5851 = PLANE ( 'NONE',  #11006 ) ;
#5852 = DIRECTION ( 'NONE',  ( 0.000000000000000000, 0.000000000000000000, -1.000000000000000000 ) ) ;
#5853 = VERTEX_POINT ( 'NONE', #4500 ) ;
#5854 = DIRECTION ( 'NONE',  ( 1.000000000000000000, 0.000000000000000000, 0.000000000000000000 ) ) ;
#5855 = MECHANICAL_DESIGN_GEOMETRIC_PRESENTATION_REPRESENTATION (  '', ( #5284 ), #4496 ) ;
#5856 = CIRCLE ( 'NONE', #6049, 1.386033755962696956 ) ;
#5857 = DIRECTION ( 'NONE',  ( -0.000000000000000000, -0.000000000000000000, -1.000000000000000000 ) ) ;
#5858 = EDGE_CURVE ( 'NONE', #11375, #746, #1726, .T. ) ;
#5859 = FILL_AREA_STYLE ('',( #2087 ) ) ;
#5860 = EDGE_CURVE ( 'NONE', #3400, #1345, #7928, .T. ) ;
#5861 = DIRECTION ( 'NONE',  ( 0.000000000000000000, 1.000000000000000000, 0.000000000000000000 ) ) ;
#5862 = AXIS2_PLACEMENT_3D ( 'NONE', #11669, #7969, #8987 ) ;
#5863 = COLOUR_RGB ( '',1.000000000000000000, 1.000000000000000000, 0.000000000000000000 ) ;
#5864 = LINE ( 'NONE', #5920, #8496 ) ;
#5865 = CARTESIAN_POINT ( 'NONE',  ( 4.500000000000001776, -4.499999999999997335, 1.600000000000000089 ) ) ;
#5866 = CARTESIAN_POINT ( 'NONE',  ( 0.000000000000000000, 0.000000000000000000, 2.100000000000000089 ) ) ;
#5867 = SURFACE_STYLE_FILL_AREA ( #9716 ) ;
#5868 = PRESENTATION_LAYER_ASSIGNMENT (  '', '', ( #1988 ) ) ;
#5869 = DIRECTION ( 'NONE',  ( -1.000000000000000000, 0.000000000000000000, 0.000000000000000000 ) ) ;
#5870 = PLANE ( 'NONE',  #2907 ) ;
#5871 = SURFACE_SIDE_STYLE ('',( #2898 ) ) ;
#5872 = ADVANCED_FACE ( 'NONE', ( #1500 ), #9021, .F. ) ;
#5873 = SURFACE_STYLE_FILL_AREA ( #10576 ) ;
#5874 =( GEOMETRIC_REPRESENTATION_CONTEXT ( 3 ) GLOBAL_UNCERTAINTY_ASSIGNED_CONTEXT ( ( #8684 ) ) GLOBAL_UNIT_ASSIGNED_CONTEXT ( ( #3670, #6470, #7658 ) ) REPRESENTATION_CONTEXT ( 'NONE', 'WORKASPACE' ) );
#5875 = EDGE_CURVE ( 'NONE', #1033, #4675, #10053, .T. ) ;
#5876 = LINE ( 'NONE', #2099, #10101 ) ;
#5877 = FILL_AREA_STYLE_COLOUR ( '', #1708 ) ;
#5878 = AXIS2_PLACEMENT_3D ( 'NONE', #2561, #7997, #8123 ) ;
#5879 = ORIENTED_EDGE ( 'NONE', *, *, #6458, .F. ) ;
#5880 = ORIENTED_EDGE ( 'NONE', *, *, #9256, .T. ) ;
#5881 = SURFACE_STYLE_USAGE ( .BOTH. , #405 ) ;
#5882 = ORIENTED_EDGE ( 'NONE', *, *, #6505, .F. ) ;
#5883 = PRESENTATION_LAYER_ASSIGNMENT (  '', '', ( #9526 ) ) ;
#5884 = LINE ( 'NONE', #9374, #5170 ) ;
#5885 = FILL_AREA_STYLE_COLOUR ( '', #9932 ) ;
#5886 = EDGE_LOOP ( 'NONE', ( #4662, #3809, #9333, #9749, #7265 ) ) ;
#5887 = MECHANICAL_DESIGN_GEOMETRIC_PRESENTATION_REPRESENTATION (  '', ( #10704 ), #6465 ) ;
#5888 = FILL_AREA_STYLE ('',( #9552 ) ) ;
#5889 = EDGE_CURVE ( 'NONE', #1866, #11865, #11092, .T. ) ;
#5890 =( GEOMETRIC_REPRESENTATION_CONTEXT ( 3 ) GLOBAL_UNCERTAINTY_ASSIGNED_CONTEXT ( ( #5143 ) ) GLOBAL_UNIT_ASSIGNED_CONTEXT ( ( #7591, #9444, #8495 ) ) REPRESENTATION_CONTEXT ( 'NONE', 'WORKASPACE' ) );
#5891 = PRESENTATION_STYLE_ASSIGNMENT (( #5034 ) ) ;
#5892 = COLOUR_RGB ( '',0.7529411764705882248, 0.7529411764705882248, 0.7529411764705882248 ) ;
#5893 = FACE_OUTER_BOUND ( 'NONE', #4234, .T. ) ;
#5894 = ORIENTED_EDGE ( 'NONE', *, *, #8052, .T. ) ;
#5895 = ORIENTED_EDGE ( 'NONE', *, *, #7629, .F. ) ;
#5896 = DIRECTION ( 'NONE',  ( 1.000000000000000000, 0.000000000000000000, 0.000000000000000000 ) ) ;
#5897 = DIRECTION ( 'NONE',  ( 0.000000000000000000, -0.000000000000000000, -1.000000000000000000 ) ) ;
#5898 = EDGE_LOOP ( 'NONE', ( #8361, #3041, #11485, #10007 ) ) ;
#5899 = AXIS2_PLACEMENT_3D ( 'NONE', #61, #10163, #5470 ) ;
#5900 = CARTESIAN_POINT ( 'NONE',  ( -2.499999999999997780, -7.499999999999991118, 2.463966244037302911 ) ) ;
#5901 = CARTESIAN_POINT ( 'NONE',  ( 9.500000000000001776, -9.499999999999992895, 1.600000000000000089 ) ) ;
#5902 = CARTESIAN_POINT ( 'NONE',  ( 2.500000000000001332, -2.499999999999992006, 2.463966244037302911 ) ) ;
#5903 = VECTOR ( 'NONE', #5956, 1000.000000000000000 ) ;
#5904 = FILL_AREA_STYLE ('',( #6803 ) ) ;
#5905 = PLANE ( 'NONE',  #6502 ) ;
#5906 = PRESENTATION_LAYER_ASSIGNMENT (  '', '', ( #4352 ) ) ;
#5907 = VERTEX_POINT ( 'NONE', #2854 ) ;
#5908 = ORIENTED_EDGE ( 'NONE', *, *, #5197, .T. ) ;
#5909 = SURFACE_SIDE_STYLE ('',( #2197 ) ) ;
#5910 = VERTEX_POINT ( 'NONE', #5671 ) ;
#5911 = SURFACE_STYLE_FILL_AREA ( #9521 ) ;
#5912 = CIRCLE ( 'NONE', #11126, 1.386033755962696956 ) ;
#5913 = LINE ( 'NONE', #4275, #5380 ) ;
#5914 = CARTESIAN_POINT ( 'NONE',  ( 0.5000000000000009992, 0.4999999999999970024, 2.100000000000000089 ) ) ;
#5915 = SURFACE_SIDE_STYLE ('',( #9408 ) ) ;
#5916 =( GEOMETRIC_REPRESENTATION_CONTEXT ( 3 ) GLOBAL_UNCERTAINTY_ASSIGNED_CONTEXT ( ( #1355 ) ) GLOBAL_UNIT_ASSIGNED_CONTEXT ( ( #625, #5115, #11640 ) ) REPRESENTATION_CONTEXT ( 'NONE', 'WORKASPACE' ) );
#5917 = SURFACE_SIDE_STYLE ('',( #6875 ) ) ;
#5918 = STYLED_ITEM ( 'NONE', ( #4593 ), #8523 ) ;
#5919 = EDGE_CURVE ( 'NONE', #9929, #3263, #11410, .T. ) ;
#5920 = CARTESIAN_POINT ( 'NONE',  ( -9.500000000000001776, 5.499999999999991118, 1.600000000000000089 ) ) ;
#5921 = DIRECTION ( 'NONE',  ( 1.000000000000000000, 0.000000000000000000, 0.000000000000000000 ) ) ;
#5922 = EDGE_CURVE ( 'NONE', #8193, #5736, #3816, .T. ) ;
#5923 = ORIENTED_EDGE ( 'NONE', *, *, #7934, .T. ) ;
#5924 = SURFACE_STYLE_USAGE ( .BOTH. , #4954 ) ;
#5925 = CARTESIAN_POINT ( 'NONE',  ( -9.500000000000000000, -4.499999999999999112, 1.600000000000000089 ) ) ;
#5926 = CARTESIAN_POINT ( 'NONE',  ( -0.4999999999999996669, 0.4999999999999978351, 1.600000000000000089 ) ) ;
#5927 = FACE_OUTER_BOUND ( 'NONE', #488, .T. ) ;
#5928 = AXIS2_PLACEMENT_3D ( 'NONE', #310, #1616, #4310 ) ;
#5929 =( LENGTH_UNIT ( ) NAMED_UNIT ( * ) SI_UNIT ( .MILLI., .METRE. ) );
#5930 = DIRECTION ( 'NONE',  ( -1.000000000000000000, -0.000000000000000000, -0.000000000000000000 ) ) ;
#5931 = FILL_AREA_STYLE_COLOUR ( '', #969 ) ;
#5932 = EDGE_CURVE ( 'NONE', #9752, #6506, #8305, .T. ) ;
#5933 = SURFACE_STYLE_USAGE ( .BOTH. , #1085 ) ;
#5934 = EDGE_LOOP ( 'NONE', ( #4342, #11938, #4559, #1978, #5190 ) ) ;
#5935 = DIRECTION ( 'NONE',  ( 1.000000000000000000, 0.000000000000000000, 0.000000000000000000 ) ) ;
#5936 = VERTEX_POINT ( 'NONE', #8428 ) ;
#5937 = PRESENTATION_LAYER_ASSIGNMENT (  '', '', ( #9580 ) ) ;
#5938 = LINE ( 'NONE', #11544, #10388 ) ;
#5939 = FILL_AREA_STYLE_COLOUR ( '', #8972 ) ;
#5940 =( NAMED_UNIT ( * ) SI_UNIT ( $, .STERADIAN. ) SOLID_ANGLE_UNIT ( ) );
#5941 = VERTEX_POINT ( 'NONE', #4566 ) ;
#5942 =( GEOMETRIC_REPRESENTATION_CONTEXT ( 3 ) GLOBAL_UNCERTAINTY_ASSIGNED_CONTEXT ( ( #5383 ) ) GLOBAL_UNIT_ASSIGNED_CONTEXT ( ( #3683, #5586, #8621 ) ) REPRESENTATION_CONTEXT ( 'NONE', 'WORKASPACE' ) );
#5943 = DIRECTION ( 'NONE',  ( -0.000000000000000000, -0.000000000000000000, 1.000000000000000000 ) ) ;
#5944 = EDGE_CURVE ( 'NONE', #5910, #7214, #11039, .T. ) ;
#5945 = EDGE_CURVE ( 'NONE', #359, #2536, #2000, .T. ) ;
#5946 = ORIENTED_EDGE ( 'NONE', *, *, #10000, .F. ) ;
#5947 = VERTEX_POINT ( 'NONE', #9261 ) ;
#5948 = EDGE_CURVE ( 'NONE', #9438, #7023, #11804, .T. ) ;
#5949 = LINE ( 'NONE', #9616, #589 ) ;
#5950 = CARTESIAN_POINT ( 'NONE',  ( 2.500000000000001332, -1.113966244037294828, 2.463966244037302911 ) ) ;
#5951 = DIRECTION ( 'NONE',  ( -1.000000000000000000, 0.000000000000000000, 0.000000000000000000 ) ) ;
#5952 = ORIENTED_EDGE ( 'NONE', *, *, #1037, .F. ) ;
#5954 = CARTESIAN_POINT ( 'NONE',  ( -6.113966244037301934, 7.500000000000007994, 2.100000000000000089 ) ) ;
#5953 = AXIS2_PLACEMENT_3D ( 'NONE', #5409, #10854, #2736 ) ;
#5955 = CARTESIAN_POINT ( 'NONE',  ( -5.499999999999998224, -9.499999999999992895, 1.600000000000000089 ) ) ;
#5956 = DIRECTION ( 'NONE',  ( -0.000000000000000000, -0.000000000000000000, 1.000000000000000000 ) ) ;
#5957 = PLANE ( 'NONE',  #3063 ) ;
#5958 = LINE ( 'NONE', #6975, #10127 ) ;
#5959 = DIRECTION ( 'NONE',  ( -1.000000000000000000, 5.421010862427527100E-17, 0.000000000000000000 ) ) ;
#5960 = STYLED_ITEM ( 'NONE', ( #363 ), #9904 ) ;
#5961 = ORIENTED_EDGE ( 'NONE', *, *, #9900, .F. ) ;
#5962 = ORIENTED_EDGE ( 'NONE', *, *, #6400, .T. ) ;
#5963 = FILL_AREA_STYLE_COLOUR ( '', #1125 ) ;
#5964 =( LENGTH_UNIT ( ) NAMED_UNIT ( * ) SI_UNIT ( .MILLI., .METRE. ) );
#5965 = PLANE ( 'NONE',  #10106 ) ;
#5966 = EDGE_LOOP ( 'NONE', ( #3279, #3114, #8213, #9142, #11750, #257, #3599 ) ) ;
#5967 = FILL_AREA_STYLE_COLOUR ( '', #6516 ) ;
#5968 =( GEOMETRIC_REPRESENTATION_CONTEXT ( 3 ) GLOBAL_UNCERTAINTY_ASSIGNED_CONTEXT ( ( #3315 ) ) GLOBAL_UNIT_ASSIGNED_CONTEXT ( ( #78, #3760, #11945 ) ) REPRESENTATION_CONTEXT ( 'NONE', 'WORKASPACE' ) );
#5969 = DIRECTION ( 'NONE',  ( -1.000000000000000000, 0.000000000000000000, 0.000000000000000000 ) ) ;
#5970 = VECTOR ( 'NONE', #391, 1000.000000000000000 ) ;
#5971 = SURFACE_STYLE_USAGE ( .BOTH. , #7490 ) ;
#5972 = DIRECTION ( 'NONE',  ( 0.000000000000000000, -1.000000000000000000, 0.000000000000000000 ) ) ;
#5973 = EDGE_CURVE ( 'NONE', #1028, #11333, #8247, .T. ) ;
#5974 = UNCERTAINTY_MEASURE_WITH_UNIT (LENGTH_MEASURE( 1.000000000000000082E-05 ), #349, 'distance_accuracy_value', 'NONE');
#5975 = DIRECTION ( 'NONE',  ( 1.000000000000000000, 0.000000000000000000, 0.000000000000000000 ) ) ;
#5976 = VECTOR ( 'NONE', #1453, 1000.000000000000000 ) ;
#5977 = DIRECTION ( 'NONE',  ( 0.000000000000000000, 0.000000000000000000, -1.000000000000000000 ) ) ;
#5978 = CARTESIAN_POINT ( 'NONE',  ( 7.500000000000002665, -7.499999999999992895, 2.463966244037302911 ) ) ;
#5979 = SURFACE_SIDE_STYLE ('',( #5867 ) ) ;
#5980 = ORIENTED_EDGE ( 'NONE', *, *, #1476, .F. ) ;
#5981 = AXIS2_PLACEMENT_3D ( 'NONE', #8973, #4395, #637 ) ;
#5982 = DIRECTION ( 'NONE',  ( 0.7071067811865474617, -0.7071067811865474617, 0.000000000000000000 ) ) ;
#5983 = DIRECTION ( 'NONE',  ( -0.000000000000000000, -0.000000000000000000, 1.000000000000000000 ) ) ;
#5984 = SURFACE_STYLE_FILL_AREA ( #3373 ) ;
#5985 = UNCERTAINTY_MEASURE_WITH_UNIT (LENGTH_MEASURE( 1.000000000000000082E-05 ), #5550, 'distance_accuracy_value', 'NONE');
#5986 = LINE ( 'NONE', #8806, #6030 ) ;
#5987 = EDGE_CURVE ( 'NONE', #5824, #4145, #8369, .T. ) ;
#5988 = DIRECTION ( 'NONE',  ( 1.000000000000000000, 0.000000000000000000, 0.000000000000000000 ) ) ;
#5989 = VECTOR ( 'NONE', #10247, 1000.000000000000000 ) ;
#5990 = EDGE_CURVE ( 'NONE', #2557, #11033, #5827, .T. ) ;
#5991 = AXIS2_PLACEMENT_3D ( 'NONE', #1971, #4162, #1290 ) ;
#5992 = EDGE_CURVE ( 'NONE', #8962, #1508, #6617, .T. ) ;
#5993 =( GEOMETRIC_REPRESENTATION_CONTEXT ( 3 ) GLOBAL_UNCERTAINTY_ASSIGNED_CONTEXT ( ( #9466 ) ) GLOBAL_UNIT_ASSIGNED_CONTEXT ( ( #10589, #6006, #8046 ) ) REPRESENTATION_CONTEXT ( 'NONE', 'WORKASPACE' ) );
#5994 = ORIENTED_EDGE ( 'NONE', *, *, #31, .F. ) ;
#5995 = ORIENTED_EDGE ( 'NONE', *, *, #8925, .T. ) ;
#5996 = CARTESIAN_POINT ( 'NONE',  ( -3.999999999999993339, -13.99999999999999822, 2.122000000000000330 ) ) ;
#5997 = CARTESIAN_POINT ( 'NONE',  ( 15.00000000000000355, 0.000000000000000000, 0.000000000000000000 ) ) ;
#5998 = AXIS2_PLACEMENT_3D ( 'NONE', #4833, #8619, #336 ) ;
#5999 = FILL_AREA_STYLE ('',( #11610 ) ) ;
#6000 = CARTESIAN_POINT ( 'NONE',  ( -3.999999999999993339, -13.99999999999999822, 2.000000000000000000 ) ) ;
#6001 = VERTEX_POINT ( 'NONE', #7394 ) ;
#6002 = COLOUR_RGB ( '',0.7529411764705882248, 0.7529411764705882248, 0.7529411764705882248 ) ;
#6003 = AXIS2_PLACEMENT_3D ( 'NONE', #6357, #9183, #7248 ) ;
#6004 = EDGE_CURVE ( 'NONE', #9483, #6428, #6404, .T. ) ;
#6005 = DIRECTION ( 'NONE',  ( 0.000000000000000000, 0.000000000000000000, 1.000000000000000000 ) ) ;
#6006 =( NAMED_UNIT ( * ) PLANE_ANGLE_UNIT ( ) SI_UNIT ( $, .RADIAN. ) );
#6007 = AXIS2_PLACEMENT_3D ( 'NONE', #10977, #11149, #6559 ) ;
#6008 = COLOUR_RGB ( '',0.7529411764705882248, 0.7529411764705882248, 0.7529411764705882248 ) ;
#6009 = LINE ( 'NONE', #7016, #4118 ) ;
#6010 = ORIENTED_EDGE ( 'NONE', *, *, #427, .T. ) ;
#6011 = VERTEX_POINT ( 'NONE', #11219 ) ;
#6012 =( GEOMETRIC_REPRESENTATION_CONTEXT ( 3 ) GLOBAL_UNCERTAINTY_ASSIGNED_CONTEXT ( ( #6711 ) ) GLOBAL_UNIT_ASSIGNED_CONTEXT ( ( #2314, #563, #743 ) ) REPRESENTATION_CONTEXT ( 'NONE', 'WORKASPACE' ) );
#6013 = CARTESIAN_POINT ( 'NONE',  ( -1.013966244037302289, 2.500000000000009326, 2.100000000000000089 ) ) ;
#6014 = ORIENTED_EDGE ( 'NONE', *, *, #685, .F. ) ;
#6015 = SURFACE_STYLE_FILL_AREA ( #10661 ) ;
#6016 = UNCERTAINTY_MEASURE_WITH_UNIT (LENGTH_MEASURE( 1.000000000000000082E-05 ), #7551, 'distance_accuracy_value', 'NONE');
#6017 =( NAMED_UNIT ( * ) PLANE_ANGLE_UNIT ( ) SI_UNIT ( $, .RADIAN. ) );
#6018 = EDGE_LOOP ( 'NONE', ( #10831, #9541, #7562, #6971, #10474, #10953 ) ) ;
#6019 = CARTESIAN_POINT ( 'NONE',  ( 0.5000000000000017764, -4.499999999999998224, 1.600000000000000089 ) ) ;
#6020 = FILL_AREA_STYLE ('',( #7698 ) ) ;
#6021 = LINE ( 'NONE', #1271, #9950 ) ;
#6022 = AXIS2_PLACEMENT_3D ( 'NONE', #1730, #6773, #11477 ) ;
#6023 = AXIS2_PLACEMENT_3D ( 'NONE', #5072, #10627, #392 ) ;
#6024 = CARTESIAN_POINT ( 'NONE',  ( -7.499999999999999112, 2.500000000000009326, 2.463966244037302911 ) ) ;
#6025 = EDGE_CURVE ( 'NONE', #5108, #1345, #208, .T. ) ;
#6026 = EDGE_CURVE ( 'NONE', #6946, #8360, #9381, .T. ) ;
#6027 = LINE ( 'NONE', #561, #8196 ) ;
#6028 = CIRCLE ( 'NONE', #9667, 1.500000000000000000 ) ;
#6029 = ORIENTED_EDGE ( 'NONE', *, *, #9888, .T. ) ;
#6030 = VECTOR ( 'NONE', #6939, 1000.000000000000000 ) ;
#6031 = COLOUR_RGB ( '',1.000000000000000000, 1.000000000000000000, 0.000000000000000000 ) ;
#6032 = ORIENTED_EDGE ( 'NONE', *, *, #4000, .F. ) ;
#6033 = DIRECTION ( 'NONE',  ( 0.000000000000000000, 0.000000000000000000, -1.000000000000000000 ) ) ;
#6034 = AXIS2_PLACEMENT_3D ( 'NONE', #9419, #9370, #2971 ) ;
#6035 = DIRECTION ( 'NONE',  ( -1.000000000000000000, 0.000000000000000000, 0.000000000000000000 ) ) ;
#6036 = DIRECTION ( 'NONE',  ( 1.000000000000000000, 0.000000000000000000, 0.000000000000000000 ) ) ;
#6037 = ORIENTED_EDGE ( 'NONE', *, *, #4173, .T. ) ;
#6038 = FILL_AREA_STYLE_COLOUR ( '', #498 ) ;
#6039 = SURFACE_STYLE_FILL_AREA ( #5063 ) ;
#6040 = SURFACE_STYLE_USAGE ( .BOTH. , #8909 ) ;
#6041 = FACE_OUTER_BOUND ( 'NONE', #1991, .T. ) ;
#6042 = AXIS2_PLACEMENT_3D ( 'NONE', #8509, #7717, #3912 ) ;
#6043 = COLOUR_RGB ( '',0.7529411764705882248, 0.7529411764705882248, 0.7529411764705882248 ) ;
#6044 = CARTESIAN_POINT ( 'NONE',  ( 0.000000000000000000, 0.000000000000000000, 1.610000000000000098 ) ) ;
#6045 = CIRCLE ( 'NONE', #5241, 1.486033755962697267 ) ;
#6046 = LINE ( 'NONE', #5133, #4057 ) ;
#6047 = DIRECTION ( 'NONE',  ( 0.000000000000000000, -0.000000000000000000, -1.000000000000000000 ) ) ;
#6048 = CIRCLE ( 'NONE', #8719, 1.486033755962697267 ) ;
#6049 = AXIS2_PLACEMENT_3D ( 'NONE', #5376, #6227, #4283 ) ;
#6050 = DIRECTION ( 'NONE',  ( -1.000000000000000000, 0.000000000000000000, -0.000000000000000000 ) ) ;
#6051 = EDGE_LOOP ( 'NONE', ( #763, #787, #5585, #5225 ) ) ;
#6052 = CARTESIAN_POINT ( 'NONE',  ( -2.499999999999997780, -2.499999999999991118, 2.100000000000000089 ) ) ;
#6053 = DIRECTION ( 'NONE',  ( -1.000000000000000000, 0.000000000000000000, 0.000000000000000000 ) ) ;
#6054 = SPHERICAL_SURFACE ( 'NONE', #3961, 1.486033755962697267 ) ;
#6055 = DIRECTION ( 'NONE',  ( 1.000000000000000000, 0.000000000000000000, 0.000000000000000000 ) ) ;
#6056 = CARTESIAN_POINT ( 'NONE',  ( -2.499999999999997780, -3.986033755962688385, 2.463966244037302911 ) ) ;
#6057 = FILL_AREA_STYLE ('',( #4291 ) ) ;
#6058 =( NAMED_UNIT ( * ) SI_UNIT ( $, .STERADIAN. ) SOLID_ANGLE_UNIT ( ) );
#6059 = FILL_AREA_STYLE ('',( #5931 ) ) ;
#6060 = ORIENTED_EDGE ( 'NONE', *, *, #813, .T. ) ;
#6061 = PRESENTATION_STYLE_ASSIGNMENT (( #11208 ) ) ;
#6062 = DIRECTION ( 'NONE',  ( -0.000000000000000000, -0.000000000000000000, 1.000000000000000000 ) ) ;
#6063 =( NAMED_UNIT ( * ) PLANE_ANGLE_UNIT ( ) SI_UNIT ( $, .RADIAN. ) );
#6064 = FILL_AREA_STYLE_COLOUR ( '', #7525 ) ;
#6065 = ADVANCED_FACE ( 'NONE', ( #10051 ), #1809, .F. ) ;
#6066 = PRESENTATION_LAYER_ASSIGNMENT (  '', '', ( #11283 ) ) ;
#6067 = CIRCLE ( 'NONE', #3547, 1.486033755962697267 ) ;
#6068 = EDGE_LOOP ( 'NONE', ( #2767, #5663, #803, #1197 ) ) ;
#6069 = VECTOR ( 'NONE', #2184, 1000.000000000000000 ) ;
#6070 = FILL_AREA_STYLE_COLOUR ( '', #10604 ) ;
#6071 = FACE_OUTER_BOUND ( 'NONE', #7122, .T. ) ;
#6072 = CIRCLE ( 'NONE', #7407, 1.500000000000000000 ) ;
#6073 = CARTESIAN_POINT ( 'NONE',  ( -11.34999999999999254, 11.35000000000000142, 0.000000000000000000 ) ) ;
#6074 = ORIENTED_EDGE ( 'NONE', *, *, #5131, .T. ) ;
#6075 = ORIENTED_EDGE ( 'NONE', *, *, #10258, .T. ) ;
#6076 = ADVANCED_FACE ( 'NONE', ( #2290 ), #3998, .F. ) ;
#6077 = COLOUR_RGB ( '',0.5019607843137254832, 0.5019607843137254832, 0.5019607843137254832 ) ;
#6078 = SURFACE_STYLE_USAGE ( .BOTH. , #1440 ) ;
#6079 = ORIENTED_EDGE ( 'NONE', *, *, #6396, .F. ) ;
#6080 = PRESENTATION_STYLE_ASSIGNMENT (( #1324 ) ) ;
#6081 = DIRECTION ( 'NONE',  ( -0.000000000000000000, -0.000000000000000000, 1.000000000000000000 ) ) ;
#6082 = ORIENTED_EDGE ( 'NONE', *, *, #11450, .T. ) ;
#6083 = CARTESIAN_POINT ( 'NONE',  ( 2.500000000000000444, 2.500000000000007550, 2.100000000000000089 ) ) ;
#6084 = CARTESIAN_POINT ( 'NONE',  ( -3.937966927851557219, -13.25634056284504858, 1.610000000000000098 ) ) ;
#6085 = VECTOR ( 'NONE', #5418, 1000.000000000000000 ) ;
#6086 = CARTESIAN_POINT ( 'NONE',  ( 7.500000000000001776, -2.499999999999992895, 2.100000000000000089 ) ) ;
#6087 = CARTESIAN_POINT ( 'NONE',  ( -3.999999999999993339, -13.99999999999999822, 2.122000000000000330 ) ) ;
#6088 = FILL_AREA_STYLE ('',( #1505 ) ) ;
#6089 = EDGE_CURVE ( 'NONE', #271, #1338, #6960, .T. ) ;
#6090 = ORIENTED_EDGE ( 'NONE', *, *, #9858, .F. ) ;
#6091 = VECTOR ( 'NONE', #2097, 1000.000000000000000 ) ;
#6092 = ORIENTED_EDGE ( 'NONE', *, *, #7268, .F. ) ;
#6093 = CIRCLE ( 'NONE', #280, 1.386033755962697844 ) ;
#6094 = EDGE_CURVE ( 'NONE', #2307, #2606, #2237, .T. ) ;
#6095 = CARTESIAN_POINT ( 'NONE',  ( 5.395973916753827204, 12.34027113312489909, 1.600000000000000089 ) ) ;
#6096 = FILL_AREA_STYLE ('',( #10744 ) ) ;
#6097 = FILL_AREA_STYLE ('',( #4022 ) ) ;
#6098 = DIRECTION ( 'NONE',  ( -0.000000000000000000, -0.000000000000000000, 1.000000000000000000 ) ) ;
#6099 = ADVANCED_FACE ( 'NONE', ( #1147 ), #8534, .F. ) ;
#6100 = ORIENTED_EDGE ( 'NONE', *, *, #4615, .F. ) ;
#6101 = CARTESIAN_POINT ( 'NONE',  ( -4.500000000000001776, 5.499999999999991118, 1.600000000000000089 ) ) ;
#6102 = DIRECTION ( 'NONE',  ( 0.000000000000000000, 1.000000000000000000, 0.000000000000000000 ) ) ;
#6103 = VECTOR ( 'NONE', #3754, 1000.000000000000000 ) ;
#6104 = VECTOR ( 'NONE', #6693, 1000.000000000000000 ) ;
#6105 = EDGE_CURVE ( 'NONE', #3966, #2840, #5154, .T. ) ;
#6106 = CARTESIAN_POINT ( 'NONE',  ( -11.34999999999999254, 11.35000000000000142, 1.600000000000000089 ) ) ;
#6107 = FACE_OUTER_BOUND ( 'NONE', #2431, .T. ) ;
#6108 = MECHANICAL_DESIGN_GEOMETRIC_PRESENTATION_REPRESENTATION (  '', ( #10540 ), #4163 ) ;
#6109 = FILL_AREA_STYLE ('',( #3246 ) ) ;
#6110 = ADVANCED_FACE ( 'NONE', ( #10649 ), #6186, .F. ) ;
#6111 = VERTEX_POINT ( 'NONE', #8938 ) ;
#6112 = FILL_AREA_STYLE ('',( #8215 ) ) ;
#6113 = PRODUCT_CONTEXT ( 'NONE', #3758, 'mechanical' ) ;
#6114 = SURFACE_SIDE_STYLE ('',( #5984 ) ) ;
#6115 = CARTESIAN_POINT ( 'NONE',  ( 7.500000000000001776, -2.499999999999992895, 2.463966244037302911 ) ) ;
#6116 = MECHANICAL_DESIGN_GEOMETRIC_PRESENTATION_REPRESENTATION (  '', ( #9954 ), #2034 ) ;
#6117 = UNCERTAINTY_MEASURE_WITH_UNIT (LENGTH_MEASURE( 1.000000000000000082E-05 ), #11179, 'distance_accuracy_value', 'NONE');
#6118 = VECTOR ( 'NONE', #7419, 1000.000000000000000 ) ;
#6119 = CARTESIAN_POINT ( 'NONE',  ( -2.499999999999999556, 7.500000000000007994, 2.463966244037302911 ) ) ;
#6120 =( LENGTH_UNIT ( ) NAMED_UNIT ( * ) SI_UNIT ( .MILLI., .METRE. ) );
#6121 = VERTEX_POINT ( 'NONE', #3453 ) ;
#6122 = LINE ( 'NONE', #9788, #11251 ) ;
#6123 = SURFACE_SIDE_STYLE ('',( #6838 ) ) ;
#6124 = SPHERICAL_SURFACE ( 'NONE', #8494, 1.486033755962697267 ) ;
#6125 = VECTOR ( 'NONE', #11162, 1000.000000000000000 ) ;
#6126 = FILL_AREA_STYLE_COLOUR ( '', #10325 ) ;
#6127 = ORIENTED_EDGE ( 'NONE', *, *, #9507, .F. ) ;
#6128 = CARTESIAN_POINT ( 'NONE',  ( -5.395973916753827204, -12.34027113312490620, 1.600000000000000089 ) ) ;
#6129 =( LENGTH_UNIT ( ) NAMED_UNIT ( * ) SI_UNIT ( .MILLI., .METRE. ) );
#6130 = MECHANICAL_DESIGN_GEOMETRIC_PRESENTATION_REPRESENTATION (  '', ( #3030 ), #1276 ) ;
#6131 =( GEOMETRIC_REPRESENTATION_CONTEXT ( 3 ) GLOBAL_UNCERTAINTY_ASSIGNED_CONTEXT ( ( #7449 ) ) GLOBAL_UNIT_ASSIGNED_CONTEXT ( ( #7513, #4063, #7750 ) ) REPRESENTATION_CONTEXT ( 'NONE', 'WORKASPACE' ) );
#6132 = FACE_OUTER_BOUND ( 'NONE', #10554, .T. ) ;
#6133 = VERTEX_POINT ( 'NONE', #8106 ) ;
#6134 = EDGE_LOOP ( 'NONE', ( #6375, #8728 ) ) ;
#6135 = ORIENTED_EDGE ( 'NONE', *, *, #2133, .F. ) ;
#6136 = DIRECTION ( 'NONE',  ( 1.000000000000000000, 0.000000000000000000, 0.000000000000000000 ) ) ;
#6137 = CLOSED_SHELL ( 'NONE', ( #7899, #4700, #9611, #8709, #10489 ) ) ;
#6138 = UNCERTAINTY_MEASURE_WITH_UNIT (LENGTH_MEASURE( 1.000000000000000082E-05 ), #8573, 'distance_accuracy_value', 'NONE');
#6139 = DIRECTION ( 'NONE',  ( 1.000000000000000000, 0.000000000000000000, 0.000000000000000000 ) ) ;
#6140 = VERTEX_POINT ( 'NONE', #7924 ) ;
#6141 = SURFACE_STYLE_USAGE ( .BOTH. , #1624 ) ;
#6142 = CIRCLE ( 'NONE', #11351, 1.386033755962696956 ) ;
#6143 = CYLINDRICAL_SURFACE ( 'NONE', #10400, 1.600000000000002531 ) ;
#6144 = UNCERTAINTY_MEASURE_WITH_UNIT (LENGTH_MEASURE( 1.000000000000000082E-05 ), #3028, 'distance_accuracy_value', 'NONE');
#6145 = CARTESIAN_POINT ( 'NONE',  ( 0.5000000000000009992, 0.4999999999999970024, 2.100000000000000089 ) ) ;
#6146 = ADVANCED_FACE ( 'NONE', ( #1609 ), #1433, .T. ) ;
#6147 = VECTOR ( 'NONE', #11429, 1000.000000000000114 ) ;
#6148 = EDGE_CURVE ( 'NONE', #5351, #11178, #3303, .T. ) ;
#6149 = ORIENTED_EDGE ( 'NONE', *, *, #3917, .F. ) ;
#6150 = ORIENTED_EDGE ( 'NONE', *, *, #2361, .F. ) ;
#6151 = DIRECTION ( 'NONE',  ( 1.000000000000000000, 0.000000000000000000, 0.000000000000000000 ) ) ;
#6152 = CARTESIAN_POINT ( 'NONE',  ( -1.113966244037302600, 2.500000000000009326, 2.463966244037302911 ) ) ;
#6153 = SURFACE_SIDE_STYLE ('',( #2452 ) ) ;
#6154 = ORIENTED_EDGE ( 'NONE', *, *, #6871, .T. ) ;
#6155 = CARTESIAN_POINT ( 'NONE',  ( 9.500000000000000000, 4.499999999999996447, 2.100000000000000089 ) ) ;
#6156 = SURFACE_STYLE_FILL_AREA ( #4516 ) ;
#6157 = DIRECTION ( 'NONE',  ( -1.000000000000000000, 0.000000000000000000, -0.000000000000000000 ) ) ;
#6158 = PRESENTATION_LAYER_ASSIGNMENT (  '', '', ( #10011 ) ) ;
#6159 = FILL_AREA_STYLE_COLOUR ( '', #958 ) ;
#6160 = EDGE_CURVE ( 'NONE', #9450, #9014, #4481, .T. ) ;
#6161 = LINE ( 'NONE', #5130, #1167 ) ;
#6162 = CARTESIAN_POINT ( 'NONE',  ( 0.000000000000000000, 0.000000000000000000, 1.610000000000000098 ) ) ;
#6163 = CARTESIAN_POINT ( 'NONE',  ( 1.013966244037303177, 2.500000000000007550, 2.100000000000000089 ) ) ;
#6164 = MECHANICAL_DESIGN_GEOMETRIC_PRESENTATION_REPRESENTATION (  '', ( #11372 ), #7109 ) ;
#6165 = EDGE_LOOP ( 'NONE', ( #8830, #11676, #6194, #11822 ) ) ;
#6166 = LINE ( 'NONE', #5448, #11719 ) ;
#6167 = CARTESIAN_POINT ( 'NONE',  ( 15.00000000000000355, -11.34999999999999964, 1.600000000000000089 ) ) ;
#6168 = CARTESIAN_POINT ( 'NONE',  ( -3.938484042898491744, -12.34027113312490620, 1.610000000000000098 ) ) ;
#6169 = ADVANCED_FACE ( 'NONE', ( #1851 ), #9244, .F. ) ;
#6170 = ADVANCED_FACE ( 'NONE', ( #2726 ), #1913, .F. ) ;
#6171 = CARTESIAN_POINT ( 'NONE',  ( -2.499999999999999556, 2.500000000000009326, 2.463966244037302911 ) ) ;
#6172 = ADVANCED_FACE ( 'NONE', ( #8289 ), #11079, .F. ) ;
#6173 = AXIS2_PLACEMENT_3D ( 'NONE', #9530, #833, #1771 ) ;
#6174 = CYLINDRICAL_SURFACE ( 'NONE', #7925, 1.600000000000002531 ) ;
#6175 = STYLED_ITEM ( 'NONE', ( #7075 ), #5275 ) ;
#6176 = ORIENTED_EDGE ( 'NONE', *, *, #671, .F. ) ;
#6177 =( NAMED_UNIT ( * ) PLANE_ANGLE_UNIT ( ) SI_UNIT ( $, .RADIAN. ) );
#6178 = ORIENTED_EDGE ( 'NONE', *, *, #8821, .T. ) ;
#6179 =( NAMED_UNIT ( * ) PLANE_ANGLE_UNIT ( ) SI_UNIT ( $, .RADIAN. ) );
#6180 = DIRECTION ( 'NONE',  ( 0.000000000000000000, -1.000000000000000000, 0.000000000000000000 ) ) ;
#6181 = SURFACE_SIDE_STYLE ('',( #6894 ) ) ;
#6182 = CARTESIAN_POINT ( 'NONE',  ( 4.000000000000003553, 60.00000000000000711, 1.800000000000000044 ) ) ;
#6183 = FACE_OUTER_BOUND ( 'NONE', #145, .T. ) ;
#6184 = ORIENTED_EDGE ( 'NONE', *, *, #3824, .T. ) ;
#6185 = MECHANICAL_DESIGN_GEOMETRIC_PRESENTATION_REPRESENTATION (  '', ( #1504 ), #5407 ) ;
#6186 = PLANE ( 'NONE',  #10458 ) ;
#6187 = AXIS2_PLACEMENT_3D ( 'NONE', #240, #7673, #9367 ) ;
#6188 = DIRECTION ( 'NONE',  ( 0.000000000000000000, -1.000000000000000000, 0.000000000000000000 ) ) ;
#6189 = EDGE_CURVE ( 'NONE', #2615, #45, #3503, .T. ) ;
#6190 = CARTESIAN_POINT ( 'NONE',  ( 7.500000000000000000, 7.500000000000007105, 2.100000000000000089 ) ) ;
#6191 = SURFACE_SIDE_STYLE ('',( #729 ) ) ;
#6192 = SURFACE_STYLE_FILL_AREA ( #610 ) ;
#6193 = VECTOR ( 'NONE', #11229, 1000.000000000000000 ) ;
#6194 = ORIENTED_EDGE ( 'NONE', *, *, #10668, .F. ) ;
#6195 = PRESENTATION_LAYER_ASSIGNMENT (  '', '', ( #2504 ) ) ;
#6196 = EDGE_LOOP ( 'NONE', ( #3575, #10789 ) ) ;
#6197 =( GEOMETRIC_REPRESENTATION_CONTEXT ( 3 ) GLOBAL_UNCERTAINTY_ASSIGNED_CONTEXT ( ( #4895 ) ) GLOBAL_UNIT_ASSIGNED_CONTEXT ( ( #8738, #11586, #5259 ) ) REPRESENTATION_CONTEXT ( 'NONE', 'WORKASPACE' ) );
#6198 = VERTEX_POINT ( 'NONE', #8231 ) ;
#6199 = MECHANICAL_DESIGN_GEOMETRIC_PRESENTATION_REPRESENTATION (  '', ( #9448 ), #9270 ) ;
#6200 = ORIENTED_EDGE ( 'NONE', *, *, #540, .T. ) ;
#6201 = DIRECTION ( 'NONE',  ( -0.000000000000000000, -0.000000000000000000, 1.000000000000000000 ) ) ;
#6202 = STYLED_ITEM ( 'NONE', ( #3653 ), #5623 ) ;
#6203 = DIRECTION ( 'NONE',  ( -0.000000000000000000, -0.000000000000000000, 1.000000000000000000 ) ) ;
#6204 =( LENGTH_UNIT ( ) NAMED_UNIT ( * ) SI_UNIT ( .MILLI., .METRE. ) );
#6205 = STYLED_ITEM ( 'NONE', ( #828 ), #4201 ) ;
#6206 = VECTOR ( 'NONE', #4752, 1000.000000000000000 ) ;
#6207 = VERTEX_POINT ( 'NONE', #6485 ) ;
#6208 = VERTEX_POINT ( 'NONE', #10161 ) ;
#6209 = FACE_OUTER_BOUND ( 'NONE', #10290, .T. ) ;
#6210 = CARTESIAN_POINT ( 'NONE',  ( -7.499999999999997335, -7.499999999999990230, 2.100000000000000089 ) ) ;
#6211 = VECTOR ( 'NONE', #1932, 1000.000000000000000 ) ;
#6212 =( GEOMETRIC_REPRESENTATION_CONTEXT ( 3 ) GLOBAL_UNCERTAINTY_ASSIGNED_CONTEXT ( ( #4683 ) ) GLOBAL_UNIT_ASSIGNED_CONTEXT ( ( #8854, #5137, #8800 ) ) REPRESENTATION_CONTEXT ( 'NONE', 'WORKASPACE' ) );
#6213 = CYLINDRICAL_SURFACE ( 'NONE', #7130, 1.600000000000002531 ) ;
#6214 = ORIENTED_EDGE ( 'NONE', *, *, #5406, .F. ) ;
#6215 = DIRECTION ( 'NONE',  ( -0.000000000000000000, -0.000000000000000000, 1.000000000000000000 ) ) ;
#6216 = ADVANCED_FACE ( 'NONE', ( #5587 ), #3741, .F. ) ;
#6217 = PRESENTATION_LAYER_ASSIGNMENT (  '', '', ( #2921 ) ) ;
#6218 = CARTESIAN_POINT ( 'NONE',  ( 2.499999999999999556, 7.500000000000007105, 2.463966244037302911 ) ) ;
#6219 = MECHANICAL_DESIGN_GEOMETRIC_PRESENTATION_REPRESENTATION (  '', ( #9655 ), #9091 ) ;
#6220 = DIRECTION ( 'NONE',  ( -0.000000000000000000, -0.000000000000000000, 1.000000000000000000 ) ) ;
#6221 = AXIS2_PLACEMENT_3D ( 'NONE', #4302, #7982, #3390 ) ;
#6222 = AXIS2_PLACEMENT_3D ( 'NONE', #4462, #834, #6229 ) ;
#6223 = FACE_OUTER_BOUND ( 'NONE', #1633, .T. ) ;
#6224 = AXIS2_PLACEMENT_3D ( 'NONE', #11425, #3144, #11373 ) ;
#6225 = UNCERTAINTY_MEASURE_WITH_UNIT (LENGTH_MEASURE( 1.000000000000000082E-05 ), #6372, 'distance_accuracy_value', 'NONE');
#6226 = FACE_OUTER_BOUND ( 'NONE', #5642, .T. ) ;
#6227 = DIRECTION ( 'NONE',  ( -0.000000000000000000, -0.000000000000000000, 1.000000000000000000 ) ) ;
#6228 = FILL_AREA_STYLE_COLOUR ( '', #9044 ) ;
#6229 = DIRECTION ( 'NONE',  ( 1.000000000000000000, 0.000000000000000000, 0.000000000000000000 ) ) ;
#6230 = ORIENTED_EDGE ( 'NONE', *, *, #11584, .F. ) ;
#6231 = ADVANCED_FACE ( 'NONE', ( #9476 ), #11420, .F. ) ;
#6232 = DIRECTION ( 'NONE',  ( -1.000000000000000000, 0.000000000000000000, 0.000000000000000000 ) ) ;
#6233 = VECTOR ( 'NONE', #2471, 1000.000000000000000 ) ;
#6234 = MECHANICAL_DESIGN_GEOMETRIC_PRESENTATION_REPRESENTATION (  '', ( #1554 ), #9882 ) ;
#6235 = DIRECTION ( 'NONE',  ( 1.000000000000000000, 0.000000000000000000, 0.000000000000000000 ) ) ;
#6236 =( NAMED_UNIT ( * ) PLANE_ANGLE_UNIT ( ) SI_UNIT ( $, .RADIAN. ) );
#6237 = UNCERTAINTY_MEASURE_WITH_UNIT (LENGTH_MEASURE( 1.000000000000000082E-05 ), #8939, 'distance_accuracy_value', 'NONE');
#6238 =( NAMED_UNIT ( * ) PLANE_ANGLE_UNIT ( ) SI_UNIT ( $, .RADIAN. ) );
#6239 = VECTOR ( 'NONE', #3568, 1000.000000000000000 ) ;
#6240 = DIRECTION ( 'NONE',  ( -0.000000000000000000, -0.000000000000000000, 1.000000000000000000 ) ) ;
#6241 = SPHERICAL_SURFACE ( 'NONE', #3976, 1.486033755962697267 ) ;
#6242 = CARTESIAN_POINT ( 'NONE',  ( -9.500000000000001776, 5.499999999999991118, 2.100000000000000089 ) ) ;
#6243 = AXIS2_PLACEMENT_3D ( 'NONE', #2640, #5562, #7353 ) ;
#6244 = PRESENTATION_LAYER_ASSIGNMENT (  '', '', ( #3707 ) ) ;
#6245 = EDGE_LOOP ( 'NONE', ( #6756, #8642, #2435, #1910, #3222 ) ) ;
#6246 =( LENGTH_UNIT ( ) NAMED_UNIT ( * ) SI_UNIT ( .MILLI., .METRE. ) );
#6247 = ORIENTED_EDGE ( 'NONE', *, *, #1488, .T. ) ;
#6248 = DIRECTION ( 'NONE',  ( 1.000000000000000000, 0.000000000000000000, 0.000000000000000000 ) ) ;
#6249 =( LENGTH_UNIT ( ) NAMED_UNIT ( * ) SI_UNIT ( .MILLI., .METRE. ) );
#6250 = SURFACE_STYLE_FILL_AREA ( #9057 ) ;
#6251 = ADVANCED_FACE ( 'NONE', ( #6885, #3138 ), #8685, .T. ) ;
#6252 = SURFACE_STYLE_FILL_AREA ( #5208 ) ;
#6253 =( NAMED_UNIT ( * ) SI_UNIT ( $, .STERADIAN. ) SOLID_ANGLE_UNIT ( ) );
#6254 = EDGE_LOOP ( 'NONE', ( #8007, #10487, #3995, #8036, #5830 ) ) ;
#6255 = ADVANCED_FACE ( 'NONE', ( #3925 ), #6824, .F. ) ;
#6256 = COLOUR_RGB ( '',1.000000000000000000, 1.000000000000000000, 0.000000000000000000 ) ;
#6257 = CIRCLE ( 'NONE', #8720, 1.486033755962697267 ) ;
#6258 = PRESENTATION_STYLE_ASSIGNMENT (( #4185 ) ) ;
#6259 = SURFACE_STYLE_FILL_AREA ( #4669 ) ;
#6260 = CARTESIAN_POINT ( 'NONE',  ( -9.500000000000001776, 9.499999999999991118, 2.100000000000000089 ) ) ;
#6261 = CARTESIAN_POINT ( 'NONE',  ( -7.499999999999997335, -2.499999999999990230, 2.100000000000000089 ) ) ;
#6262 = ORIENTED_EDGE ( 'NONE', *, *, #162, .T. ) ;
#6263 = MECHANICAL_DESIGN_GEOMETRIC_PRESENTATION_REPRESENTATION (  '', ( #9703 ), #11447 ) ;
#6264 = AXIS2_PLACEMENT_3D ( 'NONE', #9572, #10438, #5850 ) ;
#6265 = VERTEX_POINT ( 'NONE', #7057 ) ;
#6266 = DIRECTION ( 'NONE',  ( -1.000000000000000000, 0.000000000000000000, 0.000000000000000000 ) ) ;
#6267 = ORIENTED_EDGE ( 'NONE', *, *, #11520, .T. ) ;
#6268 = CARTESIAN_POINT ( 'NONE',  ( 7.500000000000000000, 7.500000000000007105, 2.463966244037302911 ) ) ;
#6269 = VERTEX_POINT ( 'NONE', #3316 ) ;
#6270 = PRESENTATION_LAYER_ASSIGNMENT (  '', '', ( #2378 ) ) ;
#6271 = CARTESIAN_POINT ( 'NONE',  ( -2.499999999999999556, 7.500000000000007994, 2.100000000000000089 ) ) ;
#6272 = UNCERTAINTY_MEASURE_WITH_UNIT (LENGTH_MEASURE( 1.000000000000000082E-05 ), #2480, 'distance_accuracy_value', 'NONE');
#6273 =( GEOMETRIC_REPRESENTATION_CONTEXT ( 3 ) GLOBAL_UNCERTAINTY_ASSIGNED_CONTEXT ( ( #9493 ) ) GLOBAL_UNIT_ASSIGNED_CONTEXT ( ( #108, #10019, #3728 ) ) REPRESENTATION_CONTEXT ( 'NONE', 'WORKASPACE' ) );
#6274 = FACE_OUTER_BOUND ( 'NONE', #11909, .T. ) ;
#6275 = SURFACE_STYLE_USAGE ( .BOTH. , #8899 ) ;
#6276 = VECTOR ( 'NONE', #2437, 1000.000000000000000 ) ;
#6277 = VERTEX_POINT ( 'NONE', #10887 ) ;
#6278 = ORIENTED_EDGE ( 'NONE', *, *, #10650, .F. ) ;
#6279 = PRESENTATION_STYLE_ASSIGNMENT (( #3482 ) ) ;
#6280 = EDGE_CURVE ( 'NONE', #10707, #2376, #8985, .T. ) ;
#6281 = CARTESIAN_POINT ( 'NONE',  ( 3.986033755962697711, 2.500000000000007550, 2.100000000000000089 ) ) ;
#6282 = FACE_OUTER_BOUND ( 'NONE', #9198, .T. ) ;
#6283 = ORIENTED_EDGE ( 'NONE', *, *, #2236, .T. ) ;
#6284 =( NAMED_UNIT ( * ) PLANE_ANGLE_UNIT ( ) SI_UNIT ( $, .RADIAN. ) );
#6285 = DIRECTION ( 'NONE',  ( 5.421010862427526484E-17, 1.000000000000000000, 0.000000000000000000 ) ) ;
#6286 = MECHANICAL_DESIGN_GEOMETRIC_PRESENTATION_REPRESENTATION (  '', ( #2397 ), #4140 ) ;
#6287 = FACE_OUTER_BOUND ( 'NONE', #6689, .T. ) ;
#6288 = AXIS2_PLACEMENT_3D ( 'NONE', #6620, #4799, #194 ) ;
#6289 = FILL_AREA_STYLE_COLOUR ( '', #9664 ) ;
#6290 = DIRECTION ( 'NONE',  ( -1.000000000000000000, -4.336808689942015764E-16, 0.000000000000000000 ) ) ;
#6291 = SURFACE_STYLE_FILL_AREA ( #9958 ) ;
#6292 = DIRECTION ( 'NONE',  ( 1.000000000000000000, 0.000000000000000000, 0.000000000000000000 ) ) ;
#6293 = PRESENTATION_STYLE_ASSIGNMENT (( #2586 ) ) ;
#6294 = ORIENTED_EDGE ( 'NONE', *, *, #5659, .F. ) ;
#6295 = PRESENTATION_STYLE_ASSIGNMENT (( #7242 ) ) ;
#6296 = STYLED_ITEM ( 'NONE', ( #3697 ), #8058 ) ;
#6297 = LINE ( 'NONE', #2705, #7666 ) ;
#6298 = FILL_AREA_STYLE ('',( #8922 ) ) ;
#6299 = AXIS2_PLACEMENT_3D ( 'NONE', #7055, #10698, #5193 ) ;
#6300 =( NAMED_UNIT ( * ) SI_UNIT ( $, .STERADIAN. ) SOLID_ANGLE_UNIT ( ) );
#6301 = EDGE_CURVE ( 'NONE', #8722, #7023, #9781, .T. ) ;
#6302 = DIRECTION ( 'NONE',  ( 1.000000000000000000, 0.000000000000000000, 0.000000000000000000 ) ) ;
#6303 =( GEOMETRIC_REPRESENTATION_CONTEXT ( 3 ) GLOBAL_UNCERTAINTY_ASSIGNED_CONTEXT ( ( #7793 ) ) GLOBAL_UNIT_ASSIGNED_CONTEXT ( ( #5760, #10336, #2957 ) ) REPRESENTATION_CONTEXT ( 'NONE', 'WORKASPACE' ) );
#6304 = ORIENTED_EDGE ( 'NONE', *, *, #3939, .T. ) ;
#6305 = EDGE_CURVE ( 'NONE', #2622, #5478, #11666, .T. ) ;
#6306 = SURFACE_SIDE_STYLE ('',( #2597 ) ) ;
#6307 = ORIENTED_EDGE ( 'NONE', *, *, #8584, .T. ) ;
#6308 = CARTESIAN_POINT ( 'NONE',  ( -7.499999999999997335, -1.013966244037292741, 2.463966244037302911 ) ) ;
#6309 = FACE_BOUND ( 'NONE', #4930, .T. ) ;
#6310 = CARTESIAN_POINT ( 'NONE',  ( -2.499999999999999556, 7.500000000000007994, 2.463966244037302911 ) ) ;
#6311 = AXIS2_PLACEMENT_3D ( 'NONE', #6942, #8687, #7971 ) ;
#6312 = DIRECTION ( 'NONE',  ( 0.000000000000000000, 0.000000000000000000, 1.000000000000000000 ) ) ;
#6313 = FILL_AREA_STYLE_COLOUR ( '', #4061 ) ;
#6314 = PLANE ( 'NONE',  #7611 ) ;
#6315 = VERTEX_POINT ( 'NONE', #6056 ) ;
#6316 = AXIS2_PLACEMENT_3D ( 'NONE', #6052, #10886, #9907 ) ;
#6317 = CARTESIAN_POINT ( 'NONE',  ( 12.94999999999999396, 11.35000000000000142, 1.600000000000000089 ) ) ;
#6318 = FILL_AREA_STYLE_COLOUR ( '', #626 ) ;
#6319 = EDGE_CURVE ( 'NONE', #10526, #199, #7968, .T. ) ;
#6320 = PLANE ( 'NONE',  #6944 ) ;
#6321 = DIRECTION ( 'NONE',  ( 1.000000000000000000, 0.000000000000000000, 0.000000000000000000 ) ) ;
#6322 = ORIENTED_EDGE ( 'NONE', *, *, #10148, .F. ) ;
#6323 = EDGE_LOOP ( 'NONE', ( #2453, #5205 ) ) ;
#6324 = AXIS2_PLACEMENT_3D ( 'NONE', #1177, #4088, #7598 ) ;
#6325 = ORIENTED_EDGE ( 'NONE', *, *, #5948, .F. ) ;
#6326 = PRESENTATION_STYLE_ASSIGNMENT (( #8362 ) ) ;
#6327 = ORIENTED_EDGE ( 'NONE', *, *, #4487, .T. ) ;
#6328 = CARTESIAN_POINT ( 'NONE',  ( 3.938067150261761462, 13.07828276910688636, 1.610000000000000098 ) ) ;
#6329 =( LENGTH_UNIT ( ) NAMED_UNIT ( * ) SI_UNIT ( .MILLI., .METRE. ) );
#6330 = ORIENTED_EDGE ( 'NONE', *, *, #3863, .F. ) ;
#6331 =( LENGTH_UNIT ( ) NAMED_UNIT ( * ) SI_UNIT ( .MILLI., .METRE. ) );
#6332 = VECTOR ( 'NONE', #11631, 1000.000000000000000 ) ;
#6333 = EDGE_CURVE ( 'NONE', #6807, #5147, #7180, .T. ) ;
#6334 = DIRECTION ( 'NONE',  ( 0.000000000000000000, -0.000000000000000000, -1.000000000000000000 ) ) ;
#6335 = EDGE_CURVE ( 'NONE', #9433, #11090, #2342, .T. ) ;
#6336 = ORIENTED_EDGE ( 'NONE', *, *, #7251, .F. ) ;
#6337 = ORIENTED_EDGE ( 'NONE', *, *, #1021, .F. ) ;
#6338 = PRESENTATION_STYLE_ASSIGNMENT (( #9947 ) ) ;
#6339 = DIRECTION ( 'NONE',  ( 1.000000000000000000, 0.000000000000000000, 0.000000000000000000 ) ) ;
#6340 = AXIS2_PLACEMENT_3D ( 'NONE', #5328, #766, #10819 ) ;
#6341 = DIRECTION ( 'NONE',  ( 1.000000000000000000, 0.000000000000000000, 0.000000000000000000 ) ) ;
#6342 = PRESENTATION_STYLE_ASSIGNMENT (( #2635 ) ) ;
#6343 = ORIENTED_EDGE ( 'NONE', *, *, #441, .F. ) ;
#6344 =( NAMED_UNIT ( * ) SI_UNIT ( $, .STERADIAN. ) SOLID_ANGLE_UNIT ( ) );
#6345 = DIRECTION ( 'NONE',  ( 0.000000000000000000, 0.000000000000000000, -1.000000000000000000 ) ) ;
#6346 = EDGE_CURVE ( 'NONE', #1617, #2447, #11730, .T. ) ;
#6347 = DIRECTION ( 'NONE',  ( 0.000000000000000000, 1.000000000000000000, 0.000000000000000000 ) ) ;
#6348 = DIRECTION ( 'NONE',  ( 0.000000000000000000, 1.000000000000000000, 0.000000000000000000 ) ) ;
#6349 =( NAMED_UNIT ( * ) SI_UNIT ( $, .STERADIAN. ) SOLID_ANGLE_UNIT ( ) );
#6350 =( LENGTH_UNIT ( ) NAMED_UNIT ( * ) SI_UNIT ( .MILLI., .METRE. ) );
#6351 = PRESENTATION_STYLE_ASSIGNMENT (( #4400 ) ) ;
#6352 = ORIENTED_EDGE ( 'NONE', *, *, #10724, .T. ) ;
#6353 = STYLED_ITEM ( 'NONE', ( #278 ), #9547 ) ;
#6354 = CONICAL_SURFACE ( 'NONE', #5953, 0.1999999999999996503, 0.0001745329251994333440 ) ;
#6355 = UNCERTAINTY_MEASURE_WITH_UNIT (LENGTH_MEASURE( 1.000000000000000082E-05 ), #7194, 'distance_accuracy_value', 'NONE');
#6356 = PRESENTATION_STYLE_ASSIGNMENT (( #839 ) ) ;
#6357 = CARTESIAN_POINT ( 'NONE',  ( 7.500000000000002665, -7.499999999999992895, 2.100000000000000089 ) ) ;
#6358 = PRESENTATION_LAYER_ASSIGNMENT (  '', '', ( #5960 ) ) ;
#6359 = ORIENTED_EDGE ( 'NONE', *, *, #5183, .T. ) ;
#6360 = EDGE_LOOP ( 'NONE', ( #4385, #1940, #4636, #8968 ) ) ;
#6361 = VECTOR ( 'NONE', #1483, 1000.000000000000000 ) ;
#6362 = CARTESIAN_POINT ( 'NONE',  ( 7.500000000000000000, 7.500000000000007105, 2.463966244037302911 ) ) ;
#6363 = FILL_AREA_STYLE_COLOUR ( '', #10996 ) ;
#6364 = DIRECTION ( 'NONE',  ( -1.000000000000000000, 0.000000000000000000, -0.000000000000000000 ) ) ;
#6365 = EDGE_LOOP ( 'NONE', ( #370, #4099, #8194, #3586 ) ) ;
#6366 = SPHERICAL_SURFACE ( 'NONE', #9011, 1.486033755962697267 ) ;
#6367 = ORIENTED_CLOSED_SHELL ( 'NONE', *, #7672, .F. );
#6368 = CARTESIAN_POINT ( 'NONE',  ( 8.986033755962699487, -7.499999999999992895, 2.463966244037302911 ) ) ;
#6369 = MECHANICAL_DESIGN_GEOMETRIC_PRESENTATION_REPRESENTATION (  '', ( #167 ), #1900 ) ;
#6370 = VECTOR ( 'NONE', #6982, 1000.000000000000000 ) ;
#6371 = SURFACE_STYLE_FILL_AREA ( #3633 ) ;
#6372 =( LENGTH_UNIT ( ) NAMED_UNIT ( * ) SI_UNIT ( .MILLI., .METRE. ) );
#6373 = VERTEX_POINT ( 'NONE', #10701 ) ;
#6374 = EDGE_LOOP ( 'NONE', ( #7388, #1254, #5570, #11765 ) ) ;
#6375 = ORIENTED_EDGE ( 'NONE', *, *, #6004, .F. ) ;
#6376 = VERTEX_POINT ( 'NONE', #3438 ) ;
#6377 =( GEOMETRIC_REPRESENTATION_CONTEXT ( 3 ) GLOBAL_UNCERTAINTY_ASSIGNED_CONTEXT ( ( #9619 ) ) GLOBAL_UNIT_ASSIGNED_CONTEXT ( ( #8703, #7866, #2240 ) ) REPRESENTATION_CONTEXT ( 'NONE', 'WORKASPACE' ) );
#6378 = DIRECTION ( 'NONE',  ( 0.000000000000000000, -1.000000000000000000, 0.000000000000000000 ) ) ;
#6379 = ORIENTED_EDGE ( 'NONE', *, *, #6873, .F. ) ;
#6380 = EDGE_CURVE ( 'NONE', #7521, #1028, #5986, .T. ) ;
#6381 = MECHANICAL_DESIGN_GEOMETRIC_PRESENTATION_REPRESENTATION (  '', ( #7133 ), #11009 ) ;
#6382 = DIRECTION ( 'NONE',  ( 0.000000000000000000, -1.000000000000000000, 0.000000000000000000 ) ) ;
#6383 = FILL_AREA_STYLE_COLOUR ( '', #2276 ) ;
#6384 = UNCERTAINTY_MEASURE_WITH_UNIT (LENGTH_MEASURE( 1.000000000000000082E-05 ), #2055, 'distance_accuracy_value', 'NONE');
#6385 = AXIS2_PLACEMENT_3D ( 'NONE', #8379, #87, #1105 ) ;
#6386 = SURFACE_SIDE_STYLE ('',( #11040 ) ) ;
#6387 = AXIS2_PLACEMENT_3D ( 'NONE', #3606, #2341, #11474 ) ;
#6388 = ORIENTED_EDGE ( 'NONE', *, *, #381, .F. ) ;
#6389 = PRESENTATION_LAYER_ASSIGNMENT (  '', '', ( #8497 ) ) ;
#6390 = EDGE_LOOP ( 'NONE', ( #3480, #2810, #11819, #5539 ) ) ;
#6391 = DIRECTION ( 'NONE',  ( -1.000000000000000000, 0.000000000000000000, 0.000000000000000000 ) ) ;
#6392 = LINE ( 'NONE', #1942, #8736 ) ;
#6393 = DIRECTION ( 'NONE',  ( -0.000000000000000000, -0.000000000000000000, 1.000000000000000000 ) ) ;
#6394 = PRESENTATION_STYLE_ASSIGNMENT (( #1106 ) ) ;
#6395 = ORIENTED_EDGE ( 'NONE', *, *, #1925, .T. ) ;
#6396 = EDGE_CURVE ( 'NONE', #3584, #2840, #7906, .T. ) ;
#6397 = CARTESIAN_POINT ( 'NONE',  ( 9.500000000000001776, -9.499999999999992895, 2.100000000000000089 ) ) ;
#6398 =( NAMED_UNIT ( * ) SI_UNIT ( $, .STERADIAN. ) SOLID_ANGLE_UNIT ( ) );
#6399 = VECTOR ( 'NONE', #8774, 1000.000000000000000 ) ;
#6400 = EDGE_CURVE ( 'NONE', #275, #8135, #5196, .T. ) ;
#6401 = SURFACE_SIDE_STYLE ('',( #9953 ) ) ;
#6402 = MECHANICAL_DESIGN_GEOMETRIC_PRESENTATION_REPRESENTATION (  '', ( #8122 ), #4452 ) ;
#6403 = DIRECTION ( 'NONE',  ( 1.000000000000000000, 0.000000000000000000, 0.000000000000000000 ) ) ;
#6404 = CIRCLE ( 'NONE', #8127, 1.486033755962697267 ) ;
#6405 = MECHANICAL_DESIGN_GEOMETRIC_PRESENTATION_REPRESENTATION (  '', ( #10054 ), #2126 ) ;
#6406 =( NAMED_UNIT ( * ) SI_UNIT ( $, .STERADIAN. ) SOLID_ANGLE_UNIT ( ) );
#6407 = CARTESIAN_POINT ( 'NONE',  ( 9.500000000000001776, -4.499999999999997335, 2.100000000000000089 ) ) ;
#6408 = PRESENTATION_LAYER_ASSIGNMENT (  '', '', ( #4460 ) ) ;
#6409 = CARTESIAN_POINT ( 'NONE',  ( -4.061825037365385249, -12.88667634128916539, 1.610000000000000098 ) ) ;
#6410 = ORIENTED_EDGE ( 'NONE', *, *, #2831, .T. ) ;
#6411 = COLOUR_RGB ( '',0.7529411764705882248, 0.7529411764705882248, 0.7529411764705882248 ) ;
#6412 = EDGE_CURVE ( 'NONE', #4916, #875, #8921, .T. ) ;
#6413 = DIRECTION ( 'NONE',  ( 1.000000000000000000, 0.000000000000000000, 0.000000000000000000 ) ) ;
#6414 =( NAMED_UNIT ( * ) SI_UNIT ( $, .STERADIAN. ) SOLID_ANGLE_UNIT ( ) );
#6415 = PRESENTATION_LAYER_ASSIGNMENT (  '', '', ( #9874 ) ) ;
#6416 = VECTOR ( 'NONE', #4098, 1000.000000000000000 ) ;
#6417 = VECTOR ( 'NONE', #8177, 1000.000000000000000 ) ;
#6418 = PRESENTATION_STYLE_ASSIGNMENT (( #11795 ) ) ;
#6419 = ORIENTED_EDGE ( 'NONE', *, *, #8810, .F. ) ;
#6420 = SURFACE_STYLE_FILL_AREA ( #5457 ) ;
#6421 = VERTEX_POINT ( 'NONE', #6168 ) ;
#6422 = COLOUR_RGB ( '',1.000000000000000000, 1.000000000000000000, 0.000000000000000000 ) ;
#6423 = CARTESIAN_POINT ( 'NONE',  ( 2.500000000000001332, -2.499999999999992006, 2.463966244037302911 ) ) ;
#6424 = FACE_OUTER_BOUND ( 'NONE', #4741, .T. ) ;
#6425 = SURFACE_STYLE_FILL_AREA ( #8284 ) ;
#6426 = CIRCLE ( 'NONE', #3119, 1.386033755962696956 ) ;
#6427 = FILL_AREA_STYLE_COLOUR ( '', #5892 ) ;
#6428 = VERTEX_POINT ( 'NONE', #1533 ) ;
#6429 = CARTESIAN_POINT ( 'NONE',  ( 7.500000000000002665, -7.499999999999992895, 2.463966244037302911 ) ) ;
#6430 = CARTESIAN_POINT ( 'NONE',  ( -9.749999999999989342, 11.35000000000000142, 1.600000000000000089 ) ) ;
#6431 = SPHERICAL_SURFACE ( 'NONE', #3546, 1.486033755962697267 ) ;
#6432 = STYLED_ITEM ( 'NONE', ( #4089 ), #6627 ) ;
#6433 = LINE ( 'NONE', #9985, #4251 ) ;
#6434 = CARTESIAN_POINT ( 'NONE',  ( 5.499999999999999112, 0.4999999999999961142, 1.600000000000000089 ) ) ;
#6435 = ORIENTED_EDGE ( 'NONE', *, *, #9861, .F. ) ;
#6436 = ORIENTED_EDGE ( 'NONE', *, *, #3100, .F. ) ;
#6437 = EDGE_LOOP ( 'NONE', ( #6981, #11872, #5716, #66, #1843, #6149, #1492 ) ) ;
#6438 = FACE_OUTER_BOUND ( 'NONE', #422, .T. ) ;
#6439 = ORIENTED_EDGE ( 'NONE', *, *, #2517, .T. ) ;
#6440 = DIRECTION ( 'NONE',  ( -0.000000000000000000, -0.000000000000000000, 1.000000000000000000 ) ) ;
#6441 = VECTOR ( 'NONE', #7134, 1000.000000000000000 ) ;
#6442 = EDGE_LOOP ( 'NONE', ( #3499, #854, #11627, #5021, #11604 ) ) ;
#6443 = CARTESIAN_POINT ( 'NONE',  ( 4.000000000000003553, 13.44012937056731083, 1.800000000000000044 ) ) ;
#6444 = SPHERICAL_SURFACE ( 'NONE', #11465, 1.386033755962696956 ) ;
#6445 = COLOUR_RGB ( '',1.000000000000000000, 1.000000000000000000, 0.000000000000000000 ) ;
#6446 = ADVANCED_FACE ( 'NONE', ( #9723 ), #1420, .T. ) ;
#6447 = ORIENTED_EDGE ( 'NONE', *, *, #11330, .T. ) ;
#6448 = ORIENTED_EDGE ( 'NONE', *, *, #11166, .F. ) ;
#6449 = SURFACE_STYLE_USAGE ( .BOTH. , #3649 ) ;
#6450 =( NAMED_UNIT ( * ) SI_UNIT ( $, .STERADIAN. ) SOLID_ANGLE_UNIT ( ) );
#6451 = ORIENTED_EDGE ( 'NONE', *, *, #4187, .T. ) ;
#6452 = CYLINDRICAL_SURFACE ( 'NONE', #10959, 1.500000000000000000 ) ;
#6453 =( LENGTH_UNIT ( ) NAMED_UNIT ( * ) SI_UNIT ( .MILLI., .METRE. ) );
#6454 = FACE_OUTER_BOUND ( 'NONE', #1745, .T. ) ;
#6455 = AXIS2_PLACEMENT_3D ( 'NONE', #7573, #304, #7684 ) ;
#6456 = DIRECTION ( 'NONE',  ( 0.000000000000000000, 0.000000000000000000, -1.000000000000000000 ) ) ;
#6457 = AXIS2_PLACEMENT_3D ( 'NONE', #493, #7585, #3045 ) ;
#6458 = EDGE_CURVE ( 'NONE', #4622, #4117, #7756, .T. ) ;
#6459 = CARTESIAN_POINT ( 'NONE',  ( 7.500000000000000888, 2.500000000000007550, 2.463966244037302911 ) ) ;
#6460 = COLOUR_RGB ( '',1.000000000000000000, 1.000000000000000000, 0.000000000000000000 ) ;
#6461 =( NAMED_UNIT ( * ) SI_UNIT ( $, .STERADIAN. ) SOLID_ANGLE_UNIT ( ) );
#6462 = CARTESIAN_POINT ( 'NONE',  ( 2.500000000000000444, 2.500000000000007550, 3.850000000000000089 ) ) ;
#6463 = FACE_OUTER_BOUND ( 'NONE', #2674, .T. ) ;
#6464 = ORIENTED_EDGE ( 'NONE', *, *, #5062, .F. ) ;
#6465 =( GEOMETRIC_REPRESENTATION_CONTEXT ( 3 ) GLOBAL_UNCERTAINTY_ASSIGNED_CONTEXT ( ( #9876 ) ) GLOBAL_UNIT_ASSIGNED_CONTEXT ( ( #10231, #1865, #8366 ) ) REPRESENTATION_CONTEXT ( 'NONE', 'WORKASPACE' ) );
#6466 = LINE ( 'NONE', #11061, #4373 ) ;
#6467 = SURFACE_STYLE_USAGE ( .BOTH. , #3911 ) ;
#6468 = DIRECTION ( 'NONE',  ( 1.000000000000000000, 0.000000000000000000, 0.000000000000000000 ) ) ;
#6469 = AXIS2_PLACEMENT_3D ( 'NONE', #7526, #10736, #9759 ) ;
#6470 =( NAMED_UNIT ( * ) PLANE_ANGLE_UNIT ( ) SI_UNIT ( $, .RADIAN. ) );
#6471 = EDGE_CURVE ( 'NONE', #9778, #1540, #8702, .T. ) ;
#6472 =( GEOMETRIC_REPRESENTATION_CONTEXT ( 3 ) GLOBAL_UNCERTAINTY_ASSIGNED_CONTEXT ( ( #7332 ) ) GLOBAL_UNIT_ASSIGNED_CONTEXT ( ( #10962, #4546, #906 ) ) REPRESENTATION_CONTEXT ( 'NONE', 'WORKASPACE' ) );
#6473 = EDGE_CURVE ( 'NONE', #7922, #9752, #7476, .T. ) ;
#6474 = LINE ( 'NONE', #1599, #3870 ) ;
#6475 = EDGE_CURVE ( 'NONE', #11513, #10585, #3564, .T. ) ;
#6476 = FACE_OUTER_BOUND ( 'NONE', #11011, .T. ) ;
#6477 = ORIENTED_EDGE ( 'NONE', *, *, #14, .F. ) ;
#6478 = FILL_AREA_STYLE ('',( #228 ) ) ;
#6479 = LINE ( 'NONE', #10094, #544 ) ;
#6480 = DIRECTION ( 'NONE',  ( 1.000000000000000000, 0.000000000000000000, 0.000000000000000000 ) ) ;
#6481 = DIRECTION ( 'NONE',  ( -0.000000000000000000, -1.000000000000000000, -0.000000000000000000 ) ) ;
#6482 = VERTEX_POINT ( 'NONE', #10089 ) ;
#6483 = FACE_OUTER_BOUND ( 'NONE', #3894, .T. ) ;
#6484 = VECTOR ( 'NONE', #11164, 1000.000000000000000 ) ;
#6485 = CARTESIAN_POINT ( 'NONE',  ( -3.999999999999993339, -60.00000000000000711, 2.122000000000000330 ) ) ;
#6486 = FILL_AREA_STYLE_COLOUR ( '', #3357 ) ;
#6487 = DIRECTION ( 'NONE',  ( 1.000000000000000000, 0.000000000000000000, 0.000000000000000000 ) ) ;
#6488 = COLOUR_RGB ( '',1.000000000000000000, 1.000000000000000000, 0.000000000000000000 ) ;
#6489 = CARTESIAN_POINT ( 'NONE',  ( 11.35000000000000320, -15.00000000000000000, 0.000000000000000000 ) ) ;
#6490 = SURFACE_STYLE_FILL_AREA ( #912 ) ;
#6491 =( GEOMETRIC_REPRESENTATION_CONTEXT ( 3 ) GLOBAL_UNCERTAINTY_ASSIGNED_CONTEXT ( ( #5132 ) ) GLOBAL_UNIT_ASSIGNED_CONTEXT ( ( #8550, #7699, #6058 ) ) REPRESENTATION_CONTEXT ( 'NONE', 'WORKASPACE' ) );
#6492 = CARTESIAN_POINT ( 'NONE',  ( -7.499999999999999112, 2.500000000000009326, 2.463966244037302911 ) ) ;
#6493 = ORIENTED_EDGE ( 'NONE', *, *, #4766, .F. ) ;
#6494 =( NAMED_UNIT ( * ) SI_UNIT ( $, .STERADIAN. ) SOLID_ANGLE_UNIT ( ) );
#6495 = VERTEX_POINT ( 'NONE', #8339 ) ;
#6496 = ORIENTED_EDGE ( 'NONE', *, *, #4453, .T. ) ;
#6497 = VERTEX_POINT ( 'NONE', #1839 ) ;
#6498 = LINE ( 'NONE', #1201, #3964 ) ;
#6499 = ORIENTED_EDGE ( 'NONE', *, *, #5289, .T. ) ;
#6500 = DIRECTION ( 'NONE',  ( -1.000000000000000000, 0.000000000000000000, -0.000000000000000000 ) ) ;
#6501 = UNCERTAINTY_MEASURE_WITH_UNIT (LENGTH_MEASURE( 1.000000000000000082E-05 ), #6736, 'distance_accuracy_value', 'NONE');
#6502 = AXIS2_PLACEMENT_3D ( 'NONE', #320, #5959, #3000 ) ;
#6503 = FACE_BOUND ( 'NONE', #3545, .T. ) ;
#6504 = VECTOR ( 'NONE', #1963, 1000.000000000000000 ) ;
#6505 = EDGE_CURVE ( 'NONE', #7836, #2690, #107, .T. ) ;
#6506 = VERTEX_POINT ( 'NONE', #1650 ) ;
#6507 = ORIENTED_EDGE ( 'NONE', *, *, #2896, .T. ) ;
#6509 =( LENGTH_UNIT ( ) NAMED_UNIT ( * ) SI_UNIT ( .MILLI., .METRE. ) );
#6508 = UNCERTAINTY_MEASURE_WITH_UNIT (LENGTH_MEASURE( 1.000000000000000082E-05 ), #4240, 'distance_accuracy_value', 'NONE');
#6510 = DIRECTION ( 'NONE',  ( -1.000000000000000000, 0.000000000000000000, 0.000000000000000000 ) ) ;
#6511 = DIRECTION ( 'NONE',  ( -0.000000000000000000, -0.000000000000000000, 1.000000000000000000 ) ) ;
#6512 = ORIENTED_EDGE ( 'NONE', *, *, #11866, .F. ) ;
#6513 = CARTESIAN_POINT ( 'NONE',  ( 4.500000000000001776, -4.499999999999997335, 2.100000000000000089 ) ) ;
#6514 = CARTESIAN_POINT ( 'NONE',  ( 7.500000000000000888, 2.500000000000007550, 2.100000000000000089 ) ) ;
#6515 = DIRECTION ( 'NONE',  ( -0.000000000000000000, -0.000000000000000000, 1.000000000000000000 ) ) ;
#6516 = COLOUR_RGB ( '',1.000000000000000000, 1.000000000000000000, 0.000000000000000000 ) ;
#6517 = PRODUCT_DEFINITION ( 'UNKNOWN', '', #11232, #1048 ) ;
#6518 = DIRECTION ( 'NONE',  ( -0.000000000000000000, -0.000000000000000000, 1.000000000000000000 ) ) ;
#6519 = EDGE_CURVE ( 'NONE', #7771, #1572, #4866, .T. ) ;
#6520 =( NAMED_UNIT ( * ) PLANE_ANGLE_UNIT ( ) SI_UNIT ( $, .RADIAN. ) );
#6521 = DIRECTION ( 'NONE',  ( -1.000000000000000000, -0.000000000000000000, -0.000000000000000000 ) ) ;
#6522 =( GEOMETRIC_REPRESENTATION_CONTEXT ( 3 ) GLOBAL_UNCERTAINTY_ASSIGNED_CONTEXT ( ( #2470 ) ) GLOBAL_UNIT_ASSIGNED_CONTEXT ( ( #7876, #788, #6914 ) ) REPRESENTATION_CONTEXT ( 'NONE', 'WORKASPACE' ) );
#6523 = SPHERICAL_SURFACE ( 'NONE', #3286, 1.486033755962697267 ) ;
#6524 = CARTESIAN_POINT ( 'NONE',  ( 5.500000000000000888, -5.499999999999992895, 2.100000000000000089 ) ) ;
#6525 =( NAMED_UNIT ( * ) SI_UNIT ( $, .STERADIAN. ) SOLID_ANGLE_UNIT ( ) );
#6526 =( NAMED_UNIT ( * ) PLANE_ANGLE_UNIT ( ) SI_UNIT ( $, .RADIAN. ) );
#6527 = EDGE_LOOP ( 'NONE', ( #5324, #5274, #3771, #10440 ) ) ;
#6528 = LINE ( 'NONE', #2882, #1640 ) ;
#6529 = FILL_AREA_STYLE ('',( #11248 ) ) ;
#6530 = ADVANCED_FACE ( 'NONE', ( #3727, #10947 ), #9965, .F. ) ;
#6531 = MECHANICAL_DESIGN_GEOMETRIC_PRESENTATION_REPRESENTATION (  '', ( #8620 ), #8454 ) ;
#6532 = SURFACE_STYLE_FILL_AREA ( #10208 ) ;
#6533 = DIRECTION ( 'NONE',  ( -0.000000000000000000, -0.000000000000000000, 1.000000000000000000 ) ) ;
#6534 =( LENGTH_UNIT ( ) NAMED_UNIT ( * ) SI_UNIT ( .MILLI., .METRE. ) );
#6535 = VERTEX_POINT ( 'NONE', #9047 ) ;
#6536 = CARTESIAN_POINT ( 'NONE',  ( -4.499999999999999112, -5.499999999999992895, 2.100000000000000089 ) ) ;
#6537 = MECHANICAL_DESIGN_GEOMETRIC_PRESENTATION_REPRESENTATION (  '', ( #6353 ), #10386 ) ;
#6538 = FACE_OUTER_BOUND ( 'NONE', #4560, .T. ) ;
#6539 = COLOUR_RGB ( '',1.000000000000000000, 1.000000000000000000, 0.000000000000000000 ) ;
#6540 = DIRECTION ( 'NONE',  ( 1.000000000000000000, 0.000000000000000000, 0.000000000000000000 ) ) ;
#6541 = VERTEX_POINT ( 'NONE', #768 ) ;
#6542 = DIRECTION ( 'NONE',  ( -1.000000000000000000, 0.000000000000000000, 0.000000000000000000 ) ) ;
#6543 = EDGE_CURVE ( 'NONE', #6881, #10971, #10466, .T. ) ;
#6544 = SURFACE_SIDE_STYLE ('',( #8414 ) ) ;
#6545 = DIRECTION ( 'NONE',  ( -0.000000000000000000, -0.000000000000000000, 1.000000000000000000 ) ) ;
#6546 = EDGE_CURVE ( 'NONE', #10356, #1416, #8274, .T. ) ;
#6547 = AXIS2_PLACEMENT_3D ( 'NONE', #2513, #3362, #2395 ) ;
#6548 = PRESENTATION_LAYER_ASSIGNMENT (  '', '', ( #6743 ) ) ;
#6549 = CARTESIAN_POINT ( 'NONE',  ( 6.113966244037302822, 7.500000000000007105, 2.100000000000000089 ) ) ;
#6550 = VERTEX_POINT ( 'NONE', #7364 ) ;
#6551 = PLANE ( 'NONE',  #2538 ) ;
#6552 = ORIENTED_EDGE ( 'NONE', *, *, #9510, .T. ) ;
#6553 = ORIENTED_EDGE ( 'NONE', *, *, #2078, .F. ) ;
#6554 = ORIENTED_EDGE ( 'NONE', *, *, #8624, .T. ) ;
#6555 = STYLED_ITEM ( 'NONE', ( #9149 ), #10018 ) ;
#6556 = SURFACE_STYLE_USAGE ( .BOTH. , #1997 ) ;
#6557 = ORIENTED_EDGE ( 'NONE', *, *, #3405, .F. ) ;
#6558 = CIRCLE ( 'NONE', #9617, 1.386033755962697844 ) ;
#6559 = DIRECTION ( 'NONE',  ( 1.000000000000000000, 0.000000000000000000, 0.000000000000000000 ) ) ;
#6560 = DIRECTION ( 'NONE',  ( -1.000000000000000000, 0.000000000000000000, -0.000000000000000000 ) ) ;
#6561 = DIRECTION ( 'NONE',  ( -1.000000000000000000, 4.336808689942018722E-16, -0.000000000000000000 ) ) ;
#6562 = ORIENTED_EDGE ( 'NONE', *, *, #10966, .T. ) ;
#6563 = AXIS2_PLACEMENT_3D ( 'NONE', #5401, #9923, #1796 ) ;
#6564 = VERTEX_POINT ( 'NONE', #955 ) ;
#6565 =( GEOMETRIC_REPRESENTATION_CONTEXT ( 3 ) GLOBAL_UNCERTAINTY_ASSIGNED_CONTEXT ( ( #11920 ) ) GLOBAL_UNIT_ASSIGNED_CONTEXT ( ( #4704, #6520, #1703 ) ) REPRESENTATION_CONTEXT ( 'NONE', 'WORKASPACE' ) );
#6566 =( LENGTH_UNIT ( ) NAMED_UNIT ( * ) SI_UNIT ( .MILLI., .METRE. ) );
#6567 = DIRECTION ( 'NONE',  ( -0.000000000000000000, -0.000000000000000000, 1.000000000000000000 ) ) ;
#6568 = EDGE_LOOP ( 'NONE', ( #3380, #3813, #3665, #9755 ) ) ;
#6569 = LINE ( 'NONE', #6513, #7462 ) ;
#6570 = DIRECTION ( 'NONE',  ( -0.000000000000000000, -0.000000000000000000, -1.000000000000000000 ) ) ;
#6571 = SURFACE_STYLE_USAGE ( .BOTH. , #2870 ) ;
#6572 = AXIS2_PLACEMENT_3D ( 'NONE', #4883, #1961, #1833 ) ;
#6573 = DIRECTION ( 'NONE',  ( 0.000000000000000000, 1.000000000000000000, 0.000000000000000000 ) ) ;
#6574 = STYLED_ITEM ( 'NONE', ( #521 ), #5583 ) ;
#6575 = COLOUR_RGB ( '',1.000000000000000000, 1.000000000000000000, 0.000000000000000000 ) ;
#6576 = VECTOR ( 'NONE', #11292, 1000.000000000000000 ) ;
#6577 = CARTESIAN_POINT ( 'NONE',  ( 1.013966244037304065, -2.499999999999992006, 2.100000000000000089 ) ) ;
#6578 = DIRECTION ( 'NONE',  ( -0.000000000000000000, -0.000000000000000000, 1.000000000000000000 ) ) ;
#6579 = EDGE_LOOP ( 'NONE', ( #4204, #7228 ) ) ;
#6580 = VECTOR ( 'NONE', #3185, 1000.000000000000000 ) ;
#6581 = SURFACE_SIDE_STYLE ('',( #11970 ) ) ;
#6582 = B_SPLINE_CURVE_WITH_KNOTS ( 'NONE', 3,
 ( #2620, #1806, #11698, #6328, #11034, #9993, #9080 ),
 .UNSPECIFIED., .F., .F.,
 ( 4, 3, 4 ),
 ( 0.001256550262579685367, 0.001994562016313593776, 0.002356408674985935574 ),
 .UNSPECIFIED. ) ;
#6583 = CARTESIAN_POINT ( 'NONE',  ( 4.000000000000003553, 60.00000000000000711, 1.477999999999999758 ) ) ;
#6584 = DIRECTION ( 'NONE',  ( 0.000000000000000000, 1.000000000000000000, 0.000000000000000000 ) ) ;
#6585 = LINE ( 'NONE', #4536, #68 ) ;
#6586 = STYLED_ITEM ( 'NONE', ( #11192 ), #11916 ) ;
#6587 = AXIS2_PLACEMENT_3D ( 'NONE', #9669, #1374, #4058 ) ;
#6588 = COLOUR_RGB ( '',1.000000000000000000, 1.000000000000000000, 0.000000000000000000 ) ;
#6589 = FACE_OUTER_BOUND ( 'NONE', #3190, .T. ) ;
#6590 = AXIS2_PLACEMENT_3D ( 'NONE', #7720, #6816, #7892 ) ;
#6591 = MECHANICAL_DESIGN_GEOMETRIC_PRESENTATION_REPRESENTATION (  '', ( #4276 ), #5831 ) ;
#6592 = EDGE_CURVE ( 'NONE', #2028, #2414, #5699, .T. ) ;
#6593 = CARTESIAN_POINT ( 'NONE',  ( 8.886033755962698066, -2.499999999999992895, 2.100000000000000089 ) ) ;
#6594 = ORIENTED_EDGE ( 'NONE', *, *, #2517, .F. ) ;
#6595 = SPHERICAL_SURFACE ( 'NONE', #9118, 1.386033755962696956 ) ;
#6596 =( NAMED_UNIT ( * ) SI_UNIT ( $, .STERADIAN. ) SOLID_ANGLE_UNIT ( ) );
#6597 = CARTESIAN_POINT ( 'NONE',  ( -2.499999999999999556, 2.500000000000009326, 2.100000000000000089 ) ) ;
#6598 = DIRECTION ( 'NONE',  ( -0.000000000000000000, -1.000000000000000000, -0.000000000000000000 ) ) ;
#6599 = FILL_AREA_STYLE ('',( #6770 ) ) ;
#6600 = COLOUR_RGB ( '',1.000000000000000000, 1.000000000000000000, 0.000000000000000000 ) ;
#6601 = LINE ( 'NONE', #9535, #11480 ) ;
#6602 = ORIENTED_EDGE ( 'NONE', *, *, #10230, .T. ) ;
#6603 = SURFACE_SIDE_STYLE ('',( #11136 ) ) ;
#6604 = CARTESIAN_POINT ( 'NONE',  ( -5.499999999999999112, -4.499999999999997335, 2.100000000000000089 ) ) ;
#6605 = LINE ( 'NONE', #5822, #4651 ) ;
#6606 = COLOUR_RGB ( '',1.000000000000000000, 1.000000000000000000, 0.000000000000000000 ) ;
#6607 = EDGE_CURVE ( 'NONE', #9190, #1416, #11307, .T. ) ;
#6608 = CARTESIAN_POINT ( 'NONE',  ( -12.94999999999999396, -11.35000000000000142, 0.000000000000000000 ) ) ;
#6609 = ORIENTED_EDGE ( 'NONE', *, *, #5805, .T. ) ;
#6610 = CARTESIAN_POINT ( 'NONE',  ( -2.499999999999999556, 2.500000000000009326, 2.100000000000000089 ) ) ;
#6611 = ORIENTED_EDGE ( 'NONE', *, *, #1815, .F. ) ;
#6612 = DIRECTION ( 'NONE',  ( 0.000000000000000000, 1.000000000000000000, -0.000000000000000000 ) ) ;
#6613 = EDGE_CURVE ( 'NONE', #5245, #4802, #11826, .T. ) ;
#6614 = EDGE_LOOP ( 'NONE', ( #10181, #6294, #393, #1664 ) ) ;
#6615 =( LENGTH_UNIT ( ) NAMED_UNIT ( * ) SI_UNIT ( .MILLI., .METRE. ) );
#6616 = ORIENTED_EDGE ( 'NONE', *, *, #4552, .T. ) ;
#6617 = LINE ( 'NONE', #4749, #11596 ) ;
#6618 =( GEOMETRIC_REPRESENTATION_CONTEXT ( 3 ) GLOBAL_UNCERTAINTY_ASSIGNED_CONTEXT ( ( #6272 ) ) GLOBAL_UNIT_ASSIGNED_CONTEXT ( ( #2480, #6179, #2779 ) ) REPRESENTATION_CONTEXT ( 'NONE', 'WORKASPACE' ) );
#6619 = UNCERTAINTY_MEASURE_WITH_UNIT (LENGTH_MEASURE( 1.000000000000000082E-05 ), #6249, 'distance_accuracy_value', 'NONE');
#6620 = CARTESIAN_POINT ( 'NONE',  ( 7.500000000000000000, 7.500000000000007105, 2.100000000000000089 ) ) ;
#6621 = FILL_AREA_STYLE_COLOUR ( '', #6411 ) ;
#6622 = FACE_OUTER_BOUND ( 'NONE', #1495, .T. ) ;
#6623 = ORIENTED_EDGE ( 'NONE', *, *, #1476, .T. ) ;
#6624 = CIRCLE ( 'NONE', #8915, 1.500000000000000000 ) ;
#6625 = VECTOR ( 'NONE', #8852, 1000.000000000000000 ) ;
#6626 = ORIENTED_EDGE ( 'NONE', *, *, #1684, .F. ) ;
#6627 = ADVANCED_FACE ( 'NONE', ( #8667 ), #2032, .T. ) ;
#6628 = UNCERTAINTY_MEASURE_WITH_UNIT (LENGTH_MEASURE( 1.000000000000000082E-05 ), #4723, 'distance_accuracy_value', 'NONE');
#6629 = DIRECTION ( 'NONE',  ( -1.000000000000000000, 0.000000000000000000, 0.000000000000000000 ) ) ;
#6630 = DIRECTION ( 'NONE',  ( 1.000000000000000000, 0.000000000000000000, 0.000000000000000000 ) ) ;
#6631 = ORIENTED_EDGE ( 'NONE', *, *, #11889, .T. ) ;
#6632 = FILL_AREA_STYLE_COLOUR ( '', #137 ) ;
#6633 = LINE ( 'NONE', #28, #6679 ) ;
#6634 = PRESENTATION_STYLE_ASSIGNMENT (( #2936 ) ) ;
#6635 = COLOUR_RGB ( '',1.000000000000000000, 1.000000000000000000, 0.000000000000000000 ) ;
#6636 = AXIS2_PLACEMENT_3D ( 'NONE', #3231, #2633, #695 ) ;
#6637 = SURFACE_STYLE_USAGE ( .BOTH. , #11239 ) ;
#6638 =( LENGTH_UNIT ( ) NAMED_UNIT ( * ) SI_UNIT ( .MILLI., .METRE. ) );
#6639 = ADVANCED_FACE ( 'NONE', ( #1966 ), #1121, .T. ) ;
#6640 = ORIENTED_EDGE ( 'NONE', *, *, #8778, .F. ) ;
#6641 = DIRECTION ( 'NONE',  ( 1.000000000000000000, 0.000000000000000000, 0.000000000000000000 ) ) ;
#6642 =( LENGTH_UNIT ( ) NAMED_UNIT ( * ) SI_UNIT ( .MILLI., .METRE. ) );
#6643 = AXIS2_PLACEMENT_3D ( 'NONE', #8157, #8275, #5453 ) ;
#6644 = AXIS2_PLACEMENT_3D ( 'NONE', #1211, #10483, #7754 ) ;
#6645 = SURFACE_STYLE_FILL_AREA ( #9404 ) ;
#6646 = DIRECTION ( 'NONE',  ( 1.000000000000000000, 0.000000000000000000, 0.000000000000000000 ) ) ;
#6647 = VERTEX_POINT ( 'NONE', #4772 ) ;
#6648 = VECTOR ( 'NONE', #1511, 1000.000000000000000 ) ;
#6649 =( LENGTH_UNIT ( ) NAMED_UNIT ( * ) SI_UNIT ( .MILLI., .METRE. ) );
#6650 = SURFACE_STYLE_USAGE ( .BOTH. , #1182 ) ;
#6651 = CIRCLE ( 'NONE', #1581, 1.386033755962696956 ) ;
#6652 = FACE_OUTER_BOUND ( 'NONE', #5479, .T. ) ;
#6653 = MECHANICAL_DESIGN_GEOMETRIC_PRESENTATION_REPRESENTATION (  '', ( #1999 ), #8747 ) ;
#6654 = SURFACE_SIDE_STYLE ('',( #2954 ) ) ;
#6655 = DIRECTION ( 'NONE',  ( 0.000000000000000000, -0.000000000000000000, -1.000000000000000000 ) ) ;
#6657 = AXIS2_PLACEMENT_3D ( 'NONE', #8777, #4321, #10795 ) ;
#6656 = DIRECTION ( 'NONE',  ( 0.000000000000000000, 1.000000000000000000, 0.000000000000000000 ) ) ;
#6658 = DIRECTION ( 'NONE',  ( -0.000000000000000000, -0.000000000000000000, -1.000000000000000000 ) ) ;
#6659 = EDGE_CURVE ( 'NONE', #8649, #325, #1562, .T. ) ;
#6660 = SURFACE_STYLE_USAGE ( .BOTH. , #5015 ) ;
#6661 = MECHANICAL_DESIGN_GEOMETRIC_PRESENTATION_REPRESENTATION (  '', ( #1219 ), #8759 ) ;
#6662 = EDGE_CURVE ( 'NONE', #7267, #2827, #160, .T. ) ;
#6663 = PRESENTATION_LAYER_ASSIGNMENT (  '', '', ( #8206 ) ) ;
#6664 = VECTOR ( 'NONE', #1551, 1000.000000000000000 ) ;
#6665 = LINE ( 'NONE', #1307, #8148 ) ;
#6666 = ORIENTED_EDGE ( 'NONE', *, *, #11602, .T. ) ;
#6667 =( NAMED_UNIT ( * ) PLANE_ANGLE_UNIT ( ) SI_UNIT ( $, .RADIAN. ) );
#6668 = ORIENTED_EDGE ( 'NONE', *, *, #4899, .T. ) ;
#6669 =( LENGTH_UNIT ( ) NAMED_UNIT ( * ) SI_UNIT ( .MILLI., .METRE. ) );
#6670 = COLOUR_RGB ( '',1.000000000000000000, 1.000000000000000000, 0.000000000000000000 ) ;
#6671 = ORIENTED_EDGE ( 'NONE', *, *, #9328, .F. ) ;
#6672 = DIRECTION ( 'NONE',  ( 1.000000000000000000, -4.336808689942016750E-16, 0.000000000000000000 ) ) ;
#6673 = SURFACE_STYLE_FILL_AREA ( #7568 ) ;
#6674 = ORIENTED_EDGE ( 'NONE', *, *, #2236, .F. ) ;
#6675 = SURFACE_STYLE_USAGE ( .BOTH. , #5832 ) ;
#6676 = AXIS2_PLACEMENT_3D ( 'NONE', #5600, #11147, #3814 ) ;
#6677 = EDGE_CURVE ( 'NONE', #2185, #6373, #7572, .T. ) ;
#6678 = LINE ( 'NONE', #1042, #10329 ) ;
#6679 = VECTOR ( 'NONE', #6515, 1000.000000000000000 ) ;
#6680 =( NAMED_UNIT ( * ) PLANE_ANGLE_UNIT ( ) SI_UNIT ( $, .RADIAN. ) );
#6681 = DIRECTION ( 'NONE',  ( 0.000000000000000000, -0.000000000000000000, 1.000000000000000000 ) ) ;
#6682 = EDGE_LOOP ( 'NONE', ( #3827, #7321, #10244, #10694, #1052, #7311 ) ) ;
#6683 = MECHANICAL_DESIGN_GEOMETRIC_PRESENTATION_REPRESENTATION (  '', ( #11898 ), #6303 ) ;
#6684 = ORIENTED_EDGE ( 'NONE', *, *, #3523, .F. ) ;
#6685 = CARTESIAN_POINT ( 'NONE',  ( 2.500000000000002220, -7.499999999999992006, 2.463966244037302911 ) ) ;
#6686 =( NAMED_UNIT ( * ) PLANE_ANGLE_UNIT ( ) SI_UNIT ( $, .RADIAN. ) );
#6687 = PLANE ( 'NONE',  #2888 ) ;
#6688 = CARTESIAN_POINT ( 'NONE',  ( -13.17499999999999538, 13.17499999999999538, 1.600000000000000089 ) ) ;
#6689 = EDGE_LOOP ( 'NONE', ( #6684, #9730, #9043, #1268, #10222 ) ) ;
#6690 = CIRCLE ( 'NONE', #2815, 1.386033755962696956 ) ;
#6691 = DIRECTION ( 'NONE',  ( 1.000000000000000000, 0.000000000000000000, 0.000000000000000000 ) ) ;
#6692 =( LENGTH_UNIT ( ) NAMED_UNIT ( * ) SI_UNIT ( .MILLI., .METRE. ) );
#6693 = DIRECTION ( 'NONE',  ( 1.000000000000000000, 2.168404344971009361E-16, 0.000000000000000000 ) ) ;
#6694 = CARTESIAN_POINT ( 'NONE',  ( 7.500000000000001776, -2.499999999999992895, 2.100000000000000089 ) ) ;
#6695 = ADVANCED_FACE ( 'NONE', ( #6813 ), #3012, .T. ) ;
#6696 = ADVANCED_FACE ( 'NONE', ( #11650 ), #8791, .F. ) ;
#6697 = COLOUR_RGB ( '',1.000000000000000000, 1.000000000000000000, 0.000000000000000000 ) ;
#6698 = EDGE_CURVE ( 'NONE', #9778, #4429, #1408, .T. ) ;
#6699 = PLANE ( 'NONE',  #1223 ) ;
#6700 = SURFACE_SIDE_STYLE ('',( #1336 ) ) ;
#6701 = SPHERICAL_SURFACE ( 'NONE', #2531, 1.386033755962696956 ) ;
#6702 = ORIENTED_EDGE ( 'NONE', *, *, #10301, .F. ) ;
#6703 = PRESENTATION_STYLE_ASSIGNMENT (( #11300 ) ) ;
#6704 =( GEOMETRIC_REPRESENTATION_CONTEXT ( 3 ) GLOBAL_UNCERTAINTY_ASSIGNED_CONTEXT ( ( #9839 ) ) GLOBAL_UNIT_ASSIGNED_CONTEXT ( ( #7101, #11841, #1456 ) ) REPRESENTATION_CONTEXT ( 'NONE', 'WORKASPACE' ) );
#6705 = DIRECTION ( 'NONE',  ( -0.000000000000000000, -0.000000000000000000, -1.000000000000000000 ) ) ;
#6706 = ORIENTED_EDGE ( 'NONE', *, *, #8433, .F. ) ;
#6707 = DIRECTION ( 'NONE',  ( -1.000000000000000000, 0.000000000000000000, 0.000000000000000000 ) ) ;
#6708 = FILL_AREA_STYLE_COLOUR ( '', #10274 ) ;
#6709 = ADVANCED_FACE ( 'NONE', ( #7889, #7959 ), #11523, .F. ) ;
#6710 = PRESENTATION_LAYER_ASSIGNMENT (  '', '', ( #9782 ) ) ;
#6711 = UNCERTAINTY_MEASURE_WITH_UNIT (LENGTH_MEASURE( 1.000000000000000082E-05 ), #2314, 'distance_accuracy_value', 'NONE');
#6712 = DIRECTION ( 'NONE',  ( -0.000000000000000000, -1.000000000000000000, -0.000000000000000000 ) ) ;
#6713 = SURFACE_STYLE_USAGE ( .BOTH. , #7605 ) ;
#6714 = PLANE ( 'NONE',  #1340 ) ;
#6715 = STYLED_ITEM ( 'NONE', ( #2409 ), #9352 ) ;
#6716 = DIRECTION ( 'NONE',  ( -0.000000000000000000, -0.000000000000000000, 1.000000000000000000 ) ) ;
#6717 = CARTESIAN_POINT ( 'NONE',  ( -1.113966244037302600, 7.500000000000007994, 2.100000000000000089 ) ) ;
#6718 = DIRECTION ( 'NONE',  ( 1.000000000000000000, 0.000000000000000000, 0.000000000000000000 ) ) ;
#6719 = DIRECTION ( 'NONE',  ( -0.000000000000000000, -1.000000000000000000, -0.000000000000000000 ) ) ;
#6720 = CLOSED_SHELL ( 'NONE', ( #6231, #102, #4322, #6099, #812 ) ) ;
#6721 = PRESENTATION_STYLE_ASSIGNMENT (( #2046 ) ) ;
#6722 = PRESENTATION_LAYER_ASSIGNMENT (  '', '', ( #4980 ) ) ;
#6723 = CARTESIAN_POINT ( 'NONE',  ( 11.34999999999999254, -11.35000000000000142, 0.000000000000000000 ) ) ;
#6724 = ORIENTED_EDGE ( 'NONE', *, *, #3405, .T. ) ;
#6725 = ORIENTED_EDGE ( 'NONE', *, *, #3939, .F. ) ;
#6726 =( NAMED_UNIT ( * ) SI_UNIT ( $, .STERADIAN. ) SOLID_ANGLE_UNIT ( ) );
#6727 = ORIENTED_CLOSED_SHELL ( 'NONE', *, #7093, .F. );
#6728 = FILL_AREA_STYLE ('',( #72 ) ) ;
#6729 = EDGE_CURVE ( 'NONE', #5153, #6207, #229, .T. ) ;
#6730 = AXIS2_PLACEMENT_3D ( 'NONE', #11608, #6062, #6948 ) ;
#6731 = ORIENTED_EDGE ( 'NONE', *, *, #9195, .F. ) ;
#6732 = PRESENTATION_STYLE_ASSIGNMENT (( #6675 ) ) ;
#6733 = VECTOR ( 'NONE', #5845, 1000.000000000000000 ) ;
#6734 = FILL_AREA_STYLE_COLOUR ( '', #2013 ) ;
#6735 = SPHERICAL_SURFACE ( 'NONE', #212, 1.486033755962697267 ) ;
#6736 =( LENGTH_UNIT ( ) NAMED_UNIT ( * ) SI_UNIT ( .MILLI., .METRE. ) );
#6737 = ORIENTED_EDGE ( 'NONE', *, *, #890, .F. ) ;
#6738 = PRESENTATION_LAYER_ASSIGNMENT (  '', '', ( #6555 ) ) ;
#6739 = ORIENTED_EDGE ( 'NONE', *, *, #3619, .T. ) ;
#6740 = EDGE_CURVE ( 'NONE', #6495, #5936, #9824, .T. ) ;
#6742 = SURFACE_STYLE_USAGE ( .BOTH. , #6907 ) ;
#6741 = UNCERTAINTY_MEASURE_WITH_UNIT (LENGTH_MEASURE( 1.000000000000000082E-05 ), #9601, 'distance_accuracy_value', 'NONE');
#6743 = STYLED_ITEM ( 'NONE', ( #7663 ), #10982 ) ;
#6744 = UNCERTAINTY_MEASURE_WITH_UNIT (LENGTH_MEASURE( 1.000000000000000082E-05 ), #6692, 'distance_accuracy_value', 'NONE');
#6745 = DIRECTION ( 'NONE',  ( -1.000000000000000000, 0.000000000000000000, 0.000000000000000000 ) ) ;
#6746 = ORIENTED_EDGE ( 'NONE', *, *, #10825, .T. ) ;
#6747 = FACE_OUTER_BOUND ( 'NONE', #10591, .T. ) ;
#6748 = DIRECTION ( 'NONE',  ( -0.000000000000000000, -0.000000000000000000, -1.000000000000000000 ) ) ;
#6749 = FACE_OUTER_BOUND ( 'NONE', #11807, .T. ) ;
#6750 =( NAMED_UNIT ( * ) SI_UNIT ( $, .STERADIAN. ) SOLID_ANGLE_UNIT ( ) );
#6751 = ORIENTED_EDGE ( 'NONE', *, *, #8510, .F. ) ;
#6752 = ADVANCED_FACE ( 'NONE', ( #8014 ), #3236, .F. ) ;
#6753 =( NAMED_UNIT ( * ) SI_UNIT ( $, .STERADIAN. ) SOLID_ANGLE_UNIT ( ) );
#6754 = DIRECTION ( 'NONE',  ( -1.000000000000000000, 0.000000000000000000, -0.000000000000000000 ) ) ;
#6755 = ADVANCED_FACE ( 'NONE', ( #6287 ), #5371, .T. ) ;
#6756 = ORIENTED_EDGE ( 'NONE', *, *, #800, .T. ) ;
#6757 = DIRECTION ( 'NONE',  ( 1.000000000000000000, -1.224646799147353207E-16, 0.000000000000000000 ) ) ;
#6758 = CARTESIAN_POINT ( 'NONE',  ( -6.013966244037301401, 7.500000000000007994, 2.100000000000000089 ) ) ;
#6759 = STYLED_ITEM ( 'NONE', ( #2578 ), #7334 ) ;
#6760 = CARTESIAN_POINT ( 'NONE',  ( 2.499999999999999556, 7.500000000000007105, 2.100000000000000089 ) ) ;
#6761 = AXIS2_PLACEMENT_3D ( 'NONE', #7978, #1430, #9791 ) ;
#6762 = LINE ( 'NONE', #4774, #4841 ) ;
#6763 = CIRCLE ( 'NONE', #8107, 1.386033755962696956 ) ;
#6764 = VECTOR ( 'NONE', #10271, 1000.000000000000000 ) ;
#6765 = DIRECTION ( 'NONE',  ( -0.000000000000000000, -0.000000000000000000, 1.000000000000000000 ) ) ;
#6766 = PRESENTATION_LAYER_ASSIGNMENT (  '', '', ( #10433 ) ) ;
#6767 = SURFACE_STYLE_USAGE ( .BOTH. , #3071 ) ;
#6768 =( NAMED_UNIT ( * ) SI_UNIT ( $, .STERADIAN. ) SOLID_ANGLE_UNIT ( ) );
#6769 = FILL_AREA_STYLE_COLOUR ( '', #5145 ) ;
#6770 = FILL_AREA_STYLE_COLOUR ( '', #8574 ) ;
#6771 = DIRECTION ( 'NONE',  ( -0.000000000000000000, -0.000000000000000000, -1.000000000000000000 ) ) ;
#6772 = VECTOR ( 'NONE', #10572, 1000.000000000000000 ) ;
#6773 = DIRECTION ( 'NONE',  ( -0.000000000000000000, -0.000000000000000000, 1.000000000000000000 ) ) ;
#6775 = AXIS2_PLACEMENT_3D ( 'NONE', #8839, #2387, #5121 ) ;
#6774 = DIRECTION ( 'NONE',  ( -0.000000000000000000, -0.000000000000000000, 1.000000000000000000 ) ) ;
#6776 = DIRECTION ( 'NONE',  ( -0.000000000000000000, -0.000000000000000000, 1.000000000000000000 ) ) ;
#6777 =( NAMED_UNIT ( * ) SI_UNIT ( $, .STERADIAN. ) SOLID_ANGLE_UNIT ( ) );
#6778 =( NAMED_UNIT ( * ) PLANE_ANGLE_UNIT ( ) SI_UNIT ( $, .RADIAN. ) );
#6779 = VERTEX_POINT ( 'NONE', #4518 ) ;
#6780 = VERTEX_POINT ( 'NONE', #8204 ) ;
#6781 = AXIS2_PLACEMENT_3D ( 'NONE', #10299, #8480, #6500 ) ;
#6782 = STYLED_ITEM ( 'NONE', ( #6326 ), #1628 ) ;
#6783 = FILL_AREA_STYLE_COLOUR ( '', #2463 ) ;
#6784 = SURFACE_STYLE_FILL_AREA ( #9602 ) ;
#6785 = PRESENTATION_STYLE_ASSIGNMENT (( #3031 ) ) ;
#6786 = ORIENTED_EDGE ( 'NONE', *, *, #4912, .T. ) ;
#6787 =( GEOMETRIC_REPRESENTATION_CONTEXT ( 3 ) GLOBAL_UNCERTAINTY_ASSIGNED_CONTEXT ( ( #10564 ) ) GLOBAL_UNIT_ASSIGNED_CONTEXT ( ( #6204, #8779, #9691 ) ) REPRESENTATION_CONTEXT ( 'NONE', 'WORKASPACE' ) );
#6788 = DIRECTION ( 'NONE',  ( -0.000000000000000000, -0.000000000000000000, 1.000000000000000000 ) ) ;
#6789 = CIRCLE ( 'NONE', #10064, 1.386033755962696956 ) ;
#6790 = SURFACE_STYLE_FILL_AREA ( #254 ) ;
#6791 = CIRCLE ( 'NONE', #9486, 1.600000000000002531 ) ;
#6792 =( NAMED_UNIT ( * ) PLANE_ANGLE_UNIT ( ) SI_UNIT ( $, .RADIAN. ) );
#6793 = VERTEX_POINT ( 'NONE', #1828 ) ;
#6794 = ORIENTED_EDGE ( 'NONE', *, *, #9256, .F. ) ;
#6795 = CARTESIAN_POINT ( 'NONE',  ( -3.986033755962695047, -7.499999999999991118, 2.100000000000000089 ) ) ;
#6796 = COLOUR_RGB ( '',1.000000000000000000, 1.000000000000000000, 0.000000000000000000 ) ;
#6797 = CARTESIAN_POINT ( 'NONE',  ( -7.499999999999997335, -2.499999999999990230, 2.100000000000000089 ) ) ;
#6798 = ORIENTED_EDGE ( 'NONE', *, *, #8352, .T. ) ;
#6799 = DIRECTION ( 'NONE',  ( 0.000000000000000000, 0.000000000000000000, -1.000000000000000000 ) ) ;
#6800 = CARTESIAN_POINT ( 'NONE',  ( 8.886033755962696290, 2.500000000000007550, 2.100000000000000089 ) ) ;
#6801 = PLANE ( 'NONE',  #3762 ) ;
#6802 = COLOUR_RGB ( '',1.000000000000000000, 1.000000000000000000, 0.000000000000000000 ) ;
#6803 = FILL_AREA_STYLE_COLOUR ( '', #11388 ) ;
#6804 = EDGE_CURVE ( 'NONE', #2005, #6482, #1642, .T. ) ;
#6805 = VECTOR ( 'NONE', #3549, 1000.000000000000000 ) ;
#6806 = EDGE_CURVE ( 'NONE', #9767, #8697, #4394, .T. ) ;
#6807 = VERTEX_POINT ( 'NONE', #11775 ) ;
#6808 = ORIENTED_EDGE ( 'NONE', *, *, #10049, .F. ) ;
#6809 = ORIENTED_EDGE ( 'NONE', *, *, #1071, .F. ) ;
#6810 = AXIS2_PLACEMENT_3D ( 'NONE', #943, #10192, #7287 ) ;
#6811 = MECHANICAL_DESIGN_GEOMETRIC_PRESENTATION_REPRESENTATION (  '', ( #9325 ), #1570 ) ;
#6812 = CARTESIAN_POINT ( 'NONE',  ( 4.500000000000002665, -9.499999999999992895, 2.100000000000000089 ) ) ;
#6813 = FACE_OUTER_BOUND ( 'NONE', #5294, .T. ) ;
#6814 = LINE ( 'NONE', #10444, #2774 ) ;
#6815 = EDGE_CURVE ( 'NONE', #5947, #3510, #3488, .T. ) ;
#6816 = DIRECTION ( 'NONE',  ( -0.000000000000000000, -0.000000000000000000, 1.000000000000000000 ) ) ;
#6817 = PRESENTATION_LAYER_ASSIGNMENT (  '', '', ( #11080 ) ) ;
#6818 = UNCERTAINTY_MEASURE_WITH_UNIT (LENGTH_MEASURE( 1.000000000000000082E-05 ), #1009, 'distance_accuracy_value', 'NONE');
#6819 = CARTESIAN_POINT ( 'NONE',  ( 7.500000000000000000, 7.500000000000007105, 2.100000000000000089 ) ) ;
#6820 = CARTESIAN_POINT ( 'NONE',  ( 2.700000000000001510, 12.00000000000000355, 0.000000000000000000 ) ) ;
#6821 = PRESENTATION_STYLE_ASSIGNMENT (( #1415 ) ) ;
#6822 = CARTESIAN_POINT ( 'NONE',  ( 5.395973916753827204, 13.44012937056731083, 1.610000000000000098 ) ) ;
#6823 = CARTESIAN_POINT ( 'NONE',  ( 9.500000000000000000, 4.499999999999996447, 1.600000000000000089 ) ) ;
#6824 = PLANE ( 'NONE',  #9300 ) ;
#6826 = STYLED_ITEM ( 'NONE', ( #8342 ), #7230 ) ;
#6825 = CIRCLE ( 'NONE', #4910, 0.1999999999999996503 ) ;
#6827 = EDGE_CURVE ( 'NONE', #7080, #9014, #11433, .T. ) ;
#6828 = DIRECTION ( 'NONE',  ( -0.000000000000000000, -0.000000000000000000, 1.000000000000000000 ) ) ;
#6829 = EDGE_CURVE ( 'NONE', #6550, #7949, #9168, .T. ) ;
#6830 = CYLINDRICAL_SURFACE ( 'NONE', #1939, 1.386033755962696956 ) ;
#6831 = VERTEX_POINT ( 'NONE', #9219 ) ;
#6832 = LINE ( 'NONE', #9597, #11421 ) ;
#6833 = ORIENTED_EDGE ( 'NONE', *, *, #4885, .T. ) ;
#6834 = ORIENTED_EDGE ( 'NONE', *, *, #1474, .F. ) ;
#6835 = CONICAL_SURFACE ( 'NONE', #3945, 0.2000000000000000944, 0.0001745329251994333440 ) ;
#6836 = CARTESIAN_POINT ( 'NONE',  ( 1.113966244037305264, -7.499999999999992006, 2.100000000000000089 ) ) ;
#6837 = CARTESIAN_POINT ( 'NONE',  ( 0.5000000000000026645, -5.499999999999994671, 2.100000000000000089 ) ) ;
#6838 = SURFACE_STYLE_FILL_AREA ( #5999 ) ;
#6839 = PRESENTATION_STYLE_ASSIGNMENT (( #1144 ) ) ;
#6840 = ORIENTED_EDGE ( 'NONE', *, *, #2188, .F. ) ;
#6841 = PRESENTATION_LAYER_ASSIGNMENT (  '', '', ( #5316 ) ) ;
#6842 = CARTESIAN_POINT ( 'NONE',  ( -7.499999999999999112, 7.500000000000007994, 2.100000000000000089 ) ) ;
#6843 = DIRECTION ( 'NONE',  ( 0.000000000000000000, 0.000000000000000000, -1.000000000000000000 ) ) ;
#6844 =( GEOMETRIC_REPRESENTATION_CONTEXT ( 3 ) GLOBAL_UNCERTAINTY_ASSIGNED_CONTEXT ( ( #9150 ) ) GLOBAL_UNIT_ASSIGNED_CONTEXT ( ( #11076, #3802, #5396 ) ) REPRESENTATION_CONTEXT ( 'NONE', 'WORKASPACE' ) );
#6845 = DIRECTION ( 'NONE',  ( -1.000000000000000000, 0.000000000000000000, -0.000000000000000000 ) ) ;
#6846 = ORIENTED_EDGE ( 'NONE', *, *, #4139, .T. ) ;
#6847 = ORIENTED_EDGE ( 'NONE', *, *, #4912, .F. ) ;
#6848 = LINE ( 'NONE', #10542, #1727 ) ;
#6849 = SPHERICAL_SURFACE ( 'NONE', #3056, 1.486033755962697267 ) ;
#6850 = UNCERTAINTY_MEASURE_WITH_UNIT (LENGTH_MEASURE( 1.000000000000000082E-05 ), #2407, 'distance_accuracy_value', 'NONE');
#6851 = MECHANICAL_DESIGN_GEOMETRIC_PRESENTATION_REPRESENTATION (  '', ( #8216 ), #11700 ) ;
#6852 = DIRECTION ( 'NONE',  ( -2.168404344971009361E-16, 1.000000000000000000, 0.000000000000000000 ) ) ;
#6853 = EDGE_LOOP ( 'NONE', ( #4686, #1222, #917, #9178 ) ) ;
#6854 = CARTESIAN_POINT ( 'NONE',  ( 3.886033755962697622, 2.500000000000007550, 2.100000000000000089 ) ) ;
#6855 = CARTESIAN_POINT ( 'NONE',  ( 5.500000000000000888, -5.499999999999992895, 2.100000000000000089 ) ) ;
#6856 = FACE_BOUND ( 'NONE', #4760, .T. ) ;
#6857 = EDGE_CURVE ( 'NONE', #7771, #1100, #7964, .T. ) ;
#6858 = FACE_BOUND ( 'NONE', #7498, .T. ) ;
#6859 = AXIS2_PLACEMENT_3D ( 'NONE', #5902, #7822, #2250 ) ;
#6860 = DIRECTION ( 'NONE',  ( 1.000000000000000000, 0.000000000000000000, 0.000000000000000000 ) ) ;
#6861 = DIRECTION ( 'NONE',  ( 0.000000000000000000, -0.000000000000000000, 1.000000000000000000 ) ) ;
#6862 = PRESENTATION_LAYER_ASSIGNMENT (  '', '', ( #3777 ) ) ;
#6863 = EDGE_LOOP ( 'NONE', ( #3991, #5353, #7208, #2254, #7223, #9737, #11228, #11207 ) ) ;
#6864 = VERTEX_POINT ( 'NONE', #1884 ) ;
#6865 = PRESENTATION_LAYER_ASSIGNMENT (  '', '', ( #109 ) ) ;
#6866 = FACE_OUTER_BOUND ( 'NONE', #11559, .T. ) ;
#6867 = SURFACE_STYLE_USAGE ( .BOTH. , #3059 ) ;
#6868 = CARTESIAN_POINT ( 'NONE',  ( 0.000000000000000000, 0.000000000000000000, 2.100000000000000089 ) ) ;
#6869 = ORIENTED_EDGE ( 'NONE', *, *, #4975, .T. ) ;
#6870 = DIRECTION ( 'NONE',  ( -2.137411871061556069E-20, -0.9999999847691289911, -0.0001745329243133371888 ) ) ;
#6871 = EDGE_CURVE ( 'NONE', #10976, #879, #3140, .T. ) ;
#6872 = VECTOR ( 'NONE', #8568, 1000.000000000000000 ) ;
#6873 = EDGE_CURVE ( 'NONE', #3400, #10963, #825, .T. ) ;
#6874 = EDGE_CURVE ( 'NONE', #5719, #11457, #1569, .T. ) ;
#6875 = SURFACE_STYLE_FILL_AREA ( #11412 ) ;
#6876 = AXIS2_PLACEMENT_3D ( 'NONE', #11679, #3384, #4357 ) ;
#6877 = EDGE_CURVE ( 'NONE', #6277, #4561, #6995, .T. ) ;
#6878 = DIRECTION ( 'NONE',  ( 1.000000000000000000, 0.000000000000000000, 0.000000000000000000 ) ) ;
#6879 = CARTESIAN_POINT ( 'NONE',  ( -2.499999999999999556, 7.500000000000007994, 2.463966244037302911 ) ) ;
#6880 = SURFACE_SIDE_STYLE ('',( #9777 ) ) ;
#6881 = VERTEX_POINT ( 'NONE', #824 ) ;
#6882 = ADVANCED_FACE ( 'NONE', ( #4121, #7465 ), #3836, .F. ) ;
#6883 = DIRECTION ( 'NONE',  ( -0.000000000000000000, -0.000000000000000000, 1.000000000000000000 ) ) ;
#6884 = CARTESIAN_POINT ( 'NONE',  ( -5.395973916753827204, -12.34027113312490620, 1.610000000000000098 ) ) ;
#6885 = FACE_BOUND ( 'NONE', #1754, .T. ) ;
#6886 = AXIS2_PLACEMENT_3D ( 'NONE', #1948, #11233, #4637 ) ;
#6887 = DIRECTION ( 'NONE',  ( 1.000000000000000000, 0.000000000000000000, 0.000000000000000000 ) ) ;
#6888 = SURFACE_STYLE_USAGE ( .BOTH. , #4045 ) ;
#6889 = SURFACE_STYLE_USAGE ( .BOTH. , #11483 ) ;
#6890 = FACE_OUTER_BOUND ( 'NONE', #9604, .T. ) ;
#6891 = ORIENTED_EDGE ( 'NONE', *, *, #1460, .F. ) ;
#6892 = VECTOR ( 'NONE', #4984, 1000.000000000000000 ) ;
#6893 = LINE ( 'NONE', #1426, #3979 ) ;
#6894 = SURFACE_STYLE_FILL_AREA ( #11545 ) ;
#6895 = ADVANCED_FACE ( 'NONE', ( #2366 ), #10536, .T. ) ;
#6896 = SURFACE_SIDE_STYLE ('',( #6784 ) ) ;
#6897 = ORIENTED_EDGE ( 'NONE', *, *, #2833, .T. ) ;
#6898 = ADVANCED_FACE ( 'NONE', ( #3211 ), #8109, .F. ) ;
#6899 = DIRECTION ( 'NONE',  ( 0.000000000000000000, -0.000000000000000000, -1.000000000000000000 ) ) ;
#6900 = DIRECTION ( 'NONE',  ( 1.000000000000000000, 4.336808689942016750E-16, 0.000000000000000000 ) ) ;
#6901 = SURFACE_SIDE_STYLE ('',( #11435 ) ) ;
#6902 = SURFACE_STYLE_FILL_AREA ( #7811 ) ;
#6903 = DIRECTION ( 'NONE',  ( 0.000000000000000000, -0.000000000000000000, -1.000000000000000000 ) ) ;
#6904 = SURFACE_STYLE_USAGE ( .BOTH. , #3397 ) ;
#6905 = VERTEX_POINT ( 'NONE', #8762 ) ;
#6906 = ORIENTED_EDGE ( 'NONE', *, *, #10900, .T. ) ;
#6907 = SURFACE_SIDE_STYLE ('',( #428 ) ) ;
#6908 = VERTEX_POINT ( 'NONE', #3456 ) ;
#6909 = DIRECTION ( 'NONE',  ( 0.000000000000000000, 0.000000000000000000, -1.000000000000000000 ) ) ;
#6910 = EDGE_CURVE ( 'NONE', #11439, #2253, #603, .T. ) ;
#6911 = PRESENTATION_LAYER_ASSIGNMENT (  '', '', ( #1670 ) ) ;
#6912 = ORIENTED_EDGE ( 'NONE', *, *, #11778, .F. ) ;
#6914 =( NAMED_UNIT ( * ) SI_UNIT ( $, .STERADIAN. ) SOLID_ANGLE_UNIT ( ) );
#6913 = MECHANICAL_DESIGN_GEOMETRIC_PRESENTATION_REPRESENTATION (  '', ( #2177 ), #8639 ) ;
#6915 = CARTESIAN_POINT ( 'NONE',  ( -6.113966244037301934, 2.500000000000009326, 2.100000000000000089 ) ) ;
#6916 = DIRECTION ( 'NONE',  ( 0.000000000000000000, -1.000000000000000000, 0.000000000000000000 ) ) ;
#6917 = AXIS2_PLACEMENT_3D ( 'NONE', #6024, #2127, #1165 ) ;
#6918 = AXIS2_PLACEMENT_3D ( 'NONE', #5207, #8754, #10528 ) ;
#6919 = ORIENTED_EDGE ( 'NONE', *, *, #5104, .T. ) ;
#6920 = EDGE_LOOP ( 'NONE', ( #11472, #8903 ) ) ;
#6921 = CARTESIAN_POINT ( 'NONE',  ( 5.500000000000000888, -9.499999999999994671, 1.600000000000000089 ) ) ;
#6922 = CARTESIAN_POINT ( 'NONE',  ( -7.499999999999999112, 7.500000000000007994, 2.463966244037302911 ) ) ;
#6923 = SURFACE_STYLE_USAGE ( .BOTH. , #5909 ) ;
#6924 = ORIENTED_EDGE ( 'NONE', *, *, #6815, .F. ) ;
#6925 = DIRECTION ( 'NONE',  ( 0.000000000000000000, -0.9999999847691289911, 0.0001745329243133371888 ) ) ;
#6926 = VECTOR ( 'NONE', #4340, 1000.000000000000000 ) ;
#6927 = SURFACE_STYLE_USAGE ( .BOTH. , #3422 ) ;
#6928 = SURFACE_STYLE_FILL_AREA ( #9771 ) ;
#6929 = ADVANCED_FACE ( 'NONE', ( #5216 ), #9007, .F. ) ;
#6930 = UNCERTAINTY_MEASURE_WITH_UNIT (LENGTH_MEASURE( 1.000000000000000082E-05 ), #11253, 'distance_accuracy_value', 'NONE');
#6931 = FILL_AREA_STYLE_COLOUR ( '', #1335 ) ;
#6932 = MECHANICAL_DESIGN_GEOMETRIC_PRESENTATION_REPRESENTATION (  '', ( #3266 ), #9831 ) ;
#6933 = EDGE_LOOP ( 'NONE', ( #6553, #9299, #5541, #7654, #7385, #6798, #9519, #3324 ) ) ;
#6934 = CARTESIAN_POINT ( 'NONE',  ( -8.886033755962696290, 2.500000000000009326, 2.463966244037302911 ) ) ;
#6935 = APPLICATION_PROTOCOL_DEFINITION ( 'draft international standard', 'automotive_design', 1998, #3758 ) ;
#6936 = PLANE ( 'NONE',  #4439 ) ;
#6937 = SURFACE_STYLE_FILL_AREA ( #7967 ) ;
#6938 = UNCERTAINTY_MEASURE_WITH_UNIT (LENGTH_MEASURE( 1.000000000000000082E-05 ), #10733, 'distance_accuracy_value', 'NONE');
#6939 = DIRECTION ( 'NONE',  ( 1.000000000000000000, 0.000000000000000000, 0.000000000000000000 ) ) ;
#6940 = STYLED_ITEM ( 'NONE', ( #4634 ), #11703 ) ;
#6942 = CARTESIAN_POINT ( 'NONE',  ( 2.500000000000000444, 2.500000000000007550, 2.463966244037302911 ) ) ;
#6941 = STYLED_ITEM ( 'NONE', ( #10220 ), #5426 ) ;
#6943 = EDGE_CURVE ( 'NONE', #11696, #5103, #5287, .T. ) ;
#6944 = AXIS2_PLACEMENT_3D ( 'NONE', #8625, #9479, #10465 ) ;
#6945 = EDGE_CURVE ( 'NONE', #1137, #3308, #6048, .T. ) ;
#6946 = VERTEX_POINT ( 'NONE', #8045 ) ;
#6947 = FILL_AREA_STYLE ('',( #8690 ) ) ;
#6948 = DIRECTION ( 'NONE',  ( 1.000000000000000000, 0.000000000000000000, 0.000000000000000000 ) ) ;
#6949 = CYLINDRICAL_SURFACE ( 'NONE', #8076, 1.486033755962697267 ) ;
#6950 = SURFACE_STYLE_USAGE ( .BOTH. , #6896 ) ;
#6951 = LINE ( 'NONE', #599, #1141 ) ;
#6952 = MECHANICAL_DESIGN_GEOMETRIC_PRESENTATION_REPRESENTATION (  '', ( #9075 ), #1332 ) ;
#6953 = DIRECTION ( 'NONE',  ( 1.000000000000000000, 0.000000000000000000, 0.000000000000000000 ) ) ;
#6954 = ORIENTED_EDGE ( 'NONE', *, *, #3130, .F. ) ;
#6955 = CARTESIAN_POINT ( 'NONE',  ( -2.499999999999997780, -7.499999999999991118, 2.100000000000000089 ) ) ;
#6956 = PLANE ( 'NONE',  #1228 ) ;
#6957 = SURFACE_STYLE_USAGE ( .BOTH. , #7745 ) ;
#6958 = ADVANCED_FACE ( 'NONE', ( #2609 ), #9796, .F. ) ;
#6959 = EDGE_CURVE ( 'NONE', #7881, #7836, #5711, .T. ) ;
#6960 = CIRCLE ( 'NONE', #3679, 1.386033755962696956 ) ;
#6961 = CIRCLE ( 'NONE', #9463, 1.486033755962697267 ) ;
#6962 = EDGE_CURVE ( 'NONE', #5492, #11982, #6624, .T. ) ;
#6963 = DIRECTION ( 'NONE',  ( 5.421010862427526484E-17, 1.000000000000000000, 0.000000000000000000 ) ) ;
#6964 = ORIENTED_EDGE ( 'NONE', *, *, #594, .T. ) ;
#6965 = MECHANICAL_DESIGN_GEOMETRIC_PRESENTATION_REPRESENTATION (  '', ( #10443 ), #11599 ) ;
#6966 = ORIENTED_EDGE ( 'NONE', *, *, #11053, .F. ) ;
#6967 =( LENGTH_UNIT ( ) NAMED_UNIT ( * ) SI_UNIT ( .MILLI., .METRE. ) );
#6968 = EDGE_LOOP ( 'NONE', ( #4863, #9252, #1450, #6352, #3329 ) ) ;
#6969 = DIRECTION ( 'NONE',  ( -1.000000000000000000, 4.336808689942015764E-16, -0.000000000000000000 ) ) ;
#6970 =( LENGTH_UNIT ( ) NAMED_UNIT ( * ) SI_UNIT ( .MILLI., .METRE. ) );
#6971 = ORIENTED_EDGE ( 'NONE', *, *, #9107, .F. ) ;
#6972 = DIRECTION ( 'NONE',  ( 1.000000000000000000, 0.000000000000000000, 0.000000000000000000 ) ) ;
#6973 = MECHANICAL_DESIGN_GEOMETRIC_PRESENTATION_REPRESENTATION (  '', ( #10635 ), #6212 ) ;
#6974 = MECHANICAL_DESIGN_GEOMETRIC_PRESENTATION_REPRESENTATION (  '', ( #2921 ), #4859 ) ;
#6975 = CARTESIAN_POINT ( 'NONE',  ( 0.5000000000000017764, -4.499999999999998224, 2.100000000000000089 ) ) ;
#6976 = STYLED_ITEM ( 'NONE', ( #9070 ), #3644 ) ;
#6977 = EDGE_CURVE ( 'NONE', #9575, #5056, #8161, .T. ) ;
#6978 = ORIENTED_EDGE ( 'NONE', *, *, #945, .T. ) ;
#6979 = VECTOR ( 'NONE', #5450, 1000.000000000000000 ) ;
#6980 = CIRCLE ( 'NONE', #4867, 1.486033755962696379 ) ;
#6981 = ORIENTED_EDGE ( 'NONE', *, *, #541, .F. ) ;
#6982 = DIRECTION ( 'NONE',  ( 1.000000000000000000, -0.000000000000000000, -0.000000000000000000 ) ) ;
#6983 = FACE_OUTER_BOUND ( 'NONE', #6920, .T. ) ;
#6984 = VECTOR ( 'NONE', #7559, 1000.000000000000000 ) ;
#6985 = FILL_AREA_STYLE_COLOUR ( '', #7974 ) ;
#6986 = ORIENTED_EDGE ( 'NONE', *, *, #5345, .T. ) ;
#6987 = FILL_AREA_STYLE_COLOUR ( '', #1260 ) ;
#6988 =( LENGTH_UNIT ( ) NAMED_UNIT ( * ) SI_UNIT ( .MILLI., .METRE. ) );
#6989 = PRESENTATION_LAYER_ASSIGNMENT (  '', '', ( #5472 ) ) ;
#6990 = AXIS2_PLACEMENT_3D ( 'NONE', #9529, #2265, #11529 ) ;
#6991 = CARTESIAN_POINT ( 'NONE',  ( 8.886033755962699843, -7.499999999999992895, 2.463966244037302911 ) ) ;
#6992 = ADVANCED_FACE ( 'NONE', ( #7315 ), #6431, .T. ) ;
#6993 = DIRECTION ( 'NONE',  ( 0.000000000000000000, 0.000000000000000000, -1.000000000000000000 ) ) ;
#6994 =( LENGTH_UNIT ( ) NAMED_UNIT ( * ) SI_UNIT ( .MILLI., .METRE. ) );
#6995 = CIRCLE ( 'NONE', #3909, 1.486033755962697267 ) ;
#6996 = VECTOR ( 'NONE', #9175, 1000.000000000000000 ) ;
#6997 = FACE_OUTER_BOUND ( 'NONE', #10345, .T. ) ;
#6998 = ORIENTED_EDGE ( 'NONE', *, *, #1700, .T. ) ;
#6999 = DIRECTION ( 'NONE',  ( 0.000000000000000000, -1.000000000000000000, 0.000000000000000000 ) ) ;
#7000 = CARTESIAN_POINT ( 'NONE',  ( 1.200000000000001510, 12.00000000000000355, 0.000000000000000000 ) ) ;
#7001 = STYLED_ITEM ( 'NONE', ( #4042 ), #7042 ) ;
#7002 =( LENGTH_UNIT ( ) NAMED_UNIT ( * ) SI_UNIT ( .MILLI., .METRE. ) );
#7003 = AXIS2_PLACEMENT_3D ( 'NONE', #6210, #5174, #7035 ) ;
#7004 =( NAMED_UNIT ( * ) PLANE_ANGLE_UNIT ( ) SI_UNIT ( $, .RADIAN. ) );
#7005 = ORIENTED_EDGE ( 'NONE', *, *, #3064, .T. ) ;
#7006 = DIRECTION ( 'NONE',  ( -0.000000000000000000, -0.000000000000000000, -1.000000000000000000 ) ) ;
#7007 = STYLED_ITEM ( 'NONE', ( #6356 ), #7200 ) ;
#7008 = VECTOR ( 'NONE', #3043, 1000.000000000000000 ) ;
#7009 = ORIENTED_EDGE ( 'NONE', *, *, #8614, .F. ) ;
#7010 = ORIENTED_CLOSED_SHELL ( 'NONE', *, #941, .F. );
#7012 = ADVANCED_FACE ( 'NONE', ( #5589 ), #4733, .F. ) ;
#7011 = FACE_OUTER_BOUND ( 'NONE', #3767, .T. ) ;
#7013 = CIRCLE ( 'NONE', #3931, 1.386033755962696956 ) ;
#7014 = PRESENTATION_STYLE_ASSIGNMENT (( #11747 ) ) ;
#7015 = FACE_OUTER_BOUND ( 'NONE', #11406, .T. ) ;
#7016 = CARTESIAN_POINT ( 'NONE',  ( -4.499999999999999112, -9.499999999999994671, 2.100000000000000089 ) ) ;
#7017 = ORIENTED_EDGE ( 'NONE', *, *, #4458, .F. ) ;
#7018 = VERTEX_POINT ( 'NONE', #10285 ) ;
#7019 = AXIS2_PLACEMENT_3D ( 'NONE', #4564, #8245, #3882 ) ;
#7020 =( NAMED_UNIT ( * ) PLANE_ANGLE_UNIT ( ) SI_UNIT ( $, .RADIAN. ) );
#7021 = VERTEX_POINT ( 'NONE', #9246 ) ;
#7022 = DIRECTION ( 'NONE',  ( -0.000000000000000000, -0.000000000000000000, 1.000000000000000000 ) ) ;
#7023 = VERTEX_POINT ( 'NONE', #6368 ) ;
#7024 = ADVANCED_FACE ( 'NONE', ( #5471 ), #11927, .T. ) ;
#7025 = SURFACE_SIDE_STYLE ('',( #9686 ) ) ;
#7026 = FILL_AREA_STYLE ('',( #11828 ) ) ;
#7027 = CARTESIAN_POINT ( 'NONE',  ( -4.500000000000001776, 5.499999999999991118, 2.100000000000000089 ) ) ;
#7028 = PRESENTATION_LAYER_ASSIGNMENT (  '', '', ( #92 ) ) ;
#7029 = FILL_AREA_STYLE_COLOUR ( '', #4464 ) ;
#7030 = EDGE_LOOP ( 'NONE', ( #7454, #506, #2925, #11047, #6924 ) ) ;
#7031 =( GEOMETRIC_REPRESENTATION_CONTEXT ( 3 ) GLOBAL_UNCERTAINTY_ASSIGNED_CONTEXT ( ( #651 ) ) GLOBAL_UNIT_ASSIGNED_CONTEXT ( ( #10157, #9240, #3736 ) ) REPRESENTATION_CONTEXT ( 'NONE', 'WORKASPACE' ) );
#7032 = ORIENTED_EDGE ( 'NONE', *, *, #10122, .F. ) ;
#7033 = STYLED_ITEM ( 'NONE', ( #6258 ), #10233 ) ;
#7034 = LINE ( 'NONE', #6921, #8846 ) ;
#7035 = DIRECTION ( 'NONE',  ( -1.000000000000000000, 0.000000000000000000, 0.000000000000000000 ) ) ;
#7036 = DIRECTION ( 'NONE',  ( -0.000000000000000000, -0.000000000000000000, 1.000000000000000000 ) ) ;
#7037 = CYLINDRICAL_SURFACE ( 'NONE', #8555, 1.386033755962696956 ) ;
#7038 = ORIENTED_EDGE ( 'NONE', *, *, #654, .F. ) ;
#7039 = EDGE_CURVE ( 'NONE', #2526, #8422, #1381, .T. ) ;
#7040 = VECTOR ( 'NONE', #8744, 1000.000000000000000 ) ;
#7042 = ADVANCED_FACE ( 'NONE', ( #4904 ), #11371, .T. ) ;
#7041 = CARTESIAN_POINT ( 'NONE',  ( -13.17499999999999538, -13.17499999999999538, 0.000000000000000000 ) ) ;
#7043 =( NAMED_UNIT ( * ) PLANE_ANGLE_UNIT ( ) SI_UNIT ( $, .RADIAN. ) );
#7044 = COLOUR_RGB ( '',0.5019607843137254832, 0.5019607843137254832, 0.5019607843137254832 ) ;
#7045 = FACE_OUTER_BOUND ( 'NONE', #4315, .T. ) ;
#7046 = AXIS2_PLACEMENT_3D ( 'NONE', #5847, #4876, #2073 ) ;
#7047 = UNCERTAINTY_MEASURE_WITH_UNIT (LENGTH_MEASURE( 1.000000000000000082E-05 ), #2004, 'distance_accuracy_value', 'NONE');
#7048 = DIRECTION ( 'NONE',  ( 0.000000000000000000, 0.000000000000000000, -1.000000000000000000 ) ) ;
#7049 = PRESENTATION_STYLE_ASSIGNMENT (( #11783 ) ) ;
#7050 = AXIS2_PLACEMENT_3D ( 'NONE', #7664, #3135, #4037 ) ;
#7051 = PLANE ( 'NONE',  #11379 ) ;
#7052 = ORIENTED_EDGE ( 'NONE', *, *, #11619, .T. ) ;
#7053 = DIRECTION ( 'NONE',  ( -1.000000000000000000, 0.000000000000000000, 0.000000000000000000 ) ) ;
#7054 = EDGE_CURVE ( 'NONE', #5162, #7635, #5876, .T. ) ;
#7055 = CARTESIAN_POINT ( 'NONE',  ( -7.499999999999997335, -7.499999999999990230, 2.100000000000000089 ) ) ;
#7056 = UNCERTAINTY_MEASURE_WITH_UNIT (LENGTH_MEASURE( 1.000000000000000082E-05 ), #2143, 'distance_accuracy_value', 'NONE');
#7057 = CARTESIAN_POINT ( 'NONE',  ( -14.99999999999999645, 11.34999999999999964, 0.000000000000000000 ) ) ;
#7058 = DIRECTION ( 'NONE',  ( 1.000000000000000000, 0.000000000000000000, 0.000000000000000000 ) ) ;
#7059 = MECHANICAL_DESIGN_GEOMETRIC_PRESENTATION_REPRESENTATION (  '', ( #5918 ), #4570 ) ;
#7060 = FILL_AREA_STYLE_COLOUR ( '', #1240 ) ;
#7061 = CIRCLE ( 'NONE', #6876, 1.486033755962697267 ) ;
#7062 = SPHERICAL_SURFACE ( 'NONE', #5436, 1.386033755962696956 ) ;
#7063 = ORIENTED_EDGE ( 'NONE', *, *, #4458, .T. ) ;
#7064 = VERTEX_POINT ( 'NONE', #1301 ) ;
#7065 = DIRECTION ( 'NONE',  ( 1.000000000000000000, 0.000000000000000000, 0.000000000000000000 ) ) ;
#7066 = CARTESIAN_POINT ( 'NONE',  ( -2.499999999999999556, 7.500000000000007994, 2.463966244037302911 ) ) ;
#7067 = CARTESIAN_POINT ( 'NONE',  ( 4.500000000000002665, -9.499999999999992895, 2.100000000000000089 ) ) ;
#7068 = CARTESIAN_POINT ( 'NONE',  ( -2.499999999999999556, 7.500000000000007994, 3.850000000000000089 ) ) ;
#7069 = STYLED_ITEM ( 'NONE', ( #326 ), #8724 ) ;
#7070 = FACE_OUTER_BOUND ( 'NONE', #5405, .T. ) ;
#7071 = ORIENTED_EDGE ( 'NONE', *, *, #10565, .T. ) ;
#7072 = CARTESIAN_POINT ( 'NONE',  ( -7.499999999999999112, 2.500000000000009326, 2.463966244037302911 ) ) ;
#7073 = DIRECTION ( 'NONE',  ( 0.000000000000000000, 0.000000000000000000, -1.000000000000000000 ) ) ;
#7074 = SURFACE_STYLE_USAGE ( .BOTH. , #2547 ) ;
#7075 = PRESENTATION_STYLE_ASSIGNMENT (( #10537 ) ) ;
#7076 = AXIS2_PLACEMENT_3D ( 'NONE', #1911, #4663, #6542 ) ;
#7077 = DIRECTION ( 'NONE',  ( 0.000000000000000000, 0.000000000000000000, -1.000000000000000000 ) ) ;
#7078 = ORIENTED_EDGE ( 'NONE', *, *, #8871, .F. ) ;
#7079 = EDGE_CURVE ( 'NONE', #188, #706, #3915, .T. ) ;
#7080 = VERTEX_POINT ( 'NONE', #4839 ) ;
#7081 = CYLINDRICAL_SURFACE ( 'NONE', #2321, 1.386033755962696956 ) ;
#7082 = EDGE_LOOP ( 'NONE', ( #11518, #2466, #2614, #1512 ) ) ;
#7083 = PRESENTATION_STYLE_ASSIGNMENT (( #736 ) ) ;
#7084 = EDGE_CURVE ( 'NONE', #9570, #2134, #437, .T. ) ;
#7085 = SURFACE_STYLE_FILL_AREA ( #4432 ) ;
#7086 = ORIENTED_EDGE ( 'NONE', *, *, #283, .T. ) ;
#7087 = PRESENTATION_STYLE_ASSIGNMENT (( #6141 ) ) ;
#7088 = VECTOR ( 'NONE', #6658, 1000.000000000000000 ) ;
#7089 = FACE_OUTER_BOUND ( 'NONE', #8222, .T. ) ;
#7090 = UNCERTAINTY_MEASURE_WITH_UNIT (LENGTH_MEASURE( 1.000000000000000082E-05 ), #2008, 'distance_accuracy_value', 'NONE');
#7091 = CARTESIAN_POINT ( 'NONE',  ( -3.937863672424916750, -13.44012937056731793, 1.610000000000000098 ) ) ;
#7092 = CARTESIAN_POINT ( 'NONE',  ( -7.499999999999999112, 1.113966244037312148, 2.463966244037302911 ) ) ;
#7093 = CLOSED_SHELL ( 'NONE', ( #7262, #309, #7230, #8144, #1984 ) ) ;
#7094 = EDGE_CURVE ( 'NONE', #4819, #3042, #3723, .T. ) ;
#7095 = ORIENTED_EDGE ( 'NONE', *, *, #5987, .F. ) ;
#7096 = ORIENTED_EDGE ( 'NONE', *, *, #7685, .F. ) ;
#7097 =( NAMED_UNIT ( * ) SI_UNIT ( $, .STERADIAN. ) SOLID_ANGLE_UNIT ( ) );
#7098 = DIRECTION ( 'NONE',  ( -1.000000000000000000, 0.000000000000000000, 0.000000000000000000 ) ) ;
#7099 = SURFACE_STYLE_USAGE ( .BOTH. , #9098 ) ;
#7100 = VERTEX_POINT ( 'NONE', #238 ) ;
#7101 =( LENGTH_UNIT ( ) NAMED_UNIT ( * ) SI_UNIT ( .MILLI., .METRE. ) );
#7102 = LINE ( 'NONE', #11720, #5172 ) ;
#7103 = STYLED_ITEM ( 'NONE', ( #2639 ), #9611 ) ;
#7104 = EDGE_CURVE ( 'NONE', #3904, #7267, #3928, .T. ) ;
#7105 = SURFACE_SIDE_STYLE ('',( #9897 ) ) ;
#7106 = ADVANCED_FACE ( 'NONE', ( #11732 ), #9841, .T. ) ;
#7107 = DIRECTION ( 'NONE',  ( -1.000000000000000000, -0.000000000000000000, -0.000000000000000000 ) ) ;
#7108 = DIRECTION ( 'NONE',  ( 0.000000000000000000, 1.000000000000000000, 0.000000000000000000 ) ) ;
#7109 =( GEOMETRIC_REPRESENTATION_CONTEXT ( 3 ) GLOBAL_UNCERTAINTY_ASSIGNED_CONTEXT ( ( #8860 ) ) GLOBAL_UNIT_ASSIGNED_CONTEXT ( ( #10177, #13, #869 ) ) REPRESENTATION_CONTEXT ( 'NONE', 'WORKASPACE' ) );
#7110 = DIRECTION ( 'NONE',  ( 0.000000000000000000, -1.000000000000000000, 0.000000000000000000 ) ) ;
#7111 = DIRECTION ( 'NONE',  ( 0.000000000000000000, 1.000000000000000000, 0.000000000000000000 ) ) ;
#7112 = ORIENTED_EDGE ( 'NONE', *, *, #8388, .T. ) ;
#7113 = AXIS2_PLACEMENT_3D ( 'NONE', #10276, #7483, #10213 ) ;
#7114 = CARTESIAN_POINT ( 'NONE',  ( 7.500000000000000000, 7.500000000000007105, 2.463966244037302911 ) ) ;
#7115 = FACE_OUTER_BOUND ( 'NONE', #10607, .T. ) ;
#7116 = SURFACE_STYLE_FILL_AREA ( #1531 ) ;
#7117 = DIRECTION ( 'NONE',  ( -0.000000000000000000, -1.000000000000000000, -0.000000000000000000 ) ) ;
#7118 = CARTESIAN_POINT ( 'NONE',  ( -7.499999999999997335, -2.499999999999990230, 2.100000000000000089 ) ) ;
#7119 = DIRECTION ( 'NONE',  ( -0.000000000000000000, -1.000000000000000000, -0.000000000000000000 ) ) ;
#7120 = COLOUR_RGB ( '',0.7529411764705882248, 0.7529411764705882248, 0.7529411764705882248 ) ;
#7121 = B_SPLINE_CURVE_WITH_KNOTS ( 'NONE', 3,
 ( #5593, #9139, #11139, #8113, #1797, #5537, #11929 ),
 .UNSPECIFIED., .F., .F.,
 ( 4, 3, 4 ),
 ( 0.001256550254804059087, 0.002000866717900800888, 0.002356408667209939582 ),
 .UNSPECIFIED. ) ;
#7122 = EDGE_LOOP ( 'NONE', ( #848, #6674, #9, #9683 ) ) ;
#7123 = ORIENTED_EDGE ( 'NONE', *, *, #5029, .T. ) ;
#7124 = PRESENTATION_STYLE_ASSIGNMENT (( #5459 ) ) ;
#7125 = DIRECTION ( 'NONE',  ( -3.252606517456514781E-16, 1.000000000000000000, 0.000000000000000000 ) ) ;
#7126 = CYLINDRICAL_SURFACE ( 'NONE', #4989, 1.386033755962696956 ) ;
#7127 = DIRECTION ( 'NONE',  ( -0.000000000000000000, -0.000000000000000000, -1.000000000000000000 ) ) ;
#7128 = DIRECTION ( 'NONE',  ( 1.000000000000000000, 4.336808689942016750E-16, 0.000000000000000000 ) ) ;
#7129 = ORIENTED_EDGE ( 'NONE', *, *, #685, .T. ) ;
#7130 = AXIS2_PLACEMENT_3D ( 'NONE', #11888, #2689, #632 ) ;
#7131 = PRESENTATION_STYLE_ASSIGNMENT (( #3521 ) ) ;
#7132 = MECHANICAL_DESIGN_GEOMETRIC_PRESENTATION_REPRESENTATION (  '', ( #6941 ), #10614 ) ;
#7134 = DIRECTION ( 'NONE',  ( -0.000000000000000000, -0.000000000000000000, -1.000000000000000000 ) ) ;
#7133 = STYLED_ITEM ( 'NONE', ( #8564 ), #7300 ) ;
#7135 =( NAMED_UNIT ( * ) SI_UNIT ( $, .STERADIAN. ) SOLID_ANGLE_UNIT ( ) );
#7136 = PRESENTATION_STYLE_ASSIGNMENT (( #1557 ) ) ;
#7137 = CIRCLE ( 'NONE', #11212, 0.3220000000000002305 ) ;
#7138 = EDGE_LOOP ( 'NONE', ( #8581, #449, #3153 ) ) ;
#7139 = AXIS2_PLACEMENT_3D ( 'NONE', #3833, #7523, #11234 ) ;
#7140 = ORIENTED_EDGE ( 'NONE', *, *, #8078, .F. ) ;
#7141 = CIRCLE ( 'NONE', #1917, 1.486033755962697267 ) ;
#7142 = DIRECTION ( 'NONE',  ( 0.000000000000000000, 1.000000000000000000, 0.000000000000000000 ) ) ;
#7143 = VERTEX_POINT ( 'NONE', #3253 ) ;
#7144 = DIRECTION ( 'NONE',  ( 0.000000000000000000, 0.000000000000000000, 1.000000000000000000 ) ) ;
#7145 = ORIENTED_EDGE ( 'NONE', *, *, #922, .F. ) ;
#7146 = DIRECTION ( 'NONE',  ( -0.000000000000000000, -0.000000000000000000, 1.000000000000000000 ) ) ;
#7147 = MECHANICAL_DESIGN_GEOMETRIC_PRESENTATION_REPRESENTATION (  '', ( #9842 ), #1150 ) ;
#7148 = MECHANICAL_DESIGN_GEOMETRIC_PRESENTATION_REPRESENTATION (  '', ( #7574 ), #3494 ) ;
#7149 = CARTESIAN_POINT ( 'NONE',  ( -3.999999999999993339, -13.99999999999999822, 1.800000000000000044 ) ) ;
#7150 = CARTESIAN_POINT ( 'NONE',  ( -3.999999999999993339, -13.99999999999999822, 1.800000000000000044 ) ) ;
#7151 = AXIS2_PLACEMENT_3D ( 'NONE', #307, #7687, #2060 ) ;
#7152 = ORIENTED_EDGE ( 'NONE', *, *, #4800, .T. ) ;
#7153 = ORIENTED_EDGE ( 'NONE', *, *, #4428, .T. ) ;
#7154 =( LENGTH_UNIT ( ) NAMED_UNIT ( * ) SI_UNIT ( .MILLI., .METRE. ) );
#7155 = SURFACE_STYLE_FILL_AREA ( #9816 ) ;
#7156 = COLOUR_RGB ( '',1.000000000000000000, 1.000000000000000000, 0.000000000000000000 ) ;
#7157 = DIRECTION ( 'NONE',  ( -0.000000000000000000, -0.000000000000000000, 1.000000000000000000 ) ) ;
#7158 = DIRECTION ( 'NONE',  ( 1.000000000000000000, 0.000000000000000000, 0.000000000000000000 ) ) ;
#7159 = ORIENTED_EDGE ( 'NONE', *, *, #4917, .F. ) ;
#7160 = DIRECTION ( 'NONE',  ( 1.000000000000000000, 0.000000000000000000, 0.000000000000000000 ) ) ;
#7161 = PRESENTATION_LAYER_ASSIGNMENT (  '', '', ( #1739 ) ) ;
#7162 = CIRCLE ( 'NONE', #8698, 1.386033755962696956 ) ;
#7163 = ADVANCED_FACE ( 'NONE', ( #769 ), #9725, .F. ) ;
#7164 = DIRECTION ( 'NONE',  ( 1.000000000000000000, 0.000000000000000000, 0.000000000000000000 ) ) ;
#7165 = ADVANCED_FACE ( 'NONE', ( #4231 ), #711, .F. ) ;
#7166 =( LENGTH_UNIT ( ) NAMED_UNIT ( * ) SI_UNIT ( .MILLI., .METRE. ) );
#7167 = VECTOR ( 'NONE', #3669, 1000.000000000000000 ) ;
#7168 =( GEOMETRIC_REPRESENTATION_CONTEXT ( 3 ) GLOBAL_UNCERTAINTY_ASSIGNED_CONTEXT ( ( #4320 ) ) GLOBAL_UNIT_ASSIGNED_CONTEXT ( ( #11496, #1992, #6494 ) ) REPRESENTATION_CONTEXT ( 'NONE', 'WORKASPACE' ) );
#7169 = UNCERTAINTY_MEASURE_WITH_UNIT (LENGTH_MEASURE( 1.000000000000000082E-05 ), #6534, 'distance_accuracy_value', 'NONE');
#7170 = FILL_AREA_STYLE ('',( #2582 ) ) ;
#7171 = CARTESIAN_POINT ( 'NONE',  ( -3.999999999999993339, -60.00000000000000711, 1.800000000000000044 ) ) ;
#7172 = FACE_OUTER_BOUND ( 'NONE', #9209, .T. ) ;
#7173 = ORIENTED_EDGE ( 'NONE', *, *, #6094, .F. ) ;
#7174 = CARTESIAN_POINT ( 'NONE',  ( -1.113966244037302600, 2.500000000000009326, 2.100000000000000089 ) ) ;
#7175 = STYLED_ITEM ( 'NONE', ( #4155 ), #6709 ) ;
#7176 = VECTOR ( 'NONE', #5278, 1000.000000000000000 ) ;
#7177 = FACE_OUTER_BOUND ( 'NONE', #3398, .T. ) ;
#7178 = EDGE_CURVE ( 'NONE', #11571, #3591, #9917, .T. ) ;
#7179 = UNCERTAINTY_MEASURE_WITH_UNIT (LENGTH_MEASURE( 1.000000000000000082E-05 ), #5372, 'distance_accuracy_value', 'NONE');
#7180 = LINE ( 'NONE', #3252, #7557 ) ;
#7181 = PRESENTATION_LAYER_ASSIGNMENT (  '', '', ( #7412 ) ) ;
#7182 = AXIS2_PLACEMENT_3D ( 'NONE', #1720, #11010, #53 ) ;
#7183 = FACE_OUTER_BOUND ( 'NONE', #5023, .T. ) ;
#7184 = CARTESIAN_POINT ( 'NONE',  ( 0.000000000000000000, 0.000000000000000000, 2.100000000000000089 ) ) ;
#7185 = CARTESIAN_POINT ( 'NONE',  ( -7.499999999999997335, -7.499999999999990230, 2.463966244037302911 ) ) ;
#7186 =( GEOMETRIC_REPRESENTATION_CONTEXT ( 3 ) GLOBAL_UNCERTAINTY_ASSIGNED_CONTEXT ( ( #553 ) ) GLOBAL_UNIT_ASSIGNED_CONTEXT ( ( #11359, #2145, #11462 ) ) REPRESENTATION_CONTEXT ( 'NONE', 'WORKASPACE' ) );
#7187 = CIRCLE ( 'NONE', #5483, 1.486033755962697267 ) ;
#7188 = ORIENTED_EDGE ( 'NONE', *, *, #9668, .F. ) ;
#7189 = FILL_AREA_STYLE_COLOUR ( '', #40 ) ;
#7190 = ORIENTED_EDGE ( 'NONE', *, *, #3933, .T. ) ;
#7191 =( NAMED_UNIT ( * ) SI_UNIT ( $, .STERADIAN. ) SOLID_ANGLE_UNIT ( ) );
#7192 = FACE_OUTER_BOUND ( 'NONE', #6323, .T. ) ;
#7193 = FACE_OUTER_BOUND ( 'NONE', #9203, .T. ) ;
#7194 =( LENGTH_UNIT ( ) NAMED_UNIT ( * ) SI_UNIT ( .MILLI., .METRE. ) );
#7195 = SURFACE_SIDE_STYLE ('',( #4544 ) ) ;
#7196 = DIRECTION ( 'NONE',  ( -0.000000000000000000, -0.000000000000000000, -1.000000000000000000 ) ) ;
#7197 = ORIENTED_EDGE ( 'NONE', *, *, #5737, .T. ) ;
#7198 = EDGE_CURVE ( 'NONE', #5404, #7922, #11790, .T. ) ;
#7199 =( NAMED_UNIT ( * ) SI_UNIT ( $, .STERADIAN. ) SOLID_ANGLE_UNIT ( ) );
#7200 = ADVANCED_FACE ( 'NONE', ( #7183 ), #10888, .F. ) ;
#7201 = PRESENTATION_LAYER_ASSIGNMENT (  '', '', ( #425 ) ) ;
#7202 = SPHERICAL_SURFACE ( 'NONE', #1811, 1.486033755962697267 ) ;
#7203 = EDGE_CURVE ( 'NONE', #11558, #8163, #1208, .T. ) ;
#7204 =( NAMED_UNIT ( * ) PLANE_ANGLE_UNIT ( ) SI_UNIT ( $, .RADIAN. ) );
#7205 =( NAMED_UNIT ( * ) PLANE_ANGLE_UNIT ( ) SI_UNIT ( $, .RADIAN. ) );
#7206 = DIRECTION ( 'NONE',  ( 1.000000000000000000, 0.000000000000000000, 0.000000000000000000 ) ) ;
#7207 = ORIENTED_EDGE ( 'NONE', *, *, #1261, .F. ) ;
#7208 = ORIENTED_EDGE ( 'NONE', *, *, #9522, .T. ) ;
#7209 = STYLED_ITEM ( 'NONE', ( #8862 ), #7106 ) ;
#7210 = VECTOR ( 'NONE', #4864, 1000.000000000000000 ) ;
#7211 = ORIENTED_EDGE ( 'NONE', *, *, #11169, .F. ) ;
#7212 = ORIENTED_EDGE ( 'NONE', *, *, #1669, .T. ) ;
#7213 = DIRECTION ( 'NONE',  ( -0.000000000000000000, -0.000000000000000000, 1.000000000000000000 ) ) ;
#7214 = VERTEX_POINT ( 'NONE', #1967 ) ;
#7215 = AXIS2_PLACEMENT_3D ( 'NONE', #10610, #2323, #6036 ) ;
#7216 = SURFACE_SIDE_STYLE ('',( #4434 ) ) ;
#7217 = EDGE_CURVE ( 'NONE', #3406, #11764, #6585, .T. ) ;
#7218 = DIRECTION ( 'NONE',  ( 1.000000000000000000, 0.000000000000000000, 0.000000000000000000 ) ) ;
#7219 = UNCERTAINTY_MEASURE_WITH_UNIT (LENGTH_MEASURE( 1.000000000000000082E-05 ), #4272, 'distance_accuracy_value', 'NONE');
#7220 =( GEOMETRIC_REPRESENTATION_CONTEXT ( 3 ) GLOBAL_UNCERTAINTY_ASSIGNED_CONTEXT ( ( #10820 ) ) GLOBAL_UNIT_ASSIGNED_CONTEXT ( ( #3742, #3687, #5655 ) ) REPRESENTATION_CONTEXT ( 'NONE', 'WORKASPACE' ) );
#7221 = FACE_BOUND ( 'NONE', #3541, .T. ) ;
#7222 = AXIS2_PLACEMENT_3D ( 'NONE', #1622, #9994, #7144 ) ;
#7223 = ORIENTED_EDGE ( 'NONE', *, *, #33, .F. ) ;
#7224 = ORIENTED_EDGE ( 'NONE', *, *, #6189, .F. ) ;
#7225 = CARTESIAN_POINT ( 'NONE',  ( 4.500000000000000888, 0.4999999999999978351, 2.100000000000000089 ) ) ;
#7226 = COLOUR_RGB ( '',1.000000000000000000, 1.000000000000000000, 0.000000000000000000 ) ;
#7227 = DIRECTION ( 'NONE',  ( 0.000000000000000000, -0.000000000000000000, 1.000000000000000000 ) ) ;
#7228 = ORIENTED_EDGE ( 'NONE', *, *, #827, .T. ) ;
#7229 = PLANE ( 'NONE',  #11578 ) ;
#7230 = ADVANCED_FACE ( 'NONE', ( #11185 ), #1776, .T. ) ;
#7231 = DIRECTION ( 'NONE',  ( -0.000000000000000000, -0.000000000000000000, -1.000000000000000000 ) ) ;
#7232 = CIRCLE ( 'NONE', #2987, 0.1996509341460565023 ) ;
#7233 = PRESENTATION_STYLE_ASSIGNMENT (( #10133 ) ) ;
#7234 = VECTOR ( 'NONE', #10029, 1000.000000000000000 ) ;
#7235 = SURFACE_SIDE_STYLE ('',( #10880 ) ) ;
#7236 = CARTESIAN_POINT ( 'NONE',  ( 3.747643109862246025, 13.99999999999999822, 1.600000000000000089 ) ) ;
#7237 = ADVANCED_FACE ( 'NONE', ( #9182 ), #9638, .T. ) ;
#7238 = SURFACE_STYLE_FILL_AREA ( #3555 ) ;
#7239 = EDGE_CURVE ( 'NONE', #11031, #5425, #11124, .T. ) ;
#7240 = CARTESIAN_POINT ( 'NONE',  ( 9.500000000000001776, -4.499999999999997335, 2.100000000000000089 ) ) ;
#7241 = ORIENTED_EDGE ( 'NONE', *, *, #1632, .F. ) ;
#7242 = SURFACE_STYLE_USAGE ( .BOTH. , #10944 ) ;
#7243 = EDGE_CURVE ( 'NONE', #9147, #2677, #4773, .T. ) ;
#7244 = SURFACE_STYLE_FILL_AREA ( #1774 ) ;
#7245 = CARTESIAN_POINT ( 'NONE',  ( 13.17499999999999893, -13.17499999999999893, 1.600000000000000089 ) ) ;
#7246 = DIRECTION ( 'NONE',  ( 1.000000000000000000, 0.000000000000000000, 0.000000000000000000 ) ) ;
#7247 = PRESENTATION_LAYER_ASSIGNMENT (  '', '', ( #479 ) ) ;
#7248 = DIRECTION ( 'NONE',  ( 1.000000000000000000, 0.000000000000000000, 0.000000000000000000 ) ) ;
#7249 = CIRCLE ( 'NONE', #2621, 0.1999999999999996503 ) ;
#7250 = ORIENTED_EDGE ( 'NONE', *, *, #5598, .F. ) ;
#7251 = EDGE_CURVE ( 'NONE', #2569, #5715, #6814, .T. ) ;
#7252 = FILL_AREA_STYLE_COLOUR ( '', #6802 ) ;
#7253 = ORIENTED_EDGE ( 'NONE', *, *, #5577, .F. ) ;
#7254 = FILL_AREA_STYLE ('',( #10771 ) ) ;
#7255 = DIRECTION ( 'NONE',  ( -0.000000000000000000, -0.000000000000000000, 1.000000000000000000 ) ) ;
#7256 = DIRECTION ( 'NONE',  ( 0.000000000000000000, -1.000000000000000000, 0.000000000000000000 ) ) ;
#7257 = DIRECTION ( 'NONE',  ( 2.710505431213761701E-17, 1.000000000000000000, 0.000000000000000000 ) ) ;
#7258 = EDGE_LOOP ( 'NONE', ( #8825, #2879, #7458, #6029, #1390 ) ) ;
#7259 = LINE ( 'NONE', #10103, #1029 ) ;
#7260 = CARTESIAN_POINT ( 'NONE',  ( -11.34999999999999609, 15.00000000000000000, 1.600000000000000089 ) ) ;
#7261 = DIRECTION ( 'NONE',  ( 0.000000000000000000, 0.000000000000000000, 1.000000000000000000 ) ) ;
#7262 = ADVANCED_FACE ( 'NONE', ( #3013 ), #4825, .F. ) ;
#7263 = DIRECTION ( 'NONE',  ( 0.000000000000000000, 0.000000000000000000, -1.000000000000000000 ) ) ;
#7264 = ORIENTED_EDGE ( 'NONE', *, *, #9342, .F. ) ;
#7265 = ORIENTED_EDGE ( 'NONE', *, *, #4973, .F. ) ;
#7266 = STYLED_ITEM ( 'NONE', ( #9456 ), #8709 ) ;
#7267 = VERTEX_POINT ( 'NONE', #5804 ) ;
#7268 = EDGE_CURVE ( 'NONE', #6793, #9147, #10507, .T. ) ;
#7269 =( NAMED_UNIT ( * ) PLANE_ANGLE_UNIT ( ) SI_UNIT ( $, .RADIAN. ) );
#7270 = ORIENTED_EDGE ( 'NONE', *, *, #10288, .T. ) ;
#7271 = CARTESIAN_POINT ( 'NONE',  ( 4.500000000000000888, 0.4999999999999978351, 2.100000000000000089 ) ) ;
#7272 = ORIENTED_EDGE ( 'NONE', *, *, #8959, .F. ) ;
#7273 = CARTESIAN_POINT ( 'NONE',  ( -3.938018643094307603, -13.16444615903314386, 1.610000000000000098 ) ) ;
#7274 = VECTOR ( 'NONE', #3924, 1000.000000000000000 ) ;
#7275 = STYLED_ITEM ( 'NONE', ( #10415 ), #306 ) ;
#7276 = LINE ( 'NONE', #10056, #6206 ) ;
#7277 = VERTEX_POINT ( 'NONE', #2033 ) ;
#7278 = EDGE_LOOP ( 'NONE', ( #9093, #1441, #8723, #5378, #7690 ) ) ;
#7279 = CARTESIAN_POINT ( 'NONE',  ( -7.499999999999999112, 2.500000000000009326, 2.463966244037302911 ) ) ;
#7280 = VECTOR ( 'NONE', #4347, 1000.000000000000000 ) ;
#7281 = DIRECTION ( 'NONE',  ( -0.000000000000000000, -0.000000000000000000, 1.000000000000000000 ) ) ;
#7282 = CYLINDRICAL_SURFACE ( 'NONE', #5495, 1.486033755962698155 ) ;
#7283 = ORIENTED_EDGE ( 'NONE', *, *, #10214, .T. ) ;
#7284 = SURFACE_STYLE_USAGE ( .BOTH. , #822 ) ;
#7285 = CARTESIAN_POINT ( 'NONE',  ( -3.999999999999993339, -65.00000000000000000, 1.599999999999999645 ) ) ;
#7286 =( NAMED_UNIT ( * ) SI_UNIT ( $, .STERADIAN. ) SOLID_ANGLE_UNIT ( ) );
#7287 = DIRECTION ( 'NONE',  ( 0.000000000000000000, 1.000000000000000000, 0.000000000000000000 ) ) ;
#7288 =( GEOMETRIC_REPRESENTATION_CONTEXT ( 3 ) GLOBAL_UNCERTAINTY_ASSIGNED_CONTEXT ( ( #1472 ) ) GLOBAL_UNIT_ASSIGNED_CONTEXT ( ( #5634, #10327, #8398 ) ) REPRESENTATION_CONTEXT ( 'NONE', 'WORKASPACE' ) );
#7289 = DIRECTION ( 'NONE',  ( -0.000000000000000000, -0.000000000000000000, -1.000000000000000000 ) ) ;
#7290 = DIRECTION ( 'NONE',  ( 1.000000000000000000, 0.000000000000000000, 0.000000000000000000 ) ) ;
#7291 = FILL_AREA_STYLE ('',( #3611 ) ) ;
#7292 = CARTESIAN_POINT ( 'NONE',  ( 2.500000000000000444, 2.500000000000007550, 2.463966244037302911 ) ) ;
#7293 = ORIENTED_EDGE ( 'NONE', *, *, #1401, .F. ) ;
#7294 = FILL_AREA_STYLE ('',( #10203 ) ) ;
#7295 = AXIS2_PLACEMENT_3D ( 'NONE', #10253, #3716, #6456 ) ;
#7296 = FILL_AREA_STYLE_COLOUR ( '', #4972 ) ;
#7297 = AXIS2_PLACEMENT_3D ( 'NONE', #11502, #7022, #8889 ) ;
#7298 = UNCERTAINTY_MEASURE_WITH_UNIT (LENGTH_MEASURE( 1.000000000000000082E-05 ), #1471, 'distance_accuracy_value', 'NONE');
#7299 = DIRECTION ( 'NONE',  ( -0.000000000000000000, -0.000000000000000000, 1.000000000000000000 ) ) ;
#7300 = ADVANCED_FACE ( 'NONE', ( #11463 ), #281, .F. ) ;
#7301 = CYLINDRICAL_SURFACE ( 'NONE', #6003, 1.486033755962697267 ) ;
#7302 = COLOUR_RGB ( '',0.7529411764705882248, 0.7529411764705882248, 0.7529411764705882248 ) ;
#7303 = ORIENTED_EDGE ( 'NONE', *, *, #5520, .F. ) ;
#7304 = DIRECTION ( 'NONE',  ( 0.000000000000000000, 0.000000000000000000, -1.000000000000000000 ) ) ;
#7305 = ORIENTED_EDGE ( 'NONE', *, *, #8778, .T. ) ;
#7306 = STYLED_ITEM ( 'NONE', ( #10773 ), #10821 ) ;
#7307 = CARTESIAN_POINT ( 'NONE',  ( -0.4999999999999989453, -4.499999999999997335, 2.100000000000000089 ) ) ;
#7308 = SURFACE_STYLE_USAGE ( .BOTH. , #900 ) ;
#7309 = DIRECTION ( 'NONE',  ( 0.000000000000000000, -1.000000000000000000, 0.000000000000000000 ) ) ;
#7310 = DIRECTION ( 'NONE',  ( 1.000000000000000000, 0.000000000000000000, 0.000000000000000000 ) ) ;
#7311 = ORIENTED_EDGE ( 'NONE', *, *, #11668, .F. ) ;
#7312 = CARTESIAN_POINT ( 'NONE',  ( 4.000000000000003553, 65.00000000000000000, 1.999999999999999556 ) ) ;
#7313 = DIRECTION ( 'NONE',  ( -1.000000000000000000, 0.000000000000000000, 0.000000000000000000 ) ) ;
#7314 = EDGE_CURVE ( 'NONE', #658, #10379, #10234, .T. ) ;
#7315 = FACE_OUTER_BOUND ( 'NONE', #11885, .T. ) ;
#7317 = AXIS2_PLACEMENT_3D ( 'NONE', #5441, #10139, #8975 ) ;
#7316 = FACE_BOUND ( 'NONE', #10658, .T. ) ;
#7318 = LINE ( 'NONE', #11813, #802 ) ;
#7319 = SURFACE_SIDE_STYLE ('',( #3690 ) ) ;
#7320 = ORIENTED_EDGE ( 'NONE', *, *, #283, .F. ) ;
#7321 = ORIENTED_EDGE ( 'NONE', *, *, #7039, .F. ) ;
#7322 = EDGE_LOOP ( 'NONE', ( #3529, #11942, #3598, #3724 ) ) ;
#7323 = DIRECTION ( 'NONE',  ( 0.000000000000000000, -1.000000000000000000, 0.000000000000000000 ) ) ;
#7324 = AXIS2_PLACEMENT_3D ( 'NONE', #696, #5242, #8070 ) ;
#7325 = ORIENTED_EDGE ( 'NONE', *, *, #4081, .T. ) ;
#7326 = FILL_AREA_STYLE_COLOUR ( '', #6539 ) ;
#7327 = PRESENTATION_LAYER_ASSIGNMENT (  '', '', ( #1506 ) ) ;
#7328 = SURFACE_SIDE_STYLE ('',( #7506 ) ) ;
#7329 = ORIENTED_EDGE ( 'NONE', *, *, #628, .F. ) ;
#7330 = DIRECTION ( 'NONE',  ( 1.000000000000000000, 0.000000000000000000, 0.000000000000000000 ) ) ;
#7331 = LINE ( 'NONE', #928, #3180 ) ;
#7332 = UNCERTAINTY_MEASURE_WITH_UNIT (LENGTH_MEASURE( 1.000000000000000082E-05 ), #10962, 'distance_accuracy_value', 'NONE');
#7333 = EDGE_CURVE ( 'NONE', #10680, #11090, #2330, .T. ) ;
#7334 = ADVANCED_FACE ( 'NONE', ( #3423 ), #2398, .F. ) ;
#7335 =( GEOMETRIC_REPRESENTATION_CONTEXT ( 3 ) GLOBAL_UNCERTAINTY_ASSIGNED_CONTEXT ( ( #10987 ) ) GLOBAL_UNIT_ASSIGNED_CONTEXT ( ( #1213, #7862, #8934 ) ) REPRESENTATION_CONTEXT ( 'NONE', 'WORKASPACE' ) );
#7336 = DIRECTION ( 'NONE',  ( -2.168404344971009361E-16, 1.000000000000000000, 0.000000000000000000 ) ) ;
#7337 = CIRCLE ( 'NONE', #6187, 1.486033755962697267 ) ;
#7338 = CIRCLE ( 'NONE', #5991, 1.486033755962697267 ) ;
#7339 = VERTEX_POINT ( 'NONE', #6991 ) ;
#7340 = VECTOR ( 'NONE', #11974, 1000.000000000000000 ) ;
#7341 = ORIENTED_EDGE ( 'NONE', *, *, #5659, .T. ) ;
#7342 = UNCERTAINTY_MEASURE_WITH_UNIT (LENGTH_MEASURE( 1.000000000000000082E-05 ), #10958, 'distance_accuracy_value', 'NONE');
#7343 = SURFACE_STYLE_FILL_AREA ( #2010 ) ;
#7344 = FILL_AREA_STYLE ('',( #7520 ) ) ;
#7345 = VERTEX_POINT ( 'NONE', #8734 ) ;
#7346 = PRESENTATION_LAYER_ASSIGNMENT (  '', '', ( #6586 ) ) ;
#7347 = CARTESIAN_POINT ( 'NONE',  ( 9.500000000000000000, 5.499999999999992895, 1.600000000000000089 ) ) ;
#7348 = SURFACE_STYLE_FILL_AREA ( #4762 ) ;
#7349 =( LENGTH_UNIT ( ) NAMED_UNIT ( * ) SI_UNIT ( .MILLI., .METRE. ) );
#7350 = FACE_OUTER_BOUND ( 'NONE', #4019, .T. ) ;
#7351 = AXIS2_PLACEMENT_3D ( 'NONE', #631, #4147, #7953 ) ;
#7352 = ADVANCED_FACE ( 'NONE', ( #7045 ), #7839, .F. ) ;
#7353 = DIRECTION ( 'NONE',  ( 0.000000000000000000, 0.000000000000000000, 1.000000000000000000 ) ) ;
#7354 = MECHANICAL_DESIGN_GEOMETRIC_PRESENTATION_REPRESENTATION (  '', ( #4460 ), #5443 ) ;
#7355 = ADVANCED_FACE ( 'NONE', ( #3490, #5184 ), #3238, .T. ) ;
#7356 = DIRECTION ( 'NONE',  ( -0.000000000000000000, -0.000000000000000000, 1.000000000000000000 ) ) ;
#7357 = DIRECTION ( 'NONE',  ( 0.000000000000000000, 0.000000000000000000, -1.000000000000000000 ) ) ;
#7358 = SURFACE_STYLE_USAGE ( .BOTH. , #8544 ) ;
#7359 = DIRECTION ( 'NONE',  ( -1.000000000000000000, -0.000000000000000000, -0.000000000000000000 ) ) ;
#7360 = EDGE_LOOP ( 'NONE', ( #10803, #7798, #3, #9679, #11286 ) ) ;
#7361 = AXIS2_PLACEMENT_3D ( 'NONE', #3287, #10671, #9810 ) ;
#7362 =( NAMED_UNIT ( * ) PLANE_ANGLE_UNIT ( ) SI_UNIT ( $, .RADIAN. ) );
#7363 = DIRECTION ( 'NONE',  ( 0.000000000000000000, -1.000000000000000000, 0.000000000000000000 ) ) ;
#7364 = CARTESIAN_POINT ( 'NONE',  ( 0.5000000000000025535, -9.499999999999994671, 2.100000000000000089 ) ) ;
#7365 = AXIS2_PLACEMENT_3D ( 'NONE', #6955, #11742, #11808 ) ;
#7366 = CIRCLE ( 'NONE', #598, 1.486033755962697267 ) ;
#7367 = CIRCLE ( 'NONE', #9288, 1.386033755962696956 ) ;
#7368 = VERTEX_POINT ( 'NONE', #34 ) ;
#7369 = ORIENTED_EDGE ( 'NONE', *, *, #2202, .F. ) ;
#7370 = SURFACE_SIDE_STYLE ('',( #7545 ) ) ;
#7371 = AXIS2_PLACEMENT_3D ( 'NONE', #10708, #2166, #3204 ) ;
#7372 = PRESENTATION_STYLE_ASSIGNMENT (( #7308 ) ) ;
#7373 = LINE ( 'NONE', #10277, #2425 ) ;
#7374 = DIRECTION ( 'NONE',  ( -0.000000000000000000, -0.000000000000000000, 1.000000000000000000 ) ) ;
#7375 = PRESENTATION_LAYER_ASSIGNMENT (  '', '', ( #10076 ) ) ;
#7376 = FILL_AREA_STYLE_COLOUR ( '', #873 ) ;
#7377 = EDGE_LOOP ( 'NONE', ( #3949, #647, #6037, #2892, #5961 ) ) ;
#7378 = FILL_AREA_STYLE ('',( #9414 ) ) ;
#7379 = PRESENTATION_STYLE_ASSIGNMENT (( #8172 ) ) ;
#7380 = ADVANCED_FACE ( 'NONE', ( #2641 ), #11112, .T. ) ;
#7381 = DIRECTION ( 'NONE',  ( -0.000000000000000000, -0.000000000000000000, 1.000000000000000000 ) ) ;
#7382 = DIRECTION ( 'NONE',  ( -0.000000000000000000, -0.000000000000000000, 1.000000000000000000 ) ) ;
#7383 = ORIENTED_EDGE ( 'NONE', *, *, #2708, .F. ) ;
#7384 = LINE ( 'NONE', #2049, #1181 ) ;
#7385 = ORIENTED_EDGE ( 'NONE', *, *, #11948, .T. ) ;
#7386 = ORIENTED_EDGE ( 'NONE', *, *, #1112, .F. ) ;
#7387 = SURFACE_STYLE_USAGE ( .BOTH. , #10044 ) ;
#7388 = ORIENTED_EDGE ( 'NONE', *, *, #7564, .F. ) ;
#7389 = PRESENTATION_LAYER_ASSIGNMENT (  '', '', ( #11845 ) ) ;
#7390 = AXIS2_PLACEMENT_3D ( 'NONE', #7171, #3554, #3496 ) ;
#7391 = CARTESIAN_POINT ( 'NONE',  ( -5.395973916753827204, -12.34027113312490620, 1.610000000000000098 ) ) ;
#7392 = ADVANCED_FACE ( 'NONE', ( #5437 ), #1886, .T. ) ;
#7393 = ORIENTED_EDGE ( 'NONE', *, *, #11268, .T. ) ;
#7394 = CARTESIAN_POINT ( 'NONE',  ( 8.986033755962697711, 2.500000000000007550, 2.100000000000000089 ) ) ;
#7395 = LINE ( 'NONE', #3703, #9345 ) ;
#7396 = CARTESIAN_POINT ( 'NONE',  ( 4.500000000000001776, -0.4999999999999987232, 2.100000000000000089 ) ) ;
#7397 = CIRCLE ( 'NONE', #1770, 1.486033755962697267 ) ;
#7398 = VERTEX_POINT ( 'NONE', #211 ) ;
#7399 = ORIENTED_EDGE ( 'NONE', *, *, #1313, .T. ) ;
#7400 = EDGE_CURVE ( 'NONE', #11764, #7771, #3080, .T. ) ;
#7401 = PRESENTATION_LAYER_ASSIGNMENT (  '', '', ( #8742 ) ) ;
#7402 = DIRECTION ( 'NONE',  ( -0.000000000000000000, -0.000000000000000000, -1.000000000000000000 ) ) ;
#7403 = CARTESIAN_POINT ( 'NONE',  ( 1.013966244037303177, 2.500000000000007550, 2.100000000000000089 ) ) ;
#7404 = ORIENTED_EDGE ( 'NONE', *, *, #1122, .F. ) ;
#7405 = DIRECTION ( 'NONE',  ( -0.000000000000000000, -0.000000000000000000, 1.000000000000000000 ) ) ;
#7406 = CARTESIAN_POINT ( 'NONE',  ( 2.499999999999999556, 7.500000000000007105, 2.463966244037302911 ) ) ;
#7407 = AXIS2_PLACEMENT_3D ( 'NONE', #2700, #5511, #7414 ) ;
#7408 =( NAMED_UNIT ( * ) PLANE_ANGLE_UNIT ( ) SI_UNIT ( $, .RADIAN. ) );
#7409 = FILL_AREA_STYLE_COLOUR ( '', #8535 ) ;
#7410 = FILL_AREA_STYLE_COLOUR ( '', #8227 ) ;
#7411 = VECTOR ( 'NONE', #1334, 1000.000000000000000 ) ;
#7412 = STYLED_ITEM ( 'NONE', ( #7136 ), #423 ) ;
#7413 = ADVANCED_FACE ( 'NONE', ( #4810 ), #6699, .F. ) ;
#7414 = DIRECTION ( 'NONE',  ( 1.000000000000000000, 0.000000000000000000, 0.000000000000000000 ) ) ;
#7415 = SURFACE_STYLE_USAGE ( .BOTH. , #8336 ) ;
#7416 = EDGE_CURVE ( 'NONE', #4471, #11764, #11299, .T. ) ;
#7417 = ORIENTED_EDGE ( 'NONE', *, *, #7479, .F. ) ;
#7418 = MECHANICAL_DESIGN_GEOMETRIC_PRESENTATION_REPRESENTATION (  '', ( #8203 ), #3744 ) ;
#7419 = DIRECTION ( 'NONE',  ( 1.000000000000000000, 2.168404344971009361E-16, 0.000000000000000000 ) ) ;
#7420 = CYLINDRICAL_SURFACE ( 'NONE', #2855, 1.386033755962696956 ) ;
#7421 = FILL_AREA_STYLE_COLOUR ( '', #5661 ) ;
#7422 = MECHANICAL_DESIGN_GEOMETRIC_PRESENTATION_REPRESENTATION (  '', ( #92 ), #6844 ) ;
#7423 = CARTESIAN_POINT ( 'NONE',  ( 1.200000000000001510, 12.00000000000000355, 1.600000000000000089 ) ) ;
#7424 =( NAMED_UNIT ( * ) PLANE_ANGLE_UNIT ( ) SI_UNIT ( $, .RADIAN. ) );
#7425 = VERTEX_POINT ( 'NONE', #8599 ) ;
#7426 = CARTESIAN_POINT ( 'NONE',  ( -3.999999999999993339, -12.34027113312490620, 1.600289677337114691 ) ) ;
#7427 = EDGE_CURVE ( 'NONE', #1275, #2686, #4136, .T. ) ;
#7428 = STYLED_ITEM ( 'NONE', ( #2720 ), #7893 ) ;
#7429 = PRESENTATION_STYLE_ASSIGNMENT (( #6767 ) ) ;
#7430 = STYLED_ITEM ( 'NONE', ( #5487 ), #10083 ) ;
#7431 = SURFACE_SIDE_STYLE ('',( #9238 ) ) ;
#7432 = VERTEX_POINT ( 'NONE', #10316 ) ;
#7433 = LINE ( 'NONE', #2961, #7088 ) ;
#7434 = AXIS2_PLACEMENT_3D ( 'NONE', #7406, #91, #4579 ) ;
#7435 = FILL_AREA_STYLE_COLOUR ( '', #386 ) ;
#7436 = FACE_OUTER_BOUND ( 'NONE', #7751, .T. ) ;
#7437 = CARTESIAN_POINT ( 'NONE',  ( 1.200000000000001510, -12.00000000000002132, 1.600000000000000089 ) ) ;
#7438 = ORIENTED_EDGE ( 'NONE', *, *, #5295, .T. ) ;
#7439 = LINE ( 'NONE', #11141, #8902 ) ;
#7440 = ORIENTED_EDGE ( 'NONE', *, *, #8483, .F. ) ;
#7441 = VERTEX_POINT ( 'NONE', #10371 ) ;
#7442 =( LENGTH_UNIT ( ) NAMED_UNIT ( * ) SI_UNIT ( .MILLI., .METRE. ) );
#7443 = ORIENTED_EDGE ( 'NONE', *, *, #2942, .F. ) ;
#7444 = CIRCLE ( 'NONE', #4563, 1.600000000000002531 ) ;
#7445 = FILL_AREA_STYLE_COLOUR ( '', #11672 ) ;
#7446 = VERTEX_POINT ( 'NONE', #11346 ) ;
#7447 = DIRECTION ( 'NONE',  ( -1.000000000000000000, 1.224646799147353207E-16, 0.000000000000000000 ) ) ;
#7448 = SURFACE_STYLE_USAGE ( .BOTH. , #11221 ) ;
#7449 = UNCERTAINTY_MEASURE_WITH_UNIT (LENGTH_MEASURE( 1.000000000000000082E-05 ), #7513, 'distance_accuracy_value', 'NONE');
#7450 = LINE ( 'NONE', #9429, #10136 ) ;
#7451 = EDGE_CURVE ( 'NONE', #9613, #5103, #1168, .T. ) ;
#7452 = AXIS2_PLACEMENT_3D ( 'NONE', #4402, #9962, #8088 ) ;
#7453 = EDGE_LOOP ( 'NONE', ( #2647, #8298, #2989, #4976 ) ) ;
#7454 = ORIENTED_EDGE ( 'NONE', *, *, #497, .T. ) ;
#7455 = PRESENTATION_LAYER_ASSIGNMENT (  '', '', ( #1258 ) ) ;
#7456 = FACE_OUTER_BOUND ( 'NONE', #2084, .T. ) ;
#7457 = SURFACE_SIDE_STYLE ('',( #3770 ) ) ;
#7458 = ORIENTED_EDGE ( 'NONE', *, *, #3717, .T. ) ;
#7459 = LINE ( 'NONE', #11049, #4381 ) ;
#7460 = CARTESIAN_POINT ( 'NONE',  ( -2.499999999999999556, 7.500000000000007994, 2.100000000000000089 ) ) ;
#7461 = CARTESIAN_POINT ( 'NONE',  ( -7.499999999999999112, 7.500000000000007994, 2.463966244037302911 ) ) ;
#7462 = VECTOR ( 'NONE', #4577, 1000.000000000000000 ) ;
#7463 = CIRCLE ( 'NONE', #9001, 1.486033755962697267 ) ;
#7464 = PLANE ( 'NONE',  #332 ) ;
#7465 = FACE_BOUND ( 'NONE', #8629, .T. ) ;
#7466 = ADVANCED_FACE ( 'NONE', ( #366 ), #10492, .F. ) ;
#7467 = DIRECTION ( 'NONE',  ( 1.000000000000000000, 0.000000000000000000, 0.000000000000000000 ) ) ;
#7468 = PRESENTATION_LAYER_ASSIGNMENT (  '', '', ( #4387 ) ) ;
#7469 = DIRECTION ( 'NONE',  ( -1.000000000000000000, 5.421010862427527100E-17, 0.000000000000000000 ) ) ;
#7470 = SURFACE_STYLE_FILL_AREA ( #3660 ) ;
#7471 =( NAMED_UNIT ( * ) PLANE_ANGLE_UNIT ( ) SI_UNIT ( $, .RADIAN. ) );
#7472 = FACE_OUTER_BOUND ( 'NONE', #9420, .T. ) ;
#7473 = ORIENTED_EDGE ( 'NONE', *, *, #10797, .F. ) ;
#7474 = DIRECTION ( 'NONE',  ( 0.000000000000000000, 1.000000000000000000, 0.000000000000000000 ) ) ;
#7475 = CARTESIAN_POINT ( 'NONE',  ( -7.499999999999997335, -7.499999999999990230, 2.100000000000000089 ) ) ;
#7476 = LINE ( 'NONE', #10147, #6979 ) ;
#7477 = AXIS2_PLACEMENT_3D ( 'NONE', #9590, #6055, #9721 ) ;
#7478 = DIRECTION ( 'NONE',  ( 1.000000000000000000, 0.000000000000000000, 0.000000000000000000 ) ) ;
#7479 = EDGE_CURVE ( 'NONE', #2622, #681, #8000, .T. ) ;
#7480 = EDGE_CURVE ( 'NONE', #4802, #5245, #2003, .T. ) ;
#7481 = CARTESIAN_POINT ( 'NONE',  ( -2.499999999999997780, -2.499999999999991118, 2.463966244037302911 ) ) ;
#7482 = VERTEX_POINT ( 'NONE', #1503 ) ;
#7483 = DIRECTION ( 'NONE',  ( 0.000000000000000000, 0.000000000000000000, -1.000000000000000000 ) ) ;
#7484 = VECTOR ( 'NONE', #6969, 1000.000000000000000 ) ;
#7485 =( NAMED_UNIT ( * ) SI_UNIT ( $, .STERADIAN. ) SOLID_ANGLE_UNIT ( ) );
#7486 =( NAMED_UNIT ( * ) PLANE_ANGLE_UNIT ( ) SI_UNIT ( $, .RADIAN. ) );
#7487 = ORIENTED_EDGE ( 'NONE', *, *, #9671, .F. ) ;
#7488 = SURFACE_SIDE_STYLE ('',( #2841 ) ) ;
#7489 = DIRECTION ( 'NONE',  ( -1.000000000000000000, -0.000000000000000000, -0.000000000000000000 ) ) ;
#7490 = SURFACE_SIDE_STYLE ('',( #1285 ) ) ;
#7491 = DIRECTION ( 'NONE',  ( 1.000000000000000000, 0.000000000000000000, 0.000000000000000000 ) ) ;
#7492 = EDGE_CURVE ( 'NONE', #6908, #3247, #9731, .T. ) ;
#7493 = CIRCLE ( 'NONE', #4410, 1.386033755962696956 ) ;
#7494 = PLANE ( 'NONE',  #8311 ) ;
#7495 = STYLED_ITEM ( 'NONE', ( #7372 ), #10843 ) ;
#7496 = CARTESIAN_POINT ( 'NONE',  ( 7.500000000000002665, -7.499999999999992895, 2.463966244037302911 ) ) ;
#7497 = DIRECTION ( 'NONE',  ( -0.000000000000000000, -0.000000000000000000, -1.000000000000000000 ) ) ;
#7498 = EDGE_LOOP ( 'NONE', ( #4313, #9806 ) ) ;
#7499 = CYLINDRICAL_SURFACE ( 'NONE', #7371, 1.486033755962697267 ) ;
#7500 = ORIENTED_EDGE ( 'NONE', *, *, #5932, .F. ) ;
#7501 = ORIENTED_EDGE ( 'NONE', *, *, #890, .T. ) ;
#7502 = PRESENTATION_STYLE_ASSIGNMENT (( #10568 ) ) ;
#7503 = ORIENTED_EDGE ( 'NONE', *, *, #9195, .T. ) ;
#7504 = SURFACE_SIDE_STYLE ('',( #11276 ) ) ;
#7505 = AXIS2_PLACEMENT_3D ( 'NONE', #8248, #1933, #11038 ) ;
#7506 = SURFACE_STYLE_FILL_AREA ( #924 ) ;
#7507 = ORIENTED_EDGE ( 'NONE', *, *, #6105, .T. ) ;
#7508 = PRESENTATION_LAYER_ASSIGNMENT (  '', '', ( #11004 ) ) ;
#7509 = DIRECTION ( 'NONE',  ( -1.000000000000000000, 0.000000000000000000, 0.000000000000000000 ) ) ;
#7510 = SURFACE_STYLE_FILL_AREA ( #136 ) ;
#7511 = FILL_AREA_STYLE_COLOUR ( '', #1050 ) ;
#7512 = CARTESIAN_POINT ( 'NONE',  ( 2.500000000000002220, -7.499999999999992006, 2.463966244037302911 ) ) ;
#7513 =( LENGTH_UNIT ( ) NAMED_UNIT ( * ) SI_UNIT ( .MILLI., .METRE. ) );
#7514 = COLOUR_RGB ( '',1.000000000000000000, 1.000000000000000000, 0.000000000000000000 ) ;
#7515 = ORIENTED_EDGE ( 'NONE', *, *, #9522, .F. ) ;
#7516 = PRESENTATION_LAYER_ASSIGNMENT (  '', '', ( #3266 ) ) ;
#7517 = ORIENTED_EDGE ( 'NONE', *, *, #8230, .F. ) ;
#7518 =( NAMED_UNIT ( * ) PLANE_ANGLE_UNIT ( ) SI_UNIT ( $, .RADIAN. ) );
#7519 = CARTESIAN_POINT ( 'NONE',  ( -3.999999999999993339, -13.99999999999999822, 1.800000000000000044 ) ) ;
#7520 = FILL_AREA_STYLE_COLOUR ( '', #2981 ) ;
#7521 = VERTEX_POINT ( 'NONE', #7091 ) ;
#7522 = FACE_OUTER_BOUND ( 'NONE', #11275, .T. ) ;
#7523 = DIRECTION ( 'NONE',  ( -1.000000000000000000, -0.000000000000000000, -0.000000000000000000 ) ) ;
#7524 = CARTESIAN_POINT ( 'NONE',  ( -4.500000000000000888, 4.499999999999998224, 2.100000000000000089 ) ) ;
#7525 = COLOUR_RGB ( '',1.000000000000000000, 1.000000000000000000, 0.000000000000000000 ) ;
#7526 = CARTESIAN_POINT ( 'NONE',  ( 7.500000000000000000, 7.500000000000007105, 2.100000000000000089 ) ) ;
#7527 = VECTOR ( 'NONE', #9775, 1000.000000000000000 ) ;
#7528 = COLOUR_RGB ( '',0.7529411764705882248, 0.7529411764705882248, 0.7529411764705882248 ) ;
#7529 = SPHERICAL_SURFACE ( 'NONE', #11244, 1.486033755962697267 ) ;
#7530 = VECTOR ( 'NONE', #2249, 1000.000000000000000 ) ;
#7531 = PLANE ( 'NONE',  #11384 ) ;
#7532 = FACE_OUTER_BOUND ( 'NONE', #7565, .T. ) ;
#7533 = ORIENTED_EDGE ( 'NONE', *, *, #1700, .F. ) ;
#7534 = EDGE_CURVE ( 'NONE', #7143, #1802, #3285, .T. ) ;
#7535 =( GEOMETRIC_REPRESENTATION_CONTEXT ( 3 ) GLOBAL_UNCERTAINTY_ASSIGNED_CONTEXT ( ( #4031 ) ) GLOBAL_UNIT_ASSIGNED_CONTEXT ( ( #10938, #3659, #6461 ) ) REPRESENTATION_CONTEXT ( 'NONE', 'WORKASPACE' ) );
#7536 = FILL_AREA_STYLE_COLOUR ( '', #6697 ) ;
#7537 = EDGE_CURVE ( 'NONE', #3433, #4916, #5958, .T. ) ;
#7538 = DIRECTION ( 'NONE',  ( -0.000000000000000000, 0.000000000000000000, 1.000000000000000000 ) ) ;
#7539 = DIRECTION ( 'NONE',  ( -0.000000000000000000, -0.000000000000000000, 1.000000000000000000 ) ) ;
#7540 = DIRECTION ( 'NONE',  ( 1.000000000000000000, -0.000000000000000000, -0.000000000000000000 ) ) ;
#7541 = AXIS2_PLACEMENT_3D ( 'NONE', #5357, #11825, #8186 ) ;
#7542 = VECTOR ( 'NONE', #260, 1000.000000000000000 ) ;
#7543 = STYLED_ITEM ( 'NONE', ( #5891 ), #3475 ) ;
#7544 = CARTESIAN_POINT ( 'NONE',  ( -3.999999999999993339, -60.00000000000000711, 1.800000000000000044 ) ) ;
#7545 = SURFACE_STYLE_FILL_AREA ( #4722 ) ;
#7546 = EDGE_CURVE ( 'NONE', #4447, #1449, #11708, .T. ) ;
#7547 = FACE_OUTER_BOUND ( 'NONE', #5364, .T. ) ;
#7548 = COLOUR_RGB ( '',1.000000000000000000, 1.000000000000000000, 0.000000000000000000 ) ;
#7549 = PRESENTATION_STYLE_ASSIGNMENT (( #4102 ) ) ;
#7550 = FACE_OUTER_BOUND ( 'NONE', #980, .T. ) ;
#7551 =( LENGTH_UNIT ( ) NAMED_UNIT ( * ) SI_UNIT ( .MILLI., .METRE. ) );
#7552 = STYLED_ITEM ( 'NONE', ( #2076 ), #4225 ) ;
#7553 = SURFACE_STYLE_USAGE ( .BOTH. , #2045 ) ;
#7554 = MECHANICAL_DESIGN_GEOMETRIC_PRESENTATION_REPRESENTATION (  '', ( #8497 ), #10036 ) ;
#7555 = FILL_AREA_STYLE_COLOUR ( '', #9331 ) ;
#7556 =( NAMED_UNIT ( * ) SI_UNIT ( $, .STERADIAN. ) SOLID_ANGLE_UNIT ( ) );
#7557 = VECTOR ( 'NONE', #3374, 1000.000000000000000 ) ;
#7558 = AXIS2_PLACEMENT_3D ( 'NONE', #5022, #4235, #7799 ) ;
#7559 = DIRECTION ( 'NONE',  ( -0.000000000000000000, -0.000000000000000000, -1.000000000000000000 ) ) ;
#7560 = ORIENTED_EDGE ( 'NONE', *, *, #5875, .F. ) ;
#7561 = DIRECTION ( 'NONE',  ( -1.000000000000000000, 0.000000000000000000, 0.000000000000000000 ) ) ;
#7562 = ORIENTED_EDGE ( 'NONE', *, *, #6729, .F. ) ;
#7563 = EDGE_LOOP ( 'NONE', ( #3340, #10045, #4050, #6964 ) ) ;
#7564 = EDGE_CURVE ( 'NONE', #3803, #1710, #5114, .T. ) ;
#7565 = EDGE_LOOP ( 'NONE', ( #4992, #5028, #2732, #9242, #10884 ) ) ;
#7566 = DIRECTION ( 'NONE',  ( -0.000000000000000000, -0.000000000000000000, -1.000000000000000000 ) ) ;
#7567 = EDGE_CURVE ( 'NONE', #1225, #10356, #2502, .T. ) ;
#7568 = FILL_AREA_STYLE ('',( #9425 ) ) ;
#7569 = ORIENTED_EDGE ( 'NONE', *, *, #7781, .T. ) ;
#7570 = EDGE_CURVE ( 'NONE', #2793, #6908, #272, .T. ) ;
#7571 = DIRECTION ( 'NONE',  ( -1.000000000000000000, 0.000000000000000000, 0.000000000000000000 ) ) ;
#7572 = CIRCLE ( 'NONE', #6042, 1.486033755962697267 ) ;
#7573 = CARTESIAN_POINT ( 'NONE',  ( 7.500000000000002665, -7.499999999999992895, 2.463966244037302911 ) ) ;
#7574 = STYLED_ITEM ( 'NONE', ( #3752 ), #1629 ) ;
#7575 = CARTESIAN_POINT ( 'NONE',  ( 11.35000000000000320, -15.00000000000000000, 1.600000000000000089 ) ) ;
#7576 = SURFACE_SIDE_STYLE ('',( #6790 ) ) ;
#7577 = ORIENTED_EDGE ( 'NONE', *, *, #7416, .T. ) ;
#7578 = MECHANICAL_DESIGN_GEOMETRIC_PRESENTATION_REPRESENTATION (  '', ( #2566 ), #3539 ) ;
#7579 = AXIS2_PLACEMENT_3D ( 'NONE', #6524, #10199, #1067 ) ;
#7580 = ORIENTED_EDGE ( 'NONE', *, *, #10269, .T. ) ;
#7582 = LINE ( 'NONE', #8710, #5501 ) ;
#7581 = UNCERTAINTY_MEASURE_WITH_UNIT (LENGTH_MEASURE( 1.000000000000000082E-05 ), #5136, 'distance_accuracy_value', 'NONE');
#7583 = EDGE_CURVE ( 'NONE', #2317, #8034, #4335, .T. ) ;
#7584 = UNCERTAINTY_MEASURE_WITH_UNIT (LENGTH_MEASURE( 1.000000000000000082E-05 ), #4933, 'distance_accuracy_value', 'NONE');
#7585 = DIRECTION ( 'NONE',  ( -1.000000000000000000, 0.000000000000000000, 0.000000000000000000 ) ) ;
#7586 = ORIENTED_EDGE ( 'NONE', *, *, #1768, .T. ) ;
#7587 = CARTESIAN_POINT ( 'NONE',  ( 9.749999999999989342, 11.35000000000000142, 1.600000000000000089 ) ) ;
#7588 = SURFACE_STYLE_FILL_AREA ( #9624 ) ;
#7589 = COLOUR_RGB ( '',1.000000000000000000, 1.000000000000000000, 0.000000000000000000 ) ;
#7590 = CIRCLE ( 'NONE', #6264, 1.486033755962697267 ) ;
#7591 =( LENGTH_UNIT ( ) NAMED_UNIT ( * ) SI_UNIT ( .MILLI., .METRE. ) );
#7592 = ORIENTED_EDGE ( 'NONE', *, *, #4747, .T. ) ;
#7593 = SURFACE_STYLE_FILL_AREA ( #216 ) ;
#7594 = DIRECTION ( 'NONE',  ( -0.000000000000000000, -0.000000000000000000, 1.000000000000000000 ) ) ;
#7595 = EDGE_CURVE ( 'NONE', #3785, #7021, #8063, .T. ) ;
#7596 = CARTESIAN_POINT ( 'NONE',  ( -14.99999999999999645, 0.000000000000000000, 1.600000000000000089 ) ) ;
#7597 = ORIENTED_EDGE ( 'NONE', *, *, #5752, .T. ) ;
#7598 = DIRECTION ( 'NONE',  ( 0.000000000000000000, 0.000000000000000000, -1.000000000000000000 ) ) ;
#7599 = AXIS2_PLACEMENT_3D ( 'NONE', #6268, #11756, #10792 ) ;
#7600 = UNCERTAINTY_MEASURE_WITH_UNIT (LENGTH_MEASURE( 1.000000000000000082E-05 ), #4214, 'distance_accuracy_value', 'NONE');
#7601 = STYLED_ITEM ( 'NONE', ( #8415 ), #10304 ) ;
#7602 = SURFACE_SIDE_STYLE ('',( #9355 ) ) ;
#7603 = EDGE_CURVE ( 'NONE', #127, #6207, #7879, .T. ) ;
#7604 = DIRECTION ( 'NONE',  ( 1.000000000000000000, 4.336808689942016750E-16, 0.000000000000000000 ) ) ;
#7605 = SURFACE_SIDE_STYLE ('',( #8404 ) ) ;
#7606 = SURFACE_STYLE_USAGE ( .BOTH. , #2096 ) ;
#7607 = DIRECTION ( 'NONE',  ( 1.000000000000000000, -4.336808689942015764E-16, 0.000000000000000000 ) ) ;
#7608 = CARTESIAN_POINT ( 'NONE',  ( 7.500000000000002665, -8.886033755962689185, 2.463966244037302911 ) ) ;
#7609 = CARTESIAN_POINT ( 'NONE',  ( -4.499999999999999112, -5.499999999999992895, 1.600000000000000089 ) ) ;
#7610 = CARTESIAN_POINT ( 'NONE',  ( 5.499999999999998224, 5.499999999999991118, 1.600000000000000089 ) ) ;
#7611 = AXIS2_PLACEMENT_3D ( 'NONE', #10098, #1728, #7257 ) ;
#7612 = FILL_AREA_STYLE ('',( #4905 ) ) ;
#7613 = EDGE_CURVE ( 'NONE', #9031, #616, #10602, .T. ) ;
#7614 = FILL_AREA_STYLE ('',( #3989 ) ) ;
#7615 = COLOUR_RGB ( '',1.000000000000000000, 1.000000000000000000, 0.000000000000000000 ) ;
#7616 = AXIS2_PLACEMENT_3D ( 'NONE', #5031, #4856, #4970 ) ;
#7617 = CARTESIAN_POINT ( 'NONE',  ( 9.500000000000000000, 9.499999999999991118, 2.100000000000000089 ) ) ;
#7618 = VERTEX_POINT ( 'NONE', #2383 ) ;
#7619 = FILL_AREA_STYLE ('',( #4739 ) ) ;
#7620 = VERTEX_POINT ( 'NONE', #2312 ) ;
#7621 = LINE ( 'NONE', #4911, #6147 ) ;
#7622 = PRESENTATION_LAYER_ASSIGNMENT (  '', '', ( #4152 ) ) ;
#7623 = CYLINDRICAL_SURFACE ( 'NONE', #2787, 1.486033755962697267 ) ;
#7624 = VERTEX_POINT ( 'NONE', #8898 ) ;
#7625 = FILL_AREA_STYLE_COLOUR ( '', #9462 ) ;
#7626 = FACE_OUTER_BOUND ( 'NONE', #7030, .T. ) ;
#7627 = EDGE_CURVE ( 'NONE', #1156, #1805, #6027, .T. ) ;
#7628 = SURFACE_STYLE_FILL_AREA ( #5727 ) ;
#7629 = EDGE_CURVE ( 'NONE', #4937, #7805, #8945, .T. ) ;
#7630 = SURFACE_SIDE_STYLE ('',( #4858 ) ) ;
#7631 = EDGE_CURVE ( 'NONE', #7100, #5423, #5113, .T. ) ;
#7632 = DIRECTION ( 'NONE',  ( 0.000000000000000000, 1.000000000000000000, 0.000000000000000000 ) ) ;
#7633 = ORIENTED_EDGE ( 'NONE', *, *, #4532, .T. ) ;
#7634 = AXIS2_PLACEMENT_3D ( 'NONE', #3574, #2540, #2483 ) ;
#7635 = VERTEX_POINT ( 'NONE', #4263 ) ;
#7636 = CARTESIAN_POINT ( 'NONE',  ( -5.500000000000000888, 5.499999999999992895, 2.100000000000000089 ) ) ;
#7637 = PRESENTATION_STYLE_ASSIGNMENT (( #9855 ) ) ;
#7638 = DIRECTION ( 'NONE',  ( 0.000000000000000000, 0.000000000000000000, -1.000000000000000000 ) ) ;
#7639 = ORIENTED_EDGE ( 'NONE', *, *, #6962, .F. ) ;
#7640 = AXIS2_PLACEMENT_3D ( 'NONE', #339, #5930, #2222 ) ;
#7641 = SURFACE_SIDE_STYLE ('',( #11444 ) ) ;
#7642 = CARTESIAN_POINT ( 'NONE',  ( -7.499999999999999112, 2.500000000000009326, 2.463966244037302911 ) ) ;
#7643 =( NAMED_UNIT ( * ) PLANE_ANGLE_UNIT ( ) SI_UNIT ( $, .RADIAN. ) );
#7644 = COLOUR_RGB ( '',1.000000000000000000, 0.000000000000000000, 0.000000000000000000 ) ;
#7645 = VECTOR ( 'NONE', #3205, 1000.000000000000000 ) ;
#7646 = DIRECTION ( 'NONE',  ( 0.000000000000000000, -0.000000000000000000, -1.000000000000000000 ) ) ;
#7647 = EDGE_CURVE ( 'NONE', #4471, #1100, #11871, .T. ) ;
#7648 = SURFACE_STYLE_FILL_AREA ( #10493 ) ;
#7649 = ORIENTED_EDGE ( 'NONE', *, *, #10350, .T. ) ;
#7650 = LINE ( 'NONE', #11352, #3070 ) ;
#7651 = CONICAL_SURFACE ( 'NONE', #6324, 0.1999999999999996503, 0.0001745329251994333440 ) ;
#7652 = AXIS2_PLACEMENT_3D ( 'NONE', #7066, #8038, #10772 ) ;
#7653 = CARTESIAN_POINT ( 'NONE',  ( -7.499999999999997335, -2.499999999999990230, 3.850000000000000089 ) ) ;
#7654 = ORIENTED_EDGE ( 'NONE', *, *, #11721, .T. ) ;
#7655 = CARTESIAN_POINT ( 'NONE',  ( 6.013966244037304953, -7.499999999999992895, 2.463966244037302911 ) ) ;
#7656 = FILL_AREA_STYLE ('',( #11063 ) ) ;
#7657 = PRESENTATION_STYLE_ASSIGNMENT (( #3975 ) ) ;
#7658 =( NAMED_UNIT ( * ) SI_UNIT ( $, .STERADIAN. ) SOLID_ANGLE_UNIT ( ) );
#7659 = VECTOR ( 'NONE', #1792, 1000.000000000000000 ) ;
#7660 = CARTESIAN_POINT ( 'NONE',  ( 5.500000000000000000, -0.4999999999999970024, 1.600000000000000089 ) ) ;
#7661 = UNCERTAINTY_MEASURE_WITH_UNIT (LENGTH_MEASURE( 1.000000000000000082E-05 ), #7791, 'distance_accuracy_value', 'NONE');
#7662 = DIRECTION ( 'NONE',  ( 0.000000000000000000, 0.9999999847691289911, -0.0001745329243133371888 ) ) ;
#7663 = PRESENTATION_STYLE_ASSIGNMENT (( #11313 ) ) ;
#7664 = CARTESIAN_POINT ( 'NONE',  ( 7.500000000000002665, -7.499999999999992895, 2.463966244037302911 ) ) ;
#7665 = CARTESIAN_POINT ( 'NONE',  ( 4.000000000000003553, 13.99999999999999822, 1.999999999999999556 ) ) ;
#7666 = VECTOR ( 'NONE', #2590, 1000.000000000000000 ) ;
#7667 = FACE_OUTER_BOUND ( 'NONE', #5480, .T. ) ;
#7668 = DIRECTION ( 'NONE',  ( -4.336808689942018722E-16, -1.000000000000000000, 0.000000000000000000 ) ) ;
#7669 = DIRECTION ( 'NONE',  ( -0.000000000000000000, 0.000000000000000000, -1.000000000000000000 ) ) ;
#7670 = DIRECTION ( 'NONE',  ( 0.000000000000000000, -1.000000000000000000, 0.000000000000000000 ) ) ;
#7671 =( NAMED_UNIT ( * ) SI_UNIT ( $, .STERADIAN. ) SOLID_ANGLE_UNIT ( ) );
#7672 = CLOSED_SHELL ( 'NONE', ( #9382, #4212, #9059, #2596, #1652 ) ) ;
#7673 = DIRECTION ( 'NONE',  ( -0.000000000000000000, -0.000000000000000000, 1.000000000000000000 ) ) ;
#7674 = DIRECTION ( 'NONE',  ( 1.000000000000000000, 0.000000000000000000, 0.000000000000000000 ) ) ;
#7675 = CIRCLE ( 'NONE', #9797, 1.386033755962696956 ) ;
#7676 = FILL_AREA_STYLE_COLOUR ( '', #9109 ) ;
#7677 = VERTEX_POINT ( 'NONE', #9809 ) ;
#7678 =( NAMED_UNIT ( * ) SI_UNIT ( $, .STERADIAN. ) SOLID_ANGLE_UNIT ( ) );
#7679 = ORIENTED_EDGE ( 'NONE', *, *, #524, .F. ) ;
#7680 = ORIENTED_EDGE ( 'NONE', *, *, #7480, .F. ) ;
#7681 = CIRCLE ( 'NONE', #6730, 1.486033755962697267 ) ;
#7682 = ORIENTED_EDGE ( 'NONE', *, *, #9390, .T. ) ;
#7683 = EDGE_CURVE ( 'NONE', #2851, #10674, #7947, .T. ) ;
#7685 = EDGE_CURVE ( 'NONE', #1225, #9190, #438, .T. ) ;
#7684 = DIRECTION ( 'NONE',  ( 1.000000000000000000, 0.000000000000000000, 0.000000000000000000 ) ) ;
#7686 = AXIS2_PLACEMENT_3D ( 'NONE', #10046, #4377, #4495 ) ;
#7687 = DIRECTION ( 'NONE',  ( -1.000000000000000000, 0.000000000000000000, 0.000000000000000000 ) ) ;
#7688 = VERTEX_POINT ( 'NONE', #2743 ) ;
#7689 = PRESENTATION_LAYER_ASSIGNMENT (  '', '', ( #542 ) ) ;
#7690 = ORIENTED_EDGE ( 'NONE', *, *, #9402, .T. ) ;
#7691 =( NAMED_UNIT ( * ) SI_UNIT ( $, .STERADIAN. ) SOLID_ANGLE_UNIT ( ) );
#7692 = AXIS2_PLACEMENT_3D ( 'NONE', #781, #2658, #11801 ) ;
#7693 = SURFACE_STYLE_USAGE ( .BOTH. , #1212 ) ;
#7694 = LINE ( 'NONE', #6688, #8389 ) ;
#7695 = EDGE_LOOP ( 'NONE', ( #6074, #1972, #299, #10066 ) ) ;
#7696 = ADVANCED_FACE ( 'NONE', ( #1688 ), #6835, .T. ) ;
#7697 = CARTESIAN_POINT ( 'NONE',  ( -2.499999999999997780, -2.499999999999991118, 2.463966244037302911 ) ) ;
#7698 = FILL_AREA_STYLE_COLOUR ( '', #9267 ) ;
#7699 =( NAMED_UNIT ( * ) PLANE_ANGLE_UNIT ( ) SI_UNIT ( $, .RADIAN. ) );
#7700 = PLANE ( 'NONE',  #164 ) ;
#7701 = AXIS2_PLACEMENT_3D ( 'NONE', #4526, #8978, #5322 ) ;
#7702 = PRESENTATION_STYLE_ASSIGNMENT (( #9568 ) ) ;
#7703 = CYLINDRICAL_SURFACE ( 'NONE', #5654, 1.386033755962696956 ) ;
#7704 = ORIENTED_EDGE ( 'NONE', *, *, #4620, .F. ) ;
#7705 = ORIENTED_EDGE ( 'NONE', *, *, #4778, .T. ) ;
#7706 = FILL_AREA_STYLE ('',( #1116 ) ) ;
#7707 = CARTESIAN_POINT ( 'NONE',  ( 2.500000000000002220, -7.499999999999992006, 2.463966244037302911 ) ) ;
#7708 = DIRECTION ( 'NONE',  ( -0.000000000000000000, -0.000000000000000000, -1.000000000000000000 ) ) ;
#7709 = ORIENTED_EDGE ( 'NONE', *, *, #1475, .T. ) ;
#7710 = ADVANCED_FACE ( 'NONE', ( #1813, #9264, #9088, #1627, #8129, #10179, #6503, #9151, #10055, #811, #17, #9208, #2805, #3474, #5362, #10921, #986, #11096, #7221, #11760, #1750, #4685, #3538, #1871 ), #11831, .T. ) ;
#7711 = MECHANICAL_DESIGN_GEOMETRIC_PRESENTATION_REPRESENTATION (  '', ( #4244 ), #9626 ) ;
#7712 = CARTESIAN_POINT ( 'NONE',  ( 12.94999999999999396, -11.35000000000000142, 0.000000000000000000 ) ) ;
#7713 = EDGE_CURVE ( 'NONE', #134, #2122, #872, .T. ) ;
#7714 = CIRCLE ( 'NONE', #6387, 1.386033755962696956 ) ;
#7716 = ADVANCED_FACE ( 'NONE', ( #6274 ), #6444, .F. ) ;
#7715 = DIRECTION ( 'NONE',  ( -1.000000000000000000, 0.000000000000000000, 0.000000000000000000 ) ) ;
#7717 = DIRECTION ( 'NONE',  ( 1.000000000000000000, 0.000000000000000000, 0.000000000000000000 ) ) ;
#7718 = DIRECTION ( 'NONE',  ( 1.000000000000000000, 4.336808689942017736E-16, 0.000000000000000000 ) ) ;
#7719 =( GEOMETRIC_REPRESENTATION_CONTEXT ( 3 ) GLOBAL_UNCERTAINTY_ASSIGNED_CONTEXT ( ( #85 ) ) GLOBAL_UNIT_ASSIGNED_CONTEXT ( ( #6566, #143, #6450 ) ) REPRESENTATION_CONTEXT ( 'NONE', 'WORKASPACE' ) );
#7720 = CARTESIAN_POINT ( 'NONE',  ( 7.500000000000002665, -7.499999999999992895, 2.100000000000000089 ) ) ;
#7721 = CARTESIAN_POINT ( 'NONE',  ( 4.000000000000003553, 13.99999999999999822, 1.600000000000000311 ) ) ;
#7722 = MECHANICAL_DESIGN_GEOMETRIC_PRESENTATION_REPRESENTATION (  '', ( #2112 ), #9847 ) ;
#7723 = FILL_AREA_STYLE ('',( #9410 ) ) ;
#7724 = CARTESIAN_POINT ( 'NONE',  ( -9.500000000000001776, 0.4999999999999961142, 2.100000000000000089 ) ) ;
#7725 = EDGE_CURVE ( 'NONE', #10853, #1572, #7395, .T. ) ;
#7726 = CARTESIAN_POINT ( 'NONE',  ( 6.113966244037302822, 7.500000000000007105, 2.100000000000000089 ) ) ;
#7727 = LINE ( 'NONE', #11419, #1059 ) ;
#7728 =( NAMED_UNIT ( * ) SI_UNIT ( $, .STERADIAN. ) SOLID_ANGLE_UNIT ( ) );
#7729 = CIRCLE ( 'NONE', #7139, 1.386033755962696956 ) ;
#7730 =( NAMED_UNIT ( * ) PLANE_ANGLE_UNIT ( ) SI_UNIT ( $, .RADIAN. ) );
#7731 = MECHANICAL_DESIGN_GEOMETRIC_PRESENTATION_REPRESENTATION (  '', ( #6205 ), #7740 ) ;
#7732 = FILL_AREA_STYLE_COLOUR ( '', #686 ) ;
#7733 = COLOUR_RGB ( '',1.000000000000000000, 1.000000000000000000, 0.000000000000000000 ) ;
#7734 = DIRECTION ( 'NONE',  ( 1.000000000000000000, 0.000000000000000000, 0.000000000000000000 ) ) ;
#7735 = ORIENTED_EDGE ( 'NONE', *, *, #5723, .F. ) ;
#7736 = FACE_OUTER_BOUND ( 'NONE', #8367, .T. ) ;
#7737 = ORIENTED_EDGE ( 'NONE', *, *, #7825, .F. ) ;
#7738 = MECHANICAL_DESIGN_GEOMETRIC_PRESENTATION_REPRESENTATION (  '', ( #11411 ), #10846 ) ;
#7739 = CARTESIAN_POINT ( 'NONE',  ( 7.500000000000002665, -7.499999999999992895, 3.850000000000000089 ) ) ;
#7740 =( GEOMETRIC_REPRESENTATION_CONTEXT ( 3 ) GLOBAL_UNCERTAINTY_ASSIGNED_CONTEXT ( ( #9956 ) ) GLOBAL_UNIT_ASSIGNED_CONTEXT ( ( #8207, #9173, #9108 ) ) REPRESENTATION_CONTEXT ( 'NONE', 'WORKASPACE' ) );
#7741 = EDGE_CURVE ( 'NONE', #10569, #964, #669, .T. ) ;
#7742 = CARTESIAN_POINT ( 'NONE',  ( 5.500000000000000888, -5.499999999999992895, 1.600000000000000089 ) ) ;
#7743 = ORIENTED_EDGE ( 'NONE', *, *, #3089, .T. ) ;
#7744 =( NAMED_UNIT ( * ) PLANE_ANGLE_UNIT ( ) SI_UNIT ( $, .RADIAN. ) );
#7745 = SURFACE_SIDE_STYLE ('',( #93 ) ) ;
#7746 = MECHANICAL_DESIGN_GEOMETRIC_PRESENTATION_REPRESENTATION (  '', ( #7943 ), #3887 ) ;
#7747 = STYLED_ITEM ( 'NONE', ( #7857 ), #559 ) ;
#7748 =( NAMED_UNIT ( * ) PLANE_ANGLE_UNIT ( ) SI_UNIT ( $, .RADIAN. ) );
#7749 = AXIS2_PLACEMENT_3D ( 'NONE', #4412, #3202, #9657 ) ;
#7750 =( NAMED_UNIT ( * ) SI_UNIT ( $, .STERADIAN. ) SOLID_ANGLE_UNIT ( ) );
#7751 = EDGE_LOOP ( 'NONE', ( #1282, #798, #11084, #3382, #4254 ) ) ;
#7752 = ORIENTED_EDGE ( 'NONE', *, *, #8081, .T. ) ;
#7753 = EDGE_CURVE ( 'NONE', #681, #2622, #4144, .T. ) ;
#7754 = DIRECTION ( 'NONE',  ( 1.000000000000000000, 0.000000000000000000, 0.000000000000000000 ) ) ;
#7755 = CARTESIAN_POINT ( 'NONE',  ( -9.500000000000001776, 4.499999999999996447, 2.100000000000000089 ) ) ;
#7756 = CIRCLE ( 'NONE', #5461, 1.386033755962696956 ) ;
#7757 = CIRCLE ( 'NONE', #9674, 1.486033755962697267 ) ;
#7758 = SURFACE_STYLE_USAGE ( .BOTH. , #1214 ) ;
#7759 = VERTEX_POINT ( 'NONE', #3037 ) ;
#7760 = DIRECTION ( 'NONE',  ( -0.000000000000000000, -1.000000000000000000, -0.000000000000000000 ) ) ;
#7761 = CARTESIAN_POINT ( 'NONE',  ( 2.500000000000001332, -2.499999999999992006, 2.463966244037302911 ) ) ;
#7762 = SURFACE_STYLE_USAGE ( .BOTH. , #362 ) ;
#7763 = MECHANICAL_DESIGN_GEOMETRIC_PRESENTATION_REPRESENTATION (  '', ( #4091 ), #10867 ) ;
#7764 = DIRECTION ( 'NONE',  ( 3.252606517456514781E-16, -1.000000000000000000, 0.000000000000000000 ) ) ;
#7765 = CARTESIAN_POINT ( 'NONE',  ( 2.500000000000001332, -2.499999999999992006, 2.463966244037302911 ) ) ;
#7766 = PRESENTATION_STYLE_ASSIGNMENT (( #368 ) ) ;
#7767 = MECHANICAL_DESIGN_GEOMETRIC_PRESENTATION_REPRESENTATION (  '', ( #5848 ), #403 ) ;
#7768 = ADVANCED_FACE ( 'NONE', ( #4857 ), #10300, .F. ) ;
#7769 = DIRECTION ( 'NONE',  ( 0.000000000000000000, -1.000000000000000000, 0.000000000000000000 ) ) ;
#7770 = ORIENTED_EDGE ( 'NONE', *, *, #7251, .T. ) ;
#7771 = VERTEX_POINT ( 'NONE', #3761 ) ;
#7772 = DIRECTION ( 'NONE',  ( 0.000000000000000000, 0.000000000000000000, -1.000000000000000000 ) ) ;
#7773 =( NAMED_UNIT ( * ) PLANE_ANGLE_UNIT ( ) SI_UNIT ( $, .RADIAN. ) );
#7774 = PLANE ( 'NONE',  #9718 ) ;
#7775 = ORIENTED_EDGE ( 'NONE', *, *, #7079, .T. ) ;
#7776 = PRESENTATION_LAYER_ASSIGNMENT (  '', '', ( #1194 ) ) ;
#7777 = PRESENTATION_LAYER_ASSIGNMENT (  '', '', ( #1763 ) ) ;
#7778 = DIRECTION ( 'NONE',  ( -1.000000000000000000, 5.421010862427527100E-17, 0.000000000000000000 ) ) ;
#7779 =( NAMED_UNIT ( * ) PLANE_ANGLE_UNIT ( ) SI_UNIT ( $, .RADIAN. ) );
#7780 = DIRECTION ( 'NONE',  ( 1.000000000000000000, 0.000000000000000000, 0.000000000000000000 ) ) ;
#7781 = EDGE_CURVE ( 'NONE', #10731, #10482, #6678, .T. ) ;
#7782 = PRESENTATION_LAYER_ASSIGNMENT (  '', '', ( #11277 ) ) ;
#7783 = EDGE_CURVE ( 'NONE', #1094, #879, #7450, .T. ) ;
#7784 = UNCERTAINTY_MEASURE_WITH_UNIT (LENGTH_MEASURE( 1.000000000000000082E-05 ), #3020, 'distance_accuracy_value', 'NONE');
#7785 = CARTESIAN_POINT ( 'NONE',  ( 2.604026083246159029, 13.44012937056731083, 1.600000000000000089 ) ) ;
#7786 = CARTESIAN_POINT ( 'NONE',  ( -11.34999999999999254, -11.35000000000000142, 1.600000000000000089 ) ) ;
#7787 = EDGE_LOOP ( 'NONE', ( #3337, #10611, #2476, #8577 ) ) ;
#7788 = CIRCLE ( 'NONE', #1775, 1.486033755962697267 ) ;
#7789 = DIRECTION ( 'NONE',  ( -0.000000000000000000, -0.000000000000000000, -1.000000000000000000 ) ) ;
#7790 = FILL_AREA_STYLE ('',( #2692 ) ) ;
#7791 =( LENGTH_UNIT ( ) NAMED_UNIT ( * ) SI_UNIT ( .MILLI., .METRE. ) );
#7792 = SURFACE_STYLE_FILL_AREA ( #10699 ) ;
#7793 = UNCERTAINTY_MEASURE_WITH_UNIT (LENGTH_MEASURE( 1.000000000000000082E-05 ), #5760, 'distance_accuracy_value', 'NONE');
#7794 = DIRECTION ( 'NONE',  ( -0.000000000000000000, -0.000000000000000000, 1.000000000000000000 ) ) ;
#7795 = CYLINDRICAL_SURFACE ( 'NONE', #10735, 1.500000000000000000 ) ;
#7796 = PRESENTATION_LAYER_ASSIGNMENT (  '', '', ( #1999 ) ) ;
#7797 = ORIENTED_EDGE ( 'NONE', *, *, #11330, .F. ) ;
#7798 = ORIENTED_EDGE ( 'NONE', *, *, #7783, .T. ) ;
#7799 = DIRECTION ( 'NONE',  ( 1.000000000000000000, 0.000000000000000000, 0.000000000000000000 ) ) ;
#7800 = STYLED_ITEM ( 'NONE', ( #5743 ), #7466 ) ;
#7801 = LINE ( 'NONE', #4850, #11357 ) ;
#7802 = FILL_AREA_STYLE_COLOUR ( '', #10212 ) ;
#7803 =( NAMED_UNIT ( * ) SI_UNIT ( $, .STERADIAN. ) SOLID_ANGLE_UNIT ( ) );
#7804 = PRESENTATION_STYLE_ASSIGNMENT (( #3152 ) ) ;
#7805 = VERTEX_POINT ( 'NONE', #2858 ) ;
#7806 = VECTOR ( 'NONE', #302, 1000.000000000000000 ) ;
#7807 = SURFACE_SIDE_STYLE ('',( #9605 ) ) ;
#7808 = FILL_AREA_STYLE ('',( #6734 ) ) ;
#7809 = CARTESIAN_POINT ( 'NONE',  ( 2.500000000000001332, -2.499999999999992006, 2.463966244037302911 ) ) ;
#7810 = AXIS2_PLACEMENT_3D ( 'NONE', #5648, #10097, #7256 ) ;
#7811 = FILL_AREA_STYLE ('',( #4123 ) ) ;
#7812 = CARTESIAN_POINT ( 'NONE',  ( 2.499999999999999556, 7.500000000000007105, 2.463966244037302911 ) ) ;
#7813 = CARTESIAN_POINT ( 'NONE',  ( 8.986033755962699487, -2.499999999999992895, 2.100000000000000089 ) ) ;
#7814 = VERTEX_POINT ( 'NONE', #3888 ) ;
#7815 = EDGE_LOOP ( 'NONE', ( #8485, #300, #8243, #5283, #4311 ) ) ;
#7816 = PLANE ( 'NONE',  #3927 ) ;
#7817 = ORIENTED_EDGE ( 'NONE', *, *, #11479, .F. ) ;
#7818 = CARTESIAN_POINT ( 'NONE',  ( -9.500000000000001776, 9.499999999999991118, 2.100000000000000089 ) ) ;
#7819 = VECTOR ( 'NONE', #9734, 1000.000000000000000 ) ;
#7820 = ORIENTED_EDGE ( 'NONE', *, *, #7603, .F. ) ;
#7821 = PLANE ( 'NONE',  #5232 ) ;
#7822 = DIRECTION ( 'NONE',  ( 1.000000000000000000, -1.224646799147353207E-16, 0.000000000000000000 ) ) ;
#7823 =( NAMED_UNIT ( * ) SI_UNIT ( $, .STERADIAN. ) SOLID_ANGLE_UNIT ( ) );
#7824 = CIRCLE ( 'NONE', #9363, 1.386033755962696956 ) ;
#7825 = EDGE_CURVE ( 'NONE', #9989, #5458, #10238, .T. ) ;
#7826 = DIRECTION ( 'NONE',  ( -0.000000000000000000, -0.000000000000000000, -1.000000000000000000 ) ) ;
#7827 = DIRECTION ( 'NONE',  ( 0.000000000000000000, -1.000000000000000000, 0.000000000000000000 ) ) ;
#7828 = VECTOR ( 'NONE', #5982, 1000.000000000000114 ) ;
#7829 = ORIENTED_EDGE ( 'NONE', *, *, #7783, .F. ) ;
#7830 = ORIENTED_EDGE ( 'NONE', *, *, #5295, .F. ) ;
#7831 = FILL_AREA_STYLE_COLOUR ( '', #4450 ) ;
#7832 = MECHANICAL_DESIGN_GEOMETRIC_PRESENTATION_REPRESENTATION (  '', ( #4359 ), #1822 ) ;
#7833 = LINE ( 'NONE', #4021, #4504 ) ;
#7834 = DIRECTION ( 'NONE',  ( 1.000000000000000000, 0.000000000000000000, 0.000000000000000000 ) ) ;
#7835 = FILL_AREA_STYLE ('',( #6985 ) ) ;
#7836 = VERTEX_POINT ( 'NONE', #7575 ) ;
#7837 = EDGE_CURVE ( 'NONE', #7023, #7620, #4344, .T. ) ;
#7838 = PRESENTATION_STYLE_ASSIGNMENT (( #7553 ) ) ;
#7839 = PLANE ( 'NONE',  #5981 ) ;
#7840 = VECTOR ( 'NONE', #6870, 1000.000000000000114 ) ;
#7841 = CARTESIAN_POINT ( 'NONE',  ( -6.013966244037301401, 2.500000000000009326, 2.463966244037302911 ) ) ;
#7842 = LINE ( 'NONE', #3134, #3115 ) ;
#7843 = ORIENTED_EDGE ( 'NONE', *, *, #7753, .T. ) ;
#7844 = LINE ( 'NONE', #11533, #6872 ) ;
#7845 = APPLICATION_PROTOCOL_DEFINITION ( 'draft international standard', 'automotive_design', 1998, #1266 ) ;
#7846 = CARTESIAN_POINT ( 'NONE',  ( 9.500000000000000000, 5.499999999999992895, 2.100000000000000089 ) ) ;
#7847 =( NAMED_UNIT ( * ) SI_UNIT ( $, .STERADIAN. ) SOLID_ANGLE_UNIT ( ) );
#7848 = ADVANCED_FACE ( 'NONE', ( #8430 ), #5529, .F. ) ;
#7849 = DIRECTION ( 'NONE',  ( -0.000000000000000000, -0.000000000000000000, 1.000000000000000000 ) ) ;
#7850 = AXIS2_PLACEMENT_3D ( 'NONE', #6429, #9756, #2725 ) ;
#7851 = EDGE_CURVE ( 'NONE', #5665, #3308, #9939, .T. ) ;
#7852 = DIRECTION ( 'NONE',  ( 0.000000000000000000, 0.000000000000000000, 1.000000000000000000 ) ) ;
#7853 = LINE ( 'NONE', #10637, #485 ) ;
#7854 = ORIENTED_EDGE ( 'NONE', *, *, #4745, .T. ) ;
#7855 = CARTESIAN_POINT ( 'NONE',  ( -2.499999999999999556, 3.986033755962706593, 2.463966244037302911 ) ) ;
#7856 = ORIENTED_EDGE ( 'NONE', *, *, #348, .F. ) ;
#7857 = PRESENTATION_STYLE_ASSIGNMENT (( #3146 ) ) ;
#7858 =( GEOMETRIC_REPRESENTATION_CONTEXT ( 3 ) GLOBAL_UNCERTAINTY_ASSIGNED_CONTEXT ( ( #7298 ) ) GLOBAL_UNIT_ASSIGNED_CONTEXT ( ( #1471, #4040, #7847 ) ) REPRESENTATION_CONTEXT ( 'NONE', 'WORKASPACE' ) );
#7859 = CARTESIAN_POINT ( 'NONE',  ( -2.499999999999997780, -7.499999999999991118, 2.463966244037302911 ) ) ;
#7860 =( NAMED_UNIT ( * ) SI_UNIT ( $, .STERADIAN. ) SOLID_ANGLE_UNIT ( ) );
#7861 = CARTESIAN_POINT ( 'NONE',  ( -9.500000000000000000, -4.499999999999999112, 2.100000000000000089 ) ) ;
#7862 =( NAMED_UNIT ( * ) PLANE_ANGLE_UNIT ( ) SI_UNIT ( $, .RADIAN. ) );
#7863 = DIRECTION ( 'NONE',  ( 0.000000000000000000, 0.000000000000000000, 1.000000000000000000 ) ) ;
#7864 = EDGE_LOOP ( 'NONE', ( #7052, #7173, #7487, #7981 ) ) ;
#7865 =( NAMED_UNIT ( * ) PLANE_ANGLE_UNIT ( ) SI_UNIT ( $, .RADIAN. ) );
#7866 =( NAMED_UNIT ( * ) PLANE_ANGLE_UNIT ( ) SI_UNIT ( $, .RADIAN. ) );
#7867 = EDGE_LOOP ( 'NONE', ( #10863, #5596, #11432, #4064 ) ) ;
#7868 = ORIENTED_EDGE ( 'NONE', *, *, #5491, .F. ) ;
#7869 = FACE_OUTER_BOUND ( 'NONE', #404, .T. ) ;
#7870 = ORIENTED_EDGE ( 'NONE', *, *, #5520, .T. ) ;
#7871 = PRESENTATION_STYLE_ASSIGNMENT (( #9680 ) ) ;
#7872 = VECTOR ( 'NONE', #11358, 1000.000000000000000 ) ;
#7873 = SURFACE_SIDE_STYLE ('',( #9936 ) ) ;
#7874 = ORIENTED_EDGE ( 'NONE', *, *, #2766, .F. ) ;
#7876 =( LENGTH_UNIT ( ) NAMED_UNIT ( * ) SI_UNIT ( .MILLI., .METRE. ) );
#7875 = CIRCLE ( 'NONE', #4613, 1.486033755962697267 ) ;
#7877 = CARTESIAN_POINT ( 'NONE',  ( 2.500000000000002220, -7.499999999999992006, 2.463966244037302911 ) ) ;
#7878 = EDGE_CURVE ( 'NONE', #11375, #3584, #852, .T. ) ;
#7879 = LINE ( 'NONE', #6087, #1410 ) ;
#7880 = AXIS2_PLACEMENT_3D ( 'NONE', #9165, #8325, #148 ) ;
#7881 = VERTEX_POINT ( 'NONE', #9305 ) ;
#7882 = ORIENTED_EDGE ( 'NONE', *, *, #5858, .T. ) ;
#7883 = SURFACE_SIDE_STYLE ('',( #4993 ) ) ;
#7884 = PRESENTATION_STYLE_ASSIGNMENT (( #6867 ) ) ;
#7885 = ORIENTED_EDGE ( 'NONE', *, *, #7217, .T. ) ;
#7886 =( NAMED_UNIT ( * ) SI_UNIT ( $, .STERADIAN. ) SOLID_ANGLE_UNIT ( ) );
#7887 = SURFACE_STYLE_USAGE ( .BOTH. , #4213 ) ;
#7888 = AXIS2_PLACEMENT_3D ( 'NONE', #6879, #11659, #10757 ) ;
#7889 = FACE_OUTER_BOUND ( 'NONE', #9972, .T. ) ;
#7890 = DIRECTION ( 'NONE',  ( 1.000000000000000000, -1.224646799147353207E-16, 0.000000000000000000 ) ) ;
#7891 = AXIS2_PLACEMENT_3D ( 'NONE', #4588, #9111, #5320 ) ;
#7892 = DIRECTION ( 'NONE',  ( -1.000000000000000000, 0.000000000000000000, 0.000000000000000000 ) ) ;
#7893 = ADVANCED_FACE ( 'NONE', ( #5395 ), #5464, .F. ) ;
#7894 = DIRECTION ( 'NONE',  ( 0.000000000000000000, 0.000000000000000000, 1.000000000000000000 ) ) ;
#7895 = VECTOR ( 'NONE', #7708, 1000.000000000000000 ) ;
#7896 = SURFACE_STYLE_FILL_AREA ( #514 ) ;
#7897 = VECTOR ( 'NONE', #3334, 1000.000000000000000 ) ;
#7898 = PRESENTATION_STYLE_ASSIGNMENT (( #8617 ) ) ;
#7899 = ADVANCED_FACE ( 'NONE', ( #9979 ), #963, .F. ) ;
#7900 = LINE ( 'NONE', #11471, #6416 ) ;
#7901 = EDGE_LOOP ( 'NONE', ( #11231, #6477, #7095, #6666 ) ) ;
#7902 = PRESENTATION_LAYER_ASSIGNMENT (  '', '', ( #6759 ) ) ;
#7903 = DIRECTION ( 'NONE',  ( -0.000000000000000000, -0.000000000000000000, 1.000000000000000000 ) ) ;
#7904 = SURFACE_STYLE_USAGE ( .BOTH. , #2219 ) ;
#7905 = UNCERTAINTY_MEASURE_WITH_UNIT (LENGTH_MEASURE( 1.000000000000000082E-05 ), #1576, 'distance_accuracy_value', 'NONE');
#7906 = LINE ( 'NONE', #5080, #1005 ) ;
#7907 =( NAMED_UNIT ( * ) PLANE_ANGLE_UNIT ( ) SI_UNIT ( $, .RADIAN. ) );
#7908 = CIRCLE ( 'NONE', #10239, 0.1999022841403198525 ) ;
#7909 = DIRECTION ( 'NONE',  ( 1.000000000000000000, 4.336808689942016750E-16, 0.000000000000000000 ) ) ;
#7910 = AXIS2_PLACEMENT_3D ( 'NONE', #1356, #5006, #643 ) ;
#7911 = AXIS2_PLACEMENT_3D ( 'NONE', #6260, #11620, #6903 ) ;
#7912 = ORIENTED_EDGE ( 'NONE', *, *, #4620, .T. ) ;
#7913 = ADVANCED_FACE ( 'NONE', ( #7667 ), #5013, .F. ) ;
#7914 = CARTESIAN_POINT ( 'NONE',  ( -3.886033755962696734, 2.500000000000009326, 2.463966244037302911 ) ) ;
#7915 = ORIENTED_EDGE ( 'NONE', *, *, #7314, .F. ) ;
#7916 = CARTESIAN_POINT ( 'NONE',  ( -0.5000000000000009992, 4.499999999999996447, 2.100000000000000089 ) ) ;
#7917 = CARTESIAN_POINT ( 'NONE',  ( 2.500000000000002220, -7.499999999999992006, 2.100000000000000089 ) ) ;
#7918 = PRESENTATION_LAYER_ASSIGNMENT (  '', '', ( #11028 ) ) ;
#7919 = CARTESIAN_POINT ( 'NONE',  ( -2.499999999999997780, -2.499999999999991118, 2.463966244037302911 ) ) ;
#7920 = MECHANICAL_DESIGN_GEOMETRIC_PRESENTATION_REPRESENTATION (  '', ( #8501 ), #3876 ) ;
#7921 = LINE ( 'NONE', #9918, #1608 ) ;
#7922 = VERTEX_POINT ( 'NONE', #5925 ) ;
#7923 = PRESENTATION_LAYER_ASSIGNMENT (  '', '', ( #5793 ) ) ;
#7924 = CARTESIAN_POINT ( 'NONE',  ( -1.013966244037302289, 7.500000000000007994, 2.100000000000000089 ) ) ;
#7925 = AXIS2_PLACEMENT_3D ( 'NONE', #11673, #5085, #9846 ) ;
#7926 = CARTESIAN_POINT ( 'NONE',  ( -7.499999999999997335, -7.499999999999990230, 2.463966244037302911 ) ) ;
#7927 = DIRECTION ( 'NONE',  ( 1.000000000000000000, 0.000000000000000000, 0.000000000000000000 ) ) ;
#7928 = CIRCLE ( 'NONE', #9863, 1.486033755962697267 ) ;
#7929 = EDGE_CURVE ( 'NONE', #10379, #862, #3801, .T. ) ;
#7930 =( LENGTH_UNIT ( ) NAMED_UNIT ( * ) SI_UNIT ( .MILLI., .METRE. ) );
#7931 = VERTEX_POINT ( 'NONE', #8463 ) ;
#7932 = CIRCLE ( 'NONE', #2727, 0.1999022841403194084 ) ;
#7933 = ORIENTED_EDGE ( 'NONE', *, *, #1545, .T. ) ;
#7934 = EDGE_CURVE ( 'NONE', #2185, #3890, #5318, .T. ) ;
#7935 = STYLED_ITEM ( 'NONE', ( #9556 ), #3477 ) ;
#7936 = DIRECTION ( 'NONE',  ( -0.000000000000000000, -0.000000000000000000, 1.000000000000000000 ) ) ;
#7937 = ORIENTED_EDGE ( 'NONE', *, *, #8695, .F. ) ;
#7938 = UNCERTAINTY_MEASURE_WITH_UNIT (LENGTH_MEASURE( 1.000000000000000082E-05 ), #10684, 'distance_accuracy_value', 'NONE');
#7939 = DIRECTION ( 'NONE',  ( 1.000000000000000000, 0.000000000000000000, 0.000000000000000000 ) ) ;
#7940 = ORIENTED_EDGE ( 'NONE', *, *, #97, .T. ) ;
#7941 = DIRECTION ( 'NONE',  ( 0.000000000000000000, -1.000000000000000000, 0.000000000000000000 ) ) ;
#7942 = CARTESIAN_POINT ( 'NONE',  ( -7.499999999999999112, 7.500000000000007994, 2.463966244037302911 ) ) ;
#7943 = STYLED_ITEM ( 'NONE', ( #7379 ), #6172 ) ;
#7944 = FACE_OUTER_BOUND ( 'NONE', #9694, .T. ) ;
#7945 = UNCERTAINTY_MEASURE_WITH_UNIT (LENGTH_MEASURE( 1.000000000000000082E-05 ), #314, 'distance_accuracy_value', 'NONE');
#7946 = CIRCLE ( 'NONE', #9867, 1.486033755962697267 ) ;
#7947 = LINE ( 'NONE', #7027, #3737 ) ;
#7948 = ADVANCED_FACE ( 'NONE', ( #5813 ), #11260, .T. ) ;
#7949 = VERTEX_POINT ( 'NONE', #8569 ) ;
#7950 = COLOUR_RGB ( '',0.7529411764705882248, 0.7529411764705882248, 0.7529411764705882248 ) ;
#7951 = PRESENTATION_LAYER_ASSIGNMENT (  '', '', ( #10266 ) ) ;
#7952 = ORIENTED_EDGE ( 'NONE', *, *, #11450, .F. ) ;
#7953 = DIRECTION ( 'NONE',  ( -1.000000000000000000, -4.336808689942015764E-16, 0.000000000000000000 ) ) ;
#7954 = DIRECTION ( 'NONE',  ( 0.000000000000000000, 1.000000000000000000, 0.000000000000000000 ) ) ;
#7955 = STYLED_ITEM ( 'NONE', ( #2164 ), #4444 ) ;
#7956 = DIRECTION ( 'NONE',  ( -0.000000000000000000, -0.000000000000000000, 1.000000000000000000 ) ) ;
#7957 = ORIENTED_EDGE ( 'NONE', *, *, #470, .T. ) ;
#7958 = DIRECTION ( 'NONE',  ( 1.000000000000000000, 0.000000000000000000, 0.000000000000000000 ) ) ;
#7959 = FACE_BOUND ( 'NONE', #9804, .T. ) ;
#7960 = CIRCLE ( 'NONE', #2746, 1.486033755962696379 ) ;
#7961 = SURFACE_STYLE_FILL_AREA ( #11526 ) ;
#7962 = DIRECTION ( 'NONE',  ( -1.000000000000000000, 0.000000000000000000, -0.000000000000000000 ) ) ;
#7963 = CARTESIAN_POINT ( 'NONE',  ( -4.500000000000001776, 5.499999999999991118, 1.600000000000000089 ) ) ;
#7964 = CIRCLE ( 'NONE', #6810, 1.386033755962696956 ) ;
#7965 = VECTOR ( 'NONE', #5746, 1000.000000000000000 ) ;
#7966 = ORIENTED_EDGE ( 'NONE', *, *, #348, .T. ) ;
#7967 = FILL_AREA_STYLE ('',( #1360 ) ) ;
#7968 = LINE ( 'NONE', #588, #2927 ) ;
#7969 = DIRECTION ( 'NONE',  ( -0.000000000000000000, -0.000000000000000000, -1.000000000000000000 ) ) ;
#7970 = EDGE_CURVE ( 'NONE', #10349, #7931, #10534, .T. ) ;
#7971 = DIRECTION ( 'NONE',  ( 0.000000000000000000, 1.000000000000000000, 0.000000000000000000 ) ) ;
#7972 = ORIENTED_EDGE ( 'NONE', *, *, #3479, .T. ) ;
#7973 = CARTESIAN_POINT ( 'NONE',  ( -8.986033755962695935, 7.500000000000007994, 2.100000000000000089 ) ) ;
#7974 = COLOUR_RGB ( '',0.7529411764705882248, 0.7529411764705882248, 0.7529411764705882248 ) ;
#7975 = ORIENTED_EDGE ( 'NONE', *, *, #11020, .F. ) ;
#7976 = DIRECTION ( 'NONE',  ( -1.000000000000000000, 0.000000000000000000, 0.000000000000000000 ) ) ;
#7977 = CARTESIAN_POINT ( 'NONE',  ( -7.499999999999997335, -7.499999999999990230, 3.950000000000000178 ) ) ;
#7978 = CARTESIAN_POINT ( 'NONE',  ( -7.499999999999997335, -7.499999999999990230, 2.463966244037302911 ) ) ;
#7980 = VECTOR ( 'NONE', #3913, 1000.000000000000000 ) ;
#7979 = PRESENTATION_LAYER_ASSIGNMENT (  '', '', ( #7033 ) ) ;
#7981 = ORIENTED_EDGE ( 'NONE', *, *, #9531, .T. ) ;
#7982 = DIRECTION ( 'NONE',  ( -0.000000000000000000, -0.000000000000000000, 1.000000000000000000 ) ) ;
#7983 =( NAMED_UNIT ( * ) PLANE_ANGLE_UNIT ( ) SI_UNIT ( $, .RADIAN. ) );
#7984 = EDGE_CURVE ( 'NONE', #5059, #4770, #4554, .T. ) ;
#7985 = CARTESIAN_POINT ( 'NONE',  ( -4.500000000000001776, 5.499999999999991118, 2.100000000000000089 ) ) ;
#7986 = FILL_AREA_STYLE ('',( #6070 ) ) ;
#7987 = EDGE_CURVE ( 'NONE', #7441, #2392, #9258, .T. ) ;
#7988 = FACE_OUTER_BOUND ( 'NONE', #6442, .T. ) ;
#7989 = SPHERICAL_SURFACE ( 'NONE', #3111, 1.386033755962696956 ) ;
#7990 = DIRECTION ( 'NONE',  ( -0.000000000000000000, -0.000000000000000000, 1.000000000000000000 ) ) ;
#7991 = VERTEX_POINT ( 'NONE', #10 ) ;
#7992 = ORIENTED_EDGE ( 'NONE', *, *, #11344, .F. ) ;
#7993 = PRESENTATION_LAYER_ASSIGNMENT (  '', '', ( #1219 ) ) ;
#7994 =( NAMED_UNIT ( * ) PLANE_ANGLE_UNIT ( ) SI_UNIT ( $, .RADIAN. ) );
#7995 = ORIENTED_EDGE ( 'NONE', *, *, #827, .F. ) ;
#7996 = CARTESIAN_POINT ( 'NONE',  ( 2.500000000000002220, -7.499999999999992006, 2.463966244037302911 ) ) ;
#7997 = DIRECTION ( 'NONE',  ( 0.000000000000000000, 0.000000000000000000, -1.000000000000000000 ) ) ;
#7998 = ORIENTED_EDGE ( 'NONE', *, *, #6592, .F. ) ;
#7999 = LINE ( 'NONE', #8060, #2311 ) ;
#8000 = CIRCLE ( 'NONE', #6469, 1.486033755962696379 ) ;
#8001 = EDGE_CURVE ( 'NONE', #9254, #5730, #6498, .T. ) ;
#8002 = ADVANCED_FACE ( 'NONE', ( #977 ), #9324, .F. ) ;
#8003 = CARTESIAN_POINT ( 'NONE',  ( 5.499999999999999112, 0.4999999999999961142, 2.100000000000000089 ) ) ;
#8004 =( GEOMETRIC_REPRESENTATION_CONTEXT ( 3 ) GLOBAL_UNCERTAINTY_ASSIGNED_CONTEXT ( ( #8188 ) ) GLOBAL_UNIT_ASSIGNED_CONTEXT ( ( #11740, #1548, #11806 ) ) REPRESENTATION_CONTEXT ( 'NONE', 'WORKASPACE' ) );
#8005 = ORIENTED_EDGE ( 'NONE', *, *, #8388, .F. ) ;
#8006 =( GEOMETRIC_REPRESENTATION_CONTEXT ( 3 ) GLOBAL_UNCERTAINTY_ASSIGNED_CONTEXT ( ( #893 ) ) GLOBAL_UNIT_ASSIGNED_CONTEXT ( ( #11314, #7486, #10279 ) ) REPRESENTATION_CONTEXT ( 'NONE', 'WORKASPACE' ) );
#8007 = ORIENTED_EDGE ( 'NONE', *, *, #9092, .T. ) ;
#8008 = VECTOR ( 'NONE', #666, 1000.000000000000000 ) ;
#8009 = CARTESIAN_POINT ( 'NONE',  ( -1.113966244037302600, 7.500000000000007994, 2.463966244037302911 ) ) ;
#8010 = LINE ( 'NONE', #6281, #10603 ) ;
#8011 =( NAMED_UNIT ( * ) SI_UNIT ( $, .STERADIAN. ) SOLID_ANGLE_UNIT ( ) );
#8012 = ORIENTED_EDGE ( 'NONE', *, *, #7104, .F. ) ;
#8013 = PRESENTATION_STYLE_ASSIGNMENT (( #10748 ) ) ;
#8014 = FACE_OUTER_BOUND ( 'NONE', #6365, .T. ) ;
#8015 = PRESENTATION_LAYER_ASSIGNMENT (  '', '', ( #1235 ) ) ;
#8016 = SURFACE_SIDE_STYLE ('',( #1352 ) ) ;
#8017 = VECTOR ( 'NONE', #7119, 1000.000000000000000 ) ;
#8018 = DIRECTION ( 'NONE',  ( -0.000000000000000000, -0.000000000000000000, 1.000000000000000000 ) ) ;
#8019 = UNCERTAINTY_MEASURE_WITH_UNIT (LENGTH_MEASURE( 1.000000000000000082E-05 ), #9927, 'distance_accuracy_value', 'NONE');
#8020 = CARTESIAN_POINT ( 'NONE',  ( -1.113966244037302600, 7.500000000000007994, 2.100000000000000089 ) ) ;
#8021 = DIRECTION ( 'NONE',  ( -0.000000000000000000, -0.000000000000000000, 1.000000000000000000 ) ) ;
#8022 = AXIS2_PLACEMENT_3D ( 'NONE', #8933, #8039, #9977 ) ;
#8023 =( LENGTH_UNIT ( ) NAMED_UNIT ( * ) SI_UNIT ( .MILLI., .METRE. ) );
#8024 = VERTEX_POINT ( 'NONE', #1863 ) ;
#8025 =( NAMED_UNIT ( * ) SI_UNIT ( $, .STERADIAN. ) SOLID_ANGLE_UNIT ( ) );
#8026 = DIRECTION ( 'NONE',  ( -0.000000000000000000, -0.000000000000000000, 1.000000000000000000 ) ) ;
#8027 = DIRECTION ( 'NONE',  ( 0.000000000000000000, 0.000000000000000000, 1.000000000000000000 ) ) ;
#8028 = PRESENTATION_LAYER_ASSIGNMENT (  '', '', ( #1247 ) ) ;
#8029 = UNCERTAINTY_MEASURE_WITH_UNIT (LENGTH_MEASURE( 1.000000000000000082E-05 ), #9607, 'distance_accuracy_value', 'NONE');
#8030 =( LENGTH_UNIT ( ) NAMED_UNIT ( * ) SI_UNIT ( .MILLI., .METRE. ) );
#8031 = CIRCLE ( 'NONE', #699, 1.386033755962696068 ) ;
#8032 =( LENGTH_UNIT ( ) NAMED_UNIT ( * ) SI_UNIT ( .MILLI., .METRE. ) );
#8033 = DIRECTION ( 'NONE',  ( -1.000000000000000000, -4.336808689942016750E-16, 0.000000000000000000 ) ) ;
#8034 = VERTEX_POINT ( 'NONE', #10295 ) ;
#8035 = DIRECTION ( 'NONE',  ( -1.000000000000000000, -0.000000000000000000, -0.000000000000000000 ) ) ;
#8036 = ORIENTED_EDGE ( 'NONE', *, *, #687, .F. ) ;
#8037 = DIRECTION ( 'NONE',  ( 1.000000000000000000, -1.224646799147353207E-16, 0.000000000000000000 ) ) ;
#8038 = DIRECTION ( 'NONE',  ( 1.000000000000000000, -1.224646799147353207E-16, 0.000000000000000000 ) ) ;
#8039 = DIRECTION ( 'NONE',  ( 0.000000000000000000, 0.000000000000000000, -1.000000000000000000 ) ) ;
#8040 = MECHANICAL_DESIGN_GEOMETRIC_PRESENTATION_REPRESENTATION (  '', ( #7069 ), #5561 ) ;
#8041 = PRESENTATION_LAYER_ASSIGNMENT (  '', '', ( #7275 ) ) ;
#8042 = ORIENTED_EDGE ( 'NONE', *, *, #2572, .F. ) ;
#8043 = EDGE_CURVE ( 'NONE', #6133, #6, #3880, .T. ) ;
#8044 = LINE ( 'NONE', #11743, #2804 ) ;
#8045 = CARTESIAN_POINT ( 'NONE',  ( -8.886033755962696290, 2.500000000000009326, 2.100000000000000089 ) ) ;
#8046 =( NAMED_UNIT ( * ) SI_UNIT ( $, .STERADIAN. ) SOLID_ANGLE_UNIT ( ) );
#8047 = CIRCLE ( 'NONE', #11731, 1.486033755962697267 ) ;
#8048 = MECHANICAL_DESIGN_GEOMETRIC_PRESENTATION_REPRESENTATION (  '', ( #10558 ), #318 ) ;
#8049 = DIRECTION ( 'NONE',  ( 1.000000000000000000, 4.336808689942016750E-16, 0.000000000000000000 ) ) ;
#8050 = VERTEX_POINT ( 'NONE', #1034 ) ;
#8051 = ORIENTED_EDGE ( 'NONE', *, *, #9609, .T. ) ;
#8052 = EDGE_CURVE ( 'NONE', #10124, #2827, #9424, .T. ) ;
#8053 = CARTESIAN_POINT ( 'NONE',  ( -9.749999999999989342, -11.35000000000000142, 1.600000000000000089 ) ) ;
#8054 = ORIENTED_EDGE ( 'NONE', *, *, #9822, .F. ) ;
#8055 = DIRECTION ( 'NONE',  ( -0.000000000000000000, -0.000000000000000000, 1.000000000000000000 ) ) ;
#8056 = UNCERTAINTY_MEASURE_WITH_UNIT (LENGTH_MEASURE( 1.000000000000000082E-05 ), #8634, 'distance_accuracy_value', 'NONE');
#8057 = SURFACE_STYLE_USAGE ( .BOTH. , #11823 ) ;
#8058 = ADVANCED_FACE ( 'NONE', ( #10408 ), #2798, .F. ) ;
#8059 = VERTEX_POINT ( 'NONE', #10646 ) ;
#8060 = CARTESIAN_POINT ( 'NONE',  ( 0.000000000000000000, 13.99999999999999822, 1.600000000000000089 ) ) ;
#8061 =( NAMED_UNIT ( * ) PLANE_ANGLE_UNIT ( ) SI_UNIT ( $, .RADIAN. ) );
#8062 = UNCERTAINTY_MEASURE_WITH_UNIT (LENGTH_MEASURE( 1.000000000000000082E-05 ), #533, 'distance_accuracy_value', 'NONE');
#8063 = LINE ( 'NONE', #11636, #4920 ) ;
#8064 = ORIENTED_EDGE ( 'NONE', *, *, #7970, .T. ) ;
#8065 = VECTOR ( 'NONE', #10932, 1000.000000000000000 ) ;
#8066 = ORIENTED_EDGE ( 'NONE', *, *, #4323, .T. ) ;
#8067 = EDGE_CURVE ( 'NONE', #271, #964, #10530, .T. ) ;
#8068 =( LENGTH_UNIT ( ) NAMED_UNIT ( * ) SI_UNIT ( .MILLI., .METRE. ) );
#8069 = AXIS2_PLACEMENT_3D ( 'NONE', #4623, #8244, #10915 ) ;
#8070 = DIRECTION ( 'NONE',  ( 0.000000000000000000, 0.000000000000000000, 1.000000000000000000 ) ) ;
#8071 =( NAMED_UNIT ( * ) SI_UNIT ( $, .STERADIAN. ) SOLID_ANGLE_UNIT ( ) );
#8072 = VERTEX_POINT ( 'NONE', #5025 ) ;
#8073 = LINE ( 'NONE', #8908, #8065 ) ;
#8074 = CARTESIAN_POINT ( 'NONE',  ( -5.499999999999998224, -9.499999999999992895, 2.100000000000000089 ) ) ;
#8075 = DIRECTION ( 'NONE',  ( -0.000000000000000000, -0.000000000000000000, -1.000000000000000000 ) ) ;
#8076 = AXIS2_PLACEMENT_3D ( 'NONE', #8932, #5024, #408 ) ;
#8077 = FACE_OUTER_BOUND ( 'NONE', #1860, .T. ) ;
#8078 = EDGE_CURVE ( 'NONE', #658, #1927, #5149, .T. ) ;
#8079 = DIRECTION ( 'NONE',  ( 1.000000000000000000, 0.000000000000000000, 0.000000000000000000 ) ) ;
#8080 = DIRECTION ( 'NONE',  ( 1.000000000000000000, 0.000000000000000000, 0.000000000000000000 ) ) ;
#8081 = EDGE_CURVE ( 'NONE', #1802, #621, #3150, .T. ) ;
#8082 = MECHANICAL_DESIGN_GEOMETRIC_PRESENTATION_REPRESENTATION (  '', ( #1885 ), #2486 ) ;
#8083 =( NAMED_UNIT ( * ) PLANE_ANGLE_UNIT ( ) SI_UNIT ( $, .RADIAN. ) );
#8084 = FILL_AREA_STYLE ('',( #3498 ) ) ;
#8085 = ADVANCED_FACE ( 'NONE', ( #8631 ), #10710, .F. ) ;
#8086 = ORIENTED_EDGE ( 'NONE', *, *, #5131, .F. ) ;
#8087 = MECHANICAL_DESIGN_GEOMETRIC_PRESENTATION_REPRESENTATION (  '', ( #9823 ), #5609 ) ;
#8088 = DIRECTION ( 'NONE',  ( -1.000000000000000000, 0.000000000000000000, 0.000000000000000000 ) ) ;
#8089 = DIRECTION ( 'NONE',  ( 1.000000000000000000, 0.000000000000000000, 0.000000000000000000 ) ) ;
#8090 = UNCERTAINTY_MEASURE_WITH_UNIT (LENGTH_MEASURE( 1.000000000000000082E-05 ), #578, 'distance_accuracy_value', 'NONE');
#8091 = DIRECTION ( 'NONE',  ( 1.000000000000000000, 0.000000000000000000, 0.000000000000000000 ) ) ;
#8092 = COLOUR_RGB ( '',1.000000000000000000, 1.000000000000000000, 0.000000000000000000 ) ;
#8093 = LINE ( 'NONE', #2533, #9081 ) ;
#8094 = COLOUR_RGB ( '',0.7529411764705882248, 0.7529411764705882248, 0.7529411764705882248 ) ;
#8095 = VERTEX_POINT ( 'NONE', #11488 ) ;
#8096 = PRESENTATION_LAYER_ASSIGNMENT (  '', '', ( #5414 ) ) ;
#8097 = ORIENTED_EDGE ( 'NONE', *, *, #2843, .F. ) ;
#8098 = CARTESIAN_POINT ( 'NONE',  ( 2.499999999999999556, 7.500000000000007105, 2.463966244037302911 ) ) ;
#8099 = CARTESIAN_POINT ( 'NONE',  ( -7.499999999999999112, 2.500000000000009326, 2.463966244037302911 ) ) ;
#8100 = CARTESIAN_POINT ( 'NONE',  ( 7.500000000000001776, -2.499999999999992895, 3.850000000000000089 ) ) ;
#8101 = DIRECTION ( 'NONE',  ( 0.000000000000000000, 0.000000000000000000, -1.000000000000000000 ) ) ;
#8102 = FILL_AREA_STYLE ('',( #6313 ) ) ;
#8103 = LINE ( 'NONE', #11549, #10123 ) ;
#8104 = ORIENTED_EDGE ( 'NONE', *, *, #813, .F. ) ;
#8105 = COLOUR_RGB ( '',0.7529411764705882248, 0.7529411764705882248, 0.7529411764705882248 ) ;
#8106 = CARTESIAN_POINT ( 'NONE',  ( -5.395973916753827204, -13.44012937056731793, 1.600000000000000089 ) ) ;
#8107 = AXIS2_PLACEMENT_3D ( 'NONE', #4101, #5983, #4448 ) ;
#8108 = FACE_OUTER_BOUND ( 'NONE', #4678, .T. ) ;
#8110 =( GEOMETRIC_REPRESENTATION_CONTEXT ( 3 ) GLOBAL_UNCERTAINTY_ASSIGNED_CONTEXT ( ( #2089 ) ) GLOBAL_UNIT_ASSIGNED_CONTEXT ( ( #4775, #3856, #3067 ) ) REPRESENTATION_CONTEXT ( 'NONE', 'WORKASPACE' ) );
#8109 = SPHERICAL_SURFACE ( 'NONE', #239, 1.386033755962696956 ) ;
#8111 =( GEOMETRIC_REPRESENTATION_CONTEXT ( 3 ) GLOBAL_UNCERTAINTY_ASSIGNED_CONTEXT ( ( #9582 ) ) GLOBAL_UNIT_ASSIGNED_CONTEXT ( ( #486, #9924, #8881 ) ) REPRESENTATION_CONTEXT ( 'NONE', 'WORKASPACE' ) );
#8112 = DIRECTION ( 'NONE',  ( 0.000000000000000000, 0.000000000000000000, -1.000000000000000000 ) ) ;
#8113 = CARTESIAN_POINT ( 'NONE',  ( 4.061717115814827750, 12.69581302552739110, 1.610000000000000098 ) ) ;
#8114 = VERTEX_POINT ( 'NONE', #3326 ) ;
#8115 = AXIS2_PLACEMENT_3D ( 'NONE', #8489, #5734, #10185 ) ;
#8116 = VERTEX_POINT ( 'NONE', #11547 ) ;
#8117 = ADVANCED_FACE ( 'NONE', ( #10473 ), #4239, .T. ) ;
#8118 = ORIENTED_EDGE ( 'NONE', *, *, #10149, .F. ) ;
#8119 = PRESENTATION_LAYER_ASSIGNMENT (  '', '', ( #10411 ) ) ;
#8120 = ORIENTED_EDGE ( 'NONE', *, *, #3128, .T. ) ;
#8121 =( NAMED_UNIT ( * ) SI_UNIT ( $, .STERADIAN. ) SOLID_ANGLE_UNIT ( ) );
#8122 = STYLED_ITEM ( 'NONE', ( #6418 ), #3841 ) ;
#8123 = DIRECTION ( 'NONE',  ( -1.000000000000000000, 0.000000000000000000, 0.000000000000000000 ) ) ;
#8124 = ORIENTED_EDGE ( 'NONE', *, *, #10951, .T. ) ;
#8125 = DIRECTION ( 'NONE',  ( -1.000000000000000000, 1.224646799147353207E-16, 0.000000000000000000 ) ) ;
#8126 =( GEOMETRIC_REPRESENTATION_CONTEXT ( 3 ) GLOBAL_UNCERTAINTY_ASSIGNED_CONTEXT ( ( #3951 ) ) GLOBAL_UNIT_ASSIGNED_CONTEXT ( ( #11367, #9470, #7485 ) ) REPRESENTATION_CONTEXT ( 'NONE', 'WORKASPACE' ) );
#8127 = AXIS2_PLACEMENT_3D ( 'NONE', #10119, #2917, #7509 ) ;
#8128 =( GEOMETRIC_REPRESENTATION_CONTEXT ( 3 ) GLOBAL_UNCERTAINTY_ASSIGNED_CONTEXT ( ( #10120 ) ) GLOBAL_UNIT_ASSIGNED_CONTEXT ( ( #6967, #7994, #8887 ) ) REPRESENTATION_CONTEXT ( 'NONE', 'WORKASPACE' ) );
#8129 = FACE_BOUND ( 'NONE', #10023, .T. ) ;
#8130 = ORIENTED_CLOSED_SHELL ( 'NONE', *, #1465, .F. );
#8131 = EDGE_CURVE ( 'NONE', #7482, #2569, #536, .T. ) ;
#8132 = MECHANICAL_DESIGN_GEOMETRIC_PRESENTATION_REPRESENTATION (  '', ( #20 ), #6787 ) ;
#8133 = EDGE_CURVE ( 'NONE', #3247, #312, #10145, .T. ) ;
#8134 = ORIENTED_EDGE ( 'NONE', *, *, #4698, .F. ) ;
#8135 = VERTEX_POINT ( 'NONE', #850 ) ;
#8136 = FACE_OUTER_BOUND ( 'NONE', #10504, .T. ) ;
#8137 = SURFACE_STYLE_USAGE ( .BOTH. , #1509 ) ;
#8138 = PRESENTATION_LAYER_ASSIGNMENT (  '', '', ( #7943 ) ) ;
#8139 = AXIS2_PLACEMENT_3D ( 'NONE', #9960, #8917, #7111 ) ;
#8140 = DIRECTION ( 'NONE',  ( 1.000000000000000000, 0.000000000000000000, 0.000000000000000000 ) ) ;
#8141 = CARTESIAN_POINT ( 'NONE',  ( -8.986033755962695935, 2.500000000000009326, 2.463966244037302911 ) ) ;
#8142 = ORIENTED_EDGE ( 'NONE', *, *, #11931, .F. ) ;
#8143 = AXIS2_PLACEMENT_3D ( 'NONE', #8262, #4396, #10138 ) ;
#8144 = ADVANCED_FACE ( 'NONE', ( #11802 ), #11680, .F. ) ;
#8145 = AXIS2_PLACEMENT_3D ( 'NONE', #11184, #7539, #1180 ) ;
#8146 = STYLED_ITEM ( 'NONE', ( #2355 ), #511 ) ;
#8147 =( LENGTH_UNIT ( ) NAMED_UNIT ( * ) SI_UNIT ( .MILLI., .METRE. ) );
#8148 = VECTOR ( 'NONE', #3872, 1000.000000000000000 ) ;
#8149 = CARTESIAN_POINT ( 'NONE',  ( -0.2999999999999986011, -12.00000000000002132, 0.000000000000000000 ) ) ;
#8150 = LINE ( 'NONE', #5188, #6625 ) ;
#8151 = CARTESIAN_POINT ( 'NONE',  ( 4.000000000000003553, 65.00000000000000000, 1.600000000000000311 ) ) ;
#8152 = ORIENTED_EDGE ( 'NONE', *, *, #10000, .T. ) ;
#8153 = LINE ( 'NONE', #11854, #122 ) ;
#8154 = DIRECTION ( 'NONE',  ( -0.000000000000000000, -0.000000000000000000, 1.000000000000000000 ) ) ;
#8155 = UNCERTAINTY_MEASURE_WITH_UNIT (LENGTH_MEASURE( 1.000000000000000082E-05 ), #1283, 'distance_accuracy_value', 'NONE');
#8156 = CARTESIAN_POINT ( 'NONE',  ( -7.499999999999997335, -7.499999999999990230, 2.100000000000000089 ) ) ;
#8157 = CARTESIAN_POINT ( 'NONE',  ( 0.000000000000000000, 0.000000000000000000, 2.100000000000000089 ) ) ;
#8158 = ADVANCED_FACE ( 'NONE', ( #6424 ), #3386, .F. ) ;
#8159 = EDGE_CURVE ( 'NONE', #7949, #5715, #3518, .T. ) ;
#8160 = SURFACE_SIDE_STYLE ('',( #8991 ) ) ;
#8161 = CIRCLE ( 'NONE', #9692, 1.486033755962698155 ) ;
#8162 = VECTOR ( 'NONE', #10881, 1000.000000000000000 ) ;
#8163 = VERTEX_POINT ( 'NONE', #2602 ) ;
#8164 = ORIENTED_EDGE ( 'NONE', *, *, #922, .T. ) ;
#8165 = DIRECTION ( 'NONE',  ( -1.000000000000000000, 0.000000000000000000, 0.000000000000000000 ) ) ;
#8166 = CARTESIAN_POINT ( 'NONE',  ( -2.499999999999999556, 7.500000000000007994, 2.463966244037302911 ) ) ;
#8167 = DIRECTION ( 'NONE',  ( 1.000000000000000000, 0.000000000000000000, 0.000000000000000000 ) ) ;
#8168 = AXIS2_PLACEMENT_3D ( 'NONE', #11557, #8767, #4371 ) ;
#8169 = SURFACE_SIDE_STYLE ('',( #1909 ) ) ;
#8170 = PRESENTATION_STYLE_ASSIGNMENT (( #4479 ) ) ;
#8171 = ORIENTED_EDGE ( 'NONE', *, *, #9251, .F. ) ;
#8172 = SURFACE_STYLE_USAGE ( .BOTH. , #6544 ) ;
#8173 = PRESENTATION_LAYER_ASSIGNMENT (  '', '', ( #4893 ) ) ;
#8174 = PRESENTATION_LAYER_ASSIGNMENT (  '', '', ( #4312 ) ) ;
#8175 = CARTESIAN_POINT ( 'NONE',  ( 5.500000000000000000, -0.4999999999999970024, 2.100000000000000089 ) ) ;
#8176 = CARTESIAN_POINT ( 'NONE',  ( -5.395973916753827204, -12.34027113312490620, 1.610000000000000098 ) ) ;
#8177 = DIRECTION ( 'NONE',  ( -0.000000000000000000, -1.000000000000000000, -0.000000000000000000 ) ) ;
#8178 = ORIENTED_EDGE ( 'NONE', *, *, #409, .T. ) ;
#8179 = ORIENTED_EDGE ( 'NONE', *, *, #9507, .T. ) ;
#8180 = STYLED_ITEM ( 'NONE', ( #2772 ), #7237 ) ;
#8181 = PRESENTATION_LAYER_ASSIGNMENT (  '', '', ( #10303 ) ) ;
#8182 = EDGE_LOOP ( 'NONE', ( #7320, #2368, #10346, #3705 ) ) ;
#8183 = ORIENTED_EDGE ( 'NONE', *, *, #3631, .T. ) ;
#8184 = DIRECTION ( 'NONE',  ( -0.000000000000000000, -1.000000000000000000, -0.000000000000000000 ) ) ;
#8185 = EDGE_LOOP ( 'NONE', ( #11107, #7966 ) ) ;
#8186 = DIRECTION ( 'NONE',  ( 0.000000000000000000, 0.000000000000000000, -1.000000000000000000 ) ) ;
#8187 = FACE_OUTER_BOUND ( 'NONE', #2108, .T. ) ;
#8188 = UNCERTAINTY_MEASURE_WITH_UNIT (LENGTH_MEASURE( 1.000000000000000082E-05 ), #11740, 'distance_accuracy_value', 'NONE');
#8189 = PRESENTATION_LAYER_ASSIGNMENT (  '', '', ( #5508 ) ) ;
#8190 = SURFACE_STYLE_FILL_AREA ( #9941 ) ;
#8191 = LINE ( 'NONE', #7396, #1348 ) ;
#8192 = VECTOR ( 'NONE', #8648, 1000.000000000000000 ) ;
#8193 = VERTEX_POINT ( 'NONE', #5281 ) ;
#8194 = ORIENTED_EDGE ( 'NONE', *, *, #9392, .F. ) ;
#8195 = PRESENTATION_STYLE_ASSIGNMENT (( #6449 ) ) ;
#8196 = VECTOR ( 'NONE', #8834, 1000.000000000000000 ) ;
#8197 = CARTESIAN_POINT ( 'NONE',  ( 4.061515957101503815, 12.34027113312489909, 1.610000000000000098 ) ) ;
#8198 = DIRECTION ( 'NONE',  ( 0.000000000000000000, -1.000000000000000000, 0.000000000000000000 ) ) ;
#8199 = ORIENTED_EDGE ( 'NONE', *, *, #3978, .T. ) ;
#8200 = CARTESIAN_POINT ( 'NONE',  ( 4.500000000000000888, 0.4999999999999978351, 1.600000000000000089 ) ) ;
#8201 = DIRECTION ( 'NONE',  ( -1.000000000000000000, -0.000000000000000000, -0.000000000000000000 ) ) ;
#8202 = DIRECTION ( 'NONE',  ( -0.000000000000000000, -1.000000000000000000, -0.000000000000000000 ) ) ;
#8203 = STYLED_ITEM ( 'NONE', ( #6785 ), #2393 ) ;
#8204 = CARTESIAN_POINT ( 'NONE',  ( 8.886033755962698066, -2.499999999999992895, 2.463966244037302911 ) ) ;
#8205 = SURFACE_SIDE_STYLE ('',( #1643 ) ) ;
#8206 = STYLED_ITEM ( 'NONE', ( #3822 ), #7768 ) ;
#8207 =( LENGTH_UNIT ( ) NAMED_UNIT ( * ) SI_UNIT ( .MILLI., .METRE. ) );
#8208 = DIRECTION ( 'NONE',  ( 0.000000000000000000, -0.000000000000000000, -1.000000000000000000 ) ) ;
#8209 = MECHANICAL_DESIGN_GEOMETRIC_PRESENTATION_REPRESENTATION (  '', ( #9167 ), #1226 ) ;
#8210 = FILL_AREA_STYLE ('',( #11057 ) ) ;
#8211 = FACE_OUTER_BOUND ( 'NONE', #7787, .T. ) ;
#8212 = CARTESIAN_POINT ( 'NONE',  ( -4.061515957101494045, -12.34027113312490620, 1.610000000000000098 ) ) ;
#8213 = ORIENTED_EDGE ( 'NONE', *, *, #8265, .T. ) ;
#8214 = EDGE_CURVE ( 'NONE', #10722, #3803, #7249, .T. ) ;
#8215 = FILL_AREA_STYLE_COLOUR ( '', #10162 ) ;
#8216 = STYLED_ITEM ( 'NONE', ( #4968 ), #8117 ) ;
#8217 = CARTESIAN_POINT ( 'NONE',  ( -7.499999999999997335, -7.499999999999990230, 2.463966244037302911 ) ) ;
#8218 = CARTESIAN_POINT ( 'NONE',  ( -2.499999999999999556, 2.500000000000009326, 2.463966244037302911 ) ) ;
#8219 = COLOUR_RGB ( '',0.5019607843137254832, 0.5019607843137254832, 0.5019607843137254832 ) ;
#8220 = DIRECTION ( 'NONE',  ( 1.000000000000000000, 4.336808689942016750E-16, 0.000000000000000000 ) ) ;
#8221 = CIRCLE ( 'NONE', #8022, 1.386033755962696956 ) ;
#8222 = EDGE_LOOP ( 'NONE', ( #11975, #1308, #10545, #475 ) ) ;
#8223 =( LENGTH_UNIT ( ) NAMED_UNIT ( * ) SI_UNIT ( .MILLI., .METRE. ) );
#8224 = ORIENTED_EDGE ( 'NONE', *, *, #6829, .F. ) ;
#8225 = CARTESIAN_POINT ( 'NONE',  ( 5.499999999999999112, 0.4999999999999961142, 1.600000000000000089 ) ) ;
#8226 = EDGE_CURVE ( 'NONE', #7425, #8229, #8221, .T. ) ;
#8227 = COLOUR_RGB ( '',1.000000000000000000, 1.000000000000000000, 0.000000000000000000 ) ;
#8228 = SPHERICAL_SURFACE ( 'NONE', #373, 1.486033755962697267 ) ;
#8229 = VERTEX_POINT ( 'NONE', #663 ) ;
#8230 = EDGE_CURVE ( 'NONE', #11101, #10357, #1662, .T. ) ;
#8231 = CARTESIAN_POINT ( 'NONE',  ( 8.986033755962697711, 2.500000000000007550, 2.463966244037302911 ) ) ;
#8232 = CYLINDRICAL_SURFACE ( 'NONE', #5102, 1.386033755962696956 ) ;
#8233 = DIRECTION ( 'NONE',  ( 0.000000000000000000, 0.000000000000000000, 1.000000000000000000 ) ) ;
#8234 = PLANE ( 'NONE',  #3090 ) ;
#8235 = CARTESIAN_POINT ( 'NONE',  ( 3.986033755962699487, -7.499999999999992006, 2.463966244037302911 ) ) ;
#8236 = DIRECTION ( 'NONE',  ( 0.000000000000000000, 0.000000000000000000, 1.000000000000000000 ) ) ;
#8237 = VERTEX_POINT ( 'NONE', #3017 ) ;
#8238 = ORIENTED_EDGE ( 'NONE', *, *, #11562, .F. ) ;
#8239 = MECHANICAL_DESIGN_GEOMETRIC_PRESENTATION_REPRESENTATION (  '', ( #895 ), #2443 ) ;
#8240 = ORIENTED_EDGE ( 'NONE', *, *, #8409, .T. ) ;
#8241 = EDGE_CURVE ( 'NONE', #7021, #2048, #8780, .T. ) ;
#8242 = FACE_OUTER_BOUND ( 'NONE', #3008, .T. ) ;
#8243 = ORIENTED_EDGE ( 'NONE', *, *, #2202, .T. ) ;
#8244 = DIRECTION ( 'NONE',  ( -0.000000000000000000, -0.000000000000000000, 1.000000000000000000 ) ) ;
#8245 = DIRECTION ( 'NONE',  ( 1.000000000000000000, 0.000000000000000000, 0.000000000000000000 ) ) ;
#8246 = ORIENTED_EDGE ( 'NONE', *, *, #5948, .T. ) ;
#8247 = LINE ( 'NONE', #982, #2530 ) ;
#8248 = CARTESIAN_POINT ( 'NONE',  ( -7.499999999999999112, 7.500000000000007994, 2.463966244037302911 ) ) ;
#8249 = AXIS2_PLACEMENT_3D ( 'NONE', #6083, #9132, #2662 ) ;
#8250 = CLOSED_SHELL ( 'NONE', ( #10204, #10756, #9316, #8436, #8158 ) ) ;
#8251 = ORIENTED_EDGE ( 'NONE', *, *, #11532, .F. ) ;
#8252 = VERTEX_POINT ( 'NONE', #4724 ) ;
#8253 = ADVANCED_FACE ( 'NONE', ( #7547 ), #117, .F. ) ;
#8254 = DIRECTION ( 'NONE',  ( 0.000000000000000000, -1.000000000000000000, 0.000000000000000000 ) ) ;
#8255 = ORIENTED_EDGE ( 'NONE', *, *, #11988, .F. ) ;
#8256 = PLANE ( 'NONE',  #6886 ) ;
#8257 = DIRECTION ( 'NONE',  ( 1.000000000000000000, 0.000000000000000000, 0.000000000000000000 ) ) ;
#8258 = CARTESIAN_POINT ( 'NONE',  ( -14.99999999999999289, -11.34999999999999964, 1.600000000000000089 ) ) ;
#8259 = FILL_AREA_STYLE ('',( #10191 ) ) ;
#8260 = CARTESIAN_POINT ( 'NONE',  ( -7.499999999999997335, -7.499999999999990230, 2.100000000000000089 ) ) ;
#8261 = SURFACE_STYLE_USAGE ( .BOTH. , #8205 ) ;
#8262 = CARTESIAN_POINT ( 'NONE',  ( 0.5000000000000017764, -4.499999999999998224, 2.100000000000000089 ) ) ;
#8263 =( LENGTH_UNIT ( ) NAMED_UNIT ( * ) SI_UNIT ( .MILLI., .METRE. ) );
#8264 = DIRECTION ( 'NONE',  ( 1.000000000000000000, -8.673617379884033500E-16, 0.000000000000000000 ) ) ;
#8265 = EDGE_CURVE ( 'NONE', #9989, #3585, #2040, .T. ) ;
#8266 = CARTESIAN_POINT ( 'NONE',  ( -2.499999999999997780, -2.499999999999991118, 2.463966244037302911 ) ) ;
#8267 = LINE ( 'NONE', #2945, #3304 ) ;
#8268 = ORIENTED_EDGE ( 'NONE', *, *, #1901, .T. ) ;
#8269 = SURFACE_STYLE_FILL_AREA ( #7294 ) ;
#8270 = VECTOR ( 'NONE', #4764, 1000.000000000000000 ) ;
#8271 = CARTESIAN_POINT ( 'NONE',  ( -7.499999999999999112, 2.500000000000009326, 2.100000000000000089 ) ) ;
#8272 =( GEOMETRIC_REPRESENTATION_CONTEXT ( 3 ) GLOBAL_UNCERTAINTY_ASSIGNED_CONTEXT ( ( #6741 ) ) GLOBAL_UNIT_ASSIGNED_CONTEXT ( ( #9601, #4114, #7860 ) ) REPRESENTATION_CONTEXT ( 'NONE', 'WORKASPACE' ) );
#8273 = UNCERTAINTY_MEASURE_WITH_UNIT (LENGTH_MEASURE( 1.000000000000000082E-05 ), #2935, 'distance_accuracy_value', 'NONE');
#8274 = LINE ( 'NONE', #11857, #7167 ) ;
#8275 = DIRECTION ( 'NONE',  ( 0.000000000000000000, 0.000000000000000000, 1.000000000000000000 ) ) ;
#8276 = EDGE_CURVE ( 'NONE', #5772, #1857, #2820, .T. ) ;
#8277 = FACE_OUTER_BOUND ( 'NONE', #5038, .T. ) ;
#8278 =( GEOMETRIC_REPRESENTATION_CONTEXT ( 3 ) GLOBAL_UNCERTAINTY_ASSIGNED_CONTEXT ( ( #11536 ) ) GLOBAL_UNIT_ASSIGNED_CONTEXT ( ( #8551, #3110, #9567 ) ) REPRESENTATION_CONTEXT ( 'NONE', 'WORKASPACE' ) );
#8279 = ORIENTED_EDGE ( 'NONE', *, *, #5046, .F. ) ;
#8280 = EDGE_CURVE ( 'NONE', #11865, #8708, #7444, .T. ) ;
#8281 =( NAMED_UNIT ( * ) SI_UNIT ( $, .STERADIAN. ) SOLID_ANGLE_UNIT ( ) );
#8282 = ORIENTED_EDGE ( 'NONE', *, *, #7629, .T. ) ;
#8283 = PRESENTATION_STYLE_ASSIGNMENT (( #2781 ) ) ;
#8284 = FILL_AREA_STYLE ('',( #903 ) ) ;
#8285 = FILL_AREA_STYLE ('',( #11922 ) ) ;
#8286 = PLANE ( 'NONE',  #10331 ) ;
#8287 = ORIENTED_EDGE ( 'NONE', *, *, #5345, .F. ) ;
#8288 = FILL_AREA_STYLE_COLOUR ( '', #11151 ) ;
#8289 = FACE_OUTER_BOUND ( 'NONE', #1930, .T. ) ;
#8290 = PRESENTATION_STYLE_ASSIGNMENT (( #9194 ) ) ;
#8291 = CIRCLE ( 'NONE', #4630, 1.386033755962696956 ) ;
#8293 = VECTOR ( 'NONE', #5692, 1000.000000000000000 ) ;
#8292 = SURFACE_STYLE_USAGE ( .BOTH. , #1733 ) ;
#8294 = ADVANCED_FACE ( 'NONE', ( #8408 ), #8517, .T. ) ;
#8295 = CARTESIAN_POINT ( 'NONE',  ( -7.499999999999997335, -2.499999999999990230, 2.463966244037302911 ) ) ;
#8296 = SURFACE_STYLE_USAGE ( .BOTH. , #5477 ) ;
#8297 = ORIENTED_EDGE ( 'NONE', *, *, #6519, .F. ) ;
#8298 = ORIENTED_EDGE ( 'NONE', *, *, #1515, .T. ) ;
#8299 = ORIENTED_EDGE ( 'NONE', *, *, #5003, .T. ) ;
#8300 = FILL_AREA_STYLE_COLOUR ( '', #9685 ) ;
#8301 = ORIENTED_EDGE ( 'NONE', *, *, #7851, .T. ) ;
#8302 = SURFACE_STYLE_FILL_AREA ( #6728 ) ;
#8303 = ORIENTED_EDGE ( 'NONE', *, *, #2575, .F. ) ;
#8304 = STYLED_ITEM ( 'NONE', ( #11168 ), #7355 ) ;
#8305 = LINE ( 'NONE', #12, #9086 ) ;
#8306 = UNCERTAINTY_MEASURE_WITH_UNIT (LENGTH_MEASURE( 1.000000000000000082E-05 ), #4964, 'distance_accuracy_value', 'NONE');
#8307 = DIRECTION ( 'NONE',  ( 0.000000000000000000, -1.000000000000000000, 0.000000000000000000 ) ) ;
#8308 = EDGE_CURVE ( 'NONE', #10674, #5668, #7373, .T. ) ;
#8309 = EDGE_CURVE ( 'NONE', #9154, #3732, #8588, .T. ) ;
#8310 = FILL_AREA_STYLE_COLOUR ( '', #791 ) ;
#8311 = AXIS2_PLACEMENT_3D ( 'NONE', #124, #3987, #4959 ) ;
#8312 = EDGE_CURVE ( 'NONE', #8072, #3289, #10738, .T. ) ;
#8313 = CIRCLE ( 'NONE', #9268, 1.386033755962696956 ) ;
#8314 = EDGE_LOOP ( 'NONE', ( #4301, #6966, #5882, #7870 ) ) ;
#8315 = VECTOR ( 'NONE', #9911, 1000.000000000000000 ) ;
#8316 = ORIENTED_EDGE ( 'NONE', *, *, #247, .T. ) ;
#8318 =( NAMED_UNIT ( * ) SI_UNIT ( $, .STERADIAN. ) SOLID_ANGLE_UNIT ( ) );
#8317 = UNCERTAINTY_MEASURE_WITH_UNIT (LENGTH_MEASURE( 1.000000000000000082E-05 ), #1787, 'distance_accuracy_value', 'NONE');
#8319 = ORIENTED_EDGE ( 'NONE', *, *, #10370, .T. ) ;
#8320 = VECTOR ( 'NONE', #8743, 1000.000000000000000 ) ;
#8321 = CARTESIAN_POINT ( 'NONE',  ( -14.99999999999999289, -11.34999999999999964, 1.600000000000000089 ) ) ;
#8322 = DIRECTION ( 'NONE',  ( 5.421010862427526484E-17, 1.000000000000000000, 0.000000000000000000 ) ) ;
#8323 = DIRECTION ( 'NONE',  ( 1.000000000000000000, 0.000000000000000000, 0.000000000000000000 ) ) ;
#8324 = CIRCLE ( 'NONE', #11030, 1.600000000000002531 ) ;
#8325 = DIRECTION ( 'NONE',  ( -1.000000000000000000, -0.000000000000000000, -0.000000000000000000 ) ) ;
#8326 = STYLED_ITEM ( 'NONE', ( #885 ), #5075 ) ;
#8327 = CARTESIAN_POINT ( 'NONE',  ( -2.499999999999999556, 2.500000000000009326, 2.463966244037302911 ) ) ;
#8328 = CIRCLE ( 'NONE', #4065, 1.386033755962696068 ) ;
#8329 = DIRECTION ( 'NONE',  ( 0.000000000000000000, 1.000000000000000000, 0.000000000000000000 ) ) ;
#8330 = AXIS2_PLACEMENT_3D ( 'NONE', #2679, #2740, #7330 ) ;
#8331 = AXIS2_PLACEMENT_3D ( 'NONE', #5733, #9559, #5896 ) ;
#8332 = PRESENTATION_STYLE_ASSIGNMENT (( #11175 ) ) ;
#8333 = SURFACE_STYLE_FILL_AREA ( #8210 ) ;
#8334 = COLOUR_RGB ( '',1.000000000000000000, 1.000000000000000000, 0.000000000000000000 ) ;
#8335 =( NAMED_UNIT ( * ) SI_UNIT ( $, .STERADIAN. ) SOLID_ANGLE_UNIT ( ) );
#8336 = SURFACE_SIDE_STYLE ('',( #4648 ) ) ;
#8337 = ORIENTED_EDGE ( 'NONE', *, *, #871, .F. ) ;
#8338 = DIRECTION ( 'NONE',  ( 0.000000000000000000, 0.000000000000000000, -1.000000000000000000 ) ) ;
#8339 = CARTESIAN_POINT ( 'NONE',  ( 9.500000000000000000, 0.4999999999999978351, 2.100000000000000089 ) ) ;
#8340 = COLOUR_RGB ( '',0.7529411764705882248, 0.7529411764705882248, 0.7529411764705882248 ) ;
#8341 =( GEOMETRIC_REPRESENTATION_CONTEXT ( 3 ) GLOBAL_UNCERTAINTY_ASSIGNED_CONTEXT ( ( #11222 ) ) GLOBAL_UNIT_ASSIGNED_CONTEXT ( ( #3612, #9115, #646 ) ) REPRESENTATION_CONTEXT ( 'NONE', 'WORKASPACE' ) );
#8342 = PRESENTATION_STYLE_ASSIGNMENT (( #4653 ) ) ;
#8343 = DIRECTION ( 'NONE',  ( -1.000000000000000000, 0.000000000000000000, 0.000000000000000000 ) ) ;
#8344 = ORIENTED_EDGE ( 'NONE', *, *, #8727, .T. ) ;
#8345 =( GEOMETRIC_REPRESENTATION_CONTEXT ( 3 ) GLOBAL_UNCERTAINTY_ASSIGNED_CONTEXT ( ( #4195 ) ) GLOBAL_UNIT_ASSIGNED_CONTEXT ( ( #4957, #9591, #1592 ) ) REPRESENTATION_CONTEXT ( 'NONE', 'WORKASPACE' ) );
#8346 = CYLINDRICAL_SURFACE ( 'NONE', #2683, 1.486033755962697267 ) ;
#8347 = DIRECTION ( 'NONE',  ( 1.000000000000000000, 0.000000000000000000, 0.000000000000000000 ) ) ;
#8348 = AXIS2_PLACEMENT_3D ( 'NONE', #10894, #2776, #7304 ) ;
#8349 = DIRECTION ( 'NONE',  ( -0.000000000000000000, 0.000000000000000000, 1.000000000000000000 ) ) ;
#8350 = EDGE_LOOP ( 'NONE', ( #2385, #11977, #11817, #529 ) ) ;
#8351 = CARTESIAN_POINT ( 'NONE',  ( -9.500000000000001776, 4.499999999999996447, 2.100000000000000089 ) ) ;
#8352 = EDGE_CURVE ( 'NONE', #3585, #1679, #289, .T. ) ;
#8353 = DIRECTION ( 'NONE',  ( 0.000000000000000000, -1.000000000000000000, 0.000000000000000000 ) ) ;
#8354 = AXIS2_PLACEMENT_3D ( 'NONE', #3178, #10807, #6157 ) ;
#8355 = DIRECTION ( 'NONE',  ( 1.000000000000000000, 0.000000000000000000, 0.000000000000000000 ) ) ;
#8356 =( GEOMETRIC_REPRESENTATION_CONTEXT ( 3 ) GLOBAL_UNCERTAINTY_ASSIGNED_CONTEXT ( ( #2624 ) ) GLOBAL_UNIT_ASSIGNED_CONTEXT ( ( #11469, #4220, #4897 ) ) REPRESENTATION_CONTEXT ( 'NONE', 'WORKASPACE' ) );
#8357 = CARTESIAN_POINT ( 'NONE',  ( -0.2999999999999986011, -12.00000000000002132, 1.600000000000000089 ) ) ;
#8358 = ORIENTED_EDGE ( 'NONE', *, *, #4599, .F. ) ;
#8359 = DIRECTION ( 'NONE',  ( -1.000000000000000000, 1.224646799147353207E-16, 0.000000000000000000 ) ) ;
#8360 = VERTEX_POINT ( 'NONE', #6934 ) ;
#8361 = ORIENTED_EDGE ( 'NONE', *, *, #11460, .F. ) ;
#8362 = SURFACE_STYLE_USAGE ( .BOTH. , #11937 ) ;
#8363 = ORIENTED_EDGE ( 'NONE', *, *, #10350, .F. ) ;
#8364 = PRESENTATION_STYLE_ASSIGNMENT (( #4677 ) ) ;
#8365 = AXIS2_PLACEMENT_3D ( 'NONE', #4816, #8500, #8264 ) ;
#8366 =( NAMED_UNIT ( * ) SI_UNIT ( $, .STERADIAN. ) SOLID_ANGLE_UNIT ( ) );
#8367 = EDGE_LOOP ( 'NONE', ( #5523, #2797, #7533, #8707 ) ) ;
#8368 = EDGE_CURVE ( 'NONE', #7620, #8412, #11710, .T. ) ;
#8369 = LINE ( 'NONE', #77, #4849 ) ;
#8370 = SURFACE_STYLE_USAGE ( .BOTH. , #10979 ) ;
#8371 = DIRECTION ( 'NONE',  ( 1.000000000000000000, 0.000000000000000000, 0.000000000000000000 ) ) ;
#8372 = DIRECTION ( 'NONE',  ( -0.000000000000000000, -0.000000000000000000, 1.000000000000000000 ) ) ;
#8373 = MECHANICAL_DESIGN_GEOMETRIC_PRESENTATION_REPRESENTATION (  '', ( #11080 ), #10501 ) ;
#8374 = AXIS2_PLACEMENT_3D ( 'NONE', #446, #1173, #6033 ) ;
#8375 = VERTEX_POINT ( 'NONE', #335 ) ;
#8376 = EDGE_LOOP ( 'NONE', ( #2168, #1873, #3060, #10173, #835 ) ) ;
#8377 = STYLED_ITEM ( 'NONE', ( #10679 ), #1853 ) ;
#8378 = DIRECTION ( 'NONE',  ( -1.000000000000000000, 0.000000000000000000, -0.000000000000000000 ) ) ;
#8379 = CARTESIAN_POINT ( 'NONE',  ( -3.999999999999993339, -65.00000000000000000, 1.800000000000000044 ) ) ;
#8380 = FILL_AREA_STYLE ('',( #998 ) ) ;
#8381 = VERTEX_POINT ( 'NONE', #9587 ) ;
#8382 = EDGE_CURVE ( 'NONE', #6807, #6133, #7844, .T. ) ;
#8383 = CYLINDRICAL_SURFACE ( 'NONE', #129, 1.500000000000000000 ) ;
#8384 = DIRECTION ( 'NONE',  ( 1.000000000000000000, 0.000000000000000000, 0.000000000000000000 ) ) ;
#8385 = CARTESIAN_POINT ( 'NONE',  ( -5.395973916753827204, -13.44012937056731793, 1.610000000000000098 ) ) ;
#8386 = MECHANICAL_DESIGN_GEOMETRIC_PRESENTATION_REPRESENTATION (  '', ( #9526 ), #653 ) ;
#8388 = EDGE_CURVE ( 'NONE', #9621, #2376, #10571, .T. ) ;
#8387 = SURFACE_STYLE_FILL_AREA ( #2819 ) ;
#8389 = VECTOR ( 'NONE', #4981, 1000.000000000000114 ) ;
#8390 =( NAMED_UNIT ( * ) PLANE_ANGLE_UNIT ( ) SI_UNIT ( $, .RADIAN. ) );
#8391 = SURFACE_SIDE_STYLE ('',( #2940 ) ) ;
#8392 =( LENGTH_UNIT ( ) NAMED_UNIT ( * ) SI_UNIT ( .MILLI., .METRE. ) );
#8393 = CARTESIAN_POINT ( 'NONE',  ( -3.986033755962695047, -2.499999999999991118, 2.100000000000000089 ) ) ;
#8394 = FILL_AREA_STYLE ('',( #5630 ) ) ;
#8395 = VERTEX_POINT ( 'NONE', #9646 ) ;
#8396 =( NAMED_UNIT ( * ) SI_UNIT ( $, .STERADIAN. ) SOLID_ANGLE_UNIT ( ) );
#8397 = EDGE_CURVE ( 'NONE', #11226, #10050, #461, .T. ) ;
#8398 =( NAMED_UNIT ( * ) SI_UNIT ( $, .STERADIAN. ) SOLID_ANGLE_UNIT ( ) );
#8399 =( GEOMETRIC_REPRESENTATION_CONTEXT ( 3 ) GLOBAL_UNCERTAINTY_ASSIGNED_CONTEXT ( ( #1362 ) ) GLOBAL_UNIT_ASSIGNED_CONTEXT ( ( #4660, #2604, #2660 ) ) REPRESENTATION_CONTEXT ( 'NONE', 'WORKASPACE' ) );
#8400 =( NAMED_UNIT ( * ) PLANE_ANGLE_UNIT ( ) SI_UNIT ( $, .RADIAN. ) );
#8401 = VECTOR ( 'NONE', #4661, 1000.000000000000000 ) ;
#8402 =( NAMED_UNIT ( * ) PLANE_ANGLE_UNIT ( ) SI_UNIT ( $, .RADIAN. ) );
#8403 = ORIENTED_EDGE ( 'NONE', *, *, #2911, .F. ) ;
#8404 = SURFACE_STYLE_FILL_AREA ( #1844 ) ;
#8405 = MECHANICAL_DESIGN_GEOMETRIC_PRESENTATION_REPRESENTATION (  '', ( #1235 ), #3187 ) ;
#8406 = LINE ( 'NONE', #1018, #5192 ) ;
#8407 = AXIS2_PLACEMENT_3D ( 'NONE', #3886, #4919, #3036 ) ;
#8408 = FACE_OUTER_BOUND ( 'NONE', #9944, .T. ) ;
#8409 = EDGE_CURVE ( 'NONE', #8059, #3229, #5912, .T. ) ;
#8410 =( NAMED_UNIT ( * ) PLANE_ANGLE_UNIT ( ) SI_UNIT ( $, .RADIAN. ) );
#8411 = SURFACE_SIDE_STYLE ('',( #118 ) ) ;
#8412 = VERTEX_POINT ( 'NONE', #2154 ) ;
#8413 = CARTESIAN_POINT ( 'NONE',  ( -5.499999999999998224, -5.499999999999994671, 1.600000000000000089 ) ) ;
#8414 = SURFACE_STYLE_FILL_AREA ( #11985 ) ;
#8415 = PRESENTATION_STYLE_ASSIGNMENT (( #1667 ) ) ;
#8416 = DIRECTION ( 'NONE',  ( -1.000000000000000000, 0.000000000000000000, 0.000000000000000000 ) ) ;
#8417 = CARTESIAN_POINT ( 'NONE',  ( -2.499999999999997780, -2.499999999999991118, 2.100000000000000089 ) ) ;
#8418 = CARTESIAN_POINT ( 'NONE',  ( 0.000000000000000000, 0.000000000000000000, 2.100000000000000089 ) ) ;
#8419 = ORIENTED_EDGE ( 'NONE', *, *, #3523, .T. ) ;
#8420 = SURFACE_STYLE_FILL_AREA ( #7619 ) ;
#8421 = ORIENTED_EDGE ( 'NONE', *, *, #9390, .F. ) ;
#8422 = VERTEX_POINT ( 'NONE', #1359 ) ;
#8423 = CARTESIAN_POINT ( 'NONE',  ( -2.499999999999997780, -2.499999999999991118, 2.463966244037302911 ) ) ;
#8424 = ORIENTED_EDGE ( 'NONE', *, *, #11048, .F. ) ;
#8425 = DIRECTION ( 'NONE',  ( -4.336808689942016750E-16, -1.000000000000000000, 0.000000000000000000 ) ) ;
#8426 = AXIS2_PLACEMENT_3D ( 'NONE', #1069, #104, #4771 ) ;
#8427 = VERTEX_POINT ( 'NONE', #11416 ) ;
#8428 = CARTESIAN_POINT ( 'NONE',  ( 9.500000000000000000, 4.499999999999996447, 2.100000000000000089 ) ) ;
#8429 = UNCERTAINTY_MEASURE_WITH_UNIT (LENGTH_MEASURE( 1.000000000000000082E-05 ), #2267, 'distance_accuracy_value', 'NONE');
#8430 = FACE_OUTER_BOUND ( 'NONE', #10364, .T. ) ;
#8431 = FILL_AREA_STYLE ('',( #3704 ) ) ;
#8432 = CIRCLE ( 'NONE', #1631, 1.486033755962697267 ) ;
#8433 = EDGE_CURVE ( 'NONE', #1784, #3510, #690, .T. ) ;
#8434 = ORIENTED_EDGE ( 'NONE', *, *, #4549, .F. ) ;
#8435 = EDGE_LOOP ( 'NONE', ( #5962, #4494, #4056, #4740 ) ) ;
#8436 = ADVANCED_FACE ( 'NONE', ( #11592 ), #3981, .F. ) ;
#8437 = DIRECTION ( 'NONE',  ( 1.000000000000000000, 0.000000000000000000, 0.000000000000000000 ) ) ;
#8438 = VERTEX_POINT ( 'NONE', #518 ) ;
#8439 = LINE ( 'NONE', #11108, #9978 ) ;
#8440 = CARTESIAN_POINT ( 'NONE',  ( 2.500000000000001332, -2.499999999999992006, 2.100000000000000089 ) ) ;
#8441 = SURFACE_SIDE_STYLE ('',( #1056 ) ) ;
#8442 = AXIS2_PLACEMENT_3D ( 'NONE', #4153, #1346, #5854 ) ;
#8443 = DIRECTION ( 'NONE',  ( -1.000000000000000000, 0.000000000000000000, 0.000000000000000000 ) ) ;
#8444 = ADVANCED_FACE ( 'NONE', ( #10629 ), #10015, .F. ) ;
#8445 = SURFACE_STYLE_USAGE ( .BOTH. , #4705 ) ;
#8446 = MECHANICAL_DESIGN_GEOMETRIC_PRESENTATION_REPRESENTATION (  '', ( #4387 ), #8611 ) ;
#8447 = FILL_AREA_STYLE_COLOUR ( '', #10043 ) ;
#8448 = FILL_AREA_STYLE_COLOUR ( '', #2567 ) ;
#8449 = FILL_AREA_STYLE_COLOUR ( '', #7514 ) ;
#8450 =( NAMED_UNIT ( * ) SI_UNIT ( $, .STERADIAN. ) SOLID_ANGLE_UNIT ( ) );
#8451 = ORIENTED_EDGE ( 'NONE', *, *, #8925, .F. ) ;
#8452 = FACE_OUTER_BOUND ( 'NONE', #2930, .T. ) ;
#8453 = DIRECTION ( 'NONE',  ( 1.000000000000000000, 0.000000000000000000, 0.000000000000000000 ) ) ;
#8454 =( GEOMETRIC_REPRESENTATION_CONTEXT ( 3 ) GLOBAL_UNCERTAINTY_ASSIGNED_CONTEXT ( ( #2706 ) ) GLOBAL_UNIT_ASSIGNED_CONTEXT ( ( #11855, #6236, #5449 ) ) REPRESENTATION_CONTEXT ( 'NONE', 'WORKASPACE' ) );
#8455 = EDGE_CURVE ( 'NONE', #1094, #1617, #8789, .T. ) ;
#8456 = DIRECTION ( 'NONE',  ( -0.000000000000000000, -0.000000000000000000, -1.000000000000000000 ) ) ;
#8457 = EDGE_CURVE ( 'NONE', #7624, #2684, #8153, .T. ) ;
#8458 = CARTESIAN_POINT ( 'NONE',  ( -9.500000000000001776, 5.499999999999991118, 2.100000000000000089 ) ) ;
#8459 = ORIENTED_EDGE ( 'NONE', *, *, #10506, .T. ) ;
#8460 = CIRCLE ( 'NONE', #7297, 1.486033755962697267 ) ;
#8461 = CARTESIAN_POINT ( 'NONE',  ( 5.499999999999998224, 5.499999999999991118, 2.100000000000000089 ) ) ;
#8462 = DIRECTION ( 'NONE',  ( -1.000000000000000000, 0.000000000000000000, -0.000000000000000000 ) ) ;
#8463 = CARTESIAN_POINT ( 'NONE',  ( 9.749999999999989342, 11.35000000000000142, 1.600000000000000089 ) ) ;
#8464 = SURFACE_SIDE_STYLE ('',( #3022 ) ) ;
#8465 = FILL_AREA_STYLE_COLOUR ( '', #6460 ) ;
#8466 = VECTOR ( 'NONE', #11392, 1000.000000000000000 ) ;
#8467 = SURFACE_STYLE_USAGE ( .BOTH. , #10287 ) ;
#8468 = PRESENTATION_LAYER_ASSIGNMENT (  '', '', ( #7495 ) ) ;
#8469 = EDGE_CURVE ( 'NONE', #8024, #6506, #6166, .T. ) ;
#8470 = CARTESIAN_POINT ( 'NONE',  ( -7.499999999999999112, 2.500000000000009326, 2.463966244037302911 ) ) ;
#8471 = CARTESIAN_POINT ( 'NONE',  ( 0.5000000000000002220, 5.499999999999992006, 2.100000000000000089 ) ) ;
#8472 = ORIENTED_EDGE ( 'NONE', *, *, #10352, .T. ) ;
#8473 = ORIENTED_EDGE ( 'NONE', *, *, #10654, .F. ) ;
#8474 = DIRECTION ( 'NONE',  ( 0.000000000000000000, 0.000000000000000000, 1.000000000000000000 ) ) ;
#8475 = ORIENTED_EDGE ( 'NONE', *, *, #3930, .T. ) ;
#8476 = DIRECTION ( 'NONE',  ( -0.000000000000000000, -0.000000000000000000, 1.000000000000000000 ) ) ;
#8477 = FACE_OUTER_BOUND ( 'NONE', #10125, .T. ) ;
#8478 = ORIENTED_EDGE ( 'NONE', *, *, #9684, .T. ) ;
#8479 =( GEOMETRIC_REPRESENTATION_CONTEXT ( 3 ) GLOBAL_UNCERTAINTY_ASSIGNED_CONTEXT ( ( #2990 ) ) GLOBAL_UNIT_ASSIGNED_CONTEXT ( ( #8023, #8083, #11785 ) ) REPRESENTATION_CONTEXT ( 'NONE', 'WORKASPACE' ) );
#8480 = DIRECTION ( 'NONE',  ( 0.000000000000000000, 0.000000000000000000, -1.000000000000000000 ) ) ;
#8481 = DIRECTION ( 'NONE',  ( 0.7071067811865474617, -0.7071067811865474617, 0.000000000000000000 ) ) ;
#8482 =( NAMED_UNIT ( * ) PLANE_ANGLE_UNIT ( ) SI_UNIT ( $, .RADIAN. ) );
#8483 = EDGE_CURVE ( 'NONE', #1607, #8252, #1073, .T. ) ;
#8484 = CIRCLE ( 'NONE', #562, 1.386033755962696956 ) ;
#8485 = ORIENTED_EDGE ( 'NONE', *, *, #1812, .F. ) ;
#8486 =( GEOMETRIC_REPRESENTATION_CONTEXT ( 3 ) GLOBAL_UNCERTAINTY_ASSIGNED_CONTEXT ( ( #10485 ) ) GLOBAL_UNIT_ASSIGNED_CONTEXT ( ( #9029, #1573, #10800 ) ) REPRESENTATION_CONTEXT ( 'NONE', 'WORKASPACE' ) );
#8487 = ORIENTED_EDGE ( 'NONE', *, *, #3631, .F. ) ;
#8488 = CARTESIAN_POINT ( 'NONE',  ( 7.500000000000001776, -2.499999999999992895, 2.463966244037302911 ) ) ;
#8489 = CARTESIAN_POINT ( 'NONE',  ( -2.499999999999997780, -7.499999999999991118, 2.463966244037302911 ) ) ;
#8490 = VERTEX_POINT ( 'NONE', #7174 ) ;
#8491 = CARTESIAN_POINT ( 'NONE',  ( 4.000000000000003553, 65.00000000000000000, 1.800000000000000044 ) ) ;
#8492 = SURFACE_STYLE_USAGE ( .BOTH. , #1826 ) ;
#8493 = ORIENTED_CLOSED_SHELL ( 'NONE', *, #3431, .F. );
#8494 = AXIS2_PLACEMENT_3D ( 'NONE', #5150, #6745, #480 ) ;
#8495 =( NAMED_UNIT ( * ) SI_UNIT ( $, .STERADIAN. ) SOLID_ANGLE_UNIT ( ) );
#8496 = VECTOR ( 'NONE', #7604, 1000.000000000000000 ) ;
#8497 = STYLED_ITEM ( 'NONE', ( #10165 ), #3589 ) ;
#8498 = VERTEX_POINT ( 'NONE', #2588 ) ;
#8499 = LINE ( 'NONE', #10498, #3869 ) ;
#8500 = DIRECTION ( 'NONE',  ( -8.673617379884033500E-16, -1.000000000000000000, 0.000000000000000000 ) ) ;
#8501 = STYLED_ITEM ( 'NONE', ( #7087 ), #5846 ) ;
#8502 =( LENGTH_UNIT ( ) NAMED_UNIT ( * ) SI_UNIT ( .MILLI., .METRE. ) );
#8503 = ORIENTED_EDGE ( 'NONE', *, *, #10724, .F. ) ;
#8504 = AXIS2_PLACEMENT_3D ( 'NONE', #3844, #4706, #6641 ) ;
#8505 = SURFACE_STYLE_FILL_AREA ( #4943 ) ;
#8506 = AXIS2_PLACEMENT_3D ( 'NONE', #7185, #10892, #6302 ) ;
#8507 = CARTESIAN_POINT ( 'NONE',  ( 0.000000000000000000, 0.000000000000000000, 2.100000000000000089 ) ) ;
#8508 = ADVANCED_FACE ( 'NONE', ( #10818 ), #11662, .F. ) ;
#8509 = CARTESIAN_POINT ( 'NONE',  ( -2.499999999999999556, 7.500000000000007994, 2.463966244037302911 ) ) ;
#8510 = EDGE_CURVE ( 'NONE', #5732, #9433, #1589, .T. ) ;
#8511 = FILL_AREA_STYLE_COLOUR ( '', #9710 ) ;
#8512 = AXIS2_PLACEMENT_3D ( 'NONE', #6443, #867, #2801 ) ;
#8513 = FACE_BOUND ( 'NONE', #3540, .T. ) ;
#8514 = AXIS2_PLACEMENT_3D ( 'NONE', #3065, #6533, #1231 ) ;
#8515 = PRESENTATION_LAYER_ASSIGNMENT (  '', '', ( #7935 ) ) ;
#8516 =( LENGTH_UNIT ( ) NAMED_UNIT ( * ) SI_UNIT ( .MILLI., .METRE. ) );
#8517 = CYLINDRICAL_SURFACE ( 'NONE', #105, 1.486033755962697267 ) ;
#8518 = SURFACE_SIDE_STYLE ('',( #4038 ) ) ;
#8519 = DIRECTION ( 'NONE',  ( -1.000000000000000000, 0.000000000000000000, 0.000000000000000000 ) ) ;
#8520 = CIRCLE ( 'NONE', #5254, 1.486033755962697267 ) ;
#8521 = DIRECTION ( 'NONE',  ( -0.000000000000000000, -0.000000000000000000, 1.000000000000000000 ) ) ;
#8522 = EDGE_CURVE ( 'NONE', #11875, #4326, #11137, .T. ) ;
#8523 = ADVANCED_FACE ( 'NONE', ( #3501 ), #5697, .F. ) ;
#8524 = CIRCLE ( 'NONE', #11614, 1.486033755962697267 ) ;
#8525 = SURFACE_STYLE_FILL_AREA ( #11202 ) ;
#8526 = VECTOR ( 'NONE', #7117, 1000.000000000000000 ) ;
#8527 = PRESENTATION_LAYER_ASSIGNMENT (  '', '', ( #8146 ) ) ;
#8528 = LINE ( 'NONE', #9482, #11621 ) ;
#8529 = ORIENTED_EDGE ( 'NONE', *, *, #8159, .T. ) ;
#8530 = PRESENTATION_STYLE_ASSIGNMENT (( #9372 ) ) ;
#8531 = EDGE_LOOP ( 'NONE', ( #6337, #5177 ) ) ;
#8532 = CARTESIAN_POINT ( 'NONE',  ( -0.4999999999999981681, -9.499999999999992895, 1.600000000000000089 ) ) ;
#8533 = ORIENTED_EDGE ( 'NONE', *, *, #410, .T. ) ;
#8534 = CYLINDRICAL_SURFACE ( 'NONE', #7365, 1.386033755962696956 ) ;
#8535 = COLOUR_RGB ( '',1.000000000000000000, 1.000000000000000000, 0.000000000000000000 ) ;
#8536 = CIRCLE ( 'NONE', #3321, 1.486033755962697267 ) ;
#8537 = LINE ( 'NONE', #5833, #5120 ) ;
#8538 = SURFACE_STYLE_USAGE ( .BOTH. , #1149 ) ;
#8539 = UNCERTAINTY_MEASURE_WITH_UNIT (LENGTH_MEASURE( 1.000000000000000082E-05 ), #2349, 'distance_accuracy_value', 'NONE');
#8540 = ORIENTED_EDGE ( 'NONE', *, *, #7079, .F. ) ;
#8541 = AXIS2_PLACEMENT_3D ( 'NONE', #7985, #1552, #9741 ) ;
#8542 = COLOUR_RGB ( '',1.000000000000000000, 1.000000000000000000, 0.000000000000000000 ) ;
#8543 = ORIENTED_EDGE ( 'NONE', *, *, #2589, .T. ) ;
#8544 = SURFACE_SIDE_STYLE ('',( #8333 ) ) ;
#8545 = FILL_AREA_STYLE ('',( #1158 ) ) ;
#8546 = CARTESIAN_POINT ( 'NONE',  ( 0.000000000000000000, -15.00000000000000000, 0.000000000000000000 ) ) ;
#8547 = ORIENTED_EDGE ( 'NONE', *, *, #5601, .F. ) ;
#8548 = DIRECTION ( 'NONE',  ( -1.000000000000000000, 8.673617379884033500E-16, -0.000000000000000000 ) ) ;
#8549 = FACE_OUTER_BOUND ( 'NONE', #7138, .T. ) ;
#8550 =( LENGTH_UNIT ( ) NAMED_UNIT ( * ) SI_UNIT ( .MILLI., .METRE. ) );
#8551 =( LENGTH_UNIT ( ) NAMED_UNIT ( * ) SI_UNIT ( .MILLI., .METRE. ) );
#8552 = COLOUR_RGB ( '',0.7529411764705882248, 0.7529411764705882248, 0.7529411764705882248 ) ;
#8553 = SURFACE_SIDE_STYLE ('',( #5689 ) ) ;
#8554 = LINE ( 'NONE', #2132, #9187 ) ;
#8555 = AXIS2_PLACEMENT_3D ( 'NONE', #5735, #6567, #5614 ) ;
#8556 = ORIENTED_EDGE ( 'NONE', *, *, #11020, .T. ) ;
#8557 = CYLINDRICAL_SURFACE ( 'NONE', #8374, 0.2000000000000003164 ) ;
#8558 = CARTESIAN_POINT ( 'NONE',  ( 7.500000000000000888, 2.500000000000007550, 3.950000000000000178 ) ) ;
#8559 = EDGE_LOOP ( 'NONE', ( #5229, #3485, #4378, #3029 ) ) ;
#8560 = FACE_OUTER_BOUND ( 'NONE', #821, .T. ) ;
#8561 = CARTESIAN_POINT ( 'NONE',  ( -4.252356890137750867, -15.00000000000000000, 1.600000000000000089 ) ) ;
#8562 = AXIS2_PLACEMENT_3D ( 'NONE', #11230, #88, #11106 ) ;
#8563 = SURFACE_SIDE_STYLE ('',( #5803 ) ) ;
#8564 = PRESENTATION_STYLE_ASSIGNMENT (( #6650 ) ) ;
#8565 = SURFACE_STYLE_FILL_AREA ( #282 ) ;
#8566 = EDGE_CURVE ( 'NONE', #341, #8692, #1649, .T. ) ;
#8567 = EDGE_CURVE ( 'NONE', #9190, #10641, #10144, .T. ) ;
#8568 = DIRECTION ( 'NONE',  ( -0.000000000000000000, -0.000000000000000000, -1.000000000000000000 ) ) ;
#8570 = AXIS2_PLACEMENT_3D ( 'NONE', #7765, #3166, #11510 ) ;
#8569 = CARTESIAN_POINT ( 'NONE',  ( 4.500000000000002665, -9.499999999999992895, 2.100000000000000089 ) ) ;
#8571 = CARTESIAN_POINT ( 'NONE',  ( 3.886033755962698510, -2.499999999999992006, 2.463966244037302911 ) ) ;
#8572 = CARTESIAN_POINT ( 'NONE',  ( 4.000000000000003553, 13.99999999999999822, 1.800000000000000044 ) ) ;
#8573 =( LENGTH_UNIT ( ) NAMED_UNIT ( * ) SI_UNIT ( .MILLI., .METRE. ) );
#8574 = COLOUR_RGB ( '',0.7529411764705882248, 0.7529411764705882248, 0.7529411764705882248 ) ;
#8575 = EDGE_CURVE ( 'NONE', #9787, #8024, #6466, .T. ) ;
#8576 = CARTESIAN_POINT ( 'NONE',  ( -2.499999999999999556, 7.500000000000007994, 2.100000000000000089 ) ) ;
#8577 = ORIENTED_EDGE ( 'NONE', *, *, #4888, .F. ) ;
#8578 = ORIENTED_EDGE ( 'NONE', *, *, #3276, .F. ) ;
#8579 = COLOUR_RGB ( '',1.000000000000000000, 1.000000000000000000, 0.000000000000000000 ) ;
#8580 = DIRECTION ( 'NONE',  ( 1.000000000000000000, 0.000000000000000000, 0.000000000000000000 ) ) ;
#8581 = ORIENTED_EDGE ( 'NONE', *, *, #4914, .F. ) ;
#8582 = DIRECTION ( 'NONE',  ( -1.000000000000000000, 0.000000000000000000, 0.000000000000000000 ) ) ;
#8583 = DIRECTION ( 'NONE',  ( -1.000000000000000000, 1.224646799147353207E-16, 0.000000000000000000 ) ) ;
#8584 = EDGE_CURVE ( 'NONE', #875, #10787, #6528, .T. ) ;
#8585 = SPHERICAL_SURFACE ( 'NONE', #5928, 1.386033755962696956 ) ;
#8586 = EDGE_CURVE ( 'NONE', #11726, #10911, #5350, .T. ) ;
#8587 = EDGE_LOOP ( 'NONE', ( #7063, #10040, #4880, #3674 ) ) ;
#8588 = CIRCLE ( 'NONE', #1070, 1.486033755962697267 ) ;
#8589 = ORIENTED_EDGE ( 'NONE', *, *, #6280, .T. ) ;
#8590 = CARTESIAN_POINT ( 'NONE',  ( 0.5000000000000026645, -5.499999999999994671, 2.100000000000000089 ) ) ;
#8591 = FACE_OUTER_BOUND ( 'NONE', #4776, .T. ) ;
#8592 = SPHERICAL_SURFACE ( 'NONE', #6457, 1.486033755962697267 ) ;
#8593 = ORIENTED_EDGE ( 'NONE', *, *, #8843, .F. ) ;
#8594 = MECHANICAL_DESIGN_GEOMETRIC_PRESENTATION_REPRESENTATION (  '', ( #694 ), #6012 ) ;
#8595 = DIRECTION ( 'NONE',  ( 0.000000000000000000, 0.000000000000000000, -1.000000000000000000 ) ) ;
#8596 = CARTESIAN_POINT ( 'NONE',  ( -9.500000000000001776, 5.499999999999991118, 2.100000000000000089 ) ) ;
#8597 = DIRECTION ( 'NONE',  ( -0.7071067811865474617, 0.7071067811865474617, 0.000000000000000000 ) ) ;
#8598 = STYLED_ITEM ( 'NONE', ( #6295 ), #8444 ) ;
#8599 = CARTESIAN_POINT ( 'NONE',  ( 8.886033755962699843, -7.499999999999992895, 2.100000000000000089 ) ) ;
#8600 =( NAMED_UNIT ( * ) SI_UNIT ( $, .STERADIAN. ) SOLID_ANGLE_UNIT ( ) );
#8601 =( NAMED_UNIT ( * ) SI_UNIT ( $, .STERADIAN. ) SOLID_ANGLE_UNIT ( ) );
#8602 = ORIENTED_EDGE ( 'NONE', *, *, #8133, .F. ) ;
#8603 = CARTESIAN_POINT ( 'NONE',  ( -3.999999999999993339, -60.00000000000000711, 1.800000000000000044 ) ) ;
#8604 = PRESENTATION_LAYER_ASSIGNMENT (  '', '', ( #7069 ) ) ;
#8605 = DIRECTION ( 'NONE',  ( -0.000000000000000000, -0.000000000000000000, 1.000000000000000000 ) ) ;
#8606 = CARTESIAN_POINT ( 'NONE',  ( 0.5000000000000009992, 0.4999999999999970024, 2.100000000000000089 ) ) ;
#8607 = EDGE_LOOP ( 'NONE', ( #218, #6090 ) ) ;
#8608 = SURFACE_SIDE_STYLE ('',( #8505 ) ) ;
#8609 =( NAMED_UNIT ( * ) SI_UNIT ( $, .STERADIAN. ) SOLID_ANGLE_UNIT ( ) );
#8610 = DIRECTION ( 'NONE',  ( -1.000000000000000000, 0.000000000000000000, 0.000000000000000000 ) ) ;
#8611 =( GEOMETRIC_REPRESENTATION_CONTEXT ( 3 ) GLOBAL_UNCERTAINTY_ASSIGNED_CONTEXT ( ( #9964 ) ) GLOBAL_UNIT_ASSIGNED_CONTEXT ( ( #3895, #1161, #4932 ) ) REPRESENTATION_CONTEXT ( 'NONE', 'WORKASPACE' ) );
#8612 = ADVANCED_FACE ( 'NONE', ( #8452 ), #11121, .T. ) ;
#8613 = DIRECTION ( 'NONE',  ( -0.000000000000000000, -0.000000000000000000, -1.000000000000000000 ) ) ;
#8614 = EDGE_CURVE ( 'NONE', #3406, #10853, #8031, .T. ) ;
#8615 = UNCERTAINTY_MEASURE_WITH_UNIT (LENGTH_MEASURE( 1.000000000000000082E-05 ), #1411, 'distance_accuracy_value', 'NONE');
#8616 =( NAMED_UNIT ( * ) SI_UNIT ( $, .STERADIAN. ) SOLID_ANGLE_UNIT ( ) );
#8617 = SURFACE_STYLE_USAGE ( .BOTH. , #5008 ) ;
#8618 = CARTESIAN_POINT ( 'NONE',  ( -2.499999999999997780, -2.499999999999991118, 2.463966244037302911 ) ) ;
#8619 = DIRECTION ( 'NONE',  ( -0.000000000000000000, -0.000000000000000000, 1.000000000000000000 ) ) ;
#8620 = STYLED_ITEM ( 'NONE', ( #2528 ), #9382 ) ;
#8621 =( NAMED_UNIT ( * ) SI_UNIT ( $, .STERADIAN. ) SOLID_ANGLE_UNIT ( ) );
#8622 = CIRCLE ( 'NONE', #4003, 0.1997103226628847705 ) ;
#8623 = CARTESIAN_POINT ( 'NONE',  ( 6.013966244037302289, 7.500000000000007105, 2.463966244037302911 ) ) ;
#8624 = EDGE_CURVE ( 'NONE', #7814, #11161, #2233, .T. ) ;
#8625 = CARTESIAN_POINT ( 'NONE',  ( 0.000000000000000000, 0.000000000000000000, 2.100000000000000089 ) ) ;
#8626 = FILL_AREA_STYLE ('',( #3081 ) ) ;
#8627 = ORIENTED_EDGE ( 'NONE', *, *, #1191, .F. ) ;
#8628 = DIRECTION ( 'NONE',  ( -1.000000000000000000, 0.000000000000000000, 0.000000000000000000 ) ) ;
#8629 = EDGE_LOOP ( 'NONE', ( #9053, #64 ) ) ;
#8630 = ORIENTED_EDGE ( 'NONE', *, *, #4519, .F. ) ;
#8631 = FACE_OUTER_BOUND ( 'NONE', #1154, .T. ) ;
#8632 = CARTESIAN_POINT ( 'NONE',  ( 5.499999999999999112, 0.4999999999999961142, 2.100000000000000089 ) ) ;
#8633 = ORIENTED_EDGE ( 'NONE', *, *, #31, .T. ) ;
#8634 =( LENGTH_UNIT ( ) NAMED_UNIT ( * ) SI_UNIT ( .MILLI., .METRE. ) );
#8635 = CIRCLE ( 'NONE', #1874, 1.386033755962696956 ) ;
#8636 = CARTESIAN_POINT ( 'NONE',  ( 4.500000000000002665, -9.499999999999992895, 1.600000000000000089 ) ) ;
#8637 = EDGE_CURVE ( 'NONE', #11501, #11350, #3782, .T. ) ;
#8638 = PRESENTATION_STYLE_ASSIGNMENT (( #1257 ) ) ;
#8639 =( GEOMETRIC_REPRESENTATION_CONTEXT ( 3 ) GLOBAL_UNCERTAINTY_ASSIGNED_CONTEXT ( ( #1876 ) ) GLOBAL_UNIT_ASSIGNED_CONTEXT ( ( #11336, #6686, #6349 ) ) REPRESENTATION_CONTEXT ( 'NONE', 'WORKASPACE' ) );
#8640 = EDGE_LOOP ( 'NONE', ( #8589, #8005, #8593, #7501 ) ) ;
#8641 = CIRCLE ( 'NONE', #3837, 1.486033755962697267 ) ;
#8642 = ORIENTED_EDGE ( 'NONE', *, *, #8566, .T. ) ;
#8644 = CARTESIAN_POINT ( 'NONE',  ( -7.499999999999997335, -2.499999999999990230, 2.463966244037302911 ) ) ;
#8643 = UNCERTAINTY_MEASURE_WITH_UNIT (LENGTH_MEASURE( 1.000000000000000082E-05 ), #11133, 'distance_accuracy_value', 'NONE');
#8645 =( GEOMETRIC_REPRESENTATION_CONTEXT ( 3 ) GLOBAL_UNCERTAINTY_ASSIGNED_CONTEXT ( ( #3600 ) ) GLOBAL_UNIT_ASSIGNED_CONTEXT ( ( #10645, #4299, #4052 ) ) REPRESENTATION_CONTEXT ( 'NONE', 'WORKASPACE' ) );
#8646 =( NAMED_UNIT ( * ) PLANE_ANGLE_UNIT ( ) SI_UNIT ( $, .RADIAN. ) );
#8647 = UNCERTAINTY_MEASURE_WITH_UNIT (LENGTH_MEASURE( 1.000000000000000082E-05 ), #7154, 'distance_accuracy_value', 'NONE');
#8648 = DIRECTION ( 'NONE',  ( 0.000000000000000000, 1.000000000000000000, 0.000000000000000000 ) ) ;
#8649 = VERTEX_POINT ( 'NONE', #3062 ) ;
#8650 = PLANE ( 'NONE',  #3182 ) ;
#8651 = FACE_OUTER_BOUND ( 'NONE', #9629, .T. ) ;
#8652 = EDGE_CURVE ( 'NONE', #11246, #5849, #8432, .T. ) ;
#8653 = EDGE_CURVE ( 'NONE', #2179, #378, #4580, .T. ) ;
#8654 = PRESENTATION_LAYER_ASSIGNMENT (  '', '', ( #551 ) ) ;
#8655 = CYLINDRICAL_SURFACE ( 'NONE', #10546, 1.486033755962697267 ) ;
#8656 = AXIS2_PLACEMENT_3D ( 'NONE', #9743, #10782, #11494 ) ;
#8657 = DIRECTION ( 'NONE',  ( -1.000000000000000000, 0.000000000000000000, 0.000000000000000000 ) ) ;
#8658 = ORIENTED_EDGE ( 'NONE', *, *, #4292, .F. ) ;
#8659 = ORIENTED_EDGE ( 'NONE', *, *, #2131, .F. ) ;
#8660 =( NAMED_UNIT ( * ) SI_UNIT ( $, .STERADIAN. ) SOLID_ANGLE_UNIT ( ) );
#8661 = CARTESIAN_POINT ( 'NONE',  ( 0.5000000000000009992, 4.499999999999996447, 2.100000000000000089 ) ) ;
#8662 = SURFACE_STYLE_FILL_AREA ( #6097 ) ;
#8663 = EDGE_LOOP ( 'NONE', ( #3713, #10152 ) ) ;
#8664 = STYLED_ITEM ( 'NONE', ( #9453 ), #11220 ) ;
#8665 = LINE ( 'NONE', #2258, #1081 ) ;
#8666 = DIRECTION ( 'NONE',  ( -0.000000000000000000, -0.000000000000000000, -1.000000000000000000 ) ) ;
#8667 = FACE_OUTER_BOUND ( 'NONE', #2994, .T. ) ;
#8668 = EDGE_CURVE ( 'NONE', #303, #275, #8665, .T. ) ;
#8669 = FILL_AREA_STYLE ('',( #5002 ) ) ;
#8670 =( LENGTH_UNIT ( ) NAMED_UNIT ( * ) SI_UNIT ( .MILLI., .METRE. ) );
#8671 = PRESENTATION_LAYER_ASSIGNMENT (  '', '', ( #2699 ) ) ;
#8672 =( LENGTH_UNIT ( ) NAMED_UNIT ( * ) SI_UNIT ( .MILLI., .METRE. ) );
#8673 = AXIS2_PLACEMENT_3D ( 'NONE', #4318, #10857, #5230 ) ;
#8674 = MECHANICAL_DESIGN_GEOMETRIC_PRESENTATION_REPRESENTATION (  '', ( #5808 ), #1518 ) ;
#8675 = PRESENTATION_STYLE_ASSIGNMENT (( #11528 ) ) ;
#8676 = AXIS2_PLACEMENT_3D ( 'NONE', #5387, #3672, #8343 ) ;
#8677 =( NAMED_UNIT ( * ) SI_UNIT ( $, .STERADIAN. ) SOLID_ANGLE_UNIT ( ) );
#8678 = DIRECTION ( 'NONE',  ( -0.000000000000000000, -0.000000000000000000, 1.000000000000000000 ) ) ;
#8679 = ORIENTED_EDGE ( 'NONE', *, *, #2529, .F. ) ;
#8680 =( NAMED_UNIT ( * ) PLANE_ANGLE_UNIT ( ) SI_UNIT ( $, .RADIAN. ) );
#8681 =( NAMED_UNIT ( * ) PLANE_ANGLE_UNIT ( ) SI_UNIT ( $, .RADIAN. ) );
#8682 =( NAMED_UNIT ( * ) SI_UNIT ( $, .STERADIAN. ) SOLID_ANGLE_UNIT ( ) );
#8683 =( GEOMETRIC_REPRESENTATION_CONTEXT ( 3 ) GLOBAL_UNCERTAINTY_ASSIGNED_CONTEXT ( ( #3828 ) ) GLOBAL_UNIT_ASSIGNED_CONTEXT ( ( #1078, #2897, #9360 ) ) REPRESENTATION_CONTEXT ( 'NONE', 'WORKASPACE' ) );
#8684 = UNCERTAINTY_MEASURE_WITH_UNIT (LENGTH_MEASURE( 1.000000000000000082E-05 ), #3670, 'distance_accuracy_value', 'NONE');
#8685 = PLANE ( 'NONE',  #808 ) ;
#8686 = PRESENTATION_LAYER_ASSIGNMENT (  '', '', ( #15 ) ) ;
#8687 = DIRECTION ( 'NONE',  ( -1.000000000000000000, 0.000000000000000000, 0.000000000000000000 ) ) ;
#8688 = CARTESIAN_POINT ( 'NONE',  ( 7.500000000000001776, -2.499999999999992895, 2.463966244037302911 ) ) ;
#8689 = ORIENTED_EDGE ( 'NONE', *, *, #4000, .T. ) ;
#8690 = FILL_AREA_STYLE_COLOUR ( '', #11054 ) ;
#8691 = CIRCLE ( 'NONE', #6023, 0.2000000000000003164 ) ;
#8692 = VERTEX_POINT ( 'NONE', #7655 ) ;
#8693 = CARTESIAN_POINT ( 'NONE',  ( -7.499999999999997335, -2.499999999999990230, 2.463966244037302911 ) ) ;
#8694 =( LENGTH_UNIT ( ) NAMED_UNIT ( * ) SI_UNIT ( .MILLI., .METRE. ) );
#8695 = EDGE_CURVE ( 'NONE', #11077, #10225, #10355, .T. ) ;
#8696 = PRESENTATION_LAYER_ASSIGNMENT (  '', '', ( #3686 ) ) ;
#8697 = VERTEX_POINT ( 'NONE', #8729 ) ;
#8698 = AXIS2_PLACEMENT_3D ( 'NONE', #7496, #1136, #9540 ) ;
#8699 = SURFACE_STYLE_USAGE ( .BOTH. , #7807 ) ;
#8700 = LINE ( 'NONE', #4797, #11654 ) ;
#8701 = FILL_AREA_STYLE_COLOUR ( '', #6256 ) ;
#8702 = CIRCLE ( 'NONE', #3312, 1.486033755962697267 ) ;
#8703 =( LENGTH_UNIT ( ) NAMED_UNIT ( * ) SI_UNIT ( .MILLI., .METRE. ) );
#8704 = CIRCLE ( 'NONE', #5462, 1.386033755962696068 ) ;
#8705 = CARTESIAN_POINT ( 'NONE',  ( 2.499999999999999556, 7.500000000000007105, 2.463966244037302911 ) ) ;
#8706 = FILL_AREA_STYLE_COLOUR ( '', #11923 ) ;
#8707 = ORIENTED_EDGE ( 'NONE', *, *, #9464, .T. ) ;
#8708 = VERTEX_POINT ( 'NONE', #7712 ) ;
#8709 = ADVANCED_FACE ( 'NONE', ( #8560 ), #10613, .F. ) ;
#8710 = CARTESIAN_POINT ( 'NONE',  ( 0.5000000000000003331, 9.499999999999991118, 2.100000000000000089 ) ) ;
#8711 = AXIS2_PLACEMENT_3D ( 'NONE', #6536, #2836, #10334 ) ;
#8712 = DIRECTION ( 'NONE',  ( -0.000000000000000000, -0.000000000000000000, -1.000000000000000000 ) ) ;
#8713 = ADVANCED_FACE ( 'NONE', ( #1227 ), #7651, .T. ) ;
#8714 = EDGE_LOOP ( 'NONE', ( #6808, #8918, #7443, #1998 ) ) ;
#8715 = LINE ( 'NONE', #435, #9174 ) ;
#8716 = COLOUR_RGB ( '',1.000000000000000000, 1.000000000000000000, 0.000000000000000000 ) ;
#8717 = PRESENTATION_STYLE_ASSIGNMENT (( #6571 ) ) ;
#8718 = CARTESIAN_POINT ( 'NONE',  ( -7.499999999999997335, -7.499999999999990230, 2.463966244037302911 ) ) ;
#8719 = AXIS2_PLACEMENT_3D ( 'NONE', #8940, #668, #4367 ) ;
#8720 = AXIS2_PLACEMENT_3D ( 'NONE', #7707, #10376, #1402 ) ;
#8721 = EDGE_CURVE ( 'NONE', #4177, #746, #3973, .T. ) ;
#8722 = VERTEX_POINT ( 'NONE', #3123 ) ;
#8723 = ORIENTED_EDGE ( 'NONE', *, *, #11479, .T. ) ;
#8724 = ADVANCED_FACE ( 'NONE', ( #2325 ), #11772, .F. ) ;
#8725 = DIRECTION ( 'NONE',  ( 0.000000000000000000, 0.000000000000000000, -1.000000000000000000 ) ) ;
#8726 =( NAMED_UNIT ( * ) PLANE_ANGLE_UNIT ( ) SI_UNIT ( $, .RADIAN. ) );
#8727 = EDGE_CURVE ( 'NONE', #9990, #960, #11356, .T. ) ;
#8728 = ORIENTED_EDGE ( 'NONE', *, *, #379, .F. ) ;
#8729 = CARTESIAN_POINT ( 'NONE',  ( 1.113966244037302600, 7.500000000000007105, 2.463966244037302911 ) ) ;
#8730 = MECHANICAL_DESIGN_GEOMETRIC_PRESENTATION_REPRESENTATION (  '', ( #1762 ), #3718 ) ;
#8731 = MECHANICAL_DESIGN_GEOMETRIC_PRESENTATION_REPRESENTATION (  '', ( #3339 ), #4709 ) ;
#8732 = SURFACE_STYLE_FILL_AREA ( #7656 ) ;
#8733 = CARTESIAN_POINT ( 'NONE',  ( -3.999999999999993339, -60.00000000000000711, 1.800000000000000044 ) ) ;
#8734 = CARTESIAN_POINT ( 'NONE',  ( -0.4999999999999979461, -5.499999999999996447, 1.600000000000000089 ) ) ;
#8735 = DIRECTION ( 'NONE',  ( -1.000000000000000000, 0.000000000000000000, 0.000000000000000000 ) ) ;
#8736 = VECTOR ( 'NONE', #5681, 1000.000000000000000 ) ;
#8737 = UNCERTAINTY_MEASURE_WITH_UNIT (LENGTH_MEASURE( 1.000000000000000082E-05 ), #4614, 'distance_accuracy_value', 'NONE');
#8738 =( LENGTH_UNIT ( ) NAMED_UNIT ( * ) SI_UNIT ( .MILLI., .METRE. ) );
#8739 =( LENGTH_UNIT ( ) NAMED_UNIT ( * ) SI_UNIT ( .MILLI., .METRE. ) );
#8740 = ADVANCED_FACE ( 'NONE', ( #507 ), #11577, .F. ) ;
#8741 = ORIENTED_EDGE ( 'NONE', *, *, #1135, .T. ) ;
#8742 = STYLED_ITEM ( 'NONE', ( #570 ), #1906 ) ;
#8743 = DIRECTION ( 'NONE',  ( 1.000000000000000000, 0.000000000000000000, 0.000000000000000000 ) ) ;
#8744 = DIRECTION ( 'NONE',  ( -0.000000000000000000, -0.000000000000000000, -1.000000000000000000 ) ) ;
#8745 = UNCERTAINTY_MEASURE_WITH_UNIT (LENGTH_MEASURE( 1.000000000000000082E-05 ), #5687, 'distance_accuracy_value', 'NONE');
#8746 = CARTESIAN_POINT ( 'NONE',  ( 1.200000000000001510, 12.00000000000000355, 1.600000000000000089 ) ) ;
#8747 =( GEOMETRIC_REPRESENTATION_CONTEXT ( 3 ) GLOBAL_UNCERTAINTY_ASSIGNED_CONTEXT ( ( #5417 ) ) GLOBAL_UNIT_ASSIGNED_CONTEXT ( ( #6970, #680, #620 ) ) REPRESENTATION_CONTEXT ( 'NONE', 'WORKASPACE' ) );
#8748 = SURFACE_SIDE_STYLE ('',( #656 ) ) ;
#8749 = EDGE_LOOP ( 'NONE', ( #10471, #6214, #5389, #9545 ) ) ;
#8750 = SURFACE_STYLE_FILL_AREA ( #5088 ) ;
#8751 = EDGE_CURVE ( 'NONE', #5936, #2673, #10681, .T. ) ;
#8752 = VECTOR ( 'NONE', #2251, 1000.000000000000000 ) ;
#8753 = LINE ( 'NONE', #11486, #7645 ) ;
#8754 = DIRECTION ( 'NONE',  ( 0.000000000000000000, 0.000000000000000000, -1.000000000000000000 ) ) ;
#8755 =( NAMED_UNIT ( * ) PLANE_ANGLE_UNIT ( ) SI_UNIT ( $, .RADIAN. ) );
#8756 = SURFACE_STYLE_FILL_AREA ( #4181 ) ;
#8757 = DIRECTION ( 'NONE',  ( 0.000000000000000000, -1.000000000000000000, 0.000000000000000000 ) ) ;
#8758 = ORIENTED_EDGE ( 'NONE', *, *, #10520, .T. ) ;
#8759 =( GEOMETRIC_REPRESENTATION_CONTEXT ( 3 ) GLOBAL_UNCERTAINTY_ASSIGNED_CONTEXT ( ( #3346 ) ) GLOBAL_UNIT_ASSIGNED_CONTEXT ( ( #2799, #1035, #5669 ) ) REPRESENTATION_CONTEXT ( 'NONE', 'WORKASPACE' ) );
#8760 = PRESENTATION_STYLE_ASSIGNMENT (( #8699 ) ) ;
#8761 = SURFACE_SIDE_STYLE ('',( #10840 ) ) ;
#8762 = CARTESIAN_POINT ( 'NONE',  ( 5.499999999999999112, 4.499999999999998224, 1.600000000000000089 ) ) ;
#8763 = AXIS2_PLACEMENT_3D ( 'NONE', #10903, #57, #1725 ) ;
#8764 = DIRECTION ( 'NONE',  ( -0.000000000000000000, -0.000000000000000000, 1.000000000000000000 ) ) ;
#8765 = CIRCLE ( 'NONE', #6455, 1.386033755962697844 ) ;
#8766 = LINE ( 'NONE', #5288, #10851 ) ;
#8767 = DIRECTION ( 'NONE',  ( -0.000000000000000000, -0.000000000000000000, 1.000000000000000000 ) ) ;
#8768 = ORIENTED_EDGE ( 'NONE', *, *, #10318, .T. ) ;
#8769 = ORIENTED_EDGE ( 'NONE', *, *, #3821, .F. ) ;
#8770 = ORIENTED_EDGE ( 'NONE', *, *, #6677, .F. ) ;
#8771 = LINE ( 'NONE', #5164, #1672 ) ;
#8772 = ORIENTED_EDGE ( 'NONE', *, *, #11155, .T. ) ;
#8773 = DIRECTION ( 'NONE',  ( -1.000000000000000000, 0.000000000000000000, 0.000000000000000000 ) ) ;
#8774 = DIRECTION ( 'NONE',  ( -0.000000000000000000, -0.000000000000000000, -1.000000000000000000 ) ) ;
#8775 = CARTESIAN_POINT ( 'NONE',  ( -0.4999999999999996669, 0.4999999999999978351, 2.100000000000000089 ) ) ;
#8776 = VECTOR ( 'NONE', #8026, 1000.000000000000000 ) ;
#8777 = CARTESIAN_POINT ( 'NONE',  ( -7.499999999999997335, -2.499999999999990230, 2.100000000000000089 ) ) ;
#8778 = EDGE_CURVE ( 'NONE', #3510, #11501, #11331, .T. ) ;
#8779 =( NAMED_UNIT ( * ) PLANE_ANGLE_UNIT ( ) SI_UNIT ( $, .RADIAN. ) );
#8780 = CIRCLE ( 'NONE', #484, 1.386033755962696956 ) ;
#8781 = ADVANCED_FACE ( 'NONE', ( #4211 ), #3297, .F. ) ;
#8782 = VERTEX_POINT ( 'NONE', #9215 ) ;
#8783 = EDGE_LOOP ( 'NONE', ( #10298, #951, #6493, #6283 ) ) ;
#8784 = PRESENTATION_LAYER_ASSIGNMENT (  '', '', ( #4359 ) ) ;
#8785 = CARTESIAN_POINT ( 'NONE',  ( -14.99999999999999645, 11.34999999999999964, 1.600000000000000089 ) ) ;
#8786 = FACE_OUTER_BOUND ( 'NONE', #9919, .T. ) ;
#8787 = ORIENTED_EDGE ( 'NONE', *, *, #8159, .F. ) ;
#8788 = DIRECTION ( 'NONE',  ( -0.000000000000000000, -0.000000000000000000, 1.000000000000000000 ) ) ;
#8789 = CIRCLE ( 'NONE', #6316, 1.486033755962697267 ) ;
#8790 =( NAMED_UNIT ( * ) PLANE_ANGLE_UNIT ( ) SI_UNIT ( $, .RADIAN. ) );
#8791 = CYLINDRICAL_SURFACE ( 'NONE', #11257, 1.500000000000000000 ) ;
#8792 = FILL_AREA_STYLE ('',( #8465 ) ) ;
#8793 = SURFACE_STYLE_USAGE ( .BOTH. , #8016 ) ;
#8794 = EDGE_CURVE ( 'NONE', #3463, #10124, #2691, .T. ) ;
#8795 =( NAMED_UNIT ( * ) SI_UNIT ( $, .STERADIAN. ) SOLID_ANGLE_UNIT ( ) );
#8796 = VECTOR ( 'NONE', #10871, 1000.000000000000000 ) ;
#8797 = DIRECTION ( 'NONE',  ( -0.000000000000000000, -0.000000000000000000, 1.000000000000000000 ) ) ;
#8798 = FILL_AREA_STYLE_COLOUR ( '', #2153 ) ;
#8799 = CARTESIAN_POINT ( 'NONE',  ( -9.749999999999989342, 11.35000000000000142, 0.000000000000000000 ) ) ;
#8800 =( NAMED_UNIT ( * ) SI_UNIT ( $, .STERADIAN. ) SOLID_ANGLE_UNIT ( ) );
#8801 = ORIENTED_EDGE ( 'NONE', *, *, #8280, .T. ) ;
#8802 = CARTESIAN_POINT ( 'NONE',  ( -2.499999999999999556, 2.500000000000009326, 2.463966244037302911 ) ) ;
#8803 = LINE ( 'NONE', #1698, #1143 ) ;
#8804 =( NAMED_UNIT ( * ) SI_UNIT ( $, .STERADIAN. ) SOLID_ANGLE_UNIT ( ) );
#8805 = DIRECTION ( 'NONE',  ( 0.000000000000000000, -1.000000000000000000, 0.000000000000000000 ) ) ;
#8806 = CARTESIAN_POINT ( 'NONE',  ( -5.395973916753827204, -13.44012937056731793, 1.610000000000000098 ) ) ;
#8807 = VECTOR ( 'NONE', #8548, 1000.000000000000000 ) ;
#8808 = DIRECTION ( 'NONE',  ( 0.000000000000000000, -1.000000000000000000, 0.000000000000000000 ) ) ;
#8809 = EDGE_CURVE ( 'NONE', #8427, #1249, #7459, .T. ) ;
#8810 = EDGE_CURVE ( 'NONE', #10357, #8837, #2816, .T. ) ;
#8811 =( NAMED_UNIT ( * ) SI_UNIT ( $, .STERADIAN. ) SOLID_ANGLE_UNIT ( ) );
#8812 = ORIENTED_EDGE ( 'NONE', *, *, #11936, .T. ) ;
#8813 = AXIS2_PLACEMENT_3D ( 'NONE', #4784, #9362, #10397 ) ;
#8814 = DIRECTION ( 'NONE',  ( 0.000000000000000000, -1.000000000000000000, 0.000000000000000000 ) ) ;
#8815 = DIRECTION ( 'NONE',  ( 1.000000000000000000, 0.000000000000000000, 0.000000000000000000 ) ) ;
#8816 = SURFACE_SIDE_STYLE ('',( #8756 ) ) ;
#8817 = CARTESIAN_POINT ( 'NONE',  ( 9.500000000000001776, -9.499999999999992895, 2.100000000000000089 ) ) ;
#8818 = ORIENTED_EDGE ( 'NONE', *, *, #7851, .F. ) ;
#8819 =( LENGTH_UNIT ( ) NAMED_UNIT ( * ) SI_UNIT ( .MILLI., .METRE. ) );
#8820 = CARTESIAN_POINT ( 'NONE',  ( -4.500000000000000000, -0.4999999999999970024, 1.600000000000000089 ) ) ;
#8821 = EDGE_CURVE ( 'NONE', #4916, #3942, #6569, .T. ) ;
#8822 = PRESENTATION_LAYER_ASSIGNMENT (  '', '', ( #5581 ) ) ;
#8823 = LINE ( 'NONE', #9800, #5081 ) ;
#8824 = ORIENTED_EDGE ( 'NONE', *, *, #4843, .F. ) ;
#8825 = ORIENTED_EDGE ( 'NONE', *, *, #5521, .T. ) ;
#8826 = CARTESIAN_POINT ( 'NONE',  ( 7.500000000000000000, 7.500000000000007105, 2.463966244037302911 ) ) ;
#8827 = EDGE_LOOP ( 'NONE', ( #11060, #6082, #6847, #5879 ) ) ;
#8828 = CIRCLE ( 'NONE', #7880, 1.386033755962696956 ) ;
#8829 = CARTESIAN_POINT ( 'NONE',  ( -11.34999999999999609, 15.00000000000000000, 0.000000000000000000 ) ) ;
#8830 = ORIENTED_EDGE ( 'NONE', *, *, #1666, .T. ) ;
#8831 =( GEOMETRIC_REPRESENTATION_CONTEXT ( 3 ) GLOBAL_UNCERTAINTY_ASSIGNED_CONTEXT ( ( #4573 ) ) GLOBAL_UNIT_ASSIGNED_CONTEXT ( ( #2373, #8646, #357 ) ) REPRESENTATION_CONTEXT ( 'NONE', 'WORKASPACE' ) );
#8832 = CARTESIAN_POINT ( 'NONE',  ( -3.938328378844444089, -12.61499614146074499, 1.610000000000000098 ) ) ;
#8833 = CARTESIAN_POINT ( 'NONE',  ( -4.500000000000001776, 9.499999999999992895, 1.600000000000000089 ) ) ;
#8834 = DIRECTION ( 'NONE',  ( -0.000000000000000000, -0.000000000000000000, -1.000000000000000000 ) ) ;
#8835 = AXIS2_PLACEMENT_3D ( 'NONE', #6086, #9757, #742 ) ;
#8836 = STYLED_ITEM ( 'NONE', ( #3448 ), #10954 ) ;
#8837 = VERTEX_POINT ( 'NONE', #1759 ) ;
#8838 = ORIENTED_EDGE ( 'NONE', *, *, #901, .T. ) ;
#8839 = CARTESIAN_POINT ( 'NONE',  ( -2.499999999999999556, 7.500000000000007994, 2.100000000000000089 ) ) ;
#8840 = FILL_AREA_STYLE_COLOUR ( '', #10891 ) ;
#8841 = DIRECTION ( 'NONE',  ( 0.000000000000000000, -1.000000000000000000, 0.000000000000000000 ) ) ;
#8842 = ORIENTED_EDGE ( 'NONE', *, *, #9761, .T. ) ;
#8843 = EDGE_CURVE ( 'NONE', #10585, #9621, #8439, .T. ) ;
#8844 = ADVANCED_FACE ( 'NONE', ( #3773 ), #8383, .F. ) ;
#8845 = CARTESIAN_POINT ( 'NONE',  ( 3.886033755962698510, -2.499999999999992006, 2.100000000000000089 ) ) ;
#8846 = VECTOR ( 'NONE', #4268, 1000.000000000000000 ) ;
#8847 = DIRECTION ( 'NONE',  ( 1.000000000000000000, 0.000000000000000000, 0.000000000000000000 ) ) ;
#8848 = DIRECTION ( 'NONE',  ( 0.000000000000000000, 1.000000000000000000, 0.000000000000000000 ) ) ;
#8849 = UNCERTAINTY_MEASURE_WITH_UNIT (LENGTH_MEASURE( 1.000000000000000082E-05 ), #1064, 'distance_accuracy_value', 'NONE');
#8850 = DIRECTION ( 'NONE',  ( -1.000000000000000000, -0.000000000000000000, -0.000000000000000000 ) ) ;
#8851 = AXIS2_PLACEMENT_3D ( 'NONE', #1280, #5175, #8841 ) ;
#8852 = DIRECTION ( 'NONE',  ( 1.000000000000000000, 4.336808689942016750E-16, 0.000000000000000000 ) ) ;
#8853 = AXIS2_PLACEMENT_3D ( 'NONE', #2667, #7381, #8355 ) ;
#8854 =( LENGTH_UNIT ( ) NAMED_UNIT ( * ) SI_UNIT ( .MILLI., .METRE. ) );
#8855 = ORIENTED_EDGE ( 'NONE', *, *, #10135, .F. ) ;
#8856 = EDGE_CURVE ( 'NONE', #4965, #5263, #3832, .T. ) ;
#8857 = COLOUR_RGB ( '',0.7529411764705882248, 0.7529411764705882248, 0.7529411764705882248 ) ;
#8858 = SURFACE_SIDE_STYLE ('',( #6937 ) ) ;
#8859 =( LENGTH_UNIT ( ) NAMED_UNIT ( * ) SI_UNIT ( .MILLI., .METRE. ) );
#8860 = UNCERTAINTY_MEASURE_WITH_UNIT (LENGTH_MEASURE( 1.000000000000000082E-05 ), #10177, 'distance_accuracy_value', 'NONE');
#8861 = DIRECTION ( 'NONE',  ( -0.000000000000000000, 0.000000000000000000, 1.000000000000000000 ) ) ;
#8862 = PRESENTATION_STYLE_ASSIGNMENT (( #11598 ) ) ;
#8863 = PRESENTATION_LAYER_ASSIGNMENT (  '', '', ( #3272 ) ) ;
#8865 = DIRECTION ( 'NONE',  ( -1.000000000000000000, -0.000000000000000000, -0.000000000000000000 ) ) ;
#8864 = PRESENTATION_LAYER_ASSIGNMENT (  '', '', ( #11986 ) ) ;
#8866 = VECTOR ( 'NONE', #8220, 1000.000000000000000 ) ;
#8867 = EDGE_LOOP ( 'NONE', ( #6631, #26, #5166, #10004 ) ) ;
#8868 = ORIENTED_EDGE ( 'NONE', *, *, #11866, .T. ) ;
#8869 = SURFACE_SIDE_STYLE ('',( #9916 ) ) ;
#8870 = FILL_AREA_STYLE ('',( #7802 ) ) ;
#8871 = EDGE_CURVE ( 'NONE', #5853, #7635, #939, .T. ) ;
#8872 = FACE_OUTER_BOUND ( 'NONE', #10175, .T. ) ;
#8873 = CIRCLE ( 'NONE', #10823, 1.486033755962697267 ) ;
#8874 = ORIENTED_EDGE ( 'NONE', *, *, #2093, .F. ) ;
#8875 = ADVANCED_FACE ( 'NONE', ( #7522 ), #8256, .F. ) ;
#8876 =( NAMED_UNIT ( * ) PLANE_ANGLE_UNIT ( ) SI_UNIT ( $, .RADIAN. ) );
#8877 =( GEOMETRIC_REPRESENTATION_CONTEXT ( 3 ) GLOBAL_UNCERTAINTY_ASSIGNED_CONTEXT ( ( #6930 ) ) GLOBAL_UNIT_ASSIGNED_CONTEXT ( ( #11253, #10268, #1968 ) ) REPRESENTATION_CONTEXT ( 'NONE', 'WORKASPACE' ) );
#8878 = FILL_AREA_STYLE ('',( #3522 ) ) ;
#8879 =( NAMED_UNIT ( * ) SI_UNIT ( $, .STERADIAN. ) SOLID_ANGLE_UNIT ( ) );
#8880 =( NAMED_UNIT ( * ) SI_UNIT ( $, .STERADIAN. ) SOLID_ANGLE_UNIT ( ) );
#8881 =( NAMED_UNIT ( * ) SI_UNIT ( $, .STERADIAN. ) SOLID_ANGLE_UNIT ( ) );
#8882 = MECHANICAL_DESIGN_GEOMETRIC_PRESENTATION_REPRESENTATION (  '', ( #2125 ), #984 ) ;
#8883 = STYLED_ITEM ( 'NONE', ( #9678 ), #1612 ) ;
#8884 = VERTEX_POINT ( 'NONE', #881 ) ;
#8885 =( GEOMETRIC_REPRESENTATION_CONTEXT ( 3 ) GLOBAL_UNCERTAINTY_ASSIGNED_CONTEXT ( ( #8849 ) ) GLOBAL_UNIT_ASSIGNED_CONTEXT ( ( #1064, #9344, #6750 ) ) REPRESENTATION_CONTEXT ( 'NONE', 'WORKASPACE' ) );
#8886 = ORIENTED_EDGE ( 'NONE', *, *, #3479, .F. ) ;
#8887 =( NAMED_UNIT ( * ) SI_UNIT ( $, .STERADIAN. ) SOLID_ANGLE_UNIT ( ) );
#8888 = ORIENTED_EDGE ( 'NONE', *, *, #541, .T. ) ;
#8889 = DIRECTION ( 'NONE',  ( 1.000000000000000000, 0.000000000000000000, 0.000000000000000000 ) ) ;
#8890 = UNCERTAINTY_MEASURE_WITH_UNIT (LENGTH_MEASURE( 1.000000000000000082E-05 ), #1163, 'distance_accuracy_value', 'NONE');
#8891 = LINE ( 'NONE', #1682, #6276 ) ;
#8892 = ORIENTED_EDGE ( 'NONE', *, *, #3978, .F. ) ;
#8893 = CARTESIAN_POINT ( 'NONE',  ( -0.5000000000000002220, 9.499999999999989342, 2.100000000000000089 ) ) ;
#8894 = MECHANICAL_DESIGN_GEOMETRIC_PRESENTATION_REPRESENTATION (  '', ( #1935 ), #2918 ) ;
#8895 = SURFACE_SIDE_STYLE ('',( #10858 ) ) ;
#8896 = UNCERTAINTY_MEASURE_WITH_UNIT (LENGTH_MEASURE( 1.000000000000000082E-05 ), #7442, 'distance_accuracy_value', 'NONE');
#8897 = CIRCLE ( 'NONE', #3693, 1.486033755962697267 ) ;
#8898 = CARTESIAN_POINT ( 'NONE',  ( -9.500000000000001776, 9.499999999999991118, 1.600000000000000089 ) ) ;
#8899 = SURFACE_SIDE_STYLE ('',( #10737 ) ) ;
#8900 = ORIENTED_EDGE ( 'NONE', *, *, #8230, .T. ) ;
#8901 = AXIS2_PLACEMENT_3D ( 'NONE', #5635, #4715, #4534 ) ;
#8902 = VECTOR ( 'NONE', #5664, 1000.000000000000000 ) ;
#8903 = ORIENTED_EDGE ( 'NONE', *, *, #11637, .F. ) ;
#8904 = FILL_AREA_STYLE ('',( #7831 ) ) ;
#8905 = MECHANICAL_DESIGN_GEOMETRIC_PRESENTATION_REPRESENTATION (  '', ( #1364 ), #2149 ) ;
#8906 = DIRECTION ( 'NONE',  ( 0.000000000000000000, 1.000000000000000000, 0.000000000000000000 ) ) ;
#8907 = ORIENTED_EDGE ( 'NONE', *, *, #346, .F. ) ;
#8908 = CARTESIAN_POINT ( 'NONE',  ( 5.500000000000000888, -5.499999999999992895, 2.100000000000000089 ) ) ;
#8909 = SURFACE_SIDE_STYLE ('',( #9770 ) ) ;
#8910 = CIRCLE ( 'NONE', #9681, 1.386033755962696956 ) ;
#8911 = FILL_AREA_STYLE_COLOUR ( '', #2505 ) ;
#8912 = PRESENTATION_STYLE_ASSIGNMENT (( #639 ) ) ;
#8913 = DIRECTION ( 'NONE',  ( 0.000000000000000000, 0.000000000000000000, 1.000000000000000000 ) ) ;
#8914 = SPHERICAL_SURFACE ( 'NONE', #4497, 1.486033755962697267 ) ;
#8915 = AXIS2_PLACEMENT_3D ( 'NONE', #7437, #5533, #6487 ) ;
#8916 = PRESENTATION_LAYER_ASSIGNMENT (  '', '', ( #241 ) ) ;
#8917 = DIRECTION ( 'NONE',  ( -1.000000000000000000, 0.000000000000000000, 0.000000000000000000 ) ) ;
#8918 = ORIENTED_EDGE ( 'NONE', *, *, #7178, .F. ) ;
#8919 = CARTESIAN_POINT ( 'NONE',  ( -4.500000000000000000, -4.499999999999999112, 1.600000000000000089 ) ) ;
#8920 = UNCERTAINTY_MEASURE_WITH_UNIT (LENGTH_MEASURE( 1.000000000000000082E-05 ), #5504, 'distance_accuracy_value', 'NONE');
#8921 = LINE ( 'NONE', #10764, #225 ) ;
#8922 = FILL_AREA_STYLE_COLOUR ( '', #10490 ) ;
#8923 = AXIS2_PLACEMENT_3D ( 'NONE', #401, #7794, #11478 ) ;
#8924 = CIRCLE ( 'NONE', #2171, 1.486033755962696379 ) ;
#8925 = EDGE_CURVE ( 'NONE', #2827, #3569, #3652, .T. ) ;
#8926 = ORIENTED_EDGE ( 'NONE', *, *, #4756, .F. ) ;
#8927 = EDGE_CURVE ( 'NONE', #7635, #10356, #5685, .T. ) ;
#8928 =( NAMED_UNIT ( * ) PLANE_ANGLE_UNIT ( ) SI_UNIT ( $, .RADIAN. ) );
#8929 = ORIENTED_EDGE ( 'NONE', *, *, #6089, .T. ) ;
#8930 = CARTESIAN_POINT ( 'NONE',  ( -2.499999999999997780, -7.499999999999991118, 2.463966244037302911 ) ) ;
#8931 = FILL_AREA_STYLE ('',( #8996 ) ) ;
#8932 = CARTESIAN_POINT ( 'NONE',  ( -2.499999999999999556, 2.500000000000009326, 2.100000000000000089 ) ) ;
#8933 = CARTESIAN_POINT ( 'NONE',  ( 7.500000000000002665, -7.499999999999992895, 2.100000000000000089 ) ) ;
#8934 =( NAMED_UNIT ( * ) SI_UNIT ( $, .STERADIAN. ) SOLID_ANGLE_UNIT ( ) );
#8935 = AXIS2_PLACEMENT_3D ( 'NONE', #2594, #6240, #8091 ) ;
#8936 = CYLINDRICAL_SURFACE ( 'NONE', #9747, 1.486033755962697267 ) ;
#8937 = ORIENTED_EDGE ( 'NONE', *, *, #8856, .F. ) ;
#8938 = CARTESIAN_POINT ( 'NONE',  ( -3.999999999999993339, -65.00000000000000000, 2.000000000000000000 ) ) ;
#8939 =( LENGTH_UNIT ( ) NAMED_UNIT ( * ) SI_UNIT ( .MILLI., .METRE. ) );
#8940 = CARTESIAN_POINT ( 'NONE',  ( 2.500000000000000444, 2.500000000000007550, 2.463966244037302911 ) ) ;
#8941 =( GEOMETRIC_REPRESENTATION_CONTEXT ( 3 ) GLOBAL_UNCERTAINTY_ASSIGNED_CONTEXT ( ( #79 ) ) GLOBAL_UNIT_ASSIGNED_CONTEXT ( ( #2011, #10129, #4635 ) ) REPRESENTATION_CONTEXT ( 'NONE', 'WORKASPACE' ) );
#8942 = FACE_OUTER_BOUND ( 'NONE', #10973, .T. ) ;
#8943 = ADVANCED_FACE ( 'NONE', ( #2752 ), #6452, .F. ) ;
#8944 = DIRECTION ( 'NONE',  ( 1.000000000000000000, 0.000000000000000000, 0.000000000000000000 ) ) ;
#8945 = CIRCLE ( 'NONE', #858, 1.486033755962697267 ) ;
#8946 = FACE_OUTER_BOUND ( 'NONE', #7258, .T. ) ;
#8947 = CARTESIAN_POINT ( 'NONE',  ( 6.013966244037303177, 2.500000000000007550, 2.100000000000000089 ) ) ;
#8948 = VERTEX_POINT ( 'NONE', #2931 ) ;
#8949 = ORIENTED_EDGE ( 'NONE', *, *, #9110, .F. ) ;
#8950 = CARTESIAN_POINT ( 'NONE',  ( 12.94999999999999396, -11.35000000000000142, 1.600000000000000089 ) ) ;
#8951 = ORIENTED_EDGE ( 'NONE', *, *, #8382, .T. ) ;
#8952 = CARTESIAN_POINT ( 'NONE',  ( 2.700000000000001510, 12.00000000000000355, 1.600000000000000089 ) ) ;
#8953 = CARTESIAN_POINT ( 'NONE',  ( 2.499999999999999556, 7.500000000000007105, 2.463966244037302911 ) ) ;
#8954 = ORIENTED_EDGE ( 'NONE', *, *, #5875, .T. ) ;
#8955 = FILL_AREA_STYLE_COLOUR ( '', #1151 ) ;
#8956 = COLOUR_RGB ( '',1.000000000000000000, 1.000000000000000000, 0.000000000000000000 ) ;
#8957 = PLANE ( 'NONE',  #9614 ) ;
#8958 = DIRECTION ( 'NONE',  ( 1.000000000000000000, 0.000000000000000000, 0.000000000000000000 ) ) ;
#8959 = EDGE_CURVE ( 'NONE', #3433, #11129, #1880, .T. ) ;
#8960 = VECTOR ( 'NONE', #8521, 1000.000000000000000 ) ;
#8961 = ORIENTED_EDGE ( 'NONE', *, *, #11460, .T. ) ;
#8962 = VERTEX_POINT ( 'NONE', #8321 ) ;
#8963 = PRESENTATION_LAYER_ASSIGNMENT (  '', '', ( #7430 ) ) ;
#8964 = FILL_AREA_STYLE_COLOUR ( '', #8094 ) ;
#8965 = CARTESIAN_POINT ( 'NONE',  ( -5.500000000000000888, 5.499999999999992895, 2.100000000000000089 ) ) ;
#8966 = DIRECTION ( 'NONE',  ( -0.000000000000000000, -0.000000000000000000, 1.000000000000000000 ) ) ;
#8967 = SURFACE_STYLE_FILL_AREA ( #4389 ) ;
#8968 = ORIENTED_EDGE ( 'NONE', *, *, #6829, .T. ) ;
#8969 = CIRCLE ( 'NONE', #2025, 1.486033755962697267 ) ;
#8970 = DIRECTION ( 'NONE',  ( 0.7071067811865474617, -0.7071067811865474617, 0.000000000000000000 ) ) ;
#8971 = FILL_AREA_STYLE_COLOUR ( '', #5065 ) ;
#8972 = COLOUR_RGB ( '',1.000000000000000000, 1.000000000000000000, 0.000000000000000000 ) ;
#8973 = CARTESIAN_POINT ( 'NONE',  ( 5.500000000000000888, -9.499999999999994671, 2.100000000000000089 ) ) ;
#8974 = UNCERTAINTY_MEASURE_WITH_UNIT (LENGTH_MEASURE( 1.000000000000000082E-05 ), #4737, 'distance_accuracy_value', 'NONE');
#8975 = DIRECTION ( 'NONE',  ( 0.000000000000000000, -1.000000000000000000, 0.000000000000000000 ) ) ;
#8976 = FILL_AREA_STYLE_COLOUR ( '', #8542 ) ;
#8977 = COLOUR_RGB ( '',1.000000000000000000, 1.000000000000000000, 0.000000000000000000 ) ;
#8978 = DIRECTION ( 'NONE',  ( -0.000000000000000000, -0.000000000000000000, 1.000000000000000000 ) ) ;
#8979 = CARTESIAN_POINT ( 'NONE',  ( -4.061980945726614500, -13.16340285578068858, 1.610000000000000098 ) ) ;
#8980 = VERTEX_POINT ( 'NONE', #5616 ) ;
#8981 =( LENGTH_UNIT ( ) NAMED_UNIT ( * ) SI_UNIT ( .MILLI., .METRE. ) );
#8982 = DIRECTION ( 'NONE',  ( -0.000000000000000000, -0.000000000000000000, 1.000000000000000000 ) ) ;
#8983 = PRESENTATION_LAYER_ASSIGNMENT (  '', '', ( #295 ) ) ;
#8984 = UNCERTAINTY_MEASURE_WITH_UNIT (LENGTH_MEASURE( 1.000000000000000082E-05 ), #9350, 'distance_accuracy_value', 'NONE');
#8985 = LINE ( 'NONE', #4230, #3701 ) ;
#8986 = EDGE_CURVE ( 'NONE', #1607, #6277, #27, .T. ) ;
#8987 = DIRECTION ( 'NONE',  ( -1.000000000000000000, 0.000000000000000000, 0.000000000000000000 ) ) ;
#8988 = AXIS2_PLACEMENT_3D ( 'NONE', #3725, #9701, #221 ) ;
#8989 = ADVANCED_FACE ( 'NONE', ( #3605 ), #4695, .T. ) ;
#8990 = DIRECTION ( 'NONE',  ( -1.000000000000000000, 0.000000000000000000, -0.000000000000000000 ) ) ;
#8991 = SURFACE_STYLE_FILL_AREA ( #4655 ) ;
#8992 = ORIENTED_EDGE ( 'NONE', *, *, #5821, .F. ) ;
#8993 = DIRECTION ( 'NONE',  ( -0.7071067811865474617, -0.7071067811865474617, 0.000000000000000000 ) ) ;
#8994 = EDGE_LOOP ( 'NONE', ( #8886, #3750, #9260, #993 ) ) ;
#8995 = LINE ( 'NONE', #7307, #7176 ) ;
#8996 = FILL_AREA_STYLE_COLOUR ( '', #10166 ) ;
#8997 =( NAMED_UNIT ( * ) PLANE_ANGLE_UNIT ( ) SI_UNIT ( $, .RADIAN. ) );
#8998 =( NAMED_UNIT ( * ) SI_UNIT ( $, .STERADIAN. ) SOLID_ANGLE_UNIT ( ) );
#8999 = DIRECTION ( 'NONE',  ( -2.710505431213761085E-17, -1.000000000000000000, -0.000000000000000000 ) ) ;
#9000 = AXIS2_PLACEMENT_3D ( 'NONE', #9820, #6215, #7958 ) ;
#9001 = AXIS2_PLACEMENT_3D ( 'NONE', #9928, #7990, #2297 ) ;
#9002 = EDGE_LOOP ( 'NONE', ( #6178, #6623, #7957, #5203 ) ) ;
#9003 = SURFACE_SIDE_STYLE ('',( #3265 ) ) ;
#9004 = EDGE_CURVE ( 'NONE', #9426, #378, #11291, .T. ) ;
#9006 = EDGE_CURVE ( 'NONE', #6111, #5546, #2449, .T. ) ;
#9005 = FILL_AREA_STYLE_COLOUR ( '', #10330 ) ;
#9007 = PLANE ( 'NONE',  #8541 ) ;
#9008 = EDGE_CURVE ( 'NONE', #10976, #10594, #10178, .T. ) ;
#9009 = FACE_OUTER_BOUND ( 'NONE', #342, .T. ) ;
#9010 = DIRECTION ( 'NONE',  ( -0.000000000000000000, -0.000000000000000000, 1.000000000000000000 ) ) ;
#9011 = AXIS2_PLACEMENT_3D ( 'NONE', #10031, #8773, #171 ) ;
#9012 = CARTESIAN_POINT ( 'NONE',  ( -3.999999999999993339, -65.00000000000000000, 1.800000000000000044 ) ) ;
#9013 = CYLINDRICAL_SURFACE ( 'NONE', #50, 1.486033755962697267 ) ;
#9014 = VERTEX_POINT ( 'NONE', #207 ) ;
#9015 = ORIENTED_EDGE ( 'NONE', *, *, #9464, .F. ) ;
#9016 = SURFACE_STYLE_FILL_AREA ( #4375 ) ;
#9017 = ORIENTED_EDGE ( 'NONE', *, *, #7480, .T. ) ;
#9018 = FACE_OUTER_BOUND ( 'NONE', #6068, .T. ) ;
#9019 = ORIENTED_EDGE ( 'NONE', *, *, #926, .F. ) ;
#9020 = EDGE_CURVE ( 'NONE', #4296, #4942, #4133, .T. ) ;
#9021 = PLANE ( 'NONE',  #6781 ) ;
#9022 = AXIS2_PLACEMENT_3D ( 'NONE', #1361, #4956, #8805 ) ;
#9023 = DIRECTION ( 'NONE',  ( -1.000000000000000000, 0.000000000000000000, -0.000000000000000000 ) ) ;
#9024 = UNCERTAINTY_MEASURE_WITH_UNIT (LENGTH_MEASURE( 1.000000000000000082E-05 ), #6994, 'distance_accuracy_value', 'NONE');
#9025 = SURFACE_STYLE_USAGE ( .BOTH. , #3595 ) ;
#9026 = ORIENTED_EDGE ( 'NONE', *, *, #5973, .T. ) ;
#9027 =( GEOMETRIC_REPRESENTATION_CONTEXT ( 3 ) GLOBAL_UNCERTAINTY_ASSIGNED_CONTEXT ( ( #8984 ) ) GLOBAL_UNIT_ASSIGNED_CONTEXT ( ( #9350, #3667, #11306 ) ) REPRESENTATION_CONTEXT ( 'NONE', 'WORKASPACE' ) );
#9028 = ORIENTED_EDGE ( 'NONE', *, *, #9986, .F. ) ;
#9029 =( LENGTH_UNIT ( ) NAMED_UNIT ( * ) SI_UNIT ( .MILLI., .METRE. ) );
#9030 = CARTESIAN_POINT ( 'NONE',  ( 2.500000000000001332, -2.499999999999992006, 2.463966244037302911 ) ) ;
#9031 = VERTEX_POINT ( 'NONE', #2996 ) ;
#9032 = EDGE_CURVE ( 'NONE', #6535, #11571, #9564, .T. ) ;
#9033 = CARTESIAN_POINT ( 'NONE',  ( -7.499999999999999112, 2.500000000000009326, 2.100000000000000089 ) ) ;
#9035 = ADVANCED_FACE ( 'NONE', ( #3957 ), #10311, .T. ) ;
#9034 = CARTESIAN_POINT ( 'NONE',  ( 1.013966244037302289, 7.500000000000007105, 2.100000000000000089 ) ) ;
#9036 = DIRECTION ( 'NONE',  ( 1.000000000000000000, 4.336808689942017736E-16, 0.000000000000000000 ) ) ;
#9037 = VECTOR ( 'NONE', #10873, 1000.000000000000000 ) ;
#9038 = AXIS2_PLACEMENT_3D ( 'NONE', #6423, #7255, #3517 ) ;
#9039 = FILL_AREA_STYLE ('',( #6289 ) ) ;
#9040 = DIRECTION ( 'NONE',  ( 1.000000000000000000, 0.000000000000000000, 0.000000000000000000 ) ) ;
#9041 =( NAMED_UNIT ( * ) SI_UNIT ( $, .STERADIAN. ) SOLID_ANGLE_UNIT ( ) );
#9042 = CARTESIAN_POINT ( 'NONE',  ( 1.013966244037304065, -2.499999999999992006, 2.100000000000000089 ) ) ;
#9043 = ORIENTED_EDGE ( 'NONE', *, *, #10273, .T. ) ;
#9044 = COLOUR_RGB ( '',1.000000000000000000, 1.000000000000000000, 0.000000000000000000 ) ;
#9045 = EDGE_CURVE ( 'NONE', #199, #9575, #8047, .T. ) ;
#9046 = FILL_AREA_STYLE_COLOUR ( '', #1286 ) ;
#9047 = CARTESIAN_POINT ( 'NONE',  ( -6.113966244037301934, 7.500000000000007994, 2.100000000000000089 ) ) ;
#9048 = SURFACE_SIDE_STYLE ('',( #1653 ) ) ;
#9049 = SURFACE_STYLE_FILL_AREA ( #4351 ) ;
#9050 = CIRCLE ( 'NONE', #2694, 1.386033755962696956 ) ;
#9051 =( NAMED_UNIT ( * ) PLANE_ANGLE_UNIT ( ) SI_UNIT ( $, .RADIAN. ) );
#9052 = MECHANICAL_DESIGN_GEOMETRIC_PRESENTATION_REPRESENTATION (  '', ( #1897 ), #11381 ) ;
#9053 = ORIENTED_EDGE ( 'NONE', *, *, #2696, .F. ) ;
#9054 = VERTEX_POINT ( 'NONE', #3048 ) ;
#9055 = DIRECTION ( 'NONE',  ( 0.000000000000000000, 0.000000000000000000, -1.000000000000000000 ) ) ;
#9056 = DIRECTION ( 'NONE',  ( 0.000000000000000000, -1.000000000000000000, 0.000000000000000000 ) ) ;
#9057 = FILL_AREA_STYLE ('',( #10027 ) ) ;
#9058 =( LENGTH_UNIT ( ) NAMED_UNIT ( * ) SI_UNIT ( .MILLI., .METRE. ) );
#9059 = ADVANCED_FACE ( 'NONE', ( #6747 ), #5468, .F. ) ;
#9060 = DIRECTION ( 'NONE',  ( 1.000000000000000000, 0.000000000000000000, 0.000000000000000000 ) ) ;
#9061 = FILL_AREA_STYLE ('',( #1663 ) ) ;
#9062 = ORIENTED_EDGE ( 'NONE', *, *, #9045, .F. ) ;
#9063 = CARTESIAN_POINT ( 'NONE',  ( 7.500000000000000000, 8.986033755962703040, 2.463966244037302911 ) ) ;
#9064 = MECHANICAL_DESIGN_GEOMETRIC_PRESENTATION_REPRESENTATION (  '', ( #3272 ), #10612 ) ;
#9065 = PRESENTATION_STYLE_ASSIGNMENT (( #5342 ) ) ;
#9066 = CIRCLE ( 'NONE', #4647, 1.386033755962696956 ) ;
#9067 = FILL_AREA_STYLE ('',( #6486 ) ) ;
#9068 = AXIS2_PLACEMENT_3D ( 'NONE', #3918, #4950, #5702 ) ;
#9069 = STYLED_ITEM ( 'NONE', ( #546 ), #3561 ) ;
#9070 = PRESENTATION_STYLE_ASSIGNMENT (( #5402 ) ) ;
#9071 =( NAMED_UNIT ( * ) PLANE_ANGLE_UNIT ( ) SI_UNIT ( $, .RADIAN. ) );
#9072 = ORIENTED_EDGE ( 'NONE', *, *, #11619, .F. ) ;
#9073 = ORIENTED_EDGE ( 'NONE', *, *, #8308, .F. ) ;
#9074 = EDGE_CURVE ( 'NONE', #11129, #875, #10426, .T. ) ;
#9075 = STYLED_ITEM ( 'NONE', ( #4638 ), #5657 ) ;
#9076 = ORIENTED_EDGE ( 'NONE', *, *, #4517, .F. ) ;
#9077 = COLOUR_RGB ( '',1.000000000000000000, 1.000000000000000000, 0.000000000000000000 ) ;
#9078 = CARTESIAN_POINT ( 'NONE',  ( -1.013966244037300513, -2.499999999999991118, 2.100000000000000089 ) ) ;
#9079 = ORIENTED_EDGE ( 'NONE', *, *, #5534, .T. ) ;
#9080 = CARTESIAN_POINT ( 'NONE',  ( 3.937863672424927852, 13.44012937056731083, 1.610000000000000098 ) ) ;
#9081 = VECTOR ( 'NONE', #5578, 1000.000000000000000 ) ;
#9082 = CARTESIAN_POINT ( 'NONE',  ( 2.500000000000000444, 1.113966244037310371, 2.463966244037302911 ) ) ;
#9083 = ORIENTED_EDGE ( 'NONE', *, *, #6475, .F. ) ;
#9084 = PRESENTATION_STYLE_ASSIGNMENT (( #10918 ) ) ;
#9085 = DIRECTION ( 'NONE',  ( 1.000000000000000000, -1.224646799147353207E-16, 0.000000000000000000 ) ) ;
#9086 = VECTOR ( 'NONE', #5486, 1000.000000000000000 ) ;
#9087 = COLOUR_RGB ( '',1.000000000000000000, 1.000000000000000000, 0.000000000000000000 ) ;
#9088 = FACE_BOUND ( 'NONE', #5310, .T. ) ;
#9089 = SURFACE_STYLE_USAGE ( .BOTH. , #6386 ) ;
#9090 = AXIS2_PLACEMENT_3D ( 'NONE', #1288, #11583, #5972 ) ;
#9091 =( GEOMETRIC_REPRESENTATION_CONTEXT ( 3 ) GLOBAL_UNCERTAINTY_ASSIGNED_CONTEXT ( ( #9828 ) ) GLOBAL_UNIT_ASSIGNED_CONTEXT ( ( #4503, #9330, #9266 ) ) REPRESENTATION_CONTEXT ( 'NONE', 'WORKASPACE' ) );
#9092 = EDGE_CURVE ( 'NONE', #938, #2050, #4189, .T. ) ;
#9093 = ORIENTED_EDGE ( 'NONE', *, *, #11936, .F. ) ;
#9094 = ORIENTED_EDGE ( 'NONE', *, *, #4391, .F. ) ;
#9095 = SURFACE_STYLE_FILL_AREA ( #11952 ) ;
#9096 = COLOUR_RGB ( '',0.5019607843137254832, 0.5019607843137254832, 0.5019607843137254832 ) ;
#9097 = CARTESIAN_POINT ( 'NONE',  ( -7.499999999999997335, -7.499999999999990230, 2.463966244037302911 ) ) ;
#9098 = SURFACE_SIDE_STYLE ('',( #10869 ) ) ;
#9099 = ORIENTED_EDGE ( 'NONE', *, *, #8567, .T. ) ;
#9100 = SURFACE_STYLE_FILL_AREA ( #1696 ) ;
#9101 = DIRECTION ( 'NONE',  ( -4.336808689942016750E-16, 1.000000000000000000, 0.000000000000000000 ) ) ;
#9102 = CIRCLE ( 'NONE', #4281, 1.386033755962696956 ) ;
#9103 = DIRECTION ( 'NONE',  ( 1.000000000000000000, 0.000000000000000000, 0.000000000000000000 ) ) ;
#9104 = AXIS2_PLACEMENT_3D ( 'NONE', #4555, #4424, #7261 ) ;
#9105 = DIRECTION ( 'NONE',  ( 1.000000000000000000, 0.000000000000000000, 0.000000000000000000 ) ) ;
#9106 = STYLED_ITEM ( 'NONE', ( #5329 ), #6446 ) ;
#9107 = EDGE_CURVE ( 'NONE', #3708, #5153, #557, .T. ) ;
#9108 =( NAMED_UNIT ( * ) SI_UNIT ( $, .STERADIAN. ) SOLID_ANGLE_UNIT ( ) );
#9109 = COLOUR_RGB ( '',1.000000000000000000, 1.000000000000000000, 0.000000000000000000 ) ;
#9110 = EDGE_CURVE ( 'NONE', #378, #8114, #9397, .T. ) ;
#9111 = DIRECTION ( 'NONE',  ( -0.000000000000000000, -0.000000000000000000, 1.000000000000000000 ) ) ;
#9112 = DIRECTION ( 'NONE',  ( -1.000000000000000000, 0.000000000000000000, 0.000000000000000000 ) ) ;
#9113 =( NAMED_UNIT ( * ) SI_UNIT ( $, .STERADIAN. ) SOLID_ANGLE_UNIT ( ) );
#9114 = LINE ( 'NONE', #11245, #11190 ) ;
#9115 =( NAMED_UNIT ( * ) PLANE_ANGLE_UNIT ( ) SI_UNIT ( $, .RADIAN. ) );
#9116 = ORIENTED_EDGE ( 'NONE', *, *, #1135, .F. ) ;
#9117 = AXIS2_PLACEMENT_3D ( 'NONE', #453, #10617, #5126 ) ;
#9118 = AXIS2_PLACEMENT_3D ( 'NONE', #2038, #1973, #5758 ) ;
#9119 = UNCERTAINTY_MEASURE_WITH_UNIT (LENGTH_MEASURE( 1.000000000000000082E-05 ), #10431, 'distance_accuracy_value', 'NONE');
#9120 = DIRECTION ( 'NONE',  ( 1.000000000000000000, 0.000000000000000000, 0.000000000000000000 ) ) ;
#9121 = FILL_AREA_STYLE_COLOUR ( '', #1394 ) ;
#9122 =( LENGTH_UNIT ( ) NAMED_UNIT ( * ) SI_UNIT ( .MILLI., .METRE. ) );
#9123 = AXIS2_PLACEMENT_3D ( 'NONE', #753, #4451, #11897 ) ;
#9124 = VECTOR ( 'NONE', #11658, 1000.000000000000000 ) ;
#9125 = EDGE_LOOP ( 'NONE', ( #10768, #11824, #8421, #5696 ) ) ;
#9126 = CARTESIAN_POINT ( 'NONE',  ( -4.500000000000001776, 5.499999999999991118, 2.100000000000000089 ) ) ;
#9127 = EDGE_LOOP ( 'NONE', ( #845, #3343, #8268, #8178 ) ) ;
#9128 = SURFACE_SIDE_STYLE ('',( #10028 ) ) ;
#9129 =( NAMED_UNIT ( * ) SI_UNIT ( $, .STERADIAN. ) SOLID_ANGLE_UNIT ( ) );
#9130 = SURFACE_STYLE_USAGE ( .BOTH. , #8411 ) ;
#9131 = ORIENTED_EDGE ( 'NONE', *, *, #7741, .T. ) ;
#9132 = DIRECTION ( 'NONE',  ( -0.000000000000000000, -0.000000000000000000, 1.000000000000000000 ) ) ;
#9133 =( LENGTH_UNIT ( ) NAMED_UNIT ( * ) SI_UNIT ( .MILLI., .METRE. ) );
#9134 =( GEOMETRIC_REPRESENTATION_CONTEXT ( 3 ) GLOBAL_UNCERTAINTY_ASSIGNED_CONTEXT ( ( #4584 ) ) GLOBAL_UNIT_ASSIGNED_CONTEXT ( ( #11265, #11081, #5656 ) ) REPRESENTATION_CONTEXT ( 'NONE', 'WORKASPACE' ) );
#9135 = MECHANICAL_DESIGN_GEOMETRIC_PRESENTATION_REPRESENTATION (  '', ( #3916 ), #10491 ) ;
#9136 = SURFACE_STYLE_FILL_AREA ( #1611 ) ;
#9137 =( GEOMETRIC_REPRESENTATION_CONTEXT ( 3 ) GLOBAL_UNCERTAINTY_ASSIGNED_CONTEXT ( ( #2856 ) ) GLOBAL_UNIT_ASSIGNED_CONTEXT ( ( #1878, #4759, #144 ) ) REPRESENTATION_CONTEXT ( 'NONE', 'WORKASPACE' ) );
#9138 = EDGE_CURVE ( 'NONE', #264, #2122, #5110, .T. ) ;
#9139 = CARTESIAN_POINT ( 'NONE',  ( 4.061997016446337483, 13.19202392198103801, 1.610000000000000098 ) ) ;
#9140 = SURFACE_STYLE_USAGE ( .BOTH. , #7319 ) ;
#9141 = ORIENTED_EDGE ( 'NONE', *, *, #8081, .F. ) ;
#9142 = ORIENTED_EDGE ( 'NONE', *, *, #11948, .F. ) ;
#9143 =( GEOMETRIC_REPRESENTATION_CONTEXT ( 3 ) GLOBAL_UNCERTAINTY_ASSIGNED_CONTEXT ( ( #7090 ) ) GLOBAL_UNIT_ASSIGNED_CONTEXT ( ( #2008, #1323, #7691 ) ) REPRESENTATION_CONTEXT ( 'NONE', 'WORKASPACE' ) );
#9144 = ORIENTED_EDGE ( 'NONE', *, *, #150, .F. ) ;
#9145 = DIRECTION ( 'NONE',  ( -4.336808689942016750E-16, 1.000000000000000000, 0.000000000000000000 ) ) ;
#9146 = VERTEX_POINT ( 'NONE', #7312 ) ;
#9147 = VERTEX_POINT ( 'NONE', #9191 ) ;
#9148 =( NAMED_UNIT ( * ) PLANE_ANGLE_UNIT ( ) SI_UNIT ( $, .RADIAN. ) );
#9149 = PRESENTATION_STYLE_ASSIGNMENT (( #11150 ) ) ;
#9150 = UNCERTAINTY_MEASURE_WITH_UNIT (LENGTH_MEASURE( 1.000000000000000082E-05 ), #11076, 'distance_accuracy_value', 'NONE');
#9151 = FACE_BOUND ( 'NONE', #4909, .T. ) ;
#9152 = COLOUR_RGB ( '',0.5019607843137254832, 0.5019607843137254832, 0.5019607843137254832 ) ;
#9153 = SURFACE_STYLE_USAGE ( .BOTH. , #1937 ) ;
#9154 = VERTEX_POINT ( 'NONE', #3344 ) ;
#9155 = ORIENTED_EDGE ( 'NONE', *, *, #11684, .T. ) ;
#9156 = SURFACE_SIDE_STYLE ('',( #5366 ) ) ;
#9158 = LINE ( 'NONE', #877, #7210 ) ;
#9157 = UNCERTAINTY_MEASURE_WITH_UNIT (LENGTH_MEASURE( 1.000000000000000082E-05 ), #5043, 'distance_accuracy_value', 'NONE');
#9159 = STYLED_ITEM ( 'NONE', ( #10121 ), #7716 ) ;
#9160 = LINE ( 'NONE', #4271, #4053 ) ;
#9161 = FACE_OUTER_BOUND ( 'NONE', #6527, .T. ) ;
#9162 = VERTEX_POINT ( 'NONE', #9063 ) ;
#9163 = DIRECTION ( 'NONE',  ( -1.000000000000000000, -0.000000000000000000, -0.000000000000000000 ) ) ;
#9164 = FILL_AREA_STYLE ('',( #2069 ) ) ;
#9165 = CARTESIAN_POINT ( 'NONE',  ( -2.499999999999999556, 7.500000000000007994, 2.463966244037302911 ) ) ;
#9166 = ORIENTED_CLOSED_SHELL ( 'NONE', *, #8250, .F. );
#9167 = STYLED_ITEM ( 'NONE', ( #7549 ), #2664 ) ;
#9168 = LINE ( 'NONE', #2755, #1013 ) ;
#9169 = ADVANCED_FACE ( 'NONE', ( #2379 ), #6366, .T. ) ;
#9170 = FILL_AREA_STYLE ('',( #884 ) ) ;
#9171 =( GEOMETRIC_REPRESENTATION_CONTEXT ( 3 ) GLOBAL_UNCERTAINTY_ASSIGNED_CONTEXT ( ( #5516 ) ) GLOBAL_UNIT_ASSIGNED_CONTEXT ( ( #2113, #10413, #9492 ) ) REPRESENTATION_CONTEXT ( 'NONE', 'WORKASPACE' ) );
#9172 = AXIS2_PLACEMENT_3D ( 'NONE', #2001, #9085, #809 ) ;
#9173 =( NAMED_UNIT ( * ) PLANE_ANGLE_UNIT ( ) SI_UNIT ( $, .RADIAN. ) );
#9174 = VECTOR ( 'NONE', #10428, 1000.000000000000000 ) ;
#9175 = DIRECTION ( 'NONE',  ( -0.000000000000000000, -0.000000000000000000, -1.000000000000000000 ) ) ;
#9176 =( NAMED_UNIT ( * ) PLANE_ANGLE_UNIT ( ) SI_UNIT ( $, .RADIAN. ) );
#9177 = SURFACE_STYLE_USAGE ( .BOTH. , #2765 ) ;
#9178 = ORIENTED_EDGE ( 'NONE', *, *, #7546, .T. ) ;
#9179 = CARTESIAN_POINT ( 'NONE',  ( -7.499999999999997335, -7.499999999999990230, 2.100000000000000089 ) ) ;
#9180 = EDGE_CURVE ( 'NONE', #7345, #9914, #2308, .T. ) ;
#9181 =( NAMED_UNIT ( * ) SI_UNIT ( $, .STERADIAN. ) SOLID_ANGLE_UNIT ( ) );
#9182 = FACE_OUTER_BOUND ( 'NONE', #1677, .T. ) ;
#9183 = DIRECTION ( 'NONE',  ( -0.000000000000000000, -0.000000000000000000, 1.000000000000000000 ) ) ;
#9184 = ORIENTED_EDGE ( 'NONE', *, *, #6519, .T. ) ;
#9185 = ORIENTED_EDGE ( 'NONE', *, *, #6025, .F. ) ;
#9186 = CARTESIAN_POINT ( 'NONE',  ( -4.500000000000000888, 0.4999999999999961142, 2.100000000000000089 ) ) ;
#9187 = VECTOR ( 'NONE', #1273, 1000.000000000000114 ) ;
#9188 =( NAMED_UNIT ( * ) SI_UNIT ( $, .STERADIAN. ) SOLID_ANGLE_UNIT ( ) );
#9189 = DIRECTION ( 'NONE',  ( 0.000000000000000000, 1.000000000000000000, 0.000000000000000000 ) ) ;
#9190 = VERTEX_POINT ( 'NONE', #9243 ) ;
#9191 = CARTESIAN_POINT ( 'NONE',  ( -0.4999999999999996669, 0.4999999999999978351, 2.100000000000000089 ) ) ;
#9192 = EDGE_CURVE ( 'NONE', #132, #2684, #10282, .T. ) ;
#9193 = MECHANICAL_DESIGN_GEOMETRIC_PRESENTATION_REPRESENTATION (  '', ( #5552 ), #3200 ) ;
#9194 = SURFACE_STYLE_USAGE ( .BOTH. , #1915 ) ;
#9195 = EDGE_CURVE ( 'NONE', #2050, #938, #4585, .T. ) ;
#9196 = LINE ( 'NONE', #2846, #1741 ) ;
#9197 = EDGE_LOOP ( 'NONE', ( #1638, #8689, #11754, #3682 ) ) ;
#9198 = EDGE_LOOP ( 'NONE', ( #4791, #4143, #7569, #9079, #1424 ) ) ;
#9199 = VECTOR ( 'NONE', #10250, 1000.000000000000000 ) ;
#9200 = EDGE_LOOP ( 'NONE', ( #1623, #11071, #5513, #6304 ) ) ;
#9201 = ORIENTED_EDGE ( 'NONE', *, *, #6943, .F. ) ;
#9202 = LINE ( 'NONE', #10974, #1287 ) ;
#9203 = EDGE_LOOP ( 'NONE', ( #8120, #11717, #6092, #6978 ) ) ;
#9204 = CARTESIAN_POINT ( 'NONE',  ( 7.500000000000001776, -2.499999999999992895, 2.463966244037302911 ) ) ;
#9205 = ADVANCED_FACE ( 'NONE', ( #7550 ), #3804, .F. ) ;
#9206 = CARTESIAN_POINT ( 'NONE',  ( -5.500000000000000000, 0.4999999999999978351, 2.100000000000000089 ) ) ;
#9207 = PRESENTATION_LAYER_ASSIGNMENT (  '', '', ( #504 ) ) ;
#9208 = FACE_BOUND ( 'NONE', #5173, .T. ) ;
#9209 = EDGE_LOOP ( 'NONE', ( #9883, #8179, #1327, #6594, #6100 ) ) ;
#9210 = ORIENTED_EDGE ( 'NONE', *, *, #10214, .F. ) ;
#9211 = CIRCLE ( 'NONE', #5576, 0.3220000000000002305 ) ;
#9212 = CARTESIAN_POINT ( 'NONE',  ( -9.749999999999989342, -11.35000000000000142, 1.600000000000000089 ) ) ;
#9213 = SURFACE_SIDE_STYLE ('',( #10248 ) ) ;
#9214 = EDGE_LOOP ( 'NONE', ( #2110, #11189, #3032, #2198 ) ) ;
#9215 = CARTESIAN_POINT ( 'NONE',  ( -3.999999999999993339, -60.00000000000000711, 2.000000000000000000 ) ) ;
#9216 = SURFACE_STYLE_FILL_AREA ( #9164 ) ;
#9217 = LINE ( 'NONE', #7524, #11116 ) ;
#9218 = DIRECTION ( 'NONE',  ( 1.000000000000000000, 0.000000000000000000, 0.000000000000000000 ) ) ;
#9219 = CARTESIAN_POINT ( 'NONE',  ( 3.986033755962697711, 2.500000000000007550, 2.463966244037302911 ) ) ;
#9220 = VECTOR ( 'NONE', #3938, 1000.000000000000000 ) ;
#9221 =( NAMED_UNIT ( * ) PLANE_ANGLE_UNIT ( ) SI_UNIT ( $, .RADIAN. ) );
#9222 =( NAMED_UNIT ( * ) SI_UNIT ( $, .STERADIAN. ) SOLID_ANGLE_UNIT ( ) );
#9224 = EDGE_CURVE ( 'NONE', #1710, #9146, #4001, .T. ) ;
#9223 = FACE_OUTER_BOUND ( 'NONE', #999, .T. ) ;
#9225 = FILL_AREA_STYLE_COLOUR ( '', #11451 ) ;
#9226 = EDGE_LOOP ( 'NONE', ( #6869, #3104, #4480, #1400 ) ) ;
#9227 = PRESENTATION_LAYER_ASSIGNMENT (  '', '', ( #11950 ) ) ;
#9228 = CARTESIAN_POINT ( 'NONE',  ( -0.2999999999999986011, 12.00000000000000355, 0.000000000000000000 ) ) ;
#9229 = MECHANICAL_DESIGN_GEOMETRIC_PRESENTATION_REPRESENTATION (  '', ( #1113 ), #3436 ) ;
#9230 = DIRECTION ( 'NONE',  ( -1.000000000000000000, 0.000000000000000000, 0.000000000000000000 ) ) ;
#9231 = CARTESIAN_POINT ( 'NONE',  ( -3.999999999999993339, -60.00000000000000711, 1.599999999999999645 ) ) ;
#9232 = AXIS2_PLACEMENT_3D ( 'NONE', #1501, #4319, #11705 ) ;
#9233 = EDGE_CURVE ( 'NONE', #7368, #166, #9789, .T. ) ;
#9234 = DIRECTION ( 'NONE',  ( 0.000000000000000000, -1.000000000000000000, 0.000000000000000000 ) ) ;
#9235 = VERTEX_POINT ( 'NONE', #1979 ) ;
#9236 = CIRCLE ( 'NONE', #1487, 1.386033755962696956 ) ;
#9237 =( NAMED_UNIT ( * ) PLANE_ANGLE_UNIT ( ) SI_UNIT ( $, .RADIAN. ) );
#9238 = SURFACE_STYLE_FILL_AREA ( #4832 ) ;
#9239 = PRESENTATION_STYLE_ASSIGNMENT (( #720 ) ) ;
#9240 =( NAMED_UNIT ( * ) PLANE_ANGLE_UNIT ( ) SI_UNIT ( $, .RADIAN. ) );
#9241 = LINE ( 'NONE', #10158, #8401 ) ;
#9242 = ORIENTED_EDGE ( 'NONE', *, *, #7492, .T. ) ;
#9243 = CARTESIAN_POINT ( 'NONE',  ( 0.5000000000000009992, 0.4999999999999970024, 2.100000000000000089 ) ) ;
#9244 = CYLINDRICAL_SURFACE ( 'NONE', #995, 1.600000000000002531 ) ;
#9245 = SURFACE_STYLE_FILL_AREA ( #10219 ) ;
#9246 = CARTESIAN_POINT ( 'NONE',  ( -8.886033755962696290, 7.500000000000007994, 2.463966244037302911 ) ) ;
#9247 = CIRCLE ( 'NONE', #7701, 1.486033755962697267 ) ;
#9249 =( GEOMETRIC_REPRESENTATION_CONTEXT ( 3 ) GLOBAL_UNCERTAINTY_ASSIGNED_CONTEXT ( ( #8647 ) ) GLOBAL_UNIT_ASSIGNED_CONTEXT ( ( #7154, #4507, #11886 ) ) REPRESENTATION_CONTEXT ( 'NONE', 'WORKASPACE' ) );
#9248 = CYLINDRICAL_SURFACE ( 'NONE', #4830, 1.386033755962696956 ) ;
#9250 = SURFACE_STYLE_USAGE ( .BOTH. , #11026 ) ;
#9251 = EDGE_CURVE ( 'NONE', #3604, #2214, #2650, .T. ) ;
#9252 = ORIENTED_EDGE ( 'NONE', *, *, #11551, .T. ) ;
#9253 = CARTESIAN_POINT ( 'NONE',  ( -2.499999999999997780, -7.499999999999991118, 2.463966244037302911 ) ) ;
#9254 = VERTEX_POINT ( 'NONE', #4729 ) ;
#9255 = ORIENTED_EDGE ( 'NONE', *, *, #11584, .T. ) ;
#9256 = EDGE_CURVE ( 'NONE', #10349, #2686, #7433, .T. ) ;
#9257 = ORIENTED_EDGE ( 'NONE', *, *, #9379, .F. ) ;
#9258 = LINE ( 'NONE', #10229, #1817 ) ;
#9259 = COLOUR_RGB ( '',0.7529411764705882248, 0.7529411764705882248, 0.7529411764705882248 ) ;
#9260 = ORIENTED_EDGE ( 'NONE', *, *, #1122, .T. ) ;
#9261 = CARTESIAN_POINT ( 'NONE',  ( -6.113966244037300157, -2.499999999999990230, 2.100000000000000089 ) ) ;
#9262 = DIRECTION ( 'NONE',  ( 0.000000000000000000, 0.000000000000000000, -1.000000000000000000 ) ) ;
#9263 = UNCERTAINTY_MEASURE_WITH_UNIT (LENGTH_MEASURE( 1.000000000000000082E-05 ), #10113, 'distance_accuracy_value', 'NONE');
#9264 = FACE_BOUND ( 'NONE', #8531, .T. ) ;
#9265 = AXIS2_PLACEMENT_3D ( 'NONE', #2571, #7281, #10065 ) ;
#9266 =( NAMED_UNIT ( * ) SI_UNIT ( $, .STERADIAN. ) SOLID_ANGLE_UNIT ( ) );
#9267 = COLOUR_RGB ( '',0.5019607843137254832, 0.5019607843137254832, 0.5019607843137254832 ) ;
#9268 = AXIS2_PLACEMENT_3D ( 'NONE', #11724, #7107, #10811 ) ;
#9269 = VERTEX_POINT ( 'NONE', #8413 ) ;
#9270 =( GEOMETRIC_REPRESENTATION_CONTEXT ( 3 ) GLOBAL_UNCERTAINTY_ASSIGNED_CONTEXT ( ( #3184 ) ) GLOBAL_UNIT_ASSIGNED_CONTEXT ( ( #6120, #10639, #8811 ) ) REPRESENTATION_CONTEXT ( 'NONE', 'WORKASPACE' ) );
#9271 = VERTEX_POINT ( 'NONE', #10338 ) ;
#9273 = CARTESIAN_POINT ( 'NONE',  ( -2.499999999999997780, -7.499999999999991118, 2.463966244037302911 ) ) ;
#9272 = UNCERTAINTY_MEASURE_WITH_UNIT (LENGTH_MEASURE( 1.000000000000000082E-05 ), #6350, 'distance_accuracy_value', 'NONE');
#9274 = DIRECTION ( 'NONE',  ( 0.000000000000000000, -1.000000000000000000, 0.000000000000000000 ) ) ;
#9275 = CARTESIAN_POINT ( 'NONE',  ( -7.499999999999999112, 6.113966244037311704, 2.463966244037302911 ) ) ;
#9276 = ORIENTED_EDGE ( 'NONE', *, *, #1350, .T. ) ;
#9277 = CARTESIAN_POINT ( 'NONE',  ( 0.5000000000000009992, 4.499999999999996447, 1.600000000000000089 ) ) ;
#9278 =( NAMED_UNIT ( * ) PLANE_ANGLE_UNIT ( ) SI_UNIT ( $, .RADIAN. ) );
#9279 =( NAMED_UNIT ( * ) PLANE_ANGLE_UNIT ( ) SI_UNIT ( $, .RADIAN. ) );
#9280 = MECHANICAL_DESIGN_GEOMETRIC_PRESENTATION_REPRESENTATION (  '', ( #10252 ), #4062 ) ;
#9281 = SURFACE_STYLE_USAGE ( .BOTH. , #1761 ) ;
#9282 =( LENGTH_UNIT ( ) NAMED_UNIT ( * ) SI_UNIT ( .MILLI., .METRE. ) );
#9283 = DIRECTION ( 'NONE',  ( -0.000000000000000000, -0.000000000000000000, 1.000000000000000000 ) ) ;
#9284 = FACE_OUTER_BOUND ( 'NONE', #2574, .T. ) ;
#9285 = AXIS2_PLACEMENT_3D ( 'NONE', #1867, #11037, #190 ) ;
#9286 = SURFACE_SIDE_STYLE ('',( #7593 ) ) ;
#9287 = PLANE ( 'NONE',  #8365 ) ;
#9288 = AXIS2_PLACEMENT_3D ( 'NONE', #38, #6521, #3721 ) ;
#9289 = DIRECTION ( 'NONE',  ( 5.421010862427526484E-17, 1.000000000000000000, 0.000000000000000000 ) ) ;
#9290 = CARTESIAN_POINT ( 'NONE',  ( -7.499999999999997335, -3.886033755962686964, 2.463966244037302911 ) ) ;
#9291 = ORIENTED_EDGE ( 'NONE', *, *, #6945, .T. ) ;
#9292 =( GEOMETRIC_REPRESENTATION_CONTEXT ( 3 ) GLOBAL_UNCERTAINTY_ASSIGNED_CONTEXT ( ( #3066 ) ) GLOBAL_UNIT_ASSIGNED_CONTEXT ( ( #179, #9418, #11321 ) ) REPRESENTATION_CONTEXT ( 'NONE', 'WORKASPACE' ) );
#9293 = CARTESIAN_POINT ( 'NONE',  ( 7.500000000000001776, -2.499999999999992895, 2.100000000000000089 ) ) ;
#9294 = AXIS2_PLACEMENT_3D ( 'NONE', #59, #7489, #3684 ) ;
#9295 = PRESENTATION_LAYER_ASSIGNMENT (  '', '', ( #7747 ) ) ;
#9296 =( NAMED_UNIT ( * ) SI_UNIT ( $, .STERADIAN. ) SOLID_ANGLE_UNIT ( ) );
#9297 = PRESENTATION_LAYER_ASSIGNMENT (  '', '', ( #11055 ) ) ;
#9298 = LINE ( 'NONE', #9409, #2120 ) ;
#9299 = ORIENTED_EDGE ( 'NONE', *, *, #9735, .F. ) ;
#9300 = AXIS2_PLACEMENT_3D ( 'NONE', #11595, #709, #3502 ) ;
#9301 = AXIS2_PLACEMENT_3D ( 'NONE', #11799, #4356, #659 ) ;
#9302 = PLANE ( 'NONE',  #7113 ) ;
#9303 = DIRECTION ( 'NONE',  ( 1.000000000000000000, 0.000000000000000000, 0.000000000000000000 ) ) ;
#9304 = SURFACE_STYLE_USAGE ( .BOTH. , #8518 ) ;
#9305 = CARTESIAN_POINT ( 'NONE',  ( -3.747643109862235811, -15.00000000000000000, 1.600000000000000089 ) ) ;
#9306 = DIRECTION ( 'NONE',  ( 1.000000000000000000, 0.000000000000000000, 0.000000000000000000 ) ) ;
#9307 = VERTEX_POINT ( 'NONE', #9475 ) ;
#9308 = CARTESIAN_POINT ( 'NONE',  ( -2.499999999999997780, -2.499999999999991118, 2.100000000000000089 ) ) ;
#9309 = PRESENTATION_STYLE_ASSIGNMENT (( #2842 ) ) ;
#9310 = STYLED_ITEM ( 'NONE', ( #547 ), #360 ) ;
#9311 = DIRECTION ( 'NONE',  ( 1.000000000000000000, 0.000000000000000000, 0.000000000000000000 ) ) ;
#9312 = ADVANCED_FACE ( 'NONE', ( #6483 ), #120, .F. ) ;
#9313 = SURFACE_SIDE_STYLE ('',( #11024 ) ) ;
#9314 = MECHANICAL_DESIGN_GEOMETRIC_PRESENTATION_REPRESENTATION (  '', ( #6432 ), #2152 ) ;
#9315 = SURFACE_SIDE_STYLE ('',( #3024 ) ) ;
#9316 = ADVANCED_FACE ( 'NONE', ( #5927 ), #4103, .F. ) ;
#9317 = SURFACE_STYLE_USAGE ( .BOTH. , #11422 ) ;
#9318 = PLANE ( 'NONE',  #3317 ) ;
#9319 = ORIENTED_EDGE ( 'NONE', *, *, #990, .T. ) ;
#9320 = ORIENTED_EDGE ( 'NONE', *, *, #11482, .T. ) ;
#9321 = ORIENTED_EDGE ( 'NONE', *, *, #987, .F. ) ;
#9322 = CARTESIAN_POINT ( 'NONE',  ( -4.500000000000000000, -4.499999999999999112, 2.100000000000000089 ) ) ;
#9323 = EDGE_LOOP ( 'NONE', ( #4206, #258, #4427, #10425 ) ) ;
#9324 = PLANE ( 'NONE',  #1063 ) ;
#9325 = STYLED_ITEM ( 'NONE', ( #42 ), #1058 ) ;
#9326 = ORIENTED_EDGE ( 'NONE', *, *, #11727, .T. ) ;
#9327 = DIRECTION ( 'NONE',  ( 0.000000000000000000, 0.000000000000000000, -1.000000000000000000 ) ) ;
#9328 = EDGE_CURVE ( 'NONE', #6315, #10594, #2058, .T. ) ;
#9329 = CARTESIAN_POINT ( 'NONE',  ( 7.500000000000002665, -7.499999999999992895, 2.463966244037302911 ) ) ;
#9330 =( NAMED_UNIT ( * ) PLANE_ANGLE_UNIT ( ) SI_UNIT ( $, .RADIAN. ) );
#9331 = COLOUR_RGB ( '',0.7529411764705882248, 0.7529411764705882248, 0.7529411764705882248 ) ;
#9332 = EDGE_LOOP ( 'NONE', ( #9454, #7129, #5223, #6267 ) ) ;
#9333 = ORIENTED_EDGE ( 'NONE', *, *, #7934, .F. ) ;
#9334 = DIRECTION ( 'NONE',  ( 0.000000000000000000, 0.000000000000000000, -1.000000000000000000 ) ) ;
#9335 = CARTESIAN_POINT ( 'NONE',  ( -6.113966244037301934, 7.500000000000007994, 2.463966244037302911 ) ) ;
#9336 = ORIENTED_EDGE ( 'NONE', *, *, #1812, .T. ) ;
#9337 = DIRECTION ( 'NONE',  ( 1.000000000000000000, 4.336808689942015764E-16, 0.000000000000000000 ) ) ;
#9338 =( NAMED_UNIT ( * ) SI_UNIT ( $, .STERADIAN. ) SOLID_ANGLE_UNIT ( ) );
#9339 =( NAMED_UNIT ( * ) SI_UNIT ( $, .STERADIAN. ) SOLID_ANGLE_UNIT ( ) );
#9340 =( GEOMETRIC_REPRESENTATION_CONTEXT ( 3 ) GLOBAL_UNCERTAINTY_ASSIGNED_CONTEXT ( ( #10245 ) ) GLOBAL_UNIT_ASSIGNED_CONTEXT ( ( #2965, #9578, #1707 ) ) REPRESENTATION_CONTEXT ( 'NONE', 'WORKASPACE' ) );
#9341 = PRESENTATION_STYLE_ASSIGNMENT (( #9281 ) ) ;
#9342 = EDGE_CURVE ( 'NONE', #3831, #1449, #2157, .T. ) ;
#9343 = EDGE_CURVE ( 'NONE', #6864, #10850, #6142, .T. ) ;
#9344 =( NAMED_UNIT ( * ) PLANE_ANGLE_UNIT ( ) SI_UNIT ( $, .RADIAN. ) );
#9345 = VECTOR ( 'NONE', #11883, 1000.000000000000000 ) ;
#9346 = CARTESIAN_POINT ( 'NONE',  ( 11.34999999999999254, -11.35000000000000142, 1.600000000000000089 ) ) ;
#9347 = SURFACE_STYLE_USAGE ( .BOTH. , #10261 ) ;
#9348 = FACE_OUTER_BOUND ( 'NONE', #10030, .T. ) ;
#9349 = VERTEX_POINT ( 'NONE', #1300 ) ;
#9350 =( LENGTH_UNIT ( ) NAMED_UNIT ( * ) SI_UNIT ( .MILLI., .METRE. ) );
#9351 = CARTESIAN_POINT ( 'NONE',  ( -3.999999999999993339, -11.99999999999999822, 1.800000000000000044 ) ) ;
#9352 = ADVANCED_FACE ( 'NONE', ( #523 ), #10632, .F. ) ;
#9353 = MECHANICAL_DESIGN_GEOMETRIC_PRESENTATION_REPRESENTATION (  '', ( #11880 ), #7031 ) ;
#9354 = DIRECTION ( 'NONE',  ( -0.000000000000000000, -0.000000000000000000, 1.000000000000000000 ) ) ;
#9355 = SURFACE_STYLE_FILL_AREA ( #2834 ) ;
#9356 = DIRECTION ( 'NONE',  ( -0.000000000000000000, -0.000000000000000000, 1.000000000000000000 ) ) ;
#9357 = ORIENTED_EDGE ( 'NONE', *, *, #11562, .T. ) ;
#9358 = PRESENTATION_STYLE_ASSIGNMENT (( #6713 ) ) ;
#9359 =( GEOMETRIC_REPRESENTATION_CONTEXT ( 3 ) GLOBAL_UNCERTAINTY_ASSIGNED_CONTEXT ( ( #525 ) ) GLOBAL_UNIT_ASSIGNED_CONTEXT ( ( #8694, #6063, #7803 ) ) REPRESENTATION_CONTEXT ( 'NONE', 'WORKASPACE' ) );
#9360 =( NAMED_UNIT ( * ) SI_UNIT ( $, .STERADIAN. ) SOLID_ANGLE_UNIT ( ) );
#9361 = SURFACE_STYLE_USAGE ( .BOTH. , #5871 ) ;
#9362 = DIRECTION ( 'NONE',  ( -0.000000000000000000, -0.000000000000000000, 1.000000000000000000 ) ) ;
#9363 = AXIS2_PLACEMENT_3D ( 'NONE', #7461, #4639, #9688 ) ;
#9364 = EDGE_CURVE ( 'NONE', #69, #1075, #5373, .T. ) ;
#9365 = DIRECTION ( 'NONE',  ( 0.000000000000000000, 1.000000000000000000, 0.000000000000000000 ) ) ;
#9366 = MECHANICAL_DESIGN_GEOMETRIC_PRESENTATION_REPRESENTATION (  '', ( #3777 ), #2036 ) ;
#9367 = DIRECTION ( 'NONE',  ( 1.000000000000000000, 0.000000000000000000, 0.000000000000000000 ) ) ;
#9368 = SURFACE_SIDE_STYLE ('',( #2103 ) ) ;
#9369 =( GEOMETRIC_REPRESENTATION_CONTEXT ( 3 ) GLOBAL_UNCERTAINTY_ASSIGNED_CONTEXT ( ( #10690 ) ) GLOBAL_UNIT_ASSIGNED_CONTEXT ( ( #35, #8390, #440 ) ) REPRESENTATION_CONTEXT ( 'NONE', 'WORKASPACE' ) );
#9370 = DIRECTION ( 'NONE',  ( 0.000000000000000000, 1.000000000000000000, 0.000000000000000000 ) ) ;
#9371 = ORIENTED_EDGE ( 'NONE', *, *, #9402, .F. ) ;
#9372 = SURFACE_STYLE_USAGE ( .BOTH. , #10223 ) ;
#9373 = ORIENTED_EDGE ( 'NONE', *, *, #1778, .T. ) ;
#9374 = CARTESIAN_POINT ( 'NONE',  ( -9.500000000000001776, 4.499999999999996447, 1.600000000000000089 ) ) ;
#9375 = EDGE_CURVE ( 'NONE', #6541, #1385, #6297, .T. ) ;
#9376 = VERTEX_POINT ( 'NONE', #8919 ) ;
#9377 = AXIS2_PLACEMENT_3D ( 'NONE', #3249, #6883, #3073 ) ;
#9378 = CIRCLE ( 'NONE', #5146, 1.486033755962697267 ) ;
#9379 = EDGE_CURVE ( 'NONE', #975, #11878, #9211, .T. ) ;
#9380 = ORIENTED_EDGE ( 'NONE', *, *, #8751, .T. ) ;
#9381 = LINE ( 'NONE', #10176, #6211 ) ;
#9382 = ADVANCED_FACE ( 'NONE', ( #3615 ), #4531, .F. ) ;
#9383 = PRESENTATION_STYLE_ASSIGNMENT (( #3999 ) ) ;
#9384 = DIRECTION ( 'NONE',  ( -0.000000000000000000, -0.000000000000000000, 1.000000000000000000 ) ) ;
#9385 = SURFACE_STYLE_FILL_AREA ( #1259 ) ;
#9386 = PRESENTATION_LAYER_ASSIGNMENT (  '', '', ( #895 ) ) ;
#9387 = SURFACE_SIDE_STYLE ('',( #5037 ) ) ;
#9388 = ORIENTED_EDGE ( 'NONE', *, *, #4756, .T. ) ;
#9389 = ORIENTED_EDGE ( 'NONE', *, *, #6333, .T. ) ;
#9390 = EDGE_CURVE ( 'NONE', #1738, #5056, #4788, .T. ) ;
#9391 = UNCERTAINTY_MEASURE_WITH_UNIT (LENGTH_MEASURE( 1.000000000000000082E-05 ), #10834, 'distance_accuracy_value', 'NONE');
#9392 = EDGE_CURVE ( 'NONE', #2562, #815, #3562, .T. ) ;
#9393 = EDGE_LOOP ( 'NONE', ( #5045, #5349, #3099, #4080 ) ) ;
#9394 = DIRECTION ( 'NONE',  ( 0.000000000000000000, 1.000000000000000000, 0.000000000000000000 ) ) ;
#9395 = DIRECTION ( 'NONE',  ( -0.000000000000000000, -0.000000000000000000, 1.000000000000000000 ) ) ;
#9396 = LINE ( 'NONE', #2869, #6484 ) ;
#9397 = CIRCLE ( 'NONE', #4966, 1.386033755962696956 ) ;
#9398 =( NAMED_UNIT ( * ) SI_UNIT ( $, .STERADIAN. ) SOLID_ANGLE_UNIT ( ) );
#9399 = SURFACE_STYLE_FILL_AREA ( #5904 ) ;
#9400 = EDGE_LOOP ( 'NONE', ( #1046, #2416, #8054, #8287 ) ) ;
#9401 = VECTOR ( 'NONE', #2345, 1000.000000000000000 ) ;
#9402 = EDGE_CURVE ( 'NONE', #866, #7991, #3616, .T. ) ;
#9403 = DIRECTION ( 'NONE',  ( 1.000000000000000000, 0.000000000000000000, 0.000000000000000000 ) ) ;
#9404 = FILL_AREA_STYLE ('',( #4817 ) ) ;
#9405 = ADVANCED_FACE ( 'NONE', ( #7177, #11729 ), #3435, .T. ) ;
#9406 = ORIENTED_EDGE ( 'NONE', *, *, #8043, .F. ) ;
#9407 = PLANE ( 'NONE',  #328 ) ;
#9408 = SURFACE_STYLE_FILL_AREA ( #3181 ) ;
#9409 = CARTESIAN_POINT ( 'NONE',  ( 12.94999999999999396, -11.35000000000000142, 1.600000000000000089 ) ) ;
#9410 = FILL_AREA_STYLE_COLOUR ( '', #4033 ) ;
#9411 = PRESENTATION_LAYER_ASSIGNMENT (  '', '', ( #2075 ) ) ;
#9412 = CARTESIAN_POINT ( 'NONE',  ( 11.35000000000000320, 15.00000000000000000, 1.600000000000000089 ) ) ;
#9413 = FILL_AREA_STYLE ('',( #7376 ) ) ;
#9414 = FILL_AREA_STYLE_COLOUR ( '', #10765 ) ;
#9415 =( GEOMETRIC_REPRESENTATION_CONTEXT ( 3 ) GLOBAL_UNCERTAINTY_ASSIGNED_CONTEXT ( ( #8745 ) ) GLOBAL_UNIT_ASSIGNED_CONTEXT ( ( #5687, #7408, #7286 ) ) REPRESENTATION_CONTEXT ( 'NONE', 'WORKASPACE' ) );
#9416 =( NAMED_UNIT ( * ) PLANE_ANGLE_UNIT ( ) SI_UNIT ( $, .RADIAN. ) );
#9417 = AXIS2_PLACEMENT_3D ( 'NONE', #8166, #9976, #5527 ) ;
#9418 =( NAMED_UNIT ( * ) PLANE_ANGLE_UNIT ( ) SI_UNIT ( $, .RADIAN. ) );
#9419 = CARTESIAN_POINT ( 'NONE',  ( -3.999999999999993339, -15.00000000000000000, 1.800000000000000044 ) ) ;
#9420 = EDGE_LOOP ( 'NONE', ( #10914, #5397, #7580, #4492 ) ) ;
#9421 = DIRECTION ( 'NONE',  ( 0.000000000000000000, 0.000000000000000000, -1.000000000000000000 ) ) ;
#9422 = VERTEX_POINT ( 'NONE', #2828 ) ;
#9423 = CARTESIAN_POINT ( 'NONE',  ( 4.000000000000003553, 12.34027113312489909, 1.800000000000000044 ) ) ;
#9424 = LINE ( 'NONE', #9488, #472 ) ;
#9425 = FILL_AREA_STYLE_COLOUR ( '', #6077 ) ;
#9426 = VERTEX_POINT ( 'NONE', #106 ) ;
#9427 = CIRCLE ( 'NONE', #2873, 1.486033755962697267 ) ;
#9428 = CIRCLE ( 'NONE', #3257, 1.500000000000000000 ) ;
#9429 = CARTESIAN_POINT ( 'NONE',  ( -3.986033755962695047, -2.499999999999991118, 2.100000000000000089 ) ) ;
#9430 = EDGE_CURVE ( 'NONE', #10379, #658, #4602, .T. ) ;
#9431 = EDGE_LOOP ( 'NONE', ( #9371, #433, #7386, #371 ) ) ;
#9432 = VECTOR ( 'NONE', #8764, 1000.000000000000000 ) ;
#9433 = VERTEX_POINT ( 'NONE', #9228 ) ;
#9434 = MECHANICAL_DESIGN_GEOMETRIC_PRESENTATION_REPRESENTATION (  '', ( #5414 ), #178 ) ;
#9435 = DIRECTION ( 'NONE',  ( -0.000000000000000000, -0.000000000000000000, -1.000000000000000000 ) ) ;
#9436 = LINE ( 'NONE', #10902, #185 ) ;
#9437 = CARTESIAN_POINT ( 'NONE',  ( 4.500000000000000000, 5.499999999999992895, 2.100000000000000089 ) ) ;
#9438 = VERTEX_POINT ( 'NONE', #1898 ) ;
#9439 = FILL_AREA_STYLE ('',( #10366 ) ) ;
#9440 = DIRECTION ( 'NONE',  ( 1.000000000000000000, 0.000000000000000000, 0.000000000000000000 ) ) ;
#9441 = PLANE ( 'NONE',  #2612 ) ;
#9442 = VECTOR ( 'NONE', #7402, 1000.000000000000000 ) ;
#9443 =( GEOMETRIC_REPRESENTATION_CONTEXT ( 3 ) GLOBAL_UNCERTAINTY_ASSIGNED_CONTEXT ( ( #8890 ) ) GLOBAL_UNIT_ASSIGNED_CONTEXT ( ( #1163, #10631, #10573 ) ) REPRESENTATION_CONTEXT ( 'NONE', 'WORKASPACE' ) );
#9444 =( NAMED_UNIT ( * ) PLANE_ANGLE_UNIT ( ) SI_UNIT ( $, .RADIAN. ) );
#9445 = ADVANCED_FACE ( 'NONE', ( #954 ), #7420, .F. ) ;
#9446 = AXIS2_PLACEMENT_3D ( 'NONE', #10754, #8850, #7894 ) ;
#9447 = CARTESIAN_POINT ( 'NONE',  ( 0.000000000000000000, 15.00000000000000000, 1.600000000000000089 ) ) ;
#9448 = STYLED_ITEM ( 'NONE', ( #11539 ), #3792 ) ;
#9449 = EDGE_CURVE ( 'NONE', #11457, #5719, #7675, .T. ) ;
#9450 = VERTEX_POINT ( 'NONE', #6583 ) ;
#9451 = SURFACE_STYLE_USAGE ( .BOTH. , #9516 ) ;
#9452 = PRESENTATION_LAYER_ASSIGNMENT (  '', '', ( #6202 ) ) ;
#9453 = PRESENTATION_STYLE_ASSIGNMENT (( #11058 ) ) ;
#9454 = ORIENTED_EDGE ( 'NONE', *, *, #11048, .T. ) ;
#9455 = AXIS2_PLACEMENT_3D ( 'NONE', #3230, #1451, #5057 ) ;
#9456 = PRESENTATION_STYLE_ASSIGNMENT (( #11407 ) ) ;
#9457 = STYLED_ITEM ( 'NONE', ( #2970 ), #3764 ) ;
#9458 = ADVANCED_FACE ( 'NONE', ( #5751 ), #9407, .F. ) ;
#9459 = SURFACE_STYLE_FILL_AREA ( #5859 ) ;
#9460 = SURFACE_STYLE_FILL_AREA ( #2207 ) ;
#9461 = ADVANCED_FACE ( 'NONE', ( #892 ), #4594, .F. ) ;
#9462 = COLOUR_RGB ( '',0.7529411764705882248, 0.7529411764705882248, 0.7529411764705882248 ) ;
#9463 = AXIS2_PLACEMENT_3D ( 'NONE', #10913, #2618, #9644 ) ;
#9464 = EDGE_CURVE ( 'NONE', #10468, #156, #508, .T. ) ;
#9465 = MECHANICAL_DESIGN_GEOMETRIC_PRESENTATION_REPRESENTATION (  '', ( #5829 ), #5639 ) ;
#9466 = UNCERTAINTY_MEASURE_WITH_UNIT (LENGTH_MEASURE( 1.000000000000000082E-05 ), #10589, 'distance_accuracy_value', 'NONE');
#9467 = CARTESIAN_POINT ( 'NONE',  ( -5.500000000000000000, 0.4999999999999978351, 2.100000000000000089 ) ) ;
#9468 = CARTESIAN_POINT ( 'NONE',  ( -6.013966244037299624, -7.499999999999990230, 2.100000000000000089 ) ) ;
#9469 = DIRECTION ( 'NONE',  ( 1.000000000000000000, 0.000000000000000000, 0.000000000000000000 ) ) ;
#9470 =( NAMED_UNIT ( * ) PLANE_ANGLE_UNIT ( ) SI_UNIT ( $, .RADIAN. ) );
#9471 = FILL_AREA_STYLE_COLOUR ( '', #7615 ) ;
#9472 = STYLED_ITEM ( 'NONE', ( #9065 ), #6110 ) ;
#9473 = VECTOR ( 'NONE', #7359, 1000.000000000000000 ) ;
#9474 = DIRECTION ( 'NONE',  ( -0.000000000000000000, 0.000000000000000000, -1.000000000000000000 ) ) ;
#9475 = CARTESIAN_POINT ( 'NONE',  ( -2.499999999999999556, 6.113966244037311704, 2.463966244037302911 ) ) ;
#9476 = FACE_OUTER_BOUND ( 'NONE', #6968, .T. ) ;
#9477 = COLOUR_RGB ( '',1.000000000000000000, 1.000000000000000000, 0.000000000000000000 ) ;
#9478 = EDGE_CURVE ( 'NONE', #7881, #3708, #3817, .T. ) ;
#9479 = DIRECTION ( 'NONE',  ( -0.000000000000000000, 0.000000000000000000, 1.000000000000000000 ) ) ;
#9480 = PRESENTATION_LAYER_ASSIGNMENT (  '', '', ( #11617 ) ) ;
#9481 = CIRCLE ( 'NONE', #7558, 1.500000000000000000 ) ;
#9482 = CARTESIAN_POINT ( 'NONE',  ( -9.500000000000000000, -5.499999999999994671, 1.600000000000000089 ) ) ;
#9483 = VERTEX_POINT ( 'NONE', #6758 ) ;
#9484 = FILL_AREA_STYLE_COLOUR ( '', #6796 ) ;
#9485 = EDGE_LOOP ( 'NONE', ( #8012, #4413, #8451, #4426 ) ) ;
#9486 = AXIS2_PLACEMENT_3D ( 'NONE', #6723, #11269, #5769 ) ;
#9487 = DIRECTION ( 'NONE',  ( -0.000000000000000000, -0.000000000000000000, -1.000000000000000000 ) ) ;
#9488 = CARTESIAN_POINT ( 'NONE',  ( 9.500000000000000000, 5.499999999999992895, 2.100000000000000089 ) ) ;
#9489 = ORIENTED_EDGE ( 'NONE', *, *, #1102, .F. ) ;
#9490 = MECHANICAL_DESIGN_GEOMETRIC_PRESENTATION_REPRESENTATION (  '', ( #10085 ), #3706 ) ;
#9491 = STYLED_ITEM ( 'NONE', ( #7124 ), #733 ) ;
#9492 =( NAMED_UNIT ( * ) SI_UNIT ( $, .STERADIAN. ) SOLID_ANGLE_UNIT ( ) );
#9493 = UNCERTAINTY_MEASURE_WITH_UNIT (LENGTH_MEASURE( 1.000000000000000082E-05 ), #108, 'distance_accuracy_value', 'NONE');
#9494 =( NAMED_UNIT ( * ) PLANE_ANGLE_UNIT ( ) SI_UNIT ( $, .RADIAN. ) );
#9495 = VERTEX_POINT ( 'NONE', #8561 ) ;
#9496 = AXIS2_PLACEMENT_3D ( 'NONE', #7809, #8443, #6573 ) ;
#9497 = AXIS2_PLACEMENT_3D ( 'NONE', #7786, #6047, #6878 ) ;
#9498 = ORIENTED_EDGE ( 'NONE', *, *, #7198, .F. ) ;
#9499 = LINE ( 'NONE', #2064, #7542 ) ;
#9500 = FILL_AREA_STYLE_COLOUR ( '', #10702 ) ;
#9501 = UNCERTAINTY_MEASURE_WITH_UNIT (LENGTH_MEASURE( 1.000000000000000082E-05 ), #1566, 'distance_accuracy_value', 'NONE');
#9502 = CARTESIAN_POINT ( 'NONE',  ( 0.5000000000000018874, -0.4999999999999987232, 1.600000000000000089 ) ) ;
#9503 = ORIENTED_EDGE ( 'NONE', *, *, #7984, .F. ) ;
#9504 =( NAMED_UNIT ( * ) SI_UNIT ( $, .STERADIAN. ) SOLID_ANGLE_UNIT ( ) );
#9505 = PRESENTATION_STYLE_ASSIGNMENT (( #4011 ) ) ;
#9506 = CARTESIAN_POINT ( 'NONE',  ( -13.17499999999999538, 13.17499999999999538, 1.600000000000000089 ) ) ;
#9507 = EDGE_CURVE ( 'NONE', #359, #6001, #11540, .T. ) ;
#9508 = FILL_AREA_STYLE_COLOUR ( '', #4988 ) ;
#9509 = COLOUR_RGB ( '',1.000000000000000000, 1.000000000000000000, 0.000000000000000000 ) ;
#9510 = EDGE_CURVE ( 'NONE', #10641, #5853, #1347, .T. ) ;
#9511 = CIRCLE ( 'NONE', #7003, 1.386033755962696068 ) ;
#9512 = CARTESIAN_POINT ( 'NONE',  ( 7.500000000000001776, -2.499999999999992895, 2.463966244037302911 ) ) ;
#9513 = AXIS2_PLACEMENT_3D ( 'NONE', #10928, #6098, #1454 ) ;
#9514 = ORIENTED_EDGE ( 'NONE', *, *, #4914, .T. ) ;
#9515 = LINE ( 'NONE', #5796, #8293 ) ;
#9516 = SURFACE_SIDE_STYLE ('',( #5122 ) ) ;
#9517 = CARTESIAN_POINT ( 'NONE',  ( 2.500000000000000444, 2.500000000000007550, 2.100000000000000089 ) ) ;
#9518 =( NAMED_UNIT ( * ) SI_UNIT ( $, .STERADIAN. ) SOLID_ANGLE_UNIT ( ) );
#9519 = ORIENTED_EDGE ( 'NONE', *, *, #10783, .F. ) ;
#9520 = ORIENTED_CLOSED_SHELL ( 'NONE', *, #1459, .F. );
#9521 = FILL_AREA_STYLE ('',( #5967 ) ) ;
#9522 = EDGE_CURVE ( 'NONE', #6269, #2526, #4945, .T. ) ;
#9523 = CIRCLE ( 'NONE', #3160, 1.500000000000000000 ) ;
#9524 = CARTESIAN_POINT ( 'NONE',  ( 5.395973916753827204, 12.34027113312489909, 1.610000000000000098 ) ) ;
#9525 = UNCERTAINTY_MEASURE_WITH_UNIT (LENGTH_MEASURE( 1.000000000000000082E-05 ), #4971, 'distance_accuracy_value', 'NONE');
#9526 = STYLED_ITEM ( 'NONE', ( #10080 ), #10450 ) ;
#9527 =( NAMED_UNIT ( * ) SI_UNIT ( $, .STERADIAN. ) SOLID_ANGLE_UNIT ( ) );
#9528 = COLOUR_RGB ( '',0.7529411764705882248, 0.7529411764705882248, 0.7529411764705882248 ) ;
#9529 = CARTESIAN_POINT ( 'NONE',  ( 7.500000000000002665, -7.499999999999992895, 2.100000000000000089 ) ) ;
#9530 = CARTESIAN_POINT ( 'NONE',  ( -7.499999999999999112, 7.500000000000007994, 2.463966244037302911 ) ) ;
#9531 = EDGE_CURVE ( 'NONE', #10110, #8116, #10615, .T. ) ;
#9532 = CARTESIAN_POINT ( 'NONE',  ( 13.17499999999999893, 13.17499999999999893, 0.000000000000000000 ) ) ;
#9533 = DIRECTION ( 'NONE',  ( 0.000000000000000000, 0.000000000000000000, -1.000000000000000000 ) ) ;
#9534 = AXIS2_PLACEMENT_3D ( 'NONE', #5169, #5233, #4138 ) ;
#9535 = CARTESIAN_POINT ( 'NONE',  ( -5.499999999999999112, -4.499999999999997335, 2.100000000000000089 ) ) ;
#9536 = SURFACE_SIDE_STYLE ('',( #7792 ) ) ;
#9537 = PRESENTATION_STYLE_ASSIGNMENT (( #4041 ) ) ;
#9538 = SURFACE_SIDE_STYLE ('',( #4958 ) ) ;
#9539 = MECHANICAL_DESIGN_GEOMETRIC_PRESENTATION_REPRESENTATION (  '', ( #4918 ), #8004 ) ;
#9540 = DIRECTION ( 'NONE',  ( 0.000000000000000000, 1.000000000000000000, 0.000000000000000000 ) ) ;
#9541 = ORIENTED_EDGE ( 'NONE', *, *, #7603, .T. ) ;
#9542 = VECTOR ( 'NONE', #1731, 1000.000000000000000 ) ;
#9543 = DIRECTION ( 'NONE',  ( -0.000000000000000000, -1.000000000000000000, -0.000000000000000000 ) ) ;
#9544 = EDGE_LOOP ( 'NONE', ( #2619, #1209, #6986, #2077, #7159 ) ) ;
#9545 = ORIENTED_EDGE ( 'NONE', *, *, #608, .T. ) ;
#9546 = FILL_AREA_STYLE ('',( #6783 ) ) ;
#9547 = ADVANCED_FACE ( 'NONE', ( #382 ), #2144, .F. ) ;
#9548 = MECHANICAL_DESIGN_GEOMETRIC_PRESENTATION_REPRESENTATION (  '', ( #1230 ), #3968 ) ;
#9549 = DIRECTION ( 'NONE',  ( -1.000000000000000000, 0.000000000000000000, 0.000000000000000000 ) ) ;
#9550 = CARTESIAN_POINT ( 'NONE',  ( 4.500000000000000000, 9.499999999999991118, 2.100000000000000089 ) ) ;
#9551 = ORIENTED_EDGE ( 'NONE', *, *, #2911, .T. ) ;
#9552 = FILL_AREA_STYLE_COLOUR ( '', #5240 ) ;
#9553 = MECHANICAL_DESIGN_GEOMETRIC_PRESENTATION_REPRESENTATION (  '', ( #6296 ), #11122 ) ;
#9554 = DIRECTION ( 'NONE',  ( 0.000000000000000000, -0.000000000000000000, -1.000000000000000000 ) ) ;
#9555 = CIRCLE ( 'NONE', #7640, 1.386033755962696956 ) ;
#9556 = PRESENTATION_STYLE_ASSIGNMENT (( #3038 ) ) ;
#9557 = ORIENTED_EDGE ( 'NONE', *, *, #687, .T. ) ;
#9558 = ORIENTED_EDGE ( 'NONE', *, *, #10621, .T. ) ;
#9559 = DIRECTION ( 'NONE',  ( -0.000000000000000000, -0.000000000000000000, 1.000000000000000000 ) ) ;
#9560 = EDGE_CURVE ( 'NONE', #5493, #10228, #5913, .T. ) ;
#9561 = LINE ( 'NONE', #1267, #10118 ) ;
#9562 = ORIENTED_EDGE ( 'NONE', *, *, #2708, .T. ) ;
#9563 = MECHANICAL_DESIGN_GEOMETRIC_PRESENTATION_REPRESENTATION (  '', ( #295 ), #2224 ) ;
#9564 = LINE ( 'NONE', #5954, #5158 ) ;
#9565 = DIRECTION ( 'NONE',  ( 1.000000000000000000, 0.000000000000000000, 0.000000000000000000 ) ) ;
#9566 = DIRECTION ( 'NONE',  ( -0.7071067811865474617, -0.7071067811865474617, 0.000000000000000000 ) ) ;
#9567 =( NAMED_UNIT ( * ) SI_UNIT ( $, .STERADIAN. ) SOLID_ANGLE_UNIT ( ) );
#9568 = SURFACE_STYLE_USAGE ( .BOTH. , #2252 ) ;
#9569 = EDGE_LOOP ( 'NONE', ( #5666, #8929, #8478, #6746, #9131 ) ) ;
#9570 = VERTEX_POINT ( 'NONE', #9769 ) ;
#9571 = SURFACE_STYLE_FILL_AREA ( #10742 ) ;
#9572 = CARTESIAN_POINT ( 'NONE',  ( -2.499999999999999556, 2.500000000000009326, 2.100000000000000089 ) ) ;
#9573 = MECHANICAL_DESIGN_GEOMETRIC_PRESENTATION_REPRESENTATION (  '', ( #11913 ), #6704 ) ;
#9574 = SURFACE_STYLE_USAGE ( .BOTH. , #3971 ) ;
#9575 = VERTEX_POINT ( 'NONE', #4449 ) ;
#9576 =( NAMED_UNIT ( * ) PLANE_ANGLE_UNIT ( ) SI_UNIT ( $, .RADIAN. ) );
#9577 = DIRECTION ( 'NONE',  ( -0.000000000000000000, -0.000000000000000000, -1.000000000000000000 ) ) ;
#9578 =( NAMED_UNIT ( * ) PLANE_ANGLE_UNIT ( ) SI_UNIT ( $, .RADIAN. ) );
#9579 = SURFACE_STYLE_USAGE ( .BOTH. , #5915 ) ;
#9580 = STYLED_ITEM ( 'NONE', ( #1269 ), #8989 ) ;
#9581 = EDGE_CURVE ( 'NONE', #2814, #4470, #9821, .T. ) ;
#9582 = UNCERTAINTY_MEASURE_WITH_UNIT (LENGTH_MEASURE( 1.000000000000000082E-05 ), #486, 'distance_accuracy_value', 'NONE');
#9583 = CARTESIAN_POINT ( 'NONE',  ( 15.00000000000000355, 11.34999999999999964, 1.600000000000000089 ) ) ;
#9584 = DIRECTION ( 'NONE',  ( 1.000000000000000000, 0.000000000000000000, 0.000000000000000000 ) ) ;
#9585 = DIRECTION ( 'NONE',  ( 0.000000000000000000, 0.000000000000000000, -1.000000000000000000 ) ) ;
#9586 = ORIENTED_EDGE ( 'NONE', *, *, #2944, .T. ) ;
#9587 = CARTESIAN_POINT ( 'NONE',  ( 8.886033755962696290, 7.500000000000007105, 2.463966244037302911 ) ) ;
#9588 = COLOUR_RGB ( '',1.000000000000000000, 1.000000000000000000, 0.000000000000000000 ) ;
#9589 = LINE ( 'NONE', #1299, #10922 ) ;
#9590 = CARTESIAN_POINT ( 'NONE',  ( -7.499999999999997335, -2.499999999999990230, 2.463966244037302911 ) ) ;
#9591 =( NAMED_UNIT ( * ) PLANE_ANGLE_UNIT ( ) SI_UNIT ( $, .RADIAN. ) );
#9592 = CARTESIAN_POINT ( 'NONE',  ( -3.999999999999993339, -13.99999999999999822, 1.800000000000000044 ) ) ;
#9593 = FACE_OUTER_BOUND ( 'NONE', #11591, .T. ) ;
#9594 = EDGE_CURVE ( 'NONE', #2840, #6133, #7102, .T. ) ;
#9595 = COLOUR_RGB ( '',1.000000000000000000, 1.000000000000000000, 0.000000000000000000 ) ;
#9596 = ORIENTED_EDGE ( 'NONE', *, *, #5932, .T. ) ;
#9597 = CARTESIAN_POINT ( 'NONE',  ( -4.500000000000000888, 0.4999999999999961142, 2.100000000000000089 ) ) ;
#9598 = ORIENTED_EDGE ( 'NONE', *, *, #2017, .T. ) ;
#9599 = ORIENTED_EDGE ( 'NONE', *, *, #2159, .F. ) ;
#9600 = CARTESIAN_POINT ( 'NONE',  ( -7.499999999999997335, -2.499999999999990230, 3.950000000000000178 ) ) ;
#9601 =( LENGTH_UNIT ( ) NAMED_UNIT ( * ) SI_UNIT ( .MILLI., .METRE. ) );
#9602 = FILL_AREA_STYLE ('',( #5939 ) ) ;
#9603 =( NAMED_UNIT ( * ) PLANE_ANGLE_UNIT ( ) SI_UNIT ( $, .RADIAN. ) );
#9604 = EDGE_LOOP ( 'NONE', ( #602, #9141, #3275, #345 ) ) ;
#9605 = SURFACE_STYLE_FILL_AREA ( #11380 ) ;
#9606 = CIRCLE ( 'NONE', #3826, 1.486033755962697267 ) ;
#9607 =( LENGTH_UNIT ( ) NAMED_UNIT ( * ) SI_UNIT ( .MILLI., .METRE. ) );
#9608 = CARTESIAN_POINT ( 'NONE',  ( -14.99999999999999289, -11.34999999999999964, 0.000000000000000000 ) ) ;
#9609 = EDGE_CURVE ( 'NONE', #5789, #1962, #8073, .T. ) ;
#9610 = SPHERICAL_SURFACE ( 'NONE', #7151, 1.486033755962697267 ) ;
#9611 = ADVANCED_FACE ( 'NONE', ( #10749 ), #10008, .F. ) ;
#9612 = CARTESIAN_POINT ( 'NONE',  ( 0.000000000000000000, 0.000000000000000000, 2.100000000000000089 ) ) ;
#9613 = VERTEX_POINT ( 'NONE', #5179 ) ;
#9614 = AXIS2_PLACEMENT_3D ( 'NONE', #9940, #2381, #9023 ) ;
#9615 = ORIENTED_EDGE ( 'NONE', *, *, #9251, .T. ) ;
#9616 = CARTESIAN_POINT ( 'NONE',  ( 0.000000000000000000, 15.00000000000000000, 1.600000000000000089 ) ) ;
#9617 = AXIS2_PLACEMENT_3D ( 'NONE', #5444, #1646, #5377 ) ;
#9618 = LINE ( 'NONE', #5226, #5382 ) ;
#9619 = UNCERTAINTY_MEASURE_WITH_UNIT (LENGTH_MEASURE( 1.000000000000000082E-05 ), #8703, 'distance_accuracy_value', 'NONE');
#9620 = LINE ( 'NONE', #9502, #6069 ) ;
#9621 = VERTEX_POINT ( 'NONE', #1699 ) ;
#9622 = SURFACE_STYLE_USAGE ( .BOTH. , #7641 ) ;
#9623 = LINE ( 'NONE', #5901, #7530 ) ;
#9624 = FILL_AREA_STYLE ('',( #9508 ) ) ;
#9625 = DIRECTION ( 'NONE',  ( 0.000000000000000000, 0.000000000000000000, 1.000000000000000000 ) ) ;
#9626 =( GEOMETRIC_REPRESENTATION_CONTEXT ( 3 ) GLOBAL_UNCERTAINTY_ASSIGNED_CONTEXT ( ( #10358 ) ) GLOBAL_UNIT_ASSIGNED_CONTEXT ( ( #11404, #7773, #5058 ) ) REPRESENTATION_CONTEXT ( 'NONE', 'WORKASPACE' ) );
#9627 = FILL_AREA_STYLE_COLOUR ( '', #116 ) ;
#9628 = COLOUR_RGB ( '',1.000000000000000000, 1.000000000000000000, 0.000000000000000000 ) ;
#9629 = EDGE_LOOP ( 'NONE', ( #3694, #9912 ) ) ;
#9630 = ORIENTED_EDGE ( 'NONE', *, *, #5807, .T. ) ;
#9631 = SURFACE_STYLE_USAGE ( .BOTH. , #7883 ) ;
#9632 = DIRECTION ( 'NONE',  ( -0.000000000000000000, -0.000000000000000000, 1.000000000000000000 ) ) ;
#9633 =( NAMED_UNIT ( * ) SI_UNIT ( $, .STERADIAN. ) SOLID_ANGLE_UNIT ( ) );
#9634 = ORIENTED_EDGE ( 'NONE', *, *, #11847, .F. ) ;
#9635 = MECHANICAL_DESIGN_GEOMETRIC_PRESENTATION_REPRESENTATION (  '', ( #2504 ), #5621 ) ;
#9636 = AXIS2_PLACEMENT_3D ( 'NONE', #829, #9957, #11115 ) ;
#9637 = FILL_AREA_STYLE ('',( #3363 ) ) ;
#9638 = SPHERICAL_SURFACE ( 'NONE', #2963, 1.486033755962697267 ) ;
#9639 = AXIS2_PLACEMENT_3D ( 'NONE', #5613, #4758, #6510 ) ;
#9640 = CARTESIAN_POINT ( 'NONE',  ( -7.499999999999999112, 2.500000000000009326, 2.463966244037302911 ) ) ;
#9641 = CARTESIAN_POINT ( 'NONE',  ( -0.4999999999999989453, -4.499999999999997335, 1.600000000000000089 ) ) ;
#9642 = DIRECTION ( 'NONE',  ( -0.000000000000000000, -0.000000000000000000, -1.000000000000000000 ) ) ;
#9643 = LINE ( 'NONE', #10626, #5970 ) ;
#9644 = DIRECTION ( 'NONE',  ( 0.000000000000000000, 0.000000000000000000, -1.000000000000000000 ) ) ;
#9645 = VERTEX_POINT ( 'NONE', #11649 ) ;
#9646 = CARTESIAN_POINT ( 'NONE',  ( -0.5000000000000009992, 4.499999999999996447, 2.100000000000000089 ) ) ;
#9647 = FACE_OUTER_BOUND ( 'NONE', #7377, .T. ) ;
#9648 = CYLINDRICAL_SURFACE ( 'NONE', #5129, 1.486033755962697267 ) ;
#9649 = DIRECTION ( 'NONE',  ( -0.000000000000000000, -0.000000000000000000, 1.000000000000000000 ) ) ;
#9650 = AXIS2_PLACEMENT_3D ( 'NONE', #1095, #7447, #6382 ) ;
#9651 =( GEOMETRIC_REPRESENTATION_CONTEXT ( 3 ) GLOBAL_UNCERTAINTY_ASSIGNED_CONTEXT ( ( #3819 ) ) GLOBAL_UNIT_ASSIGNED_CONTEXT ( ( #919, #1861, #11145 ) ) REPRESENTATION_CONTEXT ( 'NONE', 'WORKASPACE' ) );
#9652 = DIRECTION ( 'NONE',  ( 0.000000000000000000, -1.000000000000000000, 0.000000000000000000 ) ) ;
#9653 = AXIS2_PLACEMENT_3D ( 'NONE', #11963, #8018, #5438 ) ;
#9654 = DIRECTION ( 'NONE',  ( 0.000000000000000000, 0.000000000000000000, 1.000000000000000000 ) ) ;
#9655 = STYLED_ITEM ( 'NONE', ( #3823 ), #3427 ) ;
#9656 = CARTESIAN_POINT ( 'NONE',  ( -8.886033755962696290, 7.500000000000007994, 2.100000000000000089 ) ) ;
#9657 = DIRECTION ( 'NONE',  ( 1.000000000000000000, 0.000000000000000000, 0.000000000000000000 ) ) ;
#9658 = ORIENTED_EDGE ( 'NONE', *, *, #5445, .F. ) ;
#9659 =( NAMED_UNIT ( * ) SI_UNIT ( $, .STERADIAN. ) SOLID_ANGLE_UNIT ( ) );
#9660 = COLOUR_RGB ( '',0.2509803921568627416, 0.2509803921568627416, 0.2509803921568627416 ) ;
#9661 = PRESENTATION_LAYER_ASSIGNMENT (  '', '', ( #5452 ) ) ;
#9662 = CARTESIAN_POINT ( 'NONE',  ( 9.500000000000001776, -4.499999999999997335, 1.600000000000000089 ) ) ;
#9663 = SURFACE_STYLE_USAGE ( .BOTH. , #6181 ) ;
#9664 = COLOUR_RGB ( '',1.000000000000000000, 1.000000000000000000, 0.000000000000000000 ) ;
#9665 = LINE ( 'NONE', #4361, #9942 ) ;
#9666 = ORIENTED_EDGE ( 'NONE', *, *, #2680, .F. ) ;
#9667 = AXIS2_PLACEMENT_3D ( 'NONE', #3213, #5218, #8944 ) ;
#9668 = EDGE_CURVE ( 'NONE', #5108, #1694, #9606, .T. ) ;
#9669 = CARTESIAN_POINT ( 'NONE',  ( -4.500000000000000888, 0.4999999999999961142, 2.100000000000000089 ) ) ;
#9671 = EDGE_CURVE ( 'NONE', #10110, #2307, #10805, .T. ) ;
#9670 = PRESENTATION_STYLE_ASSIGNMENT (( #10716 ) ) ;
#9672 = AXIS2_PLACEMENT_3D ( 'NONE', #7000, #8861, #4289 ) ;
#9673 =( NAMED_UNIT ( * ) PLANE_ANGLE_UNIT ( ) SI_UNIT ( $, .RADIAN. ) );
#9674 = AXIS2_PLACEMENT_3D ( 'NONE', #2227, #343, #5935 ) ;
#9675 =( GEOMETRIC_REPRESENTATION_CONTEXT ( 3 ) GLOBAL_UNCERTAINTY_ASSIGNED_CONTEXT ( ( #6225 ) ) GLOBAL_UNIT_ASSIGNED_CONTEXT ( ( #6372, #3583, #1025 ) ) REPRESENTATION_CONTEXT ( 'NONE', 'WORKASPACE' ) );
#9676 = ORIENTED_EDGE ( 'NONE', *, *, #6319, .T. ) ;
#9677 = ORIENTED_EDGE ( 'NONE', *, *, #10230, .F. ) ;
#9678 = PRESENTATION_STYLE_ASSIGNMENT (( #1619 ) ) ;
#9679 = ORIENTED_EDGE ( 'NONE', *, *, #1644, .F. ) ;
#9680 = SURFACE_STYLE_USAGE ( .BOTH. , #2183 ) ;
#9681 = AXIS2_PLACEMENT_3D ( 'NONE', #8930, #8037, #4414 ) ;
#9682 = LINE ( 'NONE', #9437, #847 ) ;
#9683 = ORIENTED_EDGE ( 'NONE', *, *, #10906, .T. ) ;
#9684 = EDGE_CURVE ( 'NONE', #1338, #2656, #2455, .T. ) ;
#9685 = COLOUR_RGB ( '',0.7529411764705882248, 0.7529411764705882248, 0.7529411764705882248 ) ;
#9686 = SURFACE_STYLE_FILL_AREA ( #2439 ) ;
#9687 =( NAMED_UNIT ( * ) SI_UNIT ( $, .STERADIAN. ) SOLID_ANGLE_UNIT ( ) );
#9688 = DIRECTION ( 'NONE',  ( 1.000000000000000000, 0.000000000000000000, 0.000000000000000000 ) ) ;
#9689 = DIRECTION ( 'NONE',  ( -1.000000000000000000, 0.000000000000000000, 0.000000000000000000 ) ) ;
#9690 = DIRECTION ( 'NONE',  ( -0.000000000000000000, -1.000000000000000000, -0.000000000000000000 ) ) ;
#9691 =( NAMED_UNIT ( * ) SI_UNIT ( $, .STERADIAN. ) SOLID_ANGLE_UNIT ( ) );
#9692 = AXIS2_PLACEMENT_3D ( 'NONE', #4668, #1916, #8353 ) ;
#9693 = CIRCLE ( 'NONE', #3141, 1.386033755962696956 ) ;
#9694 = EDGE_LOOP ( 'NONE', ( #932, #5880, #1036, #2980 ) ) ;
#9695 = ORIENTED_EDGE ( 'NONE', *, *, #2572, .T. ) ;
#9696 = DIRECTION ( 'NONE',  ( -1.000000000000000000, 8.673617379884033500E-16, -0.000000000000000000 ) ) ;
#9697 = DIRECTION ( 'NONE',  ( -1.000000000000000000, -0.000000000000000000, -0.000000000000000000 ) ) ;
#9698 = CARTESIAN_POINT ( 'NONE',  ( -5.500000000000000888, 5.499999999999992895, 2.100000000000000089 ) ) ;
#9699 = EDGE_LOOP ( 'NONE', ( #8801, #3085 ) ) ;
#9700 = EDGE_CURVE ( 'NONE', #8490, #10675, #11553, .T. ) ;
#9701 = DIRECTION ( 'NONE',  ( -1.000000000000000000, -0.000000000000000000, -0.000000000000000000 ) ) ;
#9702 = EDGE_CURVE ( 'NONE', #4242, #3811, #737, .T. ) ;
#9703 = STYLED_ITEM ( 'NONE', ( #11317 ), #7024 ) ;
#9704 = AXIS2_PLACEMENT_3D ( 'NONE', #748, #503, #3291 ) ;
#9706 = EDGE_CURVE ( 'NONE', #9307, #5138, #7493, .T. ) ;
#9705 = CARTESIAN_POINT ( 'NONE',  ( 4.500000000000000888, 0.4999999999999978351, 2.100000000000000089 ) ) ;
#9707 = DIRECTION ( 'NONE',  ( 0.000000000000000000, 1.000000000000000000, 0.000000000000000000 ) ) ;
#9708 = CARTESIAN_POINT ( 'NONE',  ( -4.500000000000001776, 5.499999999999991118, 2.100000000000000089 ) ) ;
#9709 = FILL_AREA_STYLE_COLOUR ( '', #789 ) ;
#9710 = COLOUR_RGB ( '',1.000000000000000000, 1.000000000000000000, 0.000000000000000000 ) ;
#9711 = MECHANICAL_DESIGN_GEOMETRIC_PRESENTATION_REPRESENTATION (  '', ( #10303 ), #9143 ) ;
#9712 = UNCERTAINTY_MEASURE_WITH_UNIT (LENGTH_MEASURE( 1.000000000000000082E-05 ), #329, 'distance_accuracy_value', 'NONE');
#9713 = CARTESIAN_POINT ( 'NONE',  ( -1.113966244037300823, -2.499999999999991118, 2.100000000000000089 ) ) ;
#9714 = CARTESIAN_POINT ( 'NONE',  ( -3.986033755962695047, -2.499999999999991118, 2.463966244037302911 ) ) ;
#9715 = SPHERICAL_SURFACE ( 'NONE', #7888, 1.386033755962696956 ) ;
#9716 = FILL_AREA_STYLE ('',( #3072 ) ) ;
#9717 = ORIENTED_EDGE ( 'NONE', *, *, #8226, .T. ) ;
#9718 = AXIS2_PLACEMENT_3D ( 'NONE', #11517, #5852, #3174 ) ;
#9719 = SURFACE_STYLE_FILL_AREA ( #10455 ) ;
#9720 = LINE ( 'NONE', #6884, #5017 ) ;
#9721 = DIRECTION ( 'NONE',  ( 0.000000000000000000, -1.000000000000000000, 0.000000000000000000 ) ) ;
#9722 = UNCERTAINTY_MEASURE_WITH_UNIT (LENGTH_MEASURE( 1.000000000000000082E-05 ), #8859, 'distance_accuracy_value', 'NONE');
#9723 = FACE_OUTER_BOUND ( 'NONE', #5934, .T. ) ;
#9724 = AXIS2_PLACEMENT_3D ( 'NONE', #11264, #10562, #5710 ) ;
#9725 = CYLINDRICAL_SURFACE ( 'NONE', #5862, 1.600000000000002531 ) ;
#9726 = LINE ( 'NONE', #527, #5538 ) ;
#9727 = PRESENTATION_LAYER_ASSIGNMENT (  '', '', ( #11091 ) ) ;
#9728 = FACE_OUTER_BOUND ( 'NONE', #11874, .T. ) ;
#9729 = DIRECTION ( 'NONE',  ( 0.000000000000000000, -1.000000000000000000, 0.000000000000000000 ) ) ;
#9730 = ORIENTED_EDGE ( 'NONE', *, *, #6543, .T. ) ;
#9731 = CIRCLE ( 'NONE', #2399, 1.386033755962696068 ) ;
#9732 = DIRECTION ( 'NONE',  ( 0.000000000000000000, 0.000000000000000000, -1.000000000000000000 ) ) ;
#9733 = LINE ( 'NONE', #5997, #3457 ) ;
#9734 = DIRECTION ( 'NONE',  ( -0.000000000000000000, -0.000000000000000000, -1.000000000000000000 ) ) ;
#9735 = EDGE_CURVE ( 'NONE', #5277, #8948, #1578, .T. ) ;
#9736 = CARTESIAN_POINT ( 'NONE',  ( 6.013966244037303177, 2.500000000000007550, 2.463966244037302911 ) ) ;
#9737 = ORIENTED_EDGE ( 'NONE', *, *, #11524, .F. ) ;
#9738 = PRESENTATION_LAYER_ASSIGNMENT (  '', '', ( #8203 ) ) ;
#9739 =( NAMED_UNIT ( * ) SI_UNIT ( $, .STERADIAN. ) SOLID_ANGLE_UNIT ( ) );
#9740 = SURFACE_STYLE_FILL_AREA ( #8878 ) ;
#9741 = DIRECTION ( 'NONE',  ( -1.000000000000000000, -4.336808689942016750E-16, 0.000000000000000000 ) ) ;
#9742 = MECHANICAL_DESIGN_GEOMETRIC_PRESENTATION_REPRESENTATION (  '', ( #1417 ), #8006 ) ;
#9743 = CARTESIAN_POINT ( 'NONE',  ( -4.500000000000000000, -4.499999999999999112, 2.100000000000000089 ) ) ;
#9744 = MECHANICAL_DESIGN_GEOMETRIC_PRESENTATION_REPRESENTATION (  '', ( #1419 ), #5327 ) ;
#9745 = FILL_AREA_STYLE_COLOUR ( '', #387 ) ;
#9746 = ORIENTED_CLOSED_SHELL ( 'NONE', *, #5766, .F. );
#9747 = AXIS2_PLACEMENT_3D ( 'NONE', #5152, #10647, #10712 ) ;
#9748 = DIRECTION ( 'NONE',  ( -0.000000000000000000, 0.000000000000000000, 1.000000000000000000 ) ) ;
#9749 = ORIENTED_EDGE ( 'NONE', *, *, #901, .F. ) ;
#9750 = ORIENTED_EDGE ( 'NONE', *, *, #5987, .T. ) ;
#9751 = CARTESIAN_POINT ( 'NONE',  ( 8.986033755962699487, -2.499999999999992895, 2.100000000000000089 ) ) ;
#9752 = VERTEX_POINT ( 'NONE', #2576 ) ;
#9753 = UNCERTAINTY_MEASURE_WITH_UNIT (LENGTH_MEASURE( 1.000000000000000082E-05 ), #2448, 'distance_accuracy_value', 'NONE');
#9754 = CARTESIAN_POINT ( 'NONE',  ( 8.886033755962696290, 7.500000000000007105, 2.100000000000000089 ) ) ;
#9755 = ORIENTED_EDGE ( 'NONE', *, *, #10061, .T. ) ;
#9756 = DIRECTION ( 'NONE',  ( 1.000000000000000000, 0.000000000000000000, 0.000000000000000000 ) ) ;
#9757 = DIRECTION ( 'NONE',  ( 0.000000000000000000, 0.000000000000000000, -1.000000000000000000 ) ) ;
#9758 = AXIS2_PLACEMENT_3D ( 'NONE', #5686, #4696, #11050 ) ;
#9759 = DIRECTION ( 'NONE',  ( 1.000000000000000000, 0.000000000000000000, 0.000000000000000000 ) ) ;
#9760 = PRESENTATION_STYLE_ASSIGNMENT (( #3410 ) ) ;
#9761 = EDGE_CURVE ( 'NONE', #9570, #8050, #700, .T. ) ;
#9762 = ORIENTED_EDGE ( 'NONE', *, *, #220, .F. ) ;
#9763 = ORIENTED_EDGE ( 'NONE', *, *, #3194, .F. ) ;
#9764 = AXIS2_PLACEMENT_3D ( 'NONE', #5053, #1170, #4076 ) ;
#9765 = PLANE ( 'NONE',  #1022 ) ;
#9766 = CARTESIAN_POINT ( 'NONE',  ( 5.499999999999999112, 0.4999999999999961142, 1.600000000000000089 ) ) ;
#9767 = VERTEX_POINT ( 'NONE', #1111 ) ;
#9768 = SURFACE_STYLE_USAGE ( .BOTH. , #3420 ) ;
#9769 = CARTESIAN_POINT ( 'NONE',  ( 1.013966244037302289, 7.500000000000007105, 2.100000000000000089 ) ) ;
#9770 = SURFACE_STYLE_FILL_AREA ( #9637 ) ;
#9771 = FILL_AREA_STYLE ('',( #6159 ) ) ;
#9772 = ADVANCED_FACE ( 'NONE', ( #7350 ), #1883, .F. ) ;
#9773 = VECTOR ( 'NONE', #9337, 1000.000000000000000 ) ;
#9774 = EDGE_CURVE ( 'NONE', #5492, #6376, #2754, .T. ) ;
#9775 = DIRECTION ( 'NONE',  ( 0.000000000000000000, -1.000000000000000000, 0.000000000000000000 ) ) ;
#9776 = CARTESIAN_POINT ( 'NONE',  ( 2.500000000000001332, -2.499999999999992006, 2.463966244037302911 ) ) ;
#9777 = SURFACE_STYLE_FILL_AREA ( #6109 ) ;
#9778 = VERTEX_POINT ( 'NONE', #5618 ) ;
#9779 = CARTESIAN_POINT ( 'NONE',  ( 3.986033755962699487, -7.499999999999992006, 2.100000000000000089 ) ) ;
#9780 = LINE ( 'NONE', #4345, #8776 ) ;
#9781 = LINE ( 'NONE', #1473, #36 ) ;
#9782 = STYLED_ITEM ( 'NONE', ( #855 ), #9059 ) ;
#9783 = DIRECTION ( 'NONE',  ( 1.000000000000000000, 0.000000000000000000, 0.000000000000000000 ) ) ;
#9784 = ADVANCED_FACE ( 'NONE', ( #1952 ), #4581, .F. ) ;
#9785 = PLANE ( 'NONE',  #1337 ) ;
#9786 = CLOSED_SHELL ( 'NONE', ( #10954, #7716, #6898, #5275, #9913 ) ) ;
#9787 = VERTEX_POINT ( 'NONE', #942 ) ;
#9788 = CARTESIAN_POINT ( 'NONE',  ( -9.500000000000000000, -0.4999999999999987232, 1.600000000000000089 ) ) ;
#9789 = CIRCLE ( 'NONE', #322, 1.486033755962697267 ) ;
#9790 = DIRECTION ( 'NONE',  ( -1.000000000000000000, 0.000000000000000000, 0.000000000000000000 ) ) ;
#9791 = DIRECTION ( 'NONE',  ( 1.000000000000000000, 0.000000000000000000, 0.000000000000000000 ) ) ;
#9792 =( LENGTH_UNIT ( ) NAMED_UNIT ( * ) SI_UNIT ( .MILLI., .METRE. ) );
#9793 = ORIENTED_EDGE ( 'NONE', *, *, #5440, .F. ) ;
#9794 = SURFACE_STYLE_FILL_AREA ( #2545 ) ;
#9795 =( GEOMETRIC_REPRESENTATION_CONTEXT ( 3 ) GLOBAL_UNCERTAINTY_ASSIGNED_CONTEXT ( ( #10859 ) ) GLOBAL_UNIT_ASSIGNED_CONTEXT ( ( #6669, #4967, #6726 ) ) REPRESENTATION_CONTEXT ( 'NONE', 'WORKASPACE' ) );
#9796 = PLANE ( 'NONE',  #10286 ) ;
#9797 = AXIS2_PLACEMENT_3D ( 'NONE', #11181, #10384, #11123 ) ;
#9798 = LINE ( 'NONE', #10718, #9432 ) ;
#9799 = CARTESIAN_POINT ( 'NONE',  ( -7.499999999999999112, 2.500000000000009326, 2.100000000000000089 ) ) ;
#9800 = CARTESIAN_POINT ( 'NONE',  ( -0.5000000000000004441, 5.499999999999992895, 2.100000000000000089 ) ) ;
#9801 = ORIENTED_EDGE ( 'NONE', *, *, #7567, .F. ) ;
#9802 = EDGE_LOOP ( 'NONE', ( #8240, #2268, #2747, #9695, #1690 ) ) ;
#9803 = SURFACE_SIDE_STYLE ('',( #1384 ) ) ;
#9804 = EDGE_LOOP ( 'NONE', ( #4051, #7915 ) ) ;
#9805 = FACE_OUTER_BOUND ( 'NONE', #6374, .T. ) ;
#9806 = ORIENTED_EDGE ( 'NONE', *, *, #9892, .F. ) ;
#9807 = AXIS2_PLACEMENT_3D ( 'NONE', #8693, #8815, #2285 ) ;
#9808 = DIRECTION ( 'NONE',  ( -1.000000000000000000, 0.000000000000000000, 0.000000000000000000 ) ) ;
#9809 = CARTESIAN_POINT ( 'NONE',  ( 8.986033755962699487, -2.499999999999992895, 2.463966244037302911 ) ) ;
#9810 = DIRECTION ( 'NONE',  ( 0.000000000000000000, 0.000000000000000000, -1.000000000000000000 ) ) ;
#9811 = AXIS2_PLACEMENT_3D ( 'NONE', #5303, #7146, #7218 ) ;
#9812 = MECHANICAL_DESIGN_GEOMETRIC_PRESENTATION_REPRESENTATION (  '', ( #8836 ), #10402 ) ;
#9813 = ORIENTED_EDGE ( 'NONE', *, *, #6662, .T. ) ;
#9814 = ORIENTED_EDGE ( 'NONE', *, *, #11905, .T. ) ;
#9815 =( NAMED_UNIT ( * ) PLANE_ANGLE_UNIT ( ) SI_UNIT ( $, .RADIAN. ) );
#9816 = FILL_AREA_STYLE ('',( #4386 ) ) ;
#9817 = CARTESIAN_POINT ( 'NONE',  ( 0.5000000000000003331, 9.499999999999991118, 2.100000000000000089 ) ) ;
#9818 = SURFACE_SIDE_STYLE ('',( #8967 ) ) ;
#9819 = ORIENTED_EDGE ( 'NONE', *, *, #4172, .T. ) ;
#9820 = CARTESIAN_POINT ( 'NONE',  ( -7.499999999999997335, -2.499999999999990230, 2.463966244037302911 ) ) ;
#9821 = LINE ( 'NONE', #1457, #4205 ) ;
#9822 = EDGE_CURVE ( 'NONE', #9307, #11752, #8828, .T. ) ;
#9823 = STYLED_ITEM ( 'NONE', ( #7898 ), #10997 ) ;
#9824 = LINE ( 'NONE', #576, #10662 ) ;
#9825 = COLOUR_RGB ( '',0.7529411764705882248, 0.7529411764705882248, 0.7529411764705882248 ) ;
#9826 = DIRECTION ( 'NONE',  ( -1.000000000000000000, 0.000000000000000000, 0.000000000000000000 ) ) ;
#9827 = SPHERICAL_SURFACE ( 'NONE', #11041, 1.486033755962697267 ) ;
#9828 = UNCERTAINTY_MEASURE_WITH_UNIT (LENGTH_MEASURE( 1.000000000000000082E-05 ), #4503, 'distance_accuracy_value', 'NONE');
#9829 = DIRECTION ( 'NONE',  ( -1.000000000000000000, -0.000000000000000000, -0.000000000000000000 ) ) ;
#9830 = AXIS2_PLACEMENT_3D ( 'NONE', #3543, #10802, #1636 ) ;
#9831 =( GEOMETRIC_REPRESENTATION_CONTEXT ( 3 ) GLOBAL_UNCERTAINTY_ASSIGNED_CONTEXT ( ( #9753 ) ) GLOBAL_UNIT_ASSIGNED_CONTEXT ( ( #2448, #9815, #10556 ) ) REPRESENTATION_CONTEXT ( 'NONE', 'WORKASPACE' ) );
#9832 = DIRECTION ( 'NONE',  ( -0.000000000000000000, -0.000000000000000000, 1.000000000000000000 ) ) ;
#9833 = EDGE_LOOP ( 'NONE', ( #9848, #3281 ) ) ;
#9834 = AXIS2_PLACEMENT_3D ( 'NONE', #3302, #6220, #9826 ) ;
#9835 =( NAMED_UNIT ( * ) PLANE_ANGLE_UNIT ( ) SI_UNIT ( $, .RADIAN. ) );
#9836 =( NAMED_UNIT ( * ) SI_UNIT ( $, .STERADIAN. ) SOLID_ANGLE_UNIT ( ) );
#9837 = CARTESIAN_POINT ( 'NONE',  ( -9.500000000000001776, 5.499999999999991118, 1.600000000000000089 ) ) ;
#9838 = ADVANCED_FACE ( 'NONE', ( #4697 ), #7464, .F. ) ;
#9839 = UNCERTAINTY_MEASURE_WITH_UNIT (LENGTH_MEASURE( 1.000000000000000082E-05 ), #7101, 'distance_accuracy_value', 'NONE');
#9840 = CARTESIAN_POINT ( 'NONE',  ( 6.013966244037302289, 7.500000000000007105, 2.100000000000000089 ) ) ;
#9841 = CYLINDRICAL_SURFACE ( 'NONE', #2762, 1.486033755962697267 ) ;
#9842 = STYLED_ITEM ( 'NONE', ( #9239 ), #11856 ) ;
#9844 = CARTESIAN_POINT ( 'NONE',  ( 7.500000000000000888, 2.500000000000007550, 2.463966244037302911 ) ) ;
#9843 = COLOUR_RGB ( '',0.7529411764705882248, 0.7529411764705882248, 0.7529411764705882248 ) ;
#9845 = VECTOR ( 'NONE', #10333, 1000.000000000000000 ) ;
#9846 = DIRECTION ( 'NONE',  ( -1.000000000000000000, 0.000000000000000000, 0.000000000000000000 ) ) ;
#9847 =( GEOMETRIC_REPRESENTATION_CONTEXT ( 3 ) GLOBAL_UNCERTAINTY_ASSIGNED_CONTEXT ( ( #10451 ) ) GLOBAL_UNIT_ASSIGNED_CONTEXT ( ( #2474, #7004, #10827 ) ) REPRESENTATION_CONTEXT ( 'NONE', 'WORKASPACE' ) );
#9848 = ORIENTED_EDGE ( 'NONE', *, *, #4306, .T. ) ;
#9849 = ORIENTED_EDGE ( 'NONE', *, *, #10809, .T. ) ;
#9850 = DIRECTION ( 'NONE',  ( 1.000000000000000000, 0.000000000000000000, 0.000000000000000000 ) ) ;
#9851 = DIRECTION ( 'NONE',  ( 0.000000000000000000, 0.000000000000000000, -1.000000000000000000 ) ) ;
#9852 = CARTESIAN_POINT ( 'NONE',  ( 4.500000000000001776, -0.4999999999999987232, 1.600000000000000089 ) ) ;
#9853 = VECTOR ( 'NONE', #234, 1000.000000000000000 ) ;
#9854 = DIRECTION ( 'NONE',  ( 0.000000000000000000, 1.000000000000000000, 0.000000000000000000 ) ) ;
#9855 = SURFACE_STYLE_USAGE ( .BOTH. , #5282 ) ;
#9856 =( GEOMETRIC_REPRESENTATION_CONTEXT ( 3 ) GLOBAL_UNCERTAINTY_ASSIGNED_CONTEXT ( ( #5044 ) ) GLOBAL_UNIT_ASSIGNED_CONTEXT ( ( #3311, #9278, #11957 ) ) REPRESENTATION_CONTEXT ( 'NONE', 'WORKASPACE' ) );
#9857 = EDGE_LOOP ( 'NONE', ( #4087, #3216, #3082, #186 ) ) ;
#9858 = EDGE_CURVE ( 'NONE', #8980, #10109, #8635, .T. ) ;
#9859 = VECTOR ( 'NONE', #7289, 1000.000000000000000 ) ;
#9860 = CARTESIAN_POINT ( 'NONE',  ( -14.99999999999999645, 0.000000000000000000, 1.600000000000000089 ) ) ;
#9861 = EDGE_CURVE ( 'NONE', #5936, #7143, #3960, .T. ) ;
#9862 = CARTESIAN_POINT ( 'NONE',  ( 0.000000000000000000, 0.000000000000000000, 2.100000000000000089 ) ) ;
#9863 = AXIS2_PLACEMENT_3D ( 'NONE', #7942, #3536, #5415 ) ;
#9864 = SURFACE_STYLE_USAGE ( .BOTH. , #6191 ) ;
#9865 = SURFACE_SIDE_STYLE ('',( #6192 ) ) ;
#9866 = ORIENTED_EDGE ( 'NONE', *, *, #2951, .T. ) ;
#9867 = AXIS2_PLACEMENT_3D ( 'NONE', #6492, #7382, #796 ) ;
#9868 = ORIENTED_EDGE ( 'NONE', *, *, #5761, .T. ) ;
#9869 = ORIENTED_EDGE ( 'NONE', *, *, #5761, .F. ) ;
#9870 = DIRECTION ( 'NONE',  ( 1.000000000000000000, 0.000000000000000000, 0.000000000000000000 ) ) ;
#9871 = UNCERTAINTY_MEASURE_WITH_UNIT (LENGTH_MEASURE( 1.000000000000000082E-05 ), #4485, 'distance_accuracy_value', 'NONE');
#9872 = CARTESIAN_POINT ( 'NONE',  ( -2.499999999999999556, 7.500000000000007994, 2.100000000000000089 ) ) ;
#9873 = ORIENTED_EDGE ( 'NONE', *, *, #5794, .F. ) ;
#9874 = STYLED_ITEM ( 'NONE', ( #9309 ), #6216 ) ;
#9875 = AXIS2_PLACEMENT_3D ( 'NONE', #7596, #4768, #2878 ) ;
#9876 = UNCERTAINTY_MEASURE_WITH_UNIT (LENGTH_MEASURE( 1.000000000000000082E-05 ), #10231, 'distance_accuracy_value', 'NONE');
#9877 = VECTOR ( 'NONE', #1423, 1000.000000000000000 ) ;
#9878 = DIRECTION ( 'NONE',  ( 0.000000000000000000, -1.000000000000000000, 0.000000000000000000 ) ) ;
#9879 = CARTESIAN_POINT ( 'NONE',  ( -7.499999999999999112, 8.986033755962706593, 2.463966244037302911 ) ) ;
#9880 = ORIENTED_EDGE ( 'NONE', *, *, #8809, .T. ) ;
#9881 = MECHANICAL_DESIGN_GEOMETRIC_PRESENTATION_REPRESENTATION (  '', ( #11617 ), #2146 ) ;
#9882 =( GEOMETRIC_REPRESENTATION_CONTEXT ( 3 ) GLOBAL_UNCERTAINTY_ASSIGNED_CONTEXT ( ( #8306 ) ) GLOBAL_UNIT_ASSIGNED_CONTEXT ( ( #4964, #1481, #7678 ) ) REPRESENTATION_CONTEXT ( 'NONE', 'WORKASPACE' ) );
#9883 = ORIENTED_EDGE ( 'NONE', *, *, #5945, .F. ) ;
#9884 = CARTESIAN_POINT ( 'NONE',  ( 0.000000000000000000, 0.000000000000000000, 2.100000000000000089 ) ) ;
#9885 =( NAMED_UNIT ( * ) PLANE_ANGLE_UNIT ( ) SI_UNIT ( $, .RADIAN. ) );
#9886 = MECHANICAL_DESIGN_GEOMETRIC_PRESENTATION_REPRESENTATION (  '', ( #3127 ), #406 ) ;
#9887 = CARTESIAN_POINT ( 'NONE',  ( -11.34999999999999609, 15.00000000000000000, 1.600000000000000089 ) ) ;
#9888 = EDGE_CURVE ( 'NONE', #3360, #9271, #1681, .T. ) ;
#9889 = ORIENTED_EDGE ( 'NONE', *, *, #2617, .T. ) ;
#9890 = FILL_AREA_STYLE ('',( #1514 ) ) ;
#9891 = AXIS2_PLACEMENT_3D ( 'NONE', #6073, #9748, #5290 ) ;
#9892 = EDGE_CURVE ( 'NONE', #10526, #7441, #4221, .T. ) ;
#9893 = DIRECTION ( 'NONE',  ( 1.000000000000000000, -1.224646799147353207E-16, 0.000000000000000000 ) ) ;
#9894 = SURFACE_STYLE_FILL_AREA ( #11722 ) ;
#9895 =( GEOMETRIC_REPRESENTATION_CONTEXT ( 3 ) GLOBAL_UNCERTAINTY_ASSIGNED_CONTEXT ( ( #7938 ) ) GLOBAL_UNIT_ASSIGNED_CONTEXT ( ( #10684, #7043, #1458 ) ) REPRESENTATION_CONTEXT ( 'NONE', 'WORKASPACE' ) );
#9896 = CIRCLE ( 'NONE', #9497, 1.600000000000002531 ) ;
#9897 = SURFACE_STYLE_FILL_AREA ( #2579 ) ;
#9898 = DIRECTION ( 'NONE',  ( -4.336808689942015764E-16, 1.000000000000000000, 0.000000000000000000 ) ) ;
#9899 = CARTESIAN_POINT ( 'NONE',  ( 5.499999999999998224, 5.499999999999991118, 2.100000000000000089 ) ) ;
#9900 = EDGE_CURVE ( 'NONE', #5719, #6908, #10429, .T. ) ;
#9901 = PRESENTATION_LAYER_ASSIGNMENT (  '', '', ( #2566 ) ) ;
#9902 = VECTOR ( 'NONE', #5069, 1000.000000000000000 ) ;
#9903 = DIRECTION ( 'NONE',  ( 1.000000000000000000, 0.000000000000000000, 0.000000000000000000 ) ) ;
#9904 = ADVANCED_FACE ( 'NONE', ( #1272, #6858 ), #7700, .F. ) ;
#9905 = LINE ( 'NONE', #7240, #11815 ) ;
#9906 = EDGE_LOOP ( 'NONE', ( #4721, #9666, #10723, #1993 ) ) ;
#9907 = DIRECTION ( 'NONE',  ( -1.000000000000000000, 0.000000000000000000, 0.000000000000000000 ) ) ;
#9908 = AXIS2_PLACEMENT_3D ( 'NONE', #9592, #2158, #7852 ) ;
#9909 = LINE ( 'NONE', #10319, #3195 ) ;
#9910 = AXIS2_PLACEMENT_3D ( 'NONE', #10677, #3414, #6339 ) ;
#9911 = DIRECTION ( 'NONE',  ( -0.000000000000000000, -0.000000000000000000, -1.000000000000000000 ) ) ;
#9912 = ORIENTED_EDGE ( 'NONE', *, *, #11268, .F. ) ;
#9913 = ADVANCED_FACE ( 'NONE', ( #8651 ), #5957, .F. ) ;
#9914 = VERTEX_POINT ( 'NONE', #1443 ) ;
#9915 = CARTESIAN_POINT ( 'NONE',  ( -4.500000000000001776, 9.499999999999992895, 2.100000000000000089 ) ) ;
#9916 = SURFACE_STYLE_FILL_AREA ( #8931 ) ;
#9917 = CIRCLE ( 'NONE', #8935, 1.386033755962696956 ) ;
#9918 = CARTESIAN_POINT ( 'NONE',  ( 5.500000000000000888, -9.499999999999994671, 2.100000000000000089 ) ) ;
#9919 = EDGE_LOOP ( 'NONE', ( #6602, #7649, #5109, #9099 ) ) ;
#9920 = FILL_AREA_STYLE ('',( #11615 ) ) ;
#9921 =( NAMED_UNIT ( * ) SI_UNIT ( $, .STERADIAN. ) SOLID_ANGLE_UNIT ( ) );
#9922 = MECHANICAL_DESIGN_GEOMETRIC_PRESENTATION_REPRESENTATION (  '', ( #2181 ), #8941 ) ;
#9923 = DIRECTION ( 'NONE',  ( 0.000000000000000000, 0.000000000000000000, -1.000000000000000000 ) ) ;
#9924 =( NAMED_UNIT ( * ) PLANE_ANGLE_UNIT ( ) SI_UNIT ( $, .RADIAN. ) );
#9925 = AXIS2_PLACEMENT_3D ( 'NONE', #8718, #10670, #9625 ) ;
#9926 = EDGE_CURVE ( 'NONE', #5730, #1784, #3454, .T. ) ;
#9927 =( LENGTH_UNIT ( ) NAMED_UNIT ( * ) SI_UNIT ( .MILLI., .METRE. ) );
#9928 = CARTESIAN_POINT ( 'NONE',  ( 2.499999999999999556, 7.500000000000007105, 2.463966244037302911 ) ) ;
#9929 = VERTEX_POINT ( 'NONE', #2563 ) ;
#9930 = ORIENTED_EDGE ( 'NONE', *, *, #8566, .F. ) ;
#9931 = ADVANCED_FACE ( 'NONE', ( #11566, #5358 ), #8957, .F. ) ;
#9932 = COLOUR_RGB ( '',1.000000000000000000, 1.000000000000000000, 0.000000000000000000 ) ;
#9933 = SURFACE_STYLE_FILL_AREA ( #10852 ) ;
#9934 = EDGE_LOOP ( 'NONE', ( #10905, #8279, #4728, #5485 ) ) ;
#9935 = DIRECTION ( 'NONE',  ( -0.000000000000000000, -0.000000000000000000, 1.000000000000000000 ) ) ;
#9936 = SURFACE_STYLE_FILL_AREA ( #5411 ) ;
#9937 = ORIENTED_EDGE ( 'NONE', *, *, #2361, .T. ) ;
#9938 = CARTESIAN_POINT ( 'NONE',  ( 9.500000000000001776, -5.499999999999994671, 2.100000000000000089 ) ) ;
#9939 = CIRCLE ( 'NONE', #2993, 1.486033755962697267 ) ;
#9940 = CARTESIAN_POINT ( 'NONE',  ( 0.000000000000000000, 0.000000000000000000, 2.100000000000000089 ) ) ;
#9941 = FILL_AREA_STYLE ('',( #2626 ) ) ;
#9942 = VECTOR ( 'NONE', #2542, 1000.000000000000000 ) ;
#9943 = PRESENTATION_STYLE_ASSIGNMENT (( #6275 ) ) ;
#9944 = EDGE_LOOP ( 'NONE', ( #7383, #8741, #5341, #2485, #3675 ) ) ;
#9945 = ORIENTED_EDGE ( 'NONE', *, *, #1695, .F. ) ;
#9946 = VECTOR ( 'NONE', #11329, 1000.000000000000000 ) ;
#9947 = SURFACE_STYLE_USAGE ( .BOTH. , #693 ) ;
#9948 = CARTESIAN_POINT ( 'NONE',  ( 6.113966244037303710, 2.500000000000007550, 2.100000000000000089 ) ) ;
#9949 = ORIENTED_EDGE ( 'NONE', *, *, #2880, .T. ) ;
#9950 = VECTOR ( 'NONE', #4074, 1000.000000000000000 ) ;
#9951 = SURFACE_STYLE_FILL_AREA ( #11535 ) ;
#9952 = DIRECTION ( 'NONE',  ( 1.000000000000000000, 0.000000000000000000, 0.000000000000000000 ) ) ;
#9953 = SURFACE_STYLE_FILL_AREA ( #11959 ) ;
#9954 = STYLED_ITEM ( 'NONE', ( #10890 ), #3177 ) ;
#9955 = CARTESIAN_POINT ( 'NONE',  ( -4.500000000000000000, -0.4999999999999970024, 2.100000000000000089 ) ) ;
#9956 = UNCERTAINTY_MEASURE_WITH_UNIT (LENGTH_MEASURE( 1.000000000000000082E-05 ), #8207, 'distance_accuracy_value', 'NONE');
#9957 = DIRECTION ( 'NONE',  ( -0.000000000000000000, -0.000000000000000000, 1.000000000000000000 ) ) ;
#9958 = FILL_AREA_STYLE ('',( #8976 ) ) ;
#9959 = DIRECTION ( 'NONE',  ( 0.000000000000000000, 0.000000000000000000, -1.000000000000000000 ) ) ;
#9960 = CARTESIAN_POINT ( 'NONE',  ( 7.500000000000000000, 7.500000000000007105, 2.463966244037302911 ) ) ;
#9961 = ORIENTED_EDGE ( 'NONE', *, *, #10010, .T. ) ;
#9962 = DIRECTION ( 'NONE',  ( -0.000000000000000000, -0.000000000000000000, 1.000000000000000000 ) ) ;
#9963 = SURFACE_SIDE_STYLE ('',( #7116 ) ) ;
#9964 = UNCERTAINTY_MEASURE_WITH_UNIT (LENGTH_MEASURE( 1.000000000000000082E-05 ), #3895, 'distance_accuracy_value', 'NONE');
#9965 = PLANE ( 'NONE',  #8901 ) ;
#9966 = DIRECTION ( 'NONE',  ( -0.000000000000000000, -0.000000000000000000, -1.000000000000000000 ) ) ;
#9967 = VECTOR ( 'NONE', #9163, 1000.000000000000000 ) ;
#9968 = CARTESIAN_POINT ( 'NONE',  ( -3.886033755962694958, -2.499999999999991118, 2.100000000000000089 ) ) ;
#9969 = CARTESIAN_POINT ( 'NONE',  ( -2.604026083246159029, -12.34027113312490620, 1.600000000000000089 ) ) ;
#9970 = ORIENTED_EDGE ( 'NONE', *, *, #2159, .T. ) ;
#9971 = SURFACE_SIDE_STYLE ('',( #6420 ) ) ;
#9972 = EDGE_LOOP ( 'NONE', ( #9388, #4018, #731, #11642 ) ) ;
#9973 = DIRECTION ( 'NONE',  ( 1.000000000000000000, 0.000000000000000000, 0.000000000000000000 ) ) ;
#9974 = PRODUCT ( 'ILR-ON16-YELL-SC211-WIR200', 'ILR-ON16-YELL-SC211-WIR200', '', ( #6113 ) ) ;
#9975 = FILL_AREA_STYLE_COLOUR ( '', #4190 ) ;
#9976 = DIRECTION ( 'NONE',  ( -0.000000000000000000, -0.000000000000000000, 1.000000000000000000 ) ) ;
#9977 = DIRECTION ( 'NONE',  ( -1.000000000000000000, 0.000000000000000000, 0.000000000000000000 ) ) ;
#9978 = VECTOR ( 'NONE', #10067, 1000.000000000000000 ) ;
#9979 = FACE_OUTER_BOUND ( 'NONE', #11148, .T. ) ;
#9980 = FACE_OUTER_BOUND ( 'NONE', #4805, .T. ) ;
#9981 = EDGE_LOOP ( 'NONE', ( #4250, #141, #1199, #9072 ) ) ;
#9982 = PRESENTATION_STYLE_ASSIGNMENT (( #495 ) ) ;
#9983 = EDGE_CURVE ( 'NONE', #10109, #8980, #11960, .T. ) ;
#9984 = PRESENTATION_STYLE_ASSIGNMENT (( #4421 ) ) ;
#9985 = CARTESIAN_POINT ( 'NONE',  ( -0.4999999999999987232, -0.5000000000000004441, 2.100000000000000089 ) ) ;
#9986 = EDGE_CURVE ( 'NONE', #706, #22, #8641, .T. ) ;
#9987 = FILL_AREA_STYLE_COLOUR ( '', #7528 ) ;
#9988 = FILL_AREA_STYLE ('',( #10969 ) ) ;
#9989 = VERTEX_POINT ( 'NONE', #4435 ) ;
#9990 = VERTEX_POINT ( 'NONE', #8833 ) ;
#9991 = EDGE_LOOP ( 'NONE', ( #8459, #9503, #6809, #4673, #5446, #897 ) ) ;
#9992 = ORIENTED_EDGE ( 'NONE', *, *, #11524, .T. ) ;
#9993 = CARTESIAN_POINT ( 'NONE',  ( 3.937931398013199136, 13.31951383669077771, 1.610000000000000098 ) ) ;
#9994 = DIRECTION ( 'NONE',  ( -0.000000000000000000, 1.000000000000000000, -0.000000000000000000 ) ) ;
#9995 = ORIENTED_EDGE ( 'NONE', *, *, #4960, .F. ) ;
#9996 = FACE_OUTER_BOUND ( 'NONE', #5886, .T. ) ;
#9997 = COLOUR_RGB ( '',0.5019607843137254832, 0.5019607843137254832, 0.5019607843137254832 ) ;
#9998 = UNCERTAINTY_MEASURE_WITH_UNIT (LENGTH_MEASURE( 1.000000000000000082E-05 ), #1326, 'distance_accuracy_value', 'NONE');
#9999 = ADVANCED_FACE ( 'NONE', ( #7944 ), #6143, .F. ) ;
#10000 = EDGE_CURVE ( 'NONE', #5849, #11246, #11761, .T. ) ;
#10001 = SURFACE_STYLE_FILL_AREA ( #81 ) ;
#10002 = EDGE_LOOP ( 'NONE', ( #4175, #2511 ) ) ;
#10003 = MECHANICAL_DESIGN_GEOMETRIC_PRESENTATION_REPRESENTATION (  '', ( #10978 ), #4796 ) ;
#10004 = ORIENTED_EDGE ( 'NONE', *, *, #9560, .T. ) ;
#10005 = FACE_OUTER_BOUND ( 'NONE', #1821, .T. ) ;
#10006 = FACE_OUTER_BOUND ( 'NONE', #11035, .T. ) ;
#10007 = ORIENTED_EDGE ( 'NONE', *, *, #11400, .F. ) ;
#10008 = SPHERICAL_SURFACE ( 'NONE', #10791, 1.386033755962696956 ) ;
#10009 = DIRECTION ( 'NONE',  ( -1.000000000000000000, 0.000000000000000000, 0.000000000000000000 ) ) ;
#10010 = EDGE_CURVE ( 'NONE', #7931, #10349, #4624, .T. ) ;
#10011 = STYLED_ITEM ( 'NONE', ( #2016 ), #9784 ) ;
#10012 = PRESENTATION_STYLE_ASSIGNMENT (( #4398 ) ) ;
#10013 = DIRECTION ( 'NONE',  ( 0.000000000000000000, 0.000000000000000000, 1.000000000000000000 ) ) ;
#10014 = ORIENTED_EDGE ( 'NONE', *, *, #10741, .F. ) ;
#10015 = SPHERICAL_SURFACE ( 'NONE', #10940, 1.386033755962696956 ) ;
#10016 = MECHANICAL_DESIGN_GEOMETRIC_PRESENTATION_REPRESENTATION (  '', ( #198 ), #4264 ) ;
#10017 = SURFACE_STYLE_USAGE ( .BOTH. , #2648 ) ;
#10018 = ADVANCED_FACE ( 'NONE', ( #3408 ), #5547, .F. ) ;
#10019 =( NAMED_UNIT ( * ) PLANE_ANGLE_UNIT ( ) SI_UNIT ( $, .RADIAN. ) );
#10020 = PRESENTATION_LAYER_ASSIGNMENT (  '', '', ( #1504 ) ) ;
#10021 = CARTESIAN_POINT ( 'NONE',  ( -2.499999999999997780, -7.499999999999991118, 2.463966244037302911 ) ) ;
#10022 = AXIS2_PLACEMENT_3D ( 'NONE', #9884, #11767, #5494 ) ;
#10023 = EDGE_LOOP ( 'NONE', ( #1772, #443 ) ) ;
#10024 = AXIS2_PLACEMENT_3D ( 'NONE', #6760, #11409, #10387 ) ;
#10025 = ORIENTED_EDGE ( 'NONE', *, *, #4828, .T. ) ;
#10026 = CARTESIAN_POINT ( 'NONE',  ( -7.499999999999997335, -3.986033755962687497, 2.463966244037302911 ) ) ;
#10027 = FILL_AREA_STYLE_COLOUR ( '', #2086 ) ;
#10028 = SURFACE_STYLE_FILL_AREA ( #10774 ) ;
#10029 = DIRECTION ( 'NONE',  ( -1.000000000000000000, -0.000000000000000000, -0.000000000000000000 ) ) ;
#10030 = EDGE_LOOP ( 'NONE', ( #4374, #4184, #7096, #10084 ) ) ;
#10031 = CARTESIAN_POINT ( 'NONE',  ( 7.500000000000002665, -7.499999999999992895, 2.463966244037302911 ) ) ;
#10032 = CIRCLE ( 'NONE', #8115, 1.486033755962697267 ) ;
#10033 = DIRECTION ( 'NONE',  ( 1.000000000000000000, 0.000000000000000000, 0.000000000000000000 ) ) ;
#10035 = VECTOR ( 'NONE', #7662, 1000.000000000000114 ) ;
#10034 = SURFACE_STYLE_FILL_AREA ( #3805 ) ;
#10036 =( GEOMETRIC_REPRESENTATION_CONTEXT ( 3 ) GLOBAL_UNCERTAINTY_ASSIGNED_CONTEXT ( ( #8737 ) ) GLOBAL_UNIT_ASSIGNED_CONTEXT ( ( #4614, #7205, #728 ) ) REPRESENTATION_CONTEXT ( 'NONE', 'WORKASPACE' ) );
#10037 = DIRECTION ( 'NONE',  ( -1.000000000000000000, 0.000000000000000000, -0.000000000000000000 ) ) ;
#10038 = CARTESIAN_POINT ( 'NONE',  ( 1.113966244037303488, 2.500000000000007550, 2.100000000000000089 ) ) ;
#10039 = EDGE_LOOP ( 'NONE', ( #9599, #2716, #3699, #8627 ) ) ;
#10040 = ORIENTED_EDGE ( 'NONE', *, *, #6025, .T. ) ;
#10041 = EDGE_LOOP ( 'NONE', ( #11338, #1309, #8533, #8630, #7038 ) ) ;
#10042 = ADVANCED_FACE ( 'NONE', ( #7089, #2803 ), #1869, .F. ) ;
#10043 = COLOUR_RGB ( '',1.000000000000000000, 1.000000000000000000, 0.000000000000000000 ) ;
#10044 = SURFACE_SIDE_STYLE ('',( #1804 ) ) ;
#10045 = ORIENTED_EDGE ( 'NONE', *, *, #5491, .T. ) ;
#10046 = CARTESIAN_POINT ( 'NONE',  ( 7.500000000000001776, -2.499999999999992895, 2.463966244037302911 ) ) ;
#10047 = AXIS2_PLACEMENT_3D ( 'NONE', #7481, #1123, #5806 ) ;
#10048 = DIRECTION ( 'NONE',  ( -0.000000000000000000, -1.000000000000000000, -0.000000000000000000 ) ) ;
#10049 = EDGE_CURVE ( 'NONE', #3591, #5704, #3956, .T. ) ;
#10050 = VERTEX_POINT ( 'NONE', #9206 ) ;
#10051 = FACE_OUTER_BOUND ( 'NONE', #6682, .T. ) ;
#10052 = FILL_AREA_STYLE ('',( #4682 ) ) ;
#10053 = CIRCLE ( 'NONE', #8512, 0.1999022841403194084 ) ;
#10054 = STYLED_ITEM ( 'NONE', ( #10788 ), #1597 ) ;
#10055 = FACE_BOUND ( 'NONE', #3290, .T. ) ;
#10056 = CARTESIAN_POINT ( 'NONE',  ( -4.252356890137750867, -13.99999999999999822, 1.600000000000000089 ) ) ;
#10057 = PRESENTATION_LAYER_ASSIGNMENT (  '', '', ( #10443 ) ) ;
#10058 =( GEOMETRIC_REPRESENTATION_CONTEXT ( 3 ) GLOBAL_UNCERTAINTY_ASSIGNED_CONTEXT ( ( #11656 ) ) GLOBAL_UNIT_ASSIGNED_CONTEXT ( ( #2115, #7748, #11383 ) ) REPRESENTATION_CONTEXT ( 'NONE', 'WORKASPACE' ) );
#10059 = EDGE_LOOP ( 'NONE', ( #6464, #6075, #1558, #11512 ) ) ;
#10060 = ORIENTED_EDGE ( 'NONE', *, *, #7546, .F. ) ;
#10061 = EDGE_CURVE ( 'NONE', #11272, #10112, #7331, .T. ) ;
#10062 = FILL_AREA_STYLE_COLOUR ( '', #1702 ) ;
#10063 =( GEOMETRIC_REPRESENTATION_CONTEXT ( 3 ) GLOBAL_UNCERTAINTY_ASSIGNED_CONTEXT ( ( #1387 ) ) GLOBAL_UNIT_ASSIGNED_CONTEXT ( ( #4730, #1980, #3578 ) ) REPRESENTATION_CONTEXT ( 'NONE', 'WORKASPACE' ) );
#10064 = AXIS2_PLACEMENT_3D ( 'NONE', #11302, #6578, #5749 ) ;
#10065 = DIRECTION ( 'NONE',  ( 1.000000000000000000, 0.000000000000000000, 0.000000000000000000 ) ) ;
#10066 = ORIENTED_EDGE ( 'NONE', *, *, #5786, .T. ) ;
#10067 = DIRECTION ( 'NONE',  ( -0.000000000000000000, 1.000000000000000000, -0.000000000000000000 ) ) ;
#10068 = SURFACE_STYLE_FILL_AREA ( #7790 ) ;
#10069 = SURFACE_STYLE_USAGE ( .BOTH. , #8858 ) ;
#10070 = STYLED_ITEM ( 'NONE', ( #2551 ), #4308 ) ;
#10071 = STYLED_ITEM ( 'NONE', ( #7014 ), #3566 ) ;
#10072 = DIRECTION ( 'NONE',  ( -0.000000000000000000, -0.000000000000000000, 1.000000000000000000 ) ) ;
#10073 = VECTOR ( 'NONE', #4595, 1000.000000000000000 ) ;
#10074 = MECHANICAL_DESIGN_GEOMETRIC_PRESENTATION_REPRESENTATION (  '', ( #7747 ), #3891 ) ;
#10075 = CARTESIAN_POINT ( 'NONE',  ( 7.500000000000000888, 2.500000000000007550, 2.463966244037302911 ) ) ;
#10076 = STYLED_ITEM ( 'NONE', ( #1799 ), #4393 ) ;
#10077 = EDGE_CURVE ( 'NONE', #4117, #11558, #4346, .T. ) ;
#10078 = CARTESIAN_POINT ( 'NONE',  ( 4.000000000000003553, 13.99999999999999822, 1.999999999999999556 ) ) ;
#10079 = DIRECTION ( 'NONE',  ( -0.000000000000000000, 0.000000000000000000, 1.000000000000000000 ) ) ;
#10080 = PRESENTATION_STYLE_ASSIGNMENT (( #7693 ) ) ;
#10081 = SPHERICAL_SURFACE ( 'NONE', #2493, 1.386033755962696956 ) ;
#10082 = SURFACE_SIDE_STYLE ('',( #10883 ) ) ;
#10083 = ADVANCED_FACE ( 'NONE', ( #8187 ), #11881, .F. ) ;
#10084 = ORIENTED_EDGE ( 'NONE', *, *, #7567, .T. ) ;
#10085 = STYLED_ITEM ( 'NONE', ( #7233 ), #6755 ) ;
#10086 = STYLED_ITEM ( 'NONE', ( #4034 ), #812 ) ;
#10087 = DIRECTION ( 'NONE',  ( 0.000000000000000000, 0.000000000000000000, -1.000000000000000000 ) ) ;
#10088 = UNCERTAINTY_MEASURE_WITH_UNIT (LENGTH_MEASURE( 1.000000000000000082E-05 ), #11896, 'distance_accuracy_value', 'NONE');
#10089 = CARTESIAN_POINT ( 'NONE',  ( -1.113966244037300823, -7.499999999999991118, 2.463966244037302911 ) ) ;
#10090 = CIRCLE ( 'NONE', #2363, 1.386033755962696956 ) ;
#10091 = ORIENTED_EDGE ( 'NONE', *, *, #2944, .F. ) ;
#10092 = CARTESIAN_POINT ( 'NONE',  ( 1.113966244037303488, 2.500000000000007550, 2.463966244037302911 ) ) ;
#10093 = ORIENTED_EDGE ( 'NONE', *, *, #3700, .T. ) ;
#10094 = CARTESIAN_POINT ( 'NONE',  ( 0.5000000000000018874, -0.4999999999999987232, 2.100000000000000089 ) ) ;
#10095 = DIRECTION ( 'NONE',  ( -1.000000000000000000, -4.336808689942015764E-16, 0.000000000000000000 ) ) ;
#10096 = CARTESIAN_POINT ( 'NONE',  ( -7.499999999999997335, -2.499999999999990230, 2.463966244037302911 ) ) ;
#10097 = DIRECTION ( 'NONE',  ( 1.000000000000000000, 0.000000000000000000, 0.000000000000000000 ) ) ;
#10098 = CARTESIAN_POINT ( 'NONE',  ( 0.5000000000000017764, -4.499999999999998224, 2.100000000000000089 ) ) ;
#10099 = ORIENTED_EDGE ( 'NONE', *, *, #8522, .T. ) ;
#10100 =( LENGTH_UNIT ( ) NAMED_UNIT ( * ) SI_UNIT ( .MILLI., .METRE. ) );
#10101 = VECTOR ( 'NONE', #1365, 1000.000000000000000 ) ;
#10102 = PRESENTATION_LAYER_ASSIGNMENT (  '', '', ( #3339 ) ) ;
#10103 = CARTESIAN_POINT ( 'NONE',  ( -4.500000000000001776, 5.499999999999991118, 1.600000000000000089 ) ) ;
#10104 = CARTESIAN_POINT ( 'NONE',  ( -2.499999999999999556, 7.500000000000007994, 2.463966244037302911 ) ) ;
#10105 = DIRECTION ( 'NONE',  ( -0.000000000000000000, -0.000000000000000000, -1.000000000000000000 ) ) ;
#10106 = AXIS2_PLACEMENT_3D ( 'NONE', #6868, #274, #6754 ) ;
#10107 = DIRECTION ( 'NONE',  ( -1.000000000000000000, 0.000000000000000000, 0.000000000000000000 ) ) ;
#10108 = LINE ( 'NONE', #8357, #1174 ) ;
#10109 = VERTEX_POINT ( 'NONE', #5779 ) ;
#10110 = VERTEX_POINT ( 'NONE', #3944 ) ;
#10111 =( GEOMETRIC_REPRESENTATION_CONTEXT ( 3 ) GLOBAL_UNCERTAINTY_ASSIGNED_CONTEXT ( ( #5782 ) ) GLOBAL_UNIT_ASSIGNED_CONTEXT ( ( #3788, #8400, #9296 ) ) REPRESENTATION_CONTEXT ( 'NONE', 'WORKASPACE' ) );
#10112 = VERTEX_POINT ( 'NONE', #1256 ) ;
#10113 =( LENGTH_UNIT ( ) NAMED_UNIT ( * ) SI_UNIT ( .MILLI., .METRE. ) );
#10114 = ORIENTED_EDGE ( 'NONE', *, *, #11125, .F. ) ;
#10115 = CARTESIAN_POINT ( 'NONE',  ( 2.499999999999999556, 7.500000000000007105, 2.463966244037302911 ) ) ;
#10116 = SURFACE_STYLE_USAGE ( .BOTH. , #7328 ) ;
#10117 = EDGE_LOOP ( 'NONE', ( #5750, #7211, #6435, #9380 ) ) ;
#10118 = VECTOR ( 'NONE', #358, 1000.000000000000000 ) ;
#10119 = CARTESIAN_POINT ( 'NONE',  ( -7.499999999999999112, 7.500000000000007994, 2.100000000000000089 ) ) ;
#10120 = UNCERTAINTY_MEASURE_WITH_UNIT (LENGTH_MEASURE( 1.000000000000000082E-05 ), #6967, 'distance_accuracy_value', 'NONE');
#10121 = PRESENTATION_STYLE_ASSIGNMENT (( #9025 ) ) ;
#10122 = EDGE_CURVE ( 'NONE', #1432, #8360, #11690, .T. ) ;
#10123 = VECTOR ( 'NONE', #7128, 1000.000000000000000 ) ;
#10124 = VERTEX_POINT ( 'NONE', #3155 ) ;
#10125 = EDGE_LOOP ( 'NONE', ( #7829, #3638, #5631, #8142, #5334 ) ) ;
#10126 = UNCERTAINTY_MEASURE_WITH_UNIT (LENGTH_MEASURE( 1.000000000000000082E-05 ), #510, 'distance_accuracy_value', 'NONE');
#10127 = VECTOR ( 'NONE', #499, 1000.000000000000000 ) ;
#10128 = CARTESIAN_POINT ( 'NONE',  ( -11.34999999999999254, -11.35000000000000142, 0.000000000000000000 ) ) ;
#10129 =( NAMED_UNIT ( * ) PLANE_ANGLE_UNIT ( ) SI_UNIT ( $, .RADIAN. ) );
#10130 = VERTEX_POINT ( 'NONE', #11492 ) ;
#10131 = DIRECTION ( 'NONE',  ( 5.421010862427526484E-17, 1.000000000000000000, 0.000000000000000000 ) ) ;
#10132 = DIRECTION ( 'NONE',  ( -0.000000000000000000, -0.000000000000000000, 1.000000000000000000 ) ) ;
#10133 = SURFACE_STYLE_USAGE ( .BOTH. , #6401 ) ;
#10134 = CARTESIAN_POINT ( 'NONE',  ( -2.499999999999997780, -2.499999999999991118, 2.100000000000000089 ) ) ;
#10135 = EDGE_CURVE ( 'NONE', #6535, #3785, #6093, .T. ) ;
#10136 = VECTOR ( 'NONE', #11153, 1000.000000000000000 ) ;
#10137 = AXIS2_PLACEMENT_3D ( 'NONE', #4567, #9262, #6560 ) ;
#10138 = DIRECTION ( 'NONE',  ( -1.000000000000000000, -2.168404344971008868E-16, 0.000000000000000000 ) ) ;
#10139 = DIRECTION ( 'NONE',  ( -1.000000000000000000, 1.224646799147353207E-16, 0.000000000000000000 ) ) ;
#10140 = PRESENTATION_LAYER_ASSIGNMENT (  '', '', ( #674 ) ) ;
#10141 = SURFACE_SIDE_STYLE ('',( #7470 ) ) ;
#10142 = DIRECTION ( 'NONE',  ( -0.000000000000000000, -0.000000000000000000, 1.000000000000000000 ) ) ;
#10143 = ORIENTED_EDGE ( 'NONE', *, *, #7203, .T. ) ;
#10144 = LINE ( 'NONE', #3786, #6118 ) ;
#10145 = CIRCLE ( 'NONE', #4936, 1.386033755962696068 ) ;
#10146 = CARTESIAN_POINT ( 'NONE',  ( 0.5000000000000009992, 4.499999999999996447, 2.100000000000000089 ) ) ;
#10147 = CARTESIAN_POINT ( 'NONE',  ( -9.500000000000000000, -4.499999999999999112, 1.600000000000000089 ) ) ;
#10148 = EDGE_CURVE ( 'NONE', #1719, #2423, #8537, .T. ) ;
#10149 = EDGE_CURVE ( 'NONE', #9376, #4965, #8700, .T. ) ;
#10150 = CARTESIAN_POINT ( 'NONE',  ( -3.986033755962696823, 7.500000000000007994, 2.463966244037302911 ) ) ;
#10151 = VECTOR ( 'NONE', #1975, 1000.000000000000000 ) ;
#10152 = ORIENTED_EDGE ( 'NONE', *, *, #3276, .T. ) ;
#10153 = DIRECTION ( 'NONE',  ( 0.000000000000000000, -1.000000000000000000, 0.000000000000000000 ) ) ;
#10154 = PLANE ( 'NONE',  #11183 ) ;
#10155 = DIRECTION ( 'NONE',  ( 1.000000000000000000, 0.000000000000000000, 0.000000000000000000 ) ) ;
#10156 = SPHERICAL_SURFACE ( 'NONE', #5419, 1.486033755962697267 ) ;
#10157 =( LENGTH_UNIT ( ) NAMED_UNIT ( * ) SI_UNIT ( .MILLI., .METRE. ) );
#10158 = CARTESIAN_POINT ( 'NONE',  ( 5.500000000000000000, -4.499999999999999112, 2.100000000000000089 ) ) ;
#10159 = ORIENTED_EDGE ( 'NONE', *, *, #11387, .T. ) ;
#10160 = DIRECTION ( 'NONE',  ( 0.000000000000000000, 0.000000000000000000, -1.000000000000000000 ) ) ;
#10161 = CARTESIAN_POINT ( 'NONE',  ( 2.500000000000001332, -2.499999999999992006, 3.950000000000000178 ) ) ;
#10162 = COLOUR_RGB ( '',0.7529411764705882248, 0.7529411764705882248, 0.7529411764705882248 ) ;
#10163 = DIRECTION ( 'NONE',  ( 0.000000000000000000, 1.000000000000000000, 0.000000000000000000 ) ) ;
#10164 = LINE ( 'NONE', #5591, #4044 ) ;
#10165 = PRESENTATION_STYLE_ASSIGNMENT (( #9250 ) ) ;
#10166 = COLOUR_RGB ( '',1.000000000000000000, 1.000000000000000000, 0.000000000000000000 ) ;
#10167 = CARTESIAN_POINT ( 'NONE',  ( 0.5000000000000002220, 5.499999999999992006, 2.100000000000000089 ) ) ;
#10168 = EDGE_LOOP ( 'NONE', ( #8578, #3419, #5826, #1691, #2616, #3531, #1321, #7515 ) ) ;
#10169 = DIRECTION ( 'NONE',  ( 0.000000000000000000, 0.000000000000000000, -1.000000000000000000 ) ) ;
#10170 = ORIENTED_EDGE ( 'NONE', *, *, #8483, .T. ) ;
#10171 = ORIENTED_EDGE ( 'NONE', *, *, #9774, .T. ) ;
#10172 = CARTESIAN_POINT ( 'NONE',  ( -5.500000000000000000, 0.4999999999999978351, 2.100000000000000089 ) ) ;
#10173 = ORIENTED_EDGE ( 'NONE', *, *, #10226, .T. ) ;
#10174 = CARTESIAN_POINT ( 'NONE',  ( 5.499999999999999112, 4.499999999999998224, 2.100000000000000089 ) ) ;
#10175 = EDGE_LOOP ( 'NONE', ( #8818, #1251, #9557, #9291 ) ) ;
#10176 = CARTESIAN_POINT ( 'NONE',  ( -8.886033755962696290, 2.500000000000009326, 2.100000000000000089 ) ) ;
#10177 =( LENGTH_UNIT ( ) NAMED_UNIT ( * ) SI_UNIT ( .MILLI., .METRE. ) );
#10178 = CIRCLE ( 'NONE', #5565, 1.486033755962697267 ) ;
#10179 = FACE_BOUND ( 'NONE', #4592, .T. ) ;
#10180 = DIRECTION ( 'NONE',  ( 1.000000000000000000, 0.000000000000000000, 0.000000000000000000 ) ) ;
#10181 = ORIENTED_EDGE ( 'NONE', *, *, #6592, .T. ) ;
#10182 = ORIENTED_EDGE ( 'NONE', *, *, #987, .T. ) ;
#10183 = DIRECTION ( 'NONE',  ( -0.000000000000000000, -0.000000000000000000, 1.000000000000000000 ) ) ;
#10184 = PRESENTATION_LAYER_ASSIGNMENT (  '', '', ( #2456 ) ) ;
#10185 = DIRECTION ( 'NONE',  ( 1.000000000000000000, 0.000000000000000000, 0.000000000000000000 ) ) ;
#10186 = CYLINDRICAL_SURFACE ( 'NONE', #8562, 0.1999999999999996503 ) ;
#10187 = ORIENTED_EDGE ( 'NONE', *, *, #11155, .F. ) ;
#10188 = DIRECTION ( 'NONE',  ( -0.000000000000000000, -0.000000000000000000, -1.000000000000000000 ) ) ;
#10189 = SURFACE_SIDE_STYLE ('',( #9216 ) ) ;
#10190 = CARTESIAN_POINT ( 'NONE',  ( -5.395973916753827204, -12.34027113312490620, 1.600000000000000089 ) ) ;
#10191 = FILL_AREA_STYLE_COLOUR ( '', #3055 ) ;
#10192 = DIRECTION ( 'NONE',  ( 1.000000000000000000, -1.224646799147353207E-16, 0.000000000000000000 ) ) ;
#10193 = DIRECTION ( 'NONE',  ( -0.000000000000000000, -0.000000000000000000, 1.000000000000000000 ) ) ;
#10194 = DIRECTION ( 'NONE',  ( -1.000000000000000000, 0.000000000000000000, 0.000000000000000000 ) ) ;
#10195 = VECTOR ( 'NONE', #8666, 1000.000000000000000 ) ;
#10196 = CIRCLE ( 'NONE', #4983, 1.386033755962696956 ) ;
#10197 = CARTESIAN_POINT ( 'NONE',  ( 2.499999999999999556, 8.886033755962703395, 2.463966244037302911 ) ) ;
#10198 = CARTESIAN_POINT ( 'NONE',  ( 7.500000000000000888, 2.500000000000007550, 2.463966244037302911 ) ) ;
#10199 = DIRECTION ( 'NONE',  ( -4.336808689942016750E-16, -1.000000000000000000, 0.000000000000000000 ) ) ;
#10200 = SURFACE_STYLE_FILL_AREA ( #44 ) ;
#10201 = ORIENTED_EDGE ( 'NONE', *, *, #10906, .F. ) ;
#10202 = EDGE_CURVE ( 'NONE', #5715, #5709, #10586, .T. ) ;
#10203 = FILL_AREA_STYLE_COLOUR ( '', #7644 ) ;
#10204 = ADVANCED_FACE ( 'NONE', ( #7626 ), #192, .F. ) ;
#10205 = SURFACE_STYLE_FILL_AREA ( #6529 ) ;
#10206 = STYLED_ITEM ( 'NONE', ( #7429 ), #10983 ) ;
#10207 = SURFACE_STYLE_FILL_AREA ( #49 ) ;
#10208 = FILL_AREA_STYLE ('',( #9121 ) ) ;
#10209 = CARTESIAN_POINT ( 'NONE',  ( 0.000000000000000000, 0.000000000000000000, 2.100000000000000089 ) ) ;
#10210 = PRESENTATION_LAYER_ASSIGNMENT (  '', '', ( #1885 ) ) ;
#10211 = ORIENTED_EDGE ( 'NONE', *, *, #4348, .F. ) ;
#10212 = COLOUR_RGB ( '',1.000000000000000000, 1.000000000000000000, 0.000000000000000000 ) ;
#10213 = DIRECTION ( 'NONE',  ( -1.000000000000000000, 0.000000000000000000, -0.000000000000000000 ) ) ;
#10214 = EDGE_CURVE ( 'NONE', #2615, #7339, #8765, .T. ) ;
#10215 = FILL_AREA_STYLE_COLOUR ( '', #5135 ) ;
#10216 = EDGE_LOOP ( 'NONE', ( #6278, #698, #11142, #54 ) ) ;
#10217 = DIRECTION ( 'NONE',  ( 1.000000000000000000, 0.000000000000000000, 0.000000000000000000 ) ) ;
#10218 = CARTESIAN_POINT ( 'NONE',  ( 4.000000000000003553, 65.00000000000000000, 1.477999999999999758 ) ) ;
#10219 = FILL_AREA_STYLE ('',( #4609 ) ) ;
#10220 = PRESENTATION_STYLE_ASSIGNMENT (( #8467 ) ) ;
#10221 = CARTESIAN_POINT ( 'NONE',  ( 9.500000000000000000, 9.499999999999991118, 1.600000000000000089 ) ) ;
#10222 = ORIENTED_EDGE ( 'NONE', *, *, #3947, .F. ) ;
#10223 = SURFACE_SIDE_STYLE ('',( #1087 ) ) ;
#10224 = ORIENTED_EDGE ( 'NONE', *, *, #6026, .F. ) ;
#10225 = VERTEX_POINT ( 'NONE', #11382 ) ;
#10226 = EDGE_CURVE ( 'NONE', #3535, #6780, #1207, .T. ) ;
#10227 = FILL_AREA_STYLE ('',( #3695 ) ) ;
#10228 = VERTEX_POINT ( 'NONE', #8820 ) ;
#10229 = CARTESIAN_POINT ( 'NONE',  ( -1.013966244037300513, -7.499999999999991118, 2.100000000000000089 ) ) ;
#10230 = EDGE_CURVE ( 'NONE', #10641, #5162, #2426, .T. ) ;
#10231 =( LENGTH_UNIT ( ) NAMED_UNIT ( * ) SI_UNIT ( .MILLI., .METRE. ) );
#10232 = ORIENTED_EDGE ( 'NONE', *, *, #2843, .T. ) ;
#10233 = ADVANCED_FACE ( 'NONE', ( #8108 ), #7202, .T. ) ;
#10234 = CIRCLE ( 'NONE', #9834, 1.486033755962697267 ) ;
#10235 = DIRECTION ( 'NONE',  ( 0.000000000000000000, 1.000000000000000000, 0.000000000000000000 ) ) ;
#10236 = CARTESIAN_POINT ( 'NONE',  ( -2.499999999999999556, 2.500000000000009326, 2.463966244037302911 ) ) ;
#10237 = UNCERTAINTY_MEASURE_WITH_UNIT (LENGTH_MEASURE( 1.000000000000000082E-05 ), #324, 'distance_accuracy_value', 'NONE');
#10238 = LINE ( 'NONE', #1936, #3170 ) ;
#10239 = AXIS2_PLACEMENT_3D ( 'NONE', #3417, #749, #4446 ) ;
#10240 = LINE ( 'NONE', #11097, #592 ) ;
#10241 = PRESENTATION_LAYER_ASSIGNMENT (  '', '', ( #8501 ) ) ;
#10242 = CIRCLE ( 'NONE', #9636, 1.486033755962697267 ) ;
#10243 = ORIENTED_EDGE ( 'NONE', *, *, #6677, .T. ) ;
#10244 = ORIENTED_EDGE ( 'NONE', *, *, #1237, .F. ) ;
#10246 = DIRECTION ( 'NONE',  ( -0.000000000000000000, -0.000000000000000000, 1.000000000000000000 ) ) ;
#10245 = UNCERTAINTY_MEASURE_WITH_UNIT (LENGTH_MEASURE( 1.000000000000000082E-05 ), #2965, 'distance_accuracy_value', 'NONE');
#10247 = DIRECTION ( 'NONE',  ( 1.000000000000000000, 4.336808689942016750E-16, 0.000000000000000000 ) ) ;
#10248 = SURFACE_STYLE_FILL_AREA ( #7344 ) ;
#10249 = ORIENTED_EDGE ( 'NONE', *, *, #11931, .T. ) ;
#10250 = DIRECTION ( 'NONE',  ( 0.000000000000000000, 1.000000000000000000, 0.000000000000000000 ) ) ;
#10251 = CARTESIAN_POINT ( 'NONE',  ( -3.999999999999993339, -60.00000000000000711, 1.599999999999999645 ) ) ;
#10252 = STYLED_ITEM ( 'NONE', ( #9084 ), #5872 ) ;
#10253 = CARTESIAN_POINT ( 'NONE',  ( -9.500000000000001776, 0.4999999999999961142, 2.100000000000000089 ) ) ;
#10254 = FILL_AREA_STYLE ('',( #8701 ) ) ;
#10255 = CIRCLE ( 'NONE', #6590, 1.486033755962697267 ) ;
#10256 = SURFACE_STYLE_USAGE ( .BOTH. , #11449 ) ;
#10257 = PRESENTATION_LAYER_ASSIGNMENT (  '', '', ( #2537 ) ) ;
#10258 = EDGE_CURVE ( 'NONE', #3289, #6277, #11086, .T. ) ;
#10259 =( GEOMETRIC_REPRESENTATION_CONTEXT ( 3 ) GLOBAL_UNCERTAINTY_ASSIGNED_CONTEXT ( ( #4282 ) ) GLOBAL_UNIT_ASSIGNED_CONTEXT ( ( #1114, #3057, #11297 ) ) REPRESENTATION_CONTEXT ( 'NONE', 'WORKASPACE' ) );
#10260 = ADVANCED_FACE ( 'NONE', ( #7011 ), #6956, .F. ) ;
#10261 = SURFACE_SIDE_STYLE ('',( #6645 ) ) ;
#10262 =( LENGTH_UNIT ( ) NAMED_UNIT ( * ) SI_UNIT ( .MILLI., .METRE. ) );
#10263 = ORIENTED_EDGE ( 'NONE', *, *, #11638, .T. ) ;
#10264 = CIRCLE ( 'NONE', #219, 1.386033755962696956 ) ;
#10265 = STYLED_ITEM ( 'NONE', ( #1192 ), #6255 ) ;
#10266 = STYLED_ITEM ( 'NONE', ( #8530 ), #430 ) ;
#10267 =( GEOMETRIC_REPRESENTATION_CONTEXT ( 3 ) GLOBAL_UNCERTAINTY_ASSIGNED_CONTEXT ( ( #4397 ) ) GLOBAL_UNIT_ASSIGNED_CONTEXT ( ( #6246, #8928, #10581 ) ) REPRESENTATION_CONTEXT ( 'NONE', 'WORKASPACE' ) );
#10268 =( NAMED_UNIT ( * ) PLANE_ANGLE_UNIT ( ) SI_UNIT ( $, .RADIAN. ) );
#10269 = EDGE_CURVE ( 'NONE', #8962, #1200, #2487, .T. ) ;
#10270 = EDGE_CURVE ( 'NONE', #1215, #2673, #11810, .T. ) ;
#10271 = DIRECTION ( 'NONE',  ( -0.000000000000000000, -0.000000000000000000, 1.000000000000000000 ) ) ;
#10272 = ORIENTED_EDGE ( 'NONE', *, *, #6857, .T. ) ;
#10273 = EDGE_CURVE ( 'NONE', #10971, #5941, #8044, .T. ) ;
#10274 = COLOUR_RGB ( '',1.000000000000000000, 1.000000000000000000, 0.000000000000000000 ) ;
#10275 = MECHANICAL_DESIGN_GEOMETRIC_PRESENTATION_REPRESENTATION (  '', ( #3707 ), #2560 ) ;
#10276 = CARTESIAN_POINT ( 'NONE',  ( 0.000000000000000000, 0.000000000000000000, 2.100000000000000089 ) ) ;
#10277 = CARTESIAN_POINT ( 'NONE',  ( -0.5000000000000004441, 5.499999999999992895, 2.100000000000000089 ) ) ;
#10278 = FACE_OUTER_BOUND ( 'NONE', #2438, .T. ) ;
#10279 =( NAMED_UNIT ( * ) SI_UNIT ( $, .STERADIAN. ) SOLID_ANGLE_UNIT ( ) );
#10280 =( NAMED_UNIT ( * ) PLANE_ANGLE_UNIT ( ) SI_UNIT ( $, .RADIAN. ) );
#10281 = ORIENTED_EDGE ( 'NONE', *, *, #6475, .T. ) ;
#10282 = LINE ( 'NONE', #2784, #2051 ) ;
#10283 = CARTESIAN_POINT ( 'NONE',  ( -13.17499999999999538, -13.17499999999999538, 1.600000000000000089 ) ) ;
#10284 = CARTESIAN_POINT ( 'NONE',  ( 4.000000000000003553, 65.00000000000000000, 1.800000000000000044 ) ) ;
#10285 = CARTESIAN_POINT ( 'NONE',  ( 2.499999999999999556, 6.013966244037309394, 2.463966244037302911 ) ) ;
#10286 = AXIS2_PLACEMENT_3D ( 'NONE', #724, #8416, #3743 ) ;
#10287 = SURFACE_SIDE_STYLE ('',( #6259 ) ) ;
#10288 = EDGE_CURVE ( 'NONE', #11272, #5824, #856, .T. ) ;
#10289 = DIRECTION ( 'NONE',  ( 1.000000000000000000, 0.000000000000000000, 0.000000000000000000 ) ) ;
#10290 = EDGE_LOOP ( 'NONE', ( #7597, #7735, #806, #4540 ) ) ;
#10291 =( NAMED_UNIT ( * ) SI_UNIT ( $, .STERADIAN. ) SOLID_ANGLE_UNIT ( ) );
#10292 = ORIENTED_EDGE ( 'NONE', *, *, #10567, .F. ) ;
#10293 = CARTESIAN_POINT ( 'NONE',  ( -2.604026083246159029, -13.44012937056731793, 1.600000000000000089 ) ) ;
#10294 = ORIENTED_EDGE ( 'NONE', *, *, #10269, .F. ) ;
#10295 = CARTESIAN_POINT ( 'NONE',  ( 4.000000000000003553, 11.99999999999999822, 1.600349065853943431 ) ) ;
#10296 =( GEOMETRIC_REPRESENTATION_CONTEXT ( 3 ) GLOBAL_UNCERTAINTY_ASSIGNED_CONTEXT ( ( #2521 ) ) GLOBAL_UNIT_ASSIGNED_CONTEXT ( ( #5929, #7730, #7671 ) ) REPRESENTATION_CONTEXT ( 'NONE', 'WORKASPACE' ) );
#10297 =( GEOMETRIC_REPRESENTATION_CONTEXT ( 3 ) GLOBAL_UNCERTAINTY_ASSIGNED_CONTEXT ( ( #11706 ) ) GLOBAL_UNIT_ASSIGNED_CONTEXT ( ( #5964, #8726, #6753 ) ) REPRESENTATION_CONTEXT ( 'NONE', 'WORKASPACE' ) );
#10298 = ORIENTED_EDGE ( 'NONE', *, *, #8457, .T. ) ;
#10299 = CARTESIAN_POINT ( 'NONE',  ( 0.000000000000000000, 0.000000000000000000, 2.100000000000000089 ) ) ;
#10300 = CYLINDRICAL_SURFACE ( 'NONE', #5118, 1.386033755962696956 ) ;
#10301 = EDGE_CURVE ( 'NONE', #9450, #2675, #11113, .T. ) ;
#10302 = ADVANCED_FACE ( 'NONE', ( #7436 ), #8232, .F. ) ;
#10303 = STYLED_ITEM ( 'NONE', ( #11288 ), #1447 ) ;
#10304 = ADVANCED_FACE ( 'NONE', ( #4666 ), #2728, .F. ) ;
#10305 = ORIENTED_EDGE ( 'NONE', *, *, #2821, .F. ) ;
#10306 = ORIENTED_EDGE ( 'NONE', *, *, #10951, .F. ) ;
#10307 =( GEOMETRIC_REPRESENTATION_CONTEXT ( 3 ) GLOBAL_UNCERTAINTY_ASSIGNED_CONTEXT ( ( #7219 ) ) GLOBAL_UNIT_ASSIGNED_CONTEXT ( ( #4272, #697, #8011 ) ) REPRESENTATION_CONTEXT ( 'NONE', 'WORKASPACE' ) );
#10308 = FACE_OUTER_BOUND ( 'NONE', #9833, .T. ) ;
#10309 = PLANE ( 'NONE',  #452 ) ;
#10310 = ORIENTED_EDGE ( 'NONE', *, *, #470, .F. ) ;
#10311 = SPHERICAL_SURFACE ( 'NONE', #2643, 1.486033755962697267 ) ;
#10312 = DIRECTION ( 'NONE',  ( -0.000000000000000000, -0.000000000000000000, 1.000000000000000000 ) ) ;
#10313 = PRESENTATION_LAYER_ASSIGNMENT (  '', '', ( #2177 ) ) ;
#10314 = CARTESIAN_POINT ( 'NONE',  ( 2.700000000000001510, -12.00000000000002132, 1.600000000000000089 ) ) ;
#10315 = FILL_AREA_STYLE ('',( #1060 ) ) ;
#10316 = CARTESIAN_POINT ( 'NONE',  ( 4.000000000000003553, 12.34027113312489909, 1.600289677337115357 ) ) ;
#10317 = AXIS2_PLACEMENT_3D ( 'NONE', #9872, #738, #7939 ) ;
#10318 = EDGE_CURVE ( 'NONE', #4942, #9914, #2608, .T. ) ;
#10319 = CARTESIAN_POINT ( 'NONE',  ( -9.500000000000001776, 0.4999999999999961142, 2.100000000000000089 ) ) ;
#10320 = FILL_AREA_STYLE_COLOUR ( '', #9477 ) ;
#10321 = VERTEX_POINT ( 'NONE', #6430 ) ;
#10322 = SURFACE_STYLE_USAGE ( .BOTH. , #99 ) ;
#10323 = DIRECTION ( 'NONE',  ( 1.000000000000000000, -0.000000000000000000, -0.000000000000000000 ) ) ;
#10324 = ORIENTED_EDGE ( 'NONE', *, *, #3413, .T. ) ;
#10325 = COLOUR_RGB ( '',1.000000000000000000, 1.000000000000000000, 0.000000000000000000 ) ;
#10326 = DIRECTION ( 'NONE',  ( 0.000000000000000000, 0.000000000000000000, 1.000000000000000000 ) ) ;
#10327 =( NAMED_UNIT ( * ) PLANE_ANGLE_UNIT ( ) SI_UNIT ( $, .RADIAN. ) );
#10328 = CARTESIAN_POINT ( 'NONE',  ( 5.499999999999998224, 5.499999999999991118, 1.600000000000000089 ) ) ;
#10329 = VECTOR ( 'NONE', #1098, 1000.000000000000000 ) ;
#10330 = COLOUR_RGB ( '',0.7529411764705882248, 0.7529411764705882248, 0.7529411764705882248 ) ;
#10331 = AXIS2_PLACEMENT_3D ( 'NONE', #3076, #11194, #9474 ) ;
#10332 = PRESENTATION_STYLE_ASSIGNMENT (( #3854 ) ) ;
#10333 = DIRECTION ( 'NONE',  ( -0.000000000000000000, -0.000000000000000000, -1.000000000000000000 ) ) ;
#10334 = DIRECTION ( 'NONE',  ( 1.000000000000000000, -8.673617379884033500E-16, 0.000000000000000000 ) ) ;
#10335 = COLOUR_RGB ( '',0.7529411764705882248, 0.7529411764705882248, 0.7529411764705882248 ) ;
#10336 =( NAMED_UNIT ( * ) PLANE_ANGLE_UNIT ( ) SI_UNIT ( $, .RADIAN. ) );
#10337 = CARTESIAN_POINT ( 'NONE',  ( 4.000000000000003553, 13.99999999999999822, 2.122000000000000330 ) ) ;
#10338 = CARTESIAN_POINT ( 'NONE',  ( -6.113966244037301934, 2.500000000000009326, 2.463966244037302911 ) ) ;
#10339 =( NAMED_UNIT ( * ) SI_UNIT ( $, .STERADIAN. ) SOLID_ANGLE_UNIT ( ) );
#10340 = AXIS2_PLACEMENT_3D ( 'NONE', #4416, #8101, #6364 ) ;
#10341 =( LENGTH_UNIT ( ) NAMED_UNIT ( * ) SI_UNIT ( .MILLI., .METRE. ) );
#10342 = AXIS2_PLACEMENT_3D ( 'NONE', #4141, #3054, #7827 ) ;
#10343 = CARTESIAN_POINT ( 'NONE',  ( 2.499999999999999556, 7.500000000000007105, 3.950000000000000178 ) ) ;
#10344 = EDGE_LOOP ( 'NONE', ( #3747, #716, #629, #6897 ) ) ;
#10345 = EDGE_LOOP ( 'NONE', ( #6395, #7933, #11209, #4325 ) ) ;
#10346 = ORIENTED_EDGE ( 'NONE', *, *, #457, .T. ) ;
#10347 = STYLED_ITEM ( 'NONE', ( #3371 ), #8508 ) ;
#10348 = SURFACE_SIDE_STYLE ('',( #6673 ) ) ;
#10349 = VERTEX_POINT ( 'NONE', #6317 ) ;
#10350 = EDGE_CURVE ( 'NONE', #5162, #1225, #790, .T. ) ;
#10351 =( LENGTH_UNIT ( ) NAMED_UNIT ( * ) SI_UNIT ( .MILLI., .METRE. ) );
#10352 = EDGE_CURVE ( 'NONE', #960, #5668, #7259, .T. ) ;
#10353 = FILL_AREA_STYLE ('',( #7511 ) ) ;
#10354 =( NAMED_UNIT ( * ) SI_UNIT ( $, .STERADIAN. ) SOLID_ANGLE_UNIT ( ) );
#10355 = CIRCLE ( 'NONE', #8442, 1.386033755962696956 ) ;
#10356 = VERTEX_POINT ( 'NONE', #11987 ) ;
#10357 = VERTEX_POINT ( 'NONE', #173 ) ;
#10359 = DIRECTION ( 'NONE',  ( -4.336808689942015764E-16, -1.000000000000000000, 0.000000000000000000 ) ) ;
#10358 = UNCERTAINTY_MEASURE_WITH_UNIT (LENGTH_MEASURE( 1.000000000000000082E-05 ), #11404, 'distance_accuracy_value', 'NONE');
#10360 = CYLINDRICAL_SURFACE ( 'NONE', #10500, 1.386033755962696956 ) ;
#10361 = UNCERTAINTY_MEASURE_WITH_UNIT (LENGTH_MEASURE( 1.000000000000000082E-05 ), #8819, 'distance_accuracy_value', 'NONE');
#10362 = CARTESIAN_POINT ( 'NONE',  ( -9.500000000000000000, -9.499999999999994671, 1.600000000000000089 ) ) ;
#10363 = CARTESIAN_POINT ( 'NONE',  ( -0.4999999999999981681, -9.499999999999992895, 1.600000000000000089 ) ) ;
#10364 = EDGE_LOOP ( 'NONE', ( #8602, #1171, #6436, #11951 ) ) ;
#10365 = EDGE_CURVE ( 'NONE', #9146, #1710, #6825, .T. ) ;
#10366 = FILL_AREA_STYLE_COLOUR ( '', #1651 ) ;
#10367 = FACE_OUTER_BOUND ( 'NONE', #8783, .T. ) ;
#10368 = DIRECTION ( 'NONE',  ( -0.000000000000000000, -0.000000000000000000, 1.000000000000000000 ) ) ;
#10370 = EDGE_CURVE ( 'NONE', #7339, #4819, #4522, .T. ) ;
#10369 = SURFACE_STYLE_FILL_AREA ( #5049 ) ;
#10371 = CARTESIAN_POINT ( 'NONE',  ( -1.013966244037300513, -7.499999999999991118, 2.100000000000000089 ) ) ;
#10372 = DIRECTION ( 'NONE',  ( 0.000000000000000000, 1.000000000000000000, 0.000000000000000000 ) ) ;
#10373 = FILL_AREA_STYLE ('',( #10435 ) ) ;
#10374 = EDGE_LOOP ( 'NONE', ( #907, #9076, #678, #7743, #6906 ) ) ;
#10375 = STYLED_ITEM ( 'NONE', ( #11594 ), #9316 ) ;
#10376 = DIRECTION ( 'NONE',  ( -0.000000000000000000, -0.000000000000000000, 1.000000000000000000 ) ) ;
#10377 = DIRECTION ( 'NONE',  ( -0.000000000000000000, 1.000000000000000000, -0.000000000000000000 ) ) ;
#10378 = CARTESIAN_POINT ( 'NONE',  ( 2.604026083246159029, 13.44012937056731083, 1.600000000000000089 ) ) ;
#10379 = VERTEX_POINT ( 'NONE', #5064 ) ;
#10380 = EDGE_CURVE ( 'NONE', #1432, #5163, #6651, .T. ) ;
#10381 = DIRECTION ( 'NONE',  ( 0.000000000000000000, 1.000000000000000000, 0.000000000000000000 ) ) ;
#10382 = ADVANCED_FACE ( 'NONE', ( #1082 ), #4156, .F. ) ;
#10383 = CLOSED_SHELL ( 'NONE', ( #9445, #4029, #8724, #10434, #11879 ) ) ;
#10384 = DIRECTION ( 'NONE',  ( 0.000000000000000000, 0.000000000000000000, -1.000000000000000000 ) ) ;
#10385 = FILL_AREA_STYLE ('',( #6708 ) ) ;
#10386 =( GEOMETRIC_REPRESENTATION_CONTEXT ( 3 ) GLOBAL_UNCERTAINTY_ASSIGNED_CONTEXT ( ( #10946 ) ) GLOBAL_UNIT_ASSIGNED_CONTEXT ( ( #6988, #5801, #8609 ) ) REPRESENTATION_CONTEXT ( 'NONE', 'WORKASPACE' ) );
#10387 = DIRECTION ( 'NONE',  ( 1.000000000000000000, 0.000000000000000000, 0.000000000000000000 ) ) ;
#10388 = VECTOR ( 'NONE', #719, 1000.000000000000000 ) ;
#10389 = SURFACE_STYLE_FILL_AREA ( #11362 ) ;
#10390 = CARTESIAN_POINT ( 'NONE',  ( 0.000000000000000000, 0.000000000000000000, 2.100000000000000089 ) ) ;
#10391 = PRESENTATION_LAYER_ASSIGNMENT (  '', '', ( #7103 ) ) ;
#10392 = CARTESIAN_POINT ( 'NONE',  ( -8.986033755962695935, 7.500000000000007994, 2.463966244037302911 ) ) ;
#10393 = VECTOR ( 'NONE', #7213, 1000.000000000000000 ) ;
#10394 = DIRECTION ( 'NONE',  ( 1.000000000000000000, 4.336808689942015764E-16, 0.000000000000000000 ) ) ;
#10395 = CARTESIAN_POINT ( 'NONE',  ( -4.500000000000000000, -4.499999999999999112, 1.600000000000000089 ) ) ;
#10396 = SURFACE_STYLE_FILL_AREA ( #10460 ) ;
#10397 = DIRECTION ( 'NONE',  ( 1.000000000000000000, 0.000000000000000000, 0.000000000000000000 ) ) ;
#10398 =( NAMED_UNIT ( * ) PLANE_ANGLE_UNIT ( ) SI_UNIT ( $, .RADIAN. ) );
#10399 = SURFACE_STYLE_USAGE ( .BOTH. , #9538 ) ;
#10400 = AXIS2_PLACEMENT_3D ( 'NONE', #683, #11634, #3345 ) ;
#10401 = PRESENTATION_STYLE_ASSIGNMENT (( #3929 ) ) ;
#10402 =( GEOMETRIC_REPRESENTATION_CONTEXT ( 3 ) GLOBAL_UNCERTAINTY_ASSIGNED_CONTEXT ( ( #9391 ) ) GLOBAL_UNIT_ASSIGNED_CONTEXT ( ( #10834, #8997, #6596 ) ) REPRESENTATION_CONTEXT ( 'NONE', 'WORKASPACE' ) );
#10403 = DIRECTION ( 'NONE',  ( -0.000000000000000000, -0.000000000000000000, 1.000000000000000000 ) ) ;
#10404 = CARTESIAN_POINT ( 'NONE',  ( 2.500000000000002220, -7.499999999999992006, 2.463966244037302911 ) ) ;
#10405 = EDGE_LOOP ( 'NONE', ( #6671, #10249, #4617, #11757 ) ) ;
#10406 = ORIENTED_EDGE ( 'NONE', *, *, #1777, .F. ) ;
#10407 = CARTESIAN_POINT ( 'NONE',  ( -9.500000000000000000, -5.499999999999994671, 2.100000000000000089 ) ) ;
#10408 = FACE_OUTER_BOUND ( 'NONE', #1467, .T. ) ;
#10409 = FILL_AREA_STYLE ('',( #2172 ) ) ;
#10410 = ORIENTED_EDGE ( 'NONE', *, *, #8043, .T. ) ;
#10411 = STYLED_ITEM ( 'NONE', ( #10012 ), #5041 ) ;
#10412 = SURFACE_STYLE_FILL_AREA ( #7808 ) ;
#10413 =( NAMED_UNIT ( * ) PLANE_ANGLE_UNIT ( ) SI_UNIT ( $, .RADIAN. ) );
#10414 = DIRECTION ( 'NONE',  ( 0.000000000000000000, 1.000000000000000000, 0.000000000000000000 ) ) ;
#10415 = PRESENTATION_STYLE_ASSIGNMENT (( #2178 ) ) ;
#10416 = AXIS2_PLACEMENT_3D ( 'NONE', #4209, #8605, #7834 ) ;
#10417 = VERTEX_POINT ( 'NONE', #2329 ) ;
#10418 = STYLED_ITEM ( 'NONE', ( #4612 ), #5331 ) ;
#10419 = ORIENTED_EDGE ( 'NONE', *, *, #11182, .F. ) ;
#10420 = EDGE_CURVE ( 'NONE', #5772, #2536, #4125, .T. ) ;
#10421 = STYLED_ITEM ( 'NONE', ( #11961 ), #7392 ) ;
#10422 = FACE_OUTER_BOUND ( 'NONE', #7278, .T. ) ;
#10423 =( NAMED_UNIT ( * ) PLANE_ANGLE_UNIT ( ) SI_UNIT ( $, .RADIAN. ) );
#10424 = CARTESIAN_POINT ( 'NONE',  ( 3.986033755962696823, 7.500000000000007105, 2.100000000000000089 ) ) ;
#10425 = ORIENTED_EDGE ( 'NONE', *, *, #4238, .T. ) ;
#10426 = LINE ( 'NONE', #6019, #6332 ) ;
#10427 = DIRECTION ( 'NONE',  ( 1.000000000000000000, 0.000000000000000000, 0.000000000000000000 ) ) ;
#10428 = DIRECTION ( 'NONE',  ( -0.000000000000000000, -1.000000000000000000, -0.000000000000000000 ) ) ;
#10429 = LINE ( 'NONE', #3165, #6733 ) ;
#10430 = COLOUR_RGB ( '',1.000000000000000000, 1.000000000000000000, 0.000000000000000000 ) ;
#10431 =( LENGTH_UNIT ( ) NAMED_UNIT ( * ) SI_UNIT ( .MILLI., .METRE. ) );
#10432 = AXIS2_PLACEMENT_3D ( 'NONE', #2523, #9829, #8913 ) ;
#10433 = STYLED_ITEM ( 'NONE', ( #11186 ), #3988 ) ;
#10434 = ADVANCED_FACE ( 'NONE', ( #6041 ), #11580, .F. ) ;
#10435 = FILL_AREA_STYLE_COLOUR ( '', #600 ) ;
#10436 = ORIENTED_EDGE ( 'NONE', *, *, #8695, .T. ) ;
#10437 = COLOUR_RGB ( '',0.7529411764705882248, 0.7529411764705882248, 0.7529411764705882248 ) ;
#10438 = DIRECTION ( 'NONE',  ( -0.000000000000000000, -0.000000000000000000, 1.000000000000000000 ) ) ;
#10439 = FILL_AREA_STYLE ('',( #11301 ) ) ;
#10440 = ORIENTED_EDGE ( 'NONE', *, *, #2459, .F. ) ;
#10441 = VECTOR ( 'NONE', #9403, 1000.000000000000000 ) ;
#10442 = SURFACE_SIDE_STYLE ('',( #5911 ) ) ;
#10443 = STYLED_ITEM ( 'NONE', ( #10332 ), #4014 ) ;
#10444 = CARTESIAN_POINT ( 'NONE',  ( 0.5000000000000025535, -9.499999999999994671, 1.600000000000000089 ) ) ;
#10445 = VECTOR ( 'NONE', #5777, 1000.000000000000000 ) ;
#10446 = CIRCLE ( 'NONE', #4457, 1.486033755962697267 ) ;
#10447 = EDGE_CURVE ( 'NONE', #11090, #9433, #6072, .T. ) ;
#10448 = SURFACE_SIDE_STYLE ('',( #8565 ) ) ;
#10449 = MECHANICAL_DESIGN_GEOMETRIC_PRESENTATION_REPRESENTATION (  '', ( #7552 ), #5247 ) ;
#10450 = ADVANCED_FACE ( 'NONE', ( #10422 ), #10360, .F. ) ;
#10451 = UNCERTAINTY_MEASURE_WITH_UNIT (LENGTH_MEASURE( 1.000000000000000082E-05 ), #2474, 'distance_accuracy_value', 'NONE');
#10452 = CARTESIAN_POINT ( 'NONE',  ( 7.500000000000002665, -6.113966244037295716, 2.463966244037302911 ) ) ;
#10453 = CARTESIAN_POINT ( 'NONE',  ( 7.500000000000000000, 8.886033755962703395, 2.463966244037302911 ) ) ;
#10454 = DIRECTION ( 'NONE',  ( -1.000000000000000000, 8.673617379884033500E-16, -0.000000000000000000 ) ) ;
#10455 = FILL_AREA_STYLE ('',( #6769 ) ) ;
#10456 = LINE ( 'NONE', #10395, #11582 ) ;
#10457 = SURFACE_STYLE_FILL_AREA ( #4782 ) ;
#10458 = AXIS2_PLACEMENT_3D ( 'NONE', #2424, #11552, #4245 ) ;
#10459 = MECHANICAL_DESIGN_GEOMETRIC_PRESENTATION_REPRESENTATION (  '', ( #5452 ), #10643 ) ;
#10460 = FILL_AREA_STYLE ('',( #1239 ) ) ;
#10461 =( LENGTH_UNIT ( ) NAMED_UNIT ( * ) SI_UNIT ( .MILLI., .METRE. ) );
#10462 = SURFACE_SIDE_STYLE ('',( #3077 ) ) ;
#10463 = CIRCLE ( 'NONE', #3898, 1.486033755962698155 ) ;
#10464 = DIRECTION ( 'NONE',  ( 1.000000000000000000, 0.000000000000000000, 0.000000000000000000 ) ) ;
#10465 = DIRECTION ( 'NONE',  ( 1.000000000000000000, 0.000000000000000000, 0.000000000000000000 ) ) ;
#10466 = CIRCLE ( 'NONE', #395, 1.486033755962697267 ) ;
#10467 = AXIS2_PLACEMENT_3D ( 'NONE', #3383, #9055, #7976 ) ;
#10468 = VERTEX_POINT ( 'NONE', #6407 ) ;
#10469 = CARTESIAN_POINT ( 'NONE',  ( -7.499999999999999112, 7.500000000000007994, 2.463966244037302911 ) ) ;
#10470 = EDGE_LOOP ( 'NONE', ( #5995, #11334, #4815, #5894 ) ) ;
#10471 = ORIENTED_EDGE ( 'NONE', *, *, #8856, .T. ) ;
#10472 = DIRECTION ( 'NONE',  ( -1.000000000000000000, -0.000000000000000000, -0.000000000000000000 ) ) ;
#10473 = FACE_OUTER_BOUND ( 'NONE', #2702, .T. ) ;
#10474 = ORIENTED_EDGE ( 'NONE', *, *, #9478, .F. ) ;
#10475 = DIRECTION ( 'NONE',  ( 0.000000000000000000, 0.000000000000000000, -1.000000000000000000 ) ) ;
#10476 = PRESENTATION_LAYER_ASSIGNMENT (  '', '', ( #11834 ) ) ;
#10477 = CARTESIAN_POINT ( 'NONE',  ( -9.500000000000000000, -0.4999999999999987232, 2.100000000000000089 ) ) ;
#10478 =( NAMED_UNIT ( * ) SI_UNIT ( $, .STERADIAN. ) SOLID_ANGLE_UNIT ( ) );
#10479 = ORIENTED_EDGE ( 'NONE', *, *, #10380, .F. ) ;
#10480 = AXIS2_PLACEMENT_3D ( 'NONE', #3607, #6345, #10009 ) ;
#10481 = VECTOR ( 'NONE', #2337, 1000.000000000000000 ) ;
#10482 = VERTEX_POINT ( 'NONE', #3661 ) ;
#10483 = DIRECTION ( 'NONE',  ( -0.000000000000000000, -0.000000000000000000, 1.000000000000000000 ) ) ;
#10484 = LINE ( 'NONE', #7818, #3445 ) ;
#10485 = UNCERTAINTY_MEASURE_WITH_UNIT (LENGTH_MEASURE( 1.000000000000000082E-05 ), #9029, 'distance_accuracy_value', 'NONE');
#10486 = CARTESIAN_POINT ( 'NONE',  ( 1.200000000000001510, -12.00000000000002132, 0.000000000000000000 ) ) ;
#10487 = ORIENTED_EDGE ( 'NONE', *, *, #970, .T. ) ;
#10488 = PLANE ( 'NONE',  #1614 ) ;
#10489 = ADVANCED_FACE ( 'NONE', ( #8591 ), #11904, .F. ) ;
#10490 = COLOUR_RGB ( '',1.000000000000000000, 1.000000000000000000, 0.000000000000000000 ) ;
#10491 =( GEOMETRIC_REPRESENTATION_CONTEXT ( 3 ) GLOBAL_UNCERTAINTY_ASSIGNED_CONTEXT ( ( #1502 ) ) GLOBAL_UNIT_ASSIGNED_CONTEXT ( ( #4445, #9885, #7097 ) ) REPRESENTATION_CONTEXT ( 'NONE', 'WORKASPACE' ) );
#10492 = SPHERICAL_SURFACE ( 'NONE', #8570, 1.386033755962696956 ) ;
#10493 = FILL_AREA_STYLE ('',( #11347 ) ) ;
#10494 = MECHANICAL_DESIGN_GEOMETRIC_PRESENTATION_REPRESENTATION (  '', ( #1988 ), #638 ) ;
#10495 =( NAMED_UNIT ( * ) PLANE_ANGLE_UNIT ( ) SI_UNIT ( $, .RADIAN. ) );
#10496 = ORIENTED_EDGE ( 'NONE', *, *, #7239, .T. ) ;
#10497 = ORIENTED_EDGE ( 'NONE', *, *, #9581, .T. ) ;
#10498 = CARTESIAN_POINT ( 'NONE',  ( -4.500000000000001776, 9.499999999999992895, 1.600000000000000089 ) ) ;
#10499 = CARTESIAN_POINT ( 'NONE',  ( -3.999999999999993339, -11.99999999999999822, 1.800000000000000044 ) ) ;
#10501 =( GEOMETRIC_REPRESENTATION_CONTEXT ( 3 ) GLOBAL_UNCERTAINTY_ASSIGNED_CONTEXT ( ( #196 ) ) GLOBAL_UNIT_ASSIGNED_CONTEXT ( ( #1421, #4349, #3439 ) ) REPRESENTATION_CONTEXT ( 'NONE', 'WORKASPACE' ) );
#10500 = AXIS2_PLACEMENT_3D ( 'NONE', #4525, #4865, #4006 ) ;
#10502 =( NAMED_UNIT ( * ) PLANE_ANGLE_UNIT ( ) SI_UNIT ( $, .RADIAN. ) );
#10503 = FACE_BOUND ( 'NONE', #3452, .T. ) ;
#10504 = EDGE_LOOP ( 'NONE', ( #103, #1656, #9677, #6552 ) ) ;
#10505 = ADVANCED_FACE ( 'NONE', ( #9223 ), #6849, .T. ) ;
#10506 = EDGE_CURVE ( 'NONE', #10916, #4770, #11001, .T. ) ;
#10507 = LINE ( 'NONE', #4891, #3268 ) ;
#10508 = PRESENTATION_LAYER_ASSIGNMENT (  '', '', ( #7800 ) ) ;
#10509 = CARTESIAN_POINT ( 'NONE',  ( 4.000000000000003553, 13.44012937056731083, 1.800000000000000044 ) ) ;
#10510 = COLOUR_RGB ( '',1.000000000000000000, 1.000000000000000000, 0.000000000000000000 ) ;
#10511 = DIRECTION ( 'NONE',  ( -1.000000000000000000, 0.000000000000000000, 0.000000000000000000 ) ) ;
#10512 = FACE_BOUND ( 'NONE', #3147, .T. ) ;
#10513 = FACE_OUTER_BOUND ( 'NONE', #4795, .T. ) ;
#10514 = CARTESIAN_POINT ( 'NONE',  ( -7.499999999999997335, -2.499999999999990230, 2.463966244037302911 ) ) ;
#10515 =( LENGTH_UNIT ( ) NAMED_UNIT ( * ) SI_UNIT ( .MILLI., .METRE. ) );
#10517 = AXIS2_PLACEMENT_3D ( 'NONE', #2041, #3019, #7607 ) ;
#10516 = DIRECTION ( 'NONE',  ( 1.000000000000000000, 0.000000000000000000, 0.000000000000000000 ) ) ;
#10518 = CARTESIAN_POINT ( 'NONE',  ( 0.5000000000000002220, 5.499999999999992006, 1.600000000000000089 ) ) ;
#10519 = EDGE_CURVE ( 'NONE', #5277, #6265, #9618, .T. ) ;
#10520 = EDGE_CURVE ( 'NONE', #2534, #460, #4255, .T. ) ;
#10521 = AXIS2_PLACEMENT_3D ( 'NONE', #5095, #8757, #481 ) ;
#10522 = PRESENTATION_STYLE_ASSIGNMENT (( #6888 ) ) ;
#10523 = AXIS2_PLACEMENT_3D ( 'NONE', #10236, #3818, #4501 ) ;
#10524 = DIRECTION ( 'NONE',  ( -1.000000000000000000, 0.000000000000000000, -0.000000000000000000 ) ) ;
#10525 = ORIENTED_EDGE ( 'NONE', *, *, #4306, .F. ) ;
#10526 = VERTEX_POINT ( 'NONE', #6795 ) ;
#10527 = FACE_OUTER_BOUND ( 'NONE', #10216, .T. ) ;
#10528 = DIRECTION ( 'NONE',  ( -1.000000000000000000, 0.000000000000000000, 0.000000000000000000 ) ) ;
#10529 = CIRCLE ( 'NONE', #6859, 1.386033755962696956 ) ;
#10530 = LINE ( 'NONE', #2286, #2212 ) ;
#10531 = FACE_OUTER_BOUND ( 'NONE', #11575, .T. ) ;
#10532 = ORIENTED_EDGE ( 'NONE', *, *, #840, .F. ) ;
#10533 = CARTESIAN_POINT ( 'NONE',  ( -9.500000000000000000, -9.499999999999994671, 2.100000000000000089 ) ) ;
#10534 = CIRCLE ( 'NONE', #287, 1.600000000000002531 ) ;
#10535 =( NAMED_UNIT ( * ) PLANE_ANGLE_UNIT ( ) SI_UNIT ( $, .RADIAN. ) );
#10536 = SPHERICAL_SURFACE ( 'NONE', #9496, 1.486033755962697267 ) ;
#10537 = SURFACE_STYLE_USAGE ( .BOTH. , #3393 ) ;
#10538 = DIRECTION ( 'NONE',  ( 0.000000000000000000, -1.000000000000000000, 0.000000000000000000 ) ) ;
#10539 = ORIENTED_EDGE ( 'NONE', *, *, #5627, .T. ) ;
#10540 = STYLED_ITEM ( 'NONE', ( #5646 ), #8294 ) ;
#10541 = ORIENTED_EDGE ( 'NONE', *, *, #5640, .F. ) ;
#10542 = CARTESIAN_POINT ( 'NONE',  ( 0.5000000000000002220, 5.499999999999992006, 2.100000000000000089 ) ) ;
#10543 =( NAMED_UNIT ( * ) SI_UNIT ( $, .STERADIAN. ) SOLID_ANGLE_UNIT ( ) );
#10544 = DIRECTION ( 'NONE',  ( 1.000000000000000000, 0.000000000000000000, 0.000000000000000000 ) ) ;
#10545 = ORIENTED_EDGE ( 'NONE', *, *, #4766, .T. ) ;
#10546 = AXIS2_PLACEMENT_3D ( 'NONE', #1630, #2384, #689 ) ;
#10547 = CARTESIAN_POINT ( 'NONE',  ( -3.999999999999993339, -65.00000000000000000, 1.800000000000000044 ) ) ;
#10548 =( NAMED_UNIT ( * ) PLANE_ANGLE_UNIT ( ) SI_UNIT ( $, .RADIAN. ) );
#10549 = DIRECTION ( 'NONE',  ( -0.000000000000000000, 0.000000000000000000, 1.000000000000000000 ) ) ;
#10550 = FILL_AREA_STYLE_COLOUR ( '', #7302 ) ;
#10551 = AXIS2_PLACEMENT_3D ( 'NONE', #3235, #6757, #10381 ) ;
#10552 = CARTESIAN_POINT ( 'NONE',  ( 7.500000000000000888, 2.500000000000007550, 2.463966244037302911 ) ) ;
#10553 = CARTESIAN_POINT ( 'NONE',  ( -2.499999999999999556, 1.013966244037311837, 2.463966244037302911 ) ) ;
#10554 = EDGE_LOOP ( 'NONE', ( #10496, #4130, #7325, #934 ) ) ;
#10555 = ORIENTED_EDGE ( 'NONE', *, *, #10135, .T. ) ;
#10556 =( NAMED_UNIT ( * ) SI_UNIT ( $, .STERADIAN. ) SOLID_ANGLE_UNIT ( ) );
#10557 = DIRECTION ( 'NONE',  ( 0.000000000000000000, 1.000000000000000000, 0.000000000000000000 ) ) ;
#10558 = STYLED_ITEM ( 'NONE', ( #5729 ), #294 ) ;
#10559 = ORIENTED_EDGE ( 'NONE', *, *, #11114, .T. ) ;
#10560 = DIRECTION ( 'NONE',  ( -0.000000000000000000, -0.000000000000000000, 1.000000000000000000 ) ) ;
#10561 =( NAMED_UNIT ( * ) SI_UNIT ( $, .STERADIAN. ) SOLID_ANGLE_UNIT ( ) );
#10562 = DIRECTION ( 'NONE',  ( -0.000000000000000000, -0.000000000000000000, 1.000000000000000000 ) ) ;
#10563 = FILL_AREA_STYLE_COLOUR ( '', #5236 ) ;
#10564 = UNCERTAINTY_MEASURE_WITH_UNIT (LENGTH_MEASURE( 1.000000000000000082E-05 ), #6204, 'distance_accuracy_value', 'NONE');
#10565 = EDGE_CURVE ( 'NONE', #6497, #8422, #8771, .T. ) ;
#10566 = CARTESIAN_POINT ( 'NONE',  ( 7.500000000000000000, 7.500000000000007105, 2.463966244037302911 ) ) ;
#10567 = EDGE_CURVE ( 'NONE', #3890, #4009, #8460, .T. ) ;
#10568 = SURFACE_STYLE_USAGE ( .BOTH. , #6880 ) ;
#10569 = VERTEX_POINT ( 'NONE', #5950 ) ;
#10570 = B_SPLINE_CURVE_WITH_KNOTS ( 'NONE', 3,
 ( #622, #8832, #2440, #7273, #6084, #558, #3592 ),
 .UNSPECIFIED., .F., .F.,
 ( 4, 3, 4 ),
 ( 0.001170536954322111368, 0.001994712111636812255, 0.002270395366728507509 ),
 .UNSPECIFIED. ) ;
#10571 = LINE ( 'NONE', #6822, #10934 ) ;
#10572 = DIRECTION ( 'NONE',  ( -0.000000000000000000, -0.000000000000000000, 1.000000000000000000 ) ) ;
#10573 =( NAMED_UNIT ( * ) SI_UNIT ( $, .STERADIAN. ) SOLID_ANGLE_UNIT ( ) );
#10574 = PRESENTATION_STYLE_ASSIGNMENT (( #10762 ) ) ;
#10575 = UNCERTAINTY_MEASURE_WITH_UNIT (LENGTH_MEASURE( 1.000000000000000082E-05 ), #10100, 'distance_accuracy_value', 'NONE');
#10576 = FILL_AREA_STYLE ('',( #2274 ) ) ;
#10577 =( NAMED_UNIT ( * ) SI_UNIT ( $, .STERADIAN. ) SOLID_ANGLE_UNIT ( ) );
#10578 = PRESENTATION_STYLE_ASSIGNMENT (( #3256 ) ) ;
#10579 = AXIS2_PLACEMENT_3D ( 'NONE', #4889, #1178, #2327 ) ;
#10580 = EDGE_CURVE ( 'NONE', #5907, #7398, #10484, .T. ) ;
#10581 =( NAMED_UNIT ( * ) SI_UNIT ( $, .STERADIAN. ) SOLID_ANGLE_UNIT ( ) );
#10582 = ORIENTED_EDGE ( 'NONE', *, *, #6804, .T. ) ;
#10583 = LINE ( 'NONE', #7916, #5553 ) ;
#10584 = CARTESIAN_POINT ( 'NONE',  ( -8.986033755962695935, 2.500000000000009326, 2.100000000000000089 ) ) ;
#10585 = VERTEX_POINT ( 'NONE', #2305 ) ;
#10586 = LINE ( 'NONE', #8636, #9946 ) ;
#10587 = MECHANICAL_DESIGN_GEOMETRIC_PRESENTATION_REPRESENTATION (  '', ( #7495 ), #5392 ) ;
#10588 = CARTESIAN_POINT ( 'NONE',  ( -6.013966244037299624, -2.499999999999990230, 2.100000000000000089 ) ) ;
#10589 =( LENGTH_UNIT ( ) NAMED_UNIT ( * ) SI_UNIT ( .MILLI., .METRE. ) );
#10590 = ADVANCED_FACE ( 'NONE', ( #492 ), #3162, .F. ) ;
#10591 = EDGE_LOOP ( 'NONE', ( #2257, #2860, #9210, #5798 ) ) ;
#10592 = VERTEX_POINT ( 'NONE', #7755 ) ;
#10593 = VECTOR ( 'NONE', #9289, 1000.000000000000000 ) ;
#10594 = VERTEX_POINT ( 'NONE', #11441 ) ;
#10595 = FILL_AREA_STYLE_COLOUR ( '', #2262 ) ;
#10596 = UNCERTAINTY_MEASURE_WITH_UNIT (LENGTH_MEASURE( 1.000000000000000082E-05 ), #11263, 'distance_accuracy_value', 'NONE');
#10597 = SURFACE_STYLE_FILL_AREA ( #4131 ) ;
#10598 = ORIENTED_EDGE ( 'NONE', *, *, #1515, .F. ) ;
#10599 = CARTESIAN_POINT ( 'NONE',  ( -2.499999999999997780, -7.499999999999991118, 2.100000000000000089 ) ) ;
#10600 = DIRECTION ( 'NONE',  ( -0.000000000000000000, -0.000000000000000000, 1.000000000000000000 ) ) ;
#10601 =( LENGTH_UNIT ( ) NAMED_UNIT ( * ) SI_UNIT ( .MILLI., .METRE. ) );
#10602 = LINE ( 'NONE', #1568, #7411 ) ;
#10603 = VECTOR ( 'NONE', #10927, 1000.000000000000000 ) ;
#10604 = COLOUR_RGB ( '',1.000000000000000000, 1.000000000000000000, 0.000000000000000000 ) ;
#10605 = ADVANCED_FACE ( 'NONE', ( #9018 ), #5298, .T. ) ;
#10606 = ORIENTED_EDGE ( 'NONE', *, *, #2441, .F. ) ;
#10607 = EDGE_LOOP ( 'NONE', ( #9185, #11711, #10559, #552 ) ) ;
#10608 = FACE_OUTER_BOUND ( 'NONE', #2977, .T. ) ;
#10609 = FILL_AREA_STYLE ('',( #3969 ) ) ;
#10610 = CARTESIAN_POINT ( 'NONE',  ( -7.499999999999999112, 2.500000000000009326, 2.463966244037302911 ) ) ;
#10611 = ORIENTED_EDGE ( 'NONE', *, *, #11780, .T. ) ;
#10612 =( GEOMETRIC_REPRESENTATION_CONTEXT ( 3 ) GLOBAL_UNCERTAINTY_ASSIGNED_CONTEXT ( ( #6508 ) ) GLOBAL_UNIT_ASSIGNED_CONTEXT ( ( #4240, #10423, #2719 ) ) REPRESENTATION_CONTEXT ( 'NONE', 'WORKASPACE' ) );
#10613 = CYLINDRICAL_SURFACE ( 'NONE', #5747, 1.386033755962696956 ) ;
#10614 =( GEOMETRIC_REPRESENTATION_CONTEXT ( 3 ) GLOBAL_UNCERTAINTY_ASSIGNED_CONTEXT ( ( #11442 ) ) GLOBAL_UNIT_ASSIGNED_CONTEXT ( ( #10341, #3871, #7556 ) ) REPRESENTATION_CONTEXT ( 'NONE', 'WORKASPACE' ) );
#10615 = LINE ( 'NONE', #3124, #10195 ) ;
#10616 = STYLED_ITEM ( 'NONE', ( #5390 ), #4731 ) ;
#10617 = DIRECTION ( 'NONE',  ( -0.000000000000000000, -0.000000000000000000, 1.000000000000000000 ) ) ;
#10618 = CARTESIAN_POINT ( 'NONE',  ( 5.500000000000000000, -4.499999999999999112, 2.100000000000000089 ) ) ;
#10619 = MECHANICAL_DESIGN_GEOMETRIC_PRESENTATION_REPRESENTATION (  '', ( #6976 ), #5424 ) ;
#10620 = CIRCLE ( 'NONE', #2519, 1.486033755962697267 ) ;
#10621 = EDGE_CURVE ( 'NONE', #1941, #5404, #3532, .T. ) ;
#10622 = PRESENTATION_LAYER_ASSIGNMENT (  '', '', ( #9075 ) ) ;
#10623 = CIRCLE ( 'NONE', #4813, 0.1997103226628852146 ) ;
#10624 = CARTESIAN_POINT ( 'NONE',  ( 3.986033755962698599, -2.499999999999992006, 2.463966244037302911 ) ) ;
#10625 = CARTESIAN_POINT ( 'NONE',  ( -5.499999999999998224, -9.499999999999992895, 2.100000000000000089 ) ) ;
#10626 = CARTESIAN_POINT ( 'NONE',  ( 15.00000000000000355, -11.34999999999999964, 1.600000000000000089 ) ) ;
#10627 = DIRECTION ( 'NONE',  ( 0.000000000000000000, -1.000000000000000000, 0.000000000000000000 ) ) ;
#10628 = ORIENTED_EDGE ( 'NONE', *, *, #628, .T. ) ;
#10629 = FACE_OUTER_BOUND ( 'NONE', #9431, .T. ) ;
#10630 =( NAMED_UNIT ( * ) PLANE_ANGLE_UNIT ( ) SI_UNIT ( $, .RADIAN. ) );
#10631 =( NAMED_UNIT ( * ) PLANE_ANGLE_UNIT ( ) SI_UNIT ( $, .RADIAN. ) );
#10632 = PLANE ( 'NONE',  #10968 ) ;
#10633 = DIRECTION ( 'NONE',  ( -0.000000000000000000, -0.000000000000000000, -1.000000000000000000 ) ) ;
#10634 = PRESENTATION_LAYER_ASSIGNMENT (  '', '', ( #10252 ) ) ;
#10635 = STYLED_ITEM ( 'NONE', ( #6821 ), #1652 ) ;
#10636 = SURFACE_STYLE_FILL_AREA ( #11538 ) ;
#10637 = CARTESIAN_POINT ( 'NONE',  ( -4.500000000000000888, 0.4999999999999961142, 1.600000000000000089 ) ) ;
#10638 = MECHANICAL_DESIGN_GEOMETRIC_PRESENTATION_REPRESENTATION (  '', ( #7543 ), #384 ) ;
#10639 =( NAMED_UNIT ( * ) PLANE_ANGLE_UNIT ( ) SI_UNIT ( $, .RADIAN. ) );
#10640 = PRESENTATION_STYLE_ASSIGNMENT (( #11675 ) ) ;
#10641 = VERTEX_POINT ( 'NONE', #7271 ) ;
#10642 = MECHANICAL_DESIGN_GEOMETRIC_PRESENTATION_REPRESENTATION (  '', ( #9874 ), #10063 ) ;
#10643 =( GEOMETRIC_REPRESENTATION_CONTEXT ( 3 ) GLOBAL_UNCERTAINTY_ASSIGNED_CONTEXT ( ( #11829 ) ) GLOBAL_UNIT_ASSIGNED_CONTEXT ( ( #4341, #11660, #1527 ) ) REPRESENTATION_CONTEXT ( 'NONE', 'WORKASPACE' ) );
#10644 = CARTESIAN_POINT ( 'NONE',  ( -0.4999999999999981681, -9.499999999999992895, 2.100000000000000089 ) ) ;
#10645 =( LENGTH_UNIT ( ) NAMED_UNIT ( * ) SI_UNIT ( .MILLI., .METRE. ) );
#10646 = CARTESIAN_POINT ( 'NONE',  ( -1.113966244037300823, -2.499999999999991118, 2.100000000000000089 ) ) ;
#10647 = DIRECTION ( 'NONE',  ( -0.000000000000000000, -0.000000000000000000, 1.000000000000000000 ) ) ;
#10648 = ORIENTED_EDGE ( 'NONE', *, *, #4366, .T. ) ;
#10649 = FACE_OUTER_BOUND ( 'NONE', #9393, .T. ) ;
#10650 = EDGE_CURVE ( 'NONE', #7277, #69, #10196, .T. ) ;
#10651 =( NAMED_UNIT ( * ) PLANE_ANGLE_UNIT ( ) SI_UNIT ( $, .RADIAN. ) );
#10652 = AXIS2_PLACEMENT_3D ( 'NONE', #3787, #2771, #6468 ) ;
#10653 = MECHANICAL_DESIGN_GEOMETRIC_PRESENTATION_REPRESENTATION (  '', ( #10266 ), #5841 ) ;
#10654 = EDGE_CURVE ( 'NONE', #7446, #10482, #2479, .T. ) ;
#10655 = CARTESIAN_POINT ( 'NONE',  ( 7.500000000000001776, -3.886033755962689629, 2.463966244037302911 ) ) ;
#10656 = STYLED_ITEM ( 'NONE', ( #10640 ), #4551 ) ;
#10657 = SURFACE_STYLE_FILL_AREA ( #3462 ) ;
#10658 = EDGE_LOOP ( 'NONE', ( #11853, #7680 ) ) ;
#10659 = EDGE_LOOP ( 'NONE', ( #7775, #5717, #3883, #1742 ) ) ;
#10660 = ORIENTED_EDGE ( 'NONE', *, *, #3198, .T. ) ;
#10661 = FILL_AREA_STYLE ('',( #10595 ) ) ;
#10662 = VECTOR ( 'NONE', #4333, 1000.000000000000000 ) ;
#10663 = AXIS2_PLACEMENT_3D ( 'NONE', #4541, #1659, #6248 ) ;
#10664 = ORIENTED_EDGE ( 'NONE', *, *, #3052, .T. ) ;
#10665 = PRESENTATION_LAYER_ASSIGNMENT (  '', '', ( #8883 ) ) ;
#10666 = DIRECTION ( 'NONE',  ( -0.000000000000000000, -0.000000000000000000, 1.000000000000000000 ) ) ;
#10667 =( NAMED_UNIT ( * ) SI_UNIT ( $, .STERADIAN. ) SOLID_ANGLE_UNIT ( ) );
#10668 = EDGE_CURVE ( 'NONE', #4470, #5493, #9202, .T. ) ;
#10669 = EDGE_CURVE ( 'NONE', #6001, #6198, #1561, .T. ) ;
#10670 = DIRECTION ( 'NONE',  ( -1.000000000000000000, -0.000000000000000000, -0.000000000000000000 ) ) ;
#10671 = DIRECTION ( 'NONE',  ( 1.000000000000000000, 0.000000000000000000, 0.000000000000000000 ) ) ;
#10672 = COLOUR_RGB ( '',0.7529411764705882248, 0.7529411764705882248, 0.7529411764705882248 ) ;
#10673 = AXIS2_PLACEMENT_3D ( 'NONE', #2644, #6348, #10013 ) ;
#10674 = VERTEX_POINT ( 'NONE', #11755 ) ;
#10675 = VERTEX_POINT ( 'NONE', #2558 ) ;
#10676 = CARTESIAN_POINT ( 'NONE',  ( 4.500000000000000888, 4.499999999999996447, 2.100000000000000089 ) ) ;
#10677 = CARTESIAN_POINT ( 'NONE',  ( 7.500000000000001776, -2.499999999999992895, 2.100000000000000089 ) ) ;
#10678 = DIRECTION ( 'NONE',  ( 0.000000000000000000, 0.000000000000000000, 1.000000000000000000 ) ) ;
#10679 = PRESENTATION_STYLE_ASSIGNMENT (( #6923 ) ) ;
#10680 = VERTEX_POINT ( 'NONE', #8952 ) ;
#10681 = LINE ( 'NONE', #6155, #8796 ) ;
#10682 = AXIS2_PLACEMENT_3D ( 'NONE', #10499, #10557, #2195 ) ;
#10683 = CARTESIAN_POINT ( 'NONE',  ( -9.500000000000000000, -9.499999999999994671, 2.100000000000000089 ) ) ;
#10684 =( LENGTH_UNIT ( ) NAMED_UNIT ( * ) SI_UNIT ( .MILLI., .METRE. ) );
#10685 =( NAMED_UNIT ( * ) PLANE_ANGLE_UNIT ( ) SI_UNIT ( $, .RADIAN. ) );
#10686 = MECHANICAL_DESIGN_GEOMETRIC_PRESENTATION_REPRESENTATION (  '', ( #4122 ), #5698 ) ;
#10687 =( NAMED_UNIT ( * ) PLANE_ANGLE_UNIT ( ) SI_UNIT ( $, .RADIAN. ) );
#10688 = PRESENTATION_LAYER_ASSIGNMENT (  '', '', ( #8180 ) ) ;
#10689 = CIRCLE ( 'NONE', #2722, 1.486033755962697267 ) ;
#10690 = UNCERTAINTY_MEASURE_WITH_UNIT (LENGTH_MEASURE( 1.000000000000000082E-05 ), #35, 'distance_accuracy_value', 'NONE');
#10691 = DIRECTION ( 'NONE',  ( -0.000000000000000000, -0.000000000000000000, 1.000000000000000000 ) ) ;
#10692 = CARTESIAN_POINT ( 'NONE',  ( 5.500000000000000888, -9.499999999999994671, 2.100000000000000089 ) ) ;
#10693 = CARTESIAN_POINT ( 'NONE',  ( 1.013966244037303177, 2.500000000000007550, 2.463966244037302911 ) ) ;
#10694 = ORIENTED_EDGE ( 'NONE', *, *, #10565, .F. ) ;
#10695 = MECHANICAL_DESIGN_GEOMETRIC_PRESENTATION_REPRESENTATION (  '', ( #5308 ), #5506 ) ;
#10696 = DIRECTION ( 'NONE',  ( -0.000000000000000000, -1.000000000000000000, -0.000000000000000000 ) ) ;
#10697 = SURFACE_STYLE_USAGE ( .BOTH. , #751 ) ;
#10698 = DIRECTION ( 'NONE',  ( -0.000000000000000000, -0.000000000000000000, 1.000000000000000000 ) ) ;
#10699 = FILL_AREA_STYLE ('',( #4229 ) ) ;
#10700 = UNCERTAINTY_MEASURE_WITH_UNIT (LENGTH_MEASURE( 1.000000000000000082E-05 ), #9058, 'distance_accuracy_value', 'NONE');
#10701 = CARTESIAN_POINT ( 'NONE',  ( -2.499999999999999556, 7.500000000000007994, 3.950000000000000178 ) ) ;
#10702 = COLOUR_RGB ( '',1.000000000000000000, 1.000000000000000000, 0.000000000000000000 ) ;
#10703 = DIRECTION ( 'NONE',  ( 1.000000000000000000, 0.000000000000000000, 0.000000000000000000 ) ) ;
#10704 = STYLED_ITEM ( 'NONE', ( #5484 ), #2296 ) ;
#10705 = FILL_AREA_STYLE ('',( #3441 ) ) ;
#10706 = DIRECTION ( 'NONE',  ( -0.7071067811865475727, 0.7071067811865475727, 0.000000000000000000 ) ) ;
#10707 = VERTEX_POINT ( 'NONE', #3588 ) ;
#10708 = CARTESIAN_POINT ( 'NONE',  ( 7.500000000000000888, 2.500000000000007550, 2.100000000000000089 ) ) ;
#10709 = PRESENTATION_LAYER_ASSIGNMENT (  '', '', ( #9159 ) ) ;
#10710 = PLANE ( 'NONE',  #4157 ) ;
#10711 = DIRECTION ( 'NONE',  ( -0.000000000000000000, -0.000000000000000000, 1.000000000000000000 ) ) ;
#10712 = DIRECTION ( 'NONE',  ( 1.000000000000000000, 0.000000000000000000, 0.000000000000000000 ) ) ;
#10713 = ORIENTED_EDGE ( 'NONE', *, *, #7984, .T. ) ;
#10714 = AXIS2_PLACEMENT_3D ( 'NONE', #10904, #1372, #6953 ) ;
#10715 =( LENGTH_UNIT ( ) NAMED_UNIT ( * ) SI_UNIT ( .MILLI., .METRE. ) );
#10716 = SURFACE_STYLE_USAGE ( .BOTH. , #8761 ) ;
#10717 = STYLED_ITEM ( 'NONE', ( #1129 ), #7948 ) ;
#10718 = CARTESIAN_POINT ( 'NONE',  ( 8.886033755962699843, -7.499999999999992895, 2.100000000000000089 ) ) ;
#10719 = COLOUR_RGB ( '',0.7529411764705882248, 0.7529411764705882248, 0.7529411764705882248 ) ;
#10720 = SURFACE_SIDE_STYLE ('',( #1274 ) ) ;
#10721 = DIRECTION ( 'NONE',  ( 1.000000000000000000, 0.000000000000000000, 0.000000000000000000 ) ) ;
#10722 = VERTEX_POINT ( 'NONE', #921 ) ;
#10723 = ORIENTED_EDGE ( 'NONE', *, *, #8397, .F. ) ;
#10724 = EDGE_CURVE ( 'NONE', #1075, #6482, #4798, .T. ) ;
#10725 = CARTESIAN_POINT ( 'NONE',  ( 7.500000000000000000, 7.500000000000007105, 2.463966244037302911 ) ) ;
#10726 = ORIENTED_EDGE ( 'NONE', *, *, #3507, .F. ) ;
#10727 = CARTESIAN_POINT ( 'NONE',  ( 0.000000000000000000, 13.99999999999999822, 1.600000000000000089 ) ) ;
#10728 = VECTOR ( 'NONE', #1310, 1000.000000000000000 ) ;
#10729 = DIRECTION ( 'NONE',  ( 0.000000000000000000, -1.000000000000000000, 0.000000000000000000 ) ) ;
#10730 = ADVANCED_FACE ( 'NONE', ( #3468 ), #6354, .T. ) ;
#10731 = VERTEX_POINT ( 'NONE', #5482 ) ;
#10732 = SURFACE_STYLE_USAGE ( .BOTH. , #7025 ) ;
#10733 =( LENGTH_UNIT ( ) NAMED_UNIT ( * ) SI_UNIT ( .MILLI., .METRE. ) );
#10734 = UNCERTAINTY_MEASURE_WITH_UNIT (LENGTH_MEASURE( 1.000000000000000082E-05 ), #6642, 'distance_accuracy_value', 'NONE');
#10735 = AXIS2_PLACEMENT_3D ( 'NONE', #8746, #469, #3254 ) ;
#10736 = DIRECTION ( 'NONE',  ( -0.000000000000000000, -0.000000000000000000, 1.000000000000000000 ) ) ;
#10737 = SURFACE_STYLE_FILL_AREA ( #5235 ) ;
#10738 = CIRCLE ( 'NONE', #293, 1.486033755962697267 ) ;
#10739 = ORIENTED_EDGE ( 'NONE', *, *, #6505, .T. ) ;
#10740 = VERTEX_POINT ( 'NONE', #11939 ) ;
#10741 = EDGE_CURVE ( 'NONE', #5425, #3145, #6582, .T. ) ;
#10742 = FILL_AREA_STYLE ('',( #5963 ) ) ;
#10743 = PRESENTATION_LAYER_ASSIGNMENT (  '', '', ( #5549 ) ) ;
#10744 = FILL_AREA_STYLE_COLOUR ( '', #5863 ) ;
#10745 = DIRECTION ( 'NONE',  ( -0.000000000000000000, -0.000000000000000000, 1.000000000000000000 ) ) ;
#10746 = SURFACE_STYLE_USAGE ( .BOTH. , #9818 ) ;
#10747 = ORIENTED_EDGE ( 'NONE', *, *, #10668, .T. ) ;
#10748 = SURFACE_STYLE_USAGE ( .BOTH. , #10931 ) ;
#10749 = FACE_OUTER_BOUND ( 'NONE', #11949, .T. ) ;
#10750 =( NAMED_UNIT ( * ) PLANE_ANGLE_UNIT ( ) SI_UNIT ( $, .RADIAN. ) );
#10751 = PRODUCT_DEFINITION_SHAPE ( 'NONE', 'NONE',  #6517 ) ;
#10752 = CARTESIAN_POINT ( 'NONE',  ( 5.395973916753827204, 13.44012937056731083, 1.610000000000000098 ) ) ;
#10753 = EDGE_CURVE ( 'NONE', #7441, #10526, #7875, .T. ) ;
#10754 = CARTESIAN_POINT ( 'NONE',  ( -2.499999999999999556, 2.500000000000009326, 2.463966244037302911 ) ) ;
#10755 =( NAMED_UNIT ( * ) PLANE_ANGLE_UNIT ( ) SI_UNIT ( $, .RADIAN. ) );
#10756 = ADVANCED_FACE ( 'NONE', ( #11609 ), #2419, .F. ) ;
#10757 = DIRECTION ( 'NONE',  ( 0.000000000000000000, -1.000000000000000000, 0.000000000000000000 ) ) ;
#10758 = DIRECTION ( 'NONE',  ( 0.000000000000000000, 1.000000000000000000, 0.000000000000000000 ) ) ;
#10759 = EDGE_CURVE ( 'NONE', #9054, #8050, #11365, .T. ) ;
#10760 = EDGE_LOOP ( 'NONE', ( #5843, #2243, #6322, #11565 ) ) ;
#10761 = CARTESIAN_POINT ( 'NONE',  ( -0.2999999999999986011, 12.00000000000000355, 1.600000000000000089 ) ) ;
#10762 = SURFACE_STYLE_USAGE ( .BOTH. , #6114 ) ;
#10763 = SURFACE_STYLE_USAGE ( .BOTH. , #9963 ) ;
#10764 = CARTESIAN_POINT ( 'NONE',  ( 4.500000000000001776, -4.499999999999997335, 2.100000000000000089 ) ) ;
#10765 = COLOUR_RGB ( '',1.000000000000000000, 1.000000000000000000, 0.000000000000000000 ) ;
#10766 = FACE_BOUND ( 'NONE', #3749, .T. ) ;
#10767 = FACE_OUTER_BOUND ( 'NONE', #10344, .T. ) ;
#10768 = ORIENTED_EDGE ( 'NONE', *, *, #9045, .T. ) ;
#10769 =( LENGTH_UNIT ( ) NAMED_UNIT ( * ) SI_UNIT ( .MILLI., .METRE. ) );
#10770 = EDGE_LOOP ( 'NONE', ( #5612, #8419, #11100, #5309, #5210 ) ) ;
#10771 = FILL_AREA_STYLE_COLOUR ( '', #6043 ) ;
#10772 = DIRECTION ( 'NONE',  ( 0.000000000000000000, 1.000000000000000000, 0.000000000000000000 ) ) ;
#10773 = PRESENTATION_STYLE_ASSIGNMENT (( #4179 ) ) ;
#10774 = FILL_AREA_STYLE ('',( #11014 ) ) ;
#10775 = DIRECTION ( 'NONE',  ( 0.000000000000000000, 1.000000000000000000, 0.000000000000000000 ) ) ;
#10776 = SURFACE_STYLE_USAGE ( .BOTH. , #11682 ) ;
#10777 = ORIENTED_EDGE ( 'NONE', *, *, #8653, .T. ) ;
#10778 = DIRECTION ( 'NONE',  ( 1.000000000000000000, 0.000000000000000000, 0.000000000000000000 ) ) ;
#10779 = CLOSED_SHELL ( 'NONE', ( #1550, #4551, #3061, #7200, #10982 ) ) ;
#10780 =( LENGTH_UNIT ( ) NAMED_UNIT ( * ) SI_UNIT ( .MILLI., .METRE. ) );
#10781 = VECTOR ( 'NONE', #6925, 1000.000000000000114 ) ;
#10782 = DIRECTION ( 'NONE',  ( 1.000000000000000000, 0.000000000000000000, 0.000000000000000000 ) ) ;
#10783 = EDGE_CURVE ( 'NONE', #10130, #1679, #9733, .T. ) ;
#10784 = DIRECTION ( 'NONE',  ( 0.000000000000000000, -1.000000000000000000, 0.000000000000000000 ) ) ;
#10785 = ORIENTED_EDGE ( 'NONE', *, *, #4187, .F. ) ;
#10786 = EDGE_CURVE ( 'NONE', #8427, #2288, #9236, .T. ) ;
#10787 = VERTEX_POINT ( 'NONE', #9852 ) ;
#10788 = PRESENTATION_STYLE_ASSIGNMENT (( #3341 ) ) ;
#10789 = ORIENTED_EDGE ( 'NONE', *, *, #2189, .F. ) ;
#10790 = CARTESIAN_POINT ( 'NONE',  ( -9.500000000000000000, -4.499999999999999112, 2.100000000000000089 ) ) ;
#10791 = AXIS2_PLACEMENT_3D ( 'NONE', #11842, #9952, #3421 ) ;
#10792 = DIRECTION ( 'NONE',  ( 1.000000000000000000, 0.000000000000000000, 0.000000000000000000 ) ) ;
#10793 = ORIENTED_EDGE ( 'NONE', *, *, #8469, .T. ) ;
#10794 =( NAMED_UNIT ( * ) SI_UNIT ( $, .STERADIAN. ) SOLID_ANGLE_UNIT ( ) );
#10795 = DIRECTION ( 'NONE',  ( -1.000000000000000000, 0.000000000000000000, 0.000000000000000000 ) ) ;
#10796 = DIRECTION ( 'NONE',  ( 0.000000000000000000, 0.000000000000000000, -1.000000000000000000 ) ) ;
#10797 = EDGE_CURVE ( 'NONE', #616, #2851, #5089, .T. ) ;
#10798 = ORIENTED_EDGE ( 'NONE', *, *, #7451, .F. ) ;
#10799 = VERTEX_POINT ( 'NONE', #6837 ) ;
#10800 =( NAMED_UNIT ( * ) SI_UNIT ( $, .STERADIAN. ) SOLID_ANGLE_UNIT ( ) );
#10801 = CARTESIAN_POINT ( 'NONE',  ( 9.749999999999989342, 11.35000000000000142, 0.000000000000000000 ) ) ;
#10802 = DIRECTION ( 'NONE',  ( 1.000000000000000000, -1.224646799147353207E-16, 0.000000000000000000 ) ) ;
#10803 = ORIENTED_EDGE ( 'NONE', *, *, #3646, .T. ) ;
#10804 = DIRECTION ( 'NONE',  ( 0.000000000000000000, -1.000000000000000000, 0.000000000000000000 ) ) ;
#10805 = LINE ( 'NONE', #10683, #9037 ) ;
#10806 =( GEOMETRIC_REPRESENTATION_CONTEXT ( 3 ) GLOBAL_UNCERTAINTY_ASSIGNED_CONTEXT ( ( #9272 ) ) GLOBAL_UNIT_ASSIGNED_CONTEXT ( ( #6350, #9176, #3432 ) ) REPRESENTATION_CONTEXT ( 'NONE', 'WORKASPACE' ) );
#10807 = DIRECTION ( 'NONE',  ( 0.000000000000000000, 0.000000000000000000, -1.000000000000000000 ) ) ;
#10808 = DIRECTION ( 'NONE',  ( 0.000000000000000000, 0.000000000000000000, -1.000000000000000000 ) ) ;
#10809 = EDGE_CURVE ( 'NONE', #9426, #4390, #740, .T. ) ;
#10810 = UNCERTAINTY_MEASURE_WITH_UNIT (LENGTH_MEASURE( 1.000000000000000082E-05 ), #4990, 'distance_accuracy_value', 'NONE');
#10811 = DIRECTION ( 'NONE',  ( 0.000000000000000000, 0.000000000000000000, 1.000000000000000000 ) ) ;
#10812 = CIRCLE ( 'NONE', #9830, 1.386033755962696956 ) ;
#10813 = DIRECTION ( 'NONE',  ( -0.000000000000000000, -0.000000000000000000, 1.000000000000000000 ) ) ;
#10814 = AXIS2_PLACEMENT_3D ( 'NONE', #4787, #1243, #5713 ) ;
#10815 = FACE_OUTER_BOUND ( 'NONE', #6254, .T. ) ;
#10816 = ORIENTED_EDGE ( 'NONE', *, *, #8668, .T. ) ;
#10817 = AXIS2_PLACEMENT_3D ( 'NONE', #5563, #9283, #11238 ) ;
#10818 = FACE_OUTER_BOUND ( 'NONE', #244, .T. ) ;
#10819 = DIRECTION ( 'NONE',  ( 1.000000000000000000, 0.000000000000000000, 0.000000000000000000 ) ) ;
#10820 = UNCERTAINTY_MEASURE_WITH_UNIT (LENGTH_MEASURE( 1.000000000000000082E-05 ), #3742, 'distance_accuracy_value', 'NONE');
#10821 = ADVANCED_FACE ( 'NONE', ( #3385 ), #6949, .T. ) ;
#10822 = CIRCLE ( 'NONE', #9639, 1.386033755962697844 ) ;
#10824 =( NAMED_UNIT ( * ) SI_UNIT ( $, .STERADIAN. ) SOLID_ANGLE_UNIT ( ) );
#10823 = AXIS2_PLACEMENT_3D ( 'NONE', #7877, #3049, #9565 ) ;
#10825 = EDGE_CURVE ( 'NONE', #2656, #10569, #5000, .T. ) ;
#10826 = AXIS2_PLACEMENT_3D ( 'NONE', #6162, #7048, #7962 ) ;
#10827 =( NAMED_UNIT ( * ) SI_UNIT ( $, .STERADIAN. ) SOLID_ANGLE_UNIT ( ) );
#10828 = VECTOR ( 'NONE', #4469, 1000.000000000000000 ) ;
#10829 = ORIENTED_EDGE ( 'NONE', *, *, #9700, .F. ) ;
#10830 = CARTESIAN_POINT ( 'NONE',  ( -2.499999999999999556, 2.500000000000009326, 3.850000000000000089 ) ) ;
#10831 = ORIENTED_EDGE ( 'NONE', *, *, #11668, .T. ) ;
#10832 = DIRECTION ( 'NONE',  ( -1.000000000000000000, 0.000000000000000000, 0.000000000000000000 ) ) ;
#10833 = CARTESIAN_POINT ( 'NONE',  ( -4.499999999999999112, -9.499999999999994671, 1.600000000000000089 ) ) ;
#10834 =( LENGTH_UNIT ( ) NAMED_UNIT ( * ) SI_UNIT ( .MILLI., .METRE. ) );
#10835 =( NAMED_UNIT ( * ) SI_UNIT ( $, .STERADIAN. ) SOLID_ANGLE_UNIT ( ) );
#10836 = CARTESIAN_POINT ( 'NONE',  ( -2.499999999999997780, -3.886033755962687852, 2.463966244037302911 ) ) ;
#10837 = PRESENTATION_LAYER_ASSIGNMENT (  '', '', ( #2125 ) ) ;
#10838 = EDGE_LOOP ( 'NONE', ( #6794, #3169, #4547, #1587 ) ) ;
#10839 = CIRCLE ( 'NONE', #4656, 1.386033755962696956 ) ;
#10840 = SURFACE_STYLE_FILL_AREA ( #4365 ) ;
#10841 = PRESENTATION_LAYER_ASSIGNMENT (  '', '', ( #4276 ) ) ;
#10842 = SURFACE_STYLE_FILL_AREA ( #3392 ) ;
#10843 = ADVANCED_FACE ( 'NONE', ( #7193 ), #10154, .F. ) ;
#10844 = LINE ( 'NONE', #3459, #4468 ) ;
#10845 = COLOUR_RGB ( '',1.000000000000000000, 1.000000000000000000, 0.000000000000000000 ) ;
#10846 =( GEOMETRIC_REPRESENTATION_CONTEXT ( 3 ) GLOBAL_UNCERTAINTY_ASSIGNED_CONTEXT ( ( #2501 ) ) GLOBAL_UNIT_ASSIGNED_CONTEXT ( ( #10262, #6526, #8450 ) ) REPRESENTATION_CONTEXT ( 'NONE', 'WORKASPACE' ) );
#10847 = FILL_AREA_STYLE ('',( #1221 ) ) ;
#10848 = ORIENTED_EDGE ( 'NONE', *, *, #8457, .F. ) ;
#10849 = CIRCLE ( 'NONE', #1938, 1.486033755962697267 ) ;
#10850 = VERTEX_POINT ( 'NONE', #8100 ) ;
#10851 = VECTOR ( 'NONE', #1613, 1000.000000000000000 ) ;
#10852 = FILL_AREA_STYLE ('',( #1493 ) ) ;
#10853 = VERTEX_POINT ( 'NONE', #11918 ) ;
#10854 = DIRECTION ( 'NONE',  ( -0.000000000000000000, 1.000000000000000000, -0.000000000000000000 ) ) ;
#10855 = UNCERTAINTY_MEASURE_WITH_UNIT (LENGTH_MEASURE( 1.000000000000000082E-05 ), #2293, 'distance_accuracy_value', 'NONE');
#10856 = ORIENTED_EDGE ( 'NONE', *, *, #9006, .F. ) ;
#10857 = DIRECTION ( 'NONE',  ( -0.000000000000000000, -0.000000000000000000, 1.000000000000000000 ) ) ;
#10858 = SURFACE_STYLE_FILL_AREA ( #7026 ) ;
#10859 = UNCERTAINTY_MEASURE_WITH_UNIT (LENGTH_MEASURE( 1.000000000000000082E-05 ), #6669, 'distance_accuracy_value', 'NONE');
#10860 = MECHANICAL_DESIGN_GEOMETRIC_PRESENTATION_REPRESENTATION (  '', ( #11055 ), #1958 ) ;
#10861 = CARTESIAN_POINT ( 'NONE',  ( 0.000000000000000000, 0.000000000000000000, 1.600000000000000089 ) ) ;
#10862 = DIRECTION ( 'NONE',  ( 0.000000000000000000, -1.000000000000000000, 0.000000000000000000 ) ) ;
#10863 = ORIENTED_EDGE ( 'NONE', *, *, #7613, .T. ) ;
#10864 = COLOUR_RGB ( '',1.000000000000000000, 1.000000000000000000, 0.000000000000000000 ) ;
#10865 = ORIENTED_EDGE ( 'NONE', *, *, #9192, .T. ) ;
#10866 =( NAMED_UNIT ( * ) PLANE_ANGLE_UNIT ( ) SI_UNIT ( $, .RADIAN. ) );
#10867 =( GEOMETRIC_REPRESENTATION_CONTEXT ( 3 ) GLOBAL_UNCERTAINTY_ASSIGNED_CONTEXT ( ( #2581 ) ) GLOBAL_UNIT_ASSIGNED_CONTEXT ( ( #8223, #10955, #2655 ) ) REPRESENTATION_CONTEXT ( 'NONE', 'WORKASPACE' ) );
#10868 = DIRECTION ( 'NONE',  ( 1.000000000000000000, 0.000000000000000000, 0.000000000000000000 ) ) ;
#10869 = SURFACE_STYLE_FILL_AREA ( #11716 ) ;
#10870 = ORIENTED_EDGE ( 'NONE', *, *, #97, .F. ) ;
#10871 = DIRECTION ( 'NONE',  ( -0.000000000000000000, -0.000000000000000000, -1.000000000000000000 ) ) ;
#10872 = EDGE_CURVE ( 'NONE', #3353, #2005, #159, .T. ) ;
#10873 = DIRECTION ( 'NONE',  ( -0.000000000000000000, -1.000000000000000000, -0.000000000000000000 ) ) ;
#10874 = CARTESIAN_POINT ( 'NONE',  ( -2.499999999999997780, -2.499999999999991118, 2.463966244037302911 ) ) ;
#10875 = VECTOR ( 'NONE', #5317, 1000.000000000000000 ) ;
#10876 = AXIS2_PLACEMENT_3D ( 'NONE', #1010, #4707, #7357 ) ;
#10877 = DIRECTION ( 'NONE',  ( -1.000000000000000000, 0.000000000000000000, -0.000000000000000000 ) ) ;
#10878 = DIRECTION ( 'NONE',  ( 1.000000000000000000, -8.673617379884033500E-16, 0.000000000000000000 ) ) ;
#10879 = UNCERTAINTY_MEASURE_WITH_UNIT (LENGTH_MEASURE( 1.000000000000000082E-05 ), #4483, 'distance_accuracy_value', 'NONE');
#10880 = SURFACE_STYLE_FILL_AREA ( #7170 ) ;
#10881 = DIRECTION ( 'NONE',  ( -0.000000000000000000, -0.000000000000000000, -1.000000000000000000 ) ) ;
#10882 = PLANE ( 'NONE',  #11763 ) ;
#10883 = SURFACE_STYLE_FILL_AREA ( #11786 ) ;
#10884 = ORIENTED_EDGE ( 'NONE', *, *, #8133, .T. ) ;
#10885 = ADVANCED_FACE ( 'NONE', ( #3572 ), #4627, .T. ) ;
#10886 = DIRECTION ( 'NONE',  ( -0.000000000000000000, -0.000000000000000000, 1.000000000000000000 ) ) ;
#10887 = CARTESIAN_POINT ( 'NONE',  ( -1.013966244037302289, 2.500000000000009326, 2.463966244037302911 ) ) ;
#10888 = CYLINDRICAL_SURFACE ( 'NONE', #11858, 1.386033755962696956 ) ;
#10889 = MECHANICAL_DESIGN_GEOMETRIC_PRESENTATION_REPRESENTATION (  '', ( #7001 ), #10296 ) ;
#10890 = PRESENTATION_STYLE_ASSIGNMENT (( #6637 ) ) ;
#10891 = COLOUR_RGB ( '',0.7529411764705882248, 0.7529411764705882248, 0.7529411764705882248 ) ;
#10892 = DIRECTION ( 'NONE',  ( -0.000000000000000000, -0.000000000000000000, 1.000000000000000000 ) ) ;
#10893 = ORIENTED_EDGE ( 'NONE', *, *, #7537, .F. ) ;
#10894 = CARTESIAN_POINT ( 'NONE',  ( 5.499999999999999112, 0.4999999999999961142, 2.100000000000000089 ) ) ;
#10895 = AXIS2_PLACEMENT_3D ( 'NONE', #11968, #10142, #1834 ) ;
#10896 = EDGE_LOOP ( 'NONE', ( #3158, #5481, #82, #2988 ) ) ;
#10897 = CARTESIAN_POINT ( 'NONE',  ( 0.000000000000000000, 15.00000000000000000, 1.600000000000000089 ) ) ;
#10898 = SURFACE_STYLE_FILL_AREA ( #780 ) ;
#10899 =( NAMED_UNIT ( * ) PLANE_ANGLE_UNIT ( ) SI_UNIT ( $, .RADIAN. ) );
#10900 = EDGE_CURVE ( 'NONE', #4571, #5736, #4226, .T. ) ;
#10901 = DIRECTION ( 'NONE',  ( -0.000000000000000000, -0.000000000000000000, -1.000000000000000000 ) ) ;
#10902 = CARTESIAN_POINT ( 'NONE',  ( 0.5000000000000025535, -9.499999999999994671, 2.100000000000000089 ) ) ;
#10903 = CARTESIAN_POINT ( 'NONE',  ( 5.395973916753827204, 13.44012937056731083, 1.610000000000000098 ) ) ;
#10904 = CARTESIAN_POINT ( 'NONE',  ( 7.500000000000000888, 2.500000000000007550, 2.463966244037302911 ) ) ;
#10905 = ORIENTED_EDGE ( 'NONE', *, *, #9774, .F. ) ;
#10906 = EDGE_CURVE ( 'NONE', #5907, #4273, #1845, .T. ) ;
#10907 = SURFACE_STYLE_USAGE ( .BOTH. , #11990 ) ;
#10908 = DIRECTION ( 'NONE',  ( -0.000000000000000000, -0.000000000000000000, -1.000000000000000000 ) ) ;
#10909 = ORIENTED_EDGE ( 'NONE', *, *, #6335, .T. ) ;
#10910 = ORIENTED_EDGE ( 'NONE', *, *, #11376, .T. ) ;
#10911 = VERTEX_POINT ( 'NONE', #4474 ) ;
#10912 = VECTOR ( 'NONE', #721, 1000.000000000000000 ) ;
#10913 = CARTESIAN_POINT ( 'NONE',  ( -2.499999999999999556, 2.500000000000009326, 2.463966244037302911 ) ) ;
#10914 = ORIENTED_EDGE ( 'NONE', *, *, #10519, .F. ) ;
#10915 = DIRECTION ( 'NONE',  ( 1.000000000000000000, 0.000000000000000000, 0.000000000000000000 ) ) ;
#10916 = VERTEX_POINT ( 'NONE', #2539 ) ;
#10917 = EDGE_CURVE ( 'NONE', #3997, #860, #6479, .T. ) ;
#10918 = SURFACE_STYLE_USAGE ( .BOTH. , #7216 ) ;
#10919 = COLOUR_RGB ( '',0.5019607843137254832, 0.5019607843137254832, 0.5019607843137254832 ) ;
#10920 = MECHANICAL_DESIGN_GEOMETRIC_PRESENTATION_REPRESENTATION (  '', ( #4146 ), #11882 ) ;
#10921 = FACE_BOUND ( 'NONE', #10039, .T. ) ;
#10922 = VECTOR ( 'NONE', #2344, 1000.000000000000000 ) ;
#10923 = ORIENTED_EDGE ( 'NONE', *, *, #410, .F. ) ;
#10924 = ORIENTED_EDGE ( 'NONE', *, *, #6105, .F. ) ;
#10925 = DIRECTION ( 'NONE',  ( -1.000000000000000000, 0.000000000000000000, 0.000000000000000000 ) ) ;
#10926 = PRESENTATION_STYLE_ASSIGNMENT (( #11644 ) ) ;
#10927 = DIRECTION ( 'NONE',  ( -0.000000000000000000, -0.000000000000000000, 1.000000000000000000 ) ) ;
#10928 = CARTESIAN_POINT ( 'NONE',  ( 7.500000000000000000, 7.500000000000007105, 2.463966244037302911 ) ) ;
#10929 = EDGE_LOOP ( 'NONE', ( #9849, #9373, #4431, #10777, #4676 ) ) ;
#10930 = PRESENTATION_LAYER_ASSIGNMENT (  '', '', ( #2420 ) ) ;
#10931 = SURFACE_SIDE_STYLE ('',( #4274 ) ) ;
#10932 = DIRECTION ( 'NONE',  ( -1.000000000000000000, 4.336808689942016750E-16, -0.000000000000000000 ) ) ;
#10933 =( NAMED_UNIT ( * ) PLANE_ANGLE_UNIT ( ) SI_UNIT ( $, .RADIAN. ) );
#10934 = VECTOR ( 'NONE', #7789, 1000.000000000000000 ) ;
#10935 = SURFACE_SIDE_STYLE ('',( #6928 ) ) ;
#10936 = AXIS2_PLACEMENT_3D ( 'NONE', #6119, #6828, #10703 ) ;
#10937 = SURFACE_SIDE_STYLE ('',( #3551 ) ) ;
#10938 =( LENGTH_UNIT ( ) NAMED_UNIT ( * ) SI_UNIT ( .MILLI., .METRE. ) );
#10939 = DIRECTION ( 'NONE',  ( -0.000000000000000000, 1.000000000000000000, -0.000000000000000000 ) ) ;
#10940 = AXIS2_PLACEMENT_3D ( 'NONE', #7114, #1712, #6999 ) ;
#10941 = FILL_AREA_STYLE ('',( #6228 ) ) ;
#10942 = CYLINDRICAL_SURFACE ( 'NONE', #1735, 1.486033755962697267 ) ;
#10943 = VERTEX_POINT ( 'NONE', #5582 ) ;
#10944 = SURFACE_SIDE_STYLE ('',( #9719 ) ) ;
#10945 = DIRECTION ( 'NONE',  ( 0.000000000000000000, -1.000000000000000000, 0.000000000000000000 ) ) ;
#10946 = UNCERTAINTY_MEASURE_WITH_UNIT (LENGTH_MEASURE( 1.000000000000000082E-05 ), #6988, 'distance_accuracy_value', 'NONE');
#10947 = FACE_BOUND ( 'NONE', #1012, .T. ) ;
#10948 = DIRECTION ( 'NONE',  ( -0.000000000000000000, -0.000000000000000000, 1.000000000000000000 ) ) ;
#10949 = MECHANICAL_DESIGN_GEOMETRIC_PRESENTATION_REPRESENTATION (  '', ( #7266 ), #4182 ) ;
#10950 = CIRCLE ( 'NONE', #7652, 1.386033755962696956 ) ;
#10951 = EDGE_CURVE ( 'NONE', #4009, #8375, #1296, .T. ) ;
#10952 = CARTESIAN_POINT ( 'NONE',  ( -9.500000000000000000, -0.4999999999999987232, 2.100000000000000089 ) ) ;
#10953 = ORIENTED_EDGE ( 'NONE', *, *, #11167, .T. ) ;
#10954 = ADVANCED_FACE ( 'NONE', ( #1661 ), #7126, .F. ) ;
#10955 =( NAMED_UNIT ( * ) PLANE_ANGLE_UNIT ( ) SI_UNIT ( $, .RADIAN. ) );
#10956 = ORIENTED_EDGE ( 'NONE', *, *, #10567, .T. ) ;
#10957 =( NAMED_UNIT ( * ) PLANE_ANGLE_UNIT ( ) SI_UNIT ( $, .RADIAN. ) );
#10958 =( LENGTH_UNIT ( ) NAMED_UNIT ( * ) SI_UNIT ( .MILLI., .METRE. ) );
#10959 = AXIS2_PLACEMENT_3D ( 'NONE', #1823, #4761, #11893 ) ;
#10960 = FILL_AREA_STYLE_COLOUR ( '', #10919 ) ;
#10961 = AXIS2_PLACEMENT_3D ( 'NONE', #2241, #7632, #6681 ) ;
#10962 =( LENGTH_UNIT ( ) NAMED_UNIT ( * ) SI_UNIT ( .MILLI., .METRE. ) );
#10963 = VERTEX_POINT ( 'NONE', #10392 ) ;
#10964 = DIRECTION ( 'NONE',  ( -0.000000000000000000, -0.000000000000000000, -1.000000000000000000 ) ) ;
#10965 = FILL_AREA_STYLE ('',( #6318 ) ) ;
#10966 = EDGE_CURVE ( 'NONE', #1416, #5853, #8406, .T. ) ;
#10967 = FACE_OUTER_BOUND ( 'NONE', #1339, .T. ) ;
#10968 = AXIS2_PLACEMENT_3D ( 'NONE', #397, #1590, #8027 ) ;
#10969 = FILL_AREA_STYLE_COLOUR ( '', #2934 ) ;
#10970 = ORIENTED_EDGE ( 'NONE', *, *, #926, .T. ) ;
#10971 = VERTEX_POINT ( 'NONE', #9468 ) ;
#10972 = ORIENTED_EDGE ( 'NONE', *, *, #2148, .T. ) ;
#10973 = EDGE_LOOP ( 'NONE', ( #11683, #7393, #2739, #2228, #2631 ) ) ;
#10974 = CARTESIAN_POINT ( 'NONE',  ( -4.500000000000000000, -0.4999999999999970024, 2.100000000000000089 ) ) ;
#10975 = CARTESIAN_POINT ( 'NONE',  ( 2.500000000000002220, -8.986033755962688829, 2.463966244037302911 ) ) ;
#10976 = VERTEX_POINT ( 'NONE', #2895 ) ;
#10977 = CARTESIAN_POINT ( 'NONE',  ( 7.500000000000002665, -7.499999999999992895, 2.463966244037302911 ) ) ;
#10978 = STYLED_ITEM ( 'NONE', ( #451 ), #9461 ) ;
#10979 = SURFACE_SIDE_STYLE ('',( #1748 ) ) ;
#10980 = UNCERTAINTY_MEASURE_WITH_UNIT (LENGTH_MEASURE( 1.000000000000000082E-05 ), #4691, 'distance_accuracy_value', 'NONE');
#10981 =( NAMED_UNIT ( * ) PLANE_ANGLE_UNIT ( ) SI_UNIT ( $, .RADIAN. ) );
#10982 = ADVANCED_FACE ( 'NONE', ( #1905 ), #9302, .F. ) ;
#10983 = ADVANCED_FACE ( 'NONE', ( #4898 ), #8346, .T. ) ;
#10984 = ORIENTED_EDGE ( 'NONE', *, *, #8586, .T. ) ;
#10985 = AXIS2_PLACEMENT_3D ( 'NONE', #6218, #9893, #6102 ) ;
#10986 = ORIENTED_EDGE ( 'NONE', *, *, #1987, .T. ) ;
#10988 = DIRECTION ( 'NONE',  ( 1.000000000000000000, 0.000000000000000000, 0.000000000000000000 ) ) ;
#10987 = UNCERTAINTY_MEASURE_WITH_UNIT (LENGTH_MEASURE( 1.000000000000000082E-05 ), #1213, 'distance_accuracy_value', 'NONE');
#10989 = MECHANICAL_DESIGN_GEOMETRIC_PRESENTATION_REPRESENTATION (  '', ( #11746 ), #532 ) ;
#10990 = CARTESIAN_POINT ( 'NONE',  ( 7.500000000000002665, -7.499999999999992895, 2.463966244037302911 ) ) ;
#10991 = FACE_OUTER_BOUND ( 'NONE', #11018, .T. ) ;
#10992 = ORIENTED_EDGE ( 'NONE', *, *, #6412, .F. ) ;
#10993 = CARTESIAN_POINT ( 'NONE',  ( 5.499999999999998224, 5.499999999999991118, 2.100000000000000089 ) ) ;
#10994 = FACE_OUTER_BOUND ( 'NONE', #3058, .T. ) ;
#10995 = DIRECTION ( 'NONE',  ( 1.000000000000000000, 0.000000000000000000, 0.000000000000000000 ) ) ;
#10996 = COLOUR_RGB ( '',1.000000000000000000, 1.000000000000000000, 0.000000000000000000 ) ;
#10997 = ADVANCED_FACE ( 'NONE', ( #6538 ), #9715, .F. ) ;
#10998 = FILL_AREA_STYLE_COLOUR ( '', #3881 ) ;
#10999 = UNCERTAINTY_MEASURE_WITH_UNIT (LENGTH_MEASURE( 1.000000000000000082E-05 ), #123, 'distance_accuracy_value', 'NONE');
#11000 = DIRECTION ( 'NONE',  ( -0.000000000000000000, 0.000000000000000000, 1.000000000000000000 ) ) ;
#11001 = LINE ( 'NONE', #10727, #727 ) ;
#11002 = FACE_OUTER_BOUND ( 'NONE', #11504, .T. ) ;
#11003 = ORIENTED_EDGE ( 'NONE', *, *, #8575, .F. ) ;
#11004 = STYLED_ITEM ( 'NONE', ( #2266 ), #11098 ) ;
#11005 = AXIS2_PLACEMENT_3D ( 'NONE', #3495, #7469, #2943 ) ;
#11006 = AXIS2_PLACEMENT_3D ( 'NONE', #4940, #8906, #7227 ) ;
#11007 = CARTESIAN_POINT ( 'NONE',  ( 2.499999999999999556, 7.500000000000007105, 3.850000000000000089 ) ) ;
#11008 = EDGE_LOOP ( 'NONE', ( #11741, #8937, #8118, #1947 ) ) ;
#11009 =( GEOMETRIC_REPRESENTATION_CONTEXT ( 3 ) GLOBAL_UNCERTAINTY_ASSIGNED_CONTEXT ( ( #5079 ) ) GLOBAL_UNIT_ASSIGNED_CONTEXT ( ( #8670, #5754, #2261 ) ) REPRESENTATION_CONTEXT ( 'NONE', 'WORKASPACE' ) );
#11010 = DIRECTION ( 'NONE',  ( -0.000000000000000000, -0.000000000000000000, 1.000000000000000000 ) ) ;
#11011 = EDGE_LOOP ( 'NONE', ( #8171, #8812, #1145, #11398, #7817 ) ) ;
#11012 = CARTESIAN_POINT ( 'NONE',  ( 7.500000000000001776, -2.499999999999992895, 2.463966244037302911 ) ) ;
#11013 = DIRECTION ( 'NONE',  ( 0.000000000000000000, 0.000000000000000000, -1.000000000000000000 ) ) ;
#11014 = FILL_AREA_STYLE_COLOUR ( '', #6488 ) ;
#11015 = DIRECTION ( 'NONE',  ( -1.000000000000000000, 0.000000000000000000, 0.000000000000000000 ) ) ;
#11016 = SURFACE_STYLE_USAGE ( .BOTH. , #8169 ) ;
#11017 = CARTESIAN_POINT ( 'NONE',  ( -9.500000000000000000, -9.499999999999994671, 1.600000000000000089 ) ) ;
#11018 = EDGE_LOOP ( 'NONE', ( #7140, #11120, #732, #4848, #5238 ) ) ;
#11019 = DIRECTION ( 'NONE',  ( 1.000000000000000000, 0.000000000000000000, 0.000000000000000000 ) ) ;
#11020 = EDGE_CURVE ( 'NONE', #2134, #9570, #1305, .T. ) ;
#11021 = CIRCLE ( 'NONE', #9265, 1.386033755962696956 ) ;
#11022 = DIRECTION ( 'NONE',  ( 0.000000000000000000, -0.000000000000000000, -1.000000000000000000 ) ) ;
#11023 = PRESENTATION_LAYER_ASSIGNMENT (  '', '', ( #6941 ) ) ;
#11024 = SURFACE_STYLE_FILL_AREA ( #174 ) ;
#11025 = AXIS2_PLACEMENT_3D ( 'NONE', #593, #11603, #8033 ) ;
#11026 = SURFACE_SIDE_STYLE ('',( #6371 ) ) ;
#11027 = VERTEX_POINT ( 'NONE', #11470 ) ;
#11028 = STYLED_ITEM ( 'NONE', ( #1605 ), #11868 ) ;
#11029 = ORIENTED_EDGE ( 'NONE', *, *, #4350, .T. ) ;
#11030 = AXIS2_PLACEMENT_3D ( 'NONE', #11339, #11505, #10427 ) ;
#11031 = VERTEX_POINT ( 'NONE', #11589 ) ;
#11032 = PRESENTATION_LAYER_ASSIGNMENT (  '', '', ( #5434 ) ) ;
#11033 = VERTEX_POINT ( 'NONE', #8799 ) ;
#11034 = CARTESIAN_POINT ( 'NONE',  ( 3.937999223629755630, 13.19889830287036681, 1.610000000000000098 ) ) ;
#11035 = EDGE_LOOP ( 'NONE', ( #6032, #8543, #1575, #8434 ) ) ;
#11036 = EDGE_CURVE ( 'NONE', #8114, #1086, #8291, .T. ) ;
#11037 = DIRECTION ( 'NONE',  ( 1.000000000000000000, -1.224646799147353207E-16, 0.000000000000000000 ) ) ;
#11038 = DIRECTION ( 'NONE',  ( 0.000000000000000000, -1.000000000000000000, 0.000000000000000000 ) ) ;
#11039 = CIRCLE ( 'NONE', #1342, 1.486033755962697267 ) ;
#11040 = SURFACE_STYLE_FILL_AREA ( #5420 ) ;
#11041 = AXIS2_PLACEMENT_3D ( 'NONE', #9640, #8735, #8848 ) ;
#11042 = ORIENTED_EDGE ( 'NONE', *, *, #4948, .F. ) ;
#11043 = ORIENTED_EDGE ( 'NONE', *, *, #7837, .T. ) ;
#11044 = DIRECTION ( 'NONE',  ( -1.000000000000000000, 0.000000000000000000, 0.000000000000000000 ) ) ;
#11045 = STYLED_ITEM ( 'NONE', ( #7131 ), #6146 ) ;
#11046 = DIRECTION ( 'NONE',  ( 0.000000000000000000, -0.000000000000000000, -1.000000000000000000 ) ) ;
#11047 = ORIENTED_EDGE ( 'NONE', *, *, #8433, .T. ) ;
#11048 = EDGE_CURVE ( 'NONE', #8692, #9438, #9427, .T. ) ;
#11049 = CARTESIAN_POINT ( 'NONE',  ( 3.886033755962699399, -7.499999999999992006, 2.100000000000000089 ) ) ;
#11050 = DIRECTION ( 'NONE',  ( -1.000000000000000000, 0.000000000000000000, 0.000000000000000000 ) ) ;
#11051 = AXIS2_PLACEMENT_3D ( 'NONE', #9012, #7769, #7077 ) ;
#11053 = EDGE_CURVE ( 'NONE', #2690, #10130, #9643, .T. ) ;
#11052 = SURFACE_STYLE_FILL_AREA ( #8259 ) ;
#11054 = COLOUR_RGB ( '',0.7529411764705882248, 0.7529411764705882248, 0.7529411764705882248 ) ;
#11055 = STYLED_ITEM ( 'NONE', ( #2535 ), #4684 ) ;
#11056 = LINE ( 'NONE', #11965, #6996 ) ;
#11057 = FILL_AREA_STYLE_COLOUR ( '', #447 ) ;
#11058 = SURFACE_STYLE_USAGE ( .BOTH. , #1892 ) ;
#11059 = CARTESIAN_POINT ( 'NONE',  ( -2.604026083246159029, -13.44012937056731793, 1.610000000000000098 ) ) ;
#11060 = ORIENTED_EDGE ( 'NONE', *, *, #4172, .F. ) ;
#11061 = CARTESIAN_POINT ( 'NONE',  ( -5.499999999999999112, -4.499999999999997335, 2.100000000000000089 ) ) ;
#11062 = COLOUR_RGB ( '',0.2509803921568627416, 0.2509803921568627416, 0.2509803921568627416 ) ;
#11063 = FILL_AREA_STYLE_COLOUR ( '', #725 ) ;
#11064 = UNCERTAINTY_MEASURE_WITH_UNIT (LENGTH_MEASURE( 1.000000000000000082E-05 ), #5708, 'distance_accuracy_value', 'NONE');
#11065 = CARTESIAN_POINT ( 'NONE',  ( -2.499999999999999556, 2.500000000000009326, 2.463966244037302911 ) ) ;
#11066 = SURFACE_STYLE_USAGE ( .BOTH. , #2709 ) ;
#11067 = DIRECTION ( 'NONE',  ( 1.000000000000000000, 0.000000000000000000, 0.000000000000000000 ) ) ;
#11068 =( GEOMETRIC_REPRESENTATION_CONTEXT ( 3 ) GLOBAL_UNCERTAINTY_ASSIGNED_CONTEXT ( ( #9024 ) ) GLOBAL_UNIT_ASSIGNED_CONTEXT ( ( #6994, #10755, #9041 ) ) REPRESENTATION_CONTEXT ( 'NONE', 'WORKASPACE' ) );
#11069 = ORIENTED_EDGE ( 'NONE', *, *, #3576, .F. ) ;
#11070 = DIRECTION ( 'NONE',  ( 1.000000000000000000, 0.000000000000000000, 0.000000000000000000 ) ) ;
#11071 = ORIENTED_EDGE ( 'NONE', *, *, #10318, .F. ) ;
#11072 = SURFACE_STYLE_USAGE ( .BOTH. , #7370 ) ;
#11073 = DIRECTION ( 'NONE',  ( -0.000000000000000000, -0.000000000000000000, 1.000000000000000000 ) ) ;
#11074 = FILL_AREA_STYLE ('',( #3798 ) ) ;
#11075 = PRESENTATION_STYLE_ASSIGNMENT (( #4477 ) ) ;
#11076 =( LENGTH_UNIT ( ) NAMED_UNIT ( * ) SI_UNIT ( .MILLI., .METRE. ) );
#11077 = VERTEX_POINT ( 'NONE', #4036 ) ;
#11078 = DIRECTION ( 'NONE',  ( 0.000000000000000000, 0.000000000000000000, 1.000000000000000000 ) ) ;
#11079 = PLANE ( 'NONE',  #11418 ) ;
#11080 = STYLED_ITEM ( 'NONE', ( #2472 ), #7165 ) ;
#11081 =( NAMED_UNIT ( * ) PLANE_ANGLE_UNIT ( ) SI_UNIT ( $, .RADIAN. ) );
#11082 =( NAMED_UNIT ( * ) PLANE_ANGLE_UNIT ( ) SI_UNIT ( $, .RADIAN. ) );
#11083 = PRESENTATION_LAYER_ASSIGNMENT (  '', '', ( #11281 ) ) ;
#11084 = ORIENTED_EDGE ( 'NONE', *, *, #9032, .T. ) ;
#11085 = ORIENTED_EDGE ( 'NONE', *, *, #11546, .F. ) ;
#11086 = CIRCLE ( 'NONE', #2995, 1.486033755962697267 ) ;
#11087 = ORIENTED_EDGE ( 'NONE', *, *, #6659, .T. ) ;
#11088 = ORIENTED_EDGE ( 'NONE', *, *, #9180, .F. ) ;
#11089 = DIRECTION ( 'NONE',  ( -4.336808689942016750E-16, 1.000000000000000000, 0.000000000000000000 ) ) ;
#11090 = VERTEX_POINT ( 'NONE', #6820 ) ;
#11091 = STYLED_ITEM ( 'NONE', ( #2306 ), #2083 ) ;
#11092 = LINE ( 'NONE', #5724, #2320 ) ;
#11093 = SURFACE_SIDE_STYLE ('',( #3593 ) ) ;
#11094 = UNCERTAINTY_MEASURE_WITH_UNIT (LENGTH_MEASURE( 1.000000000000000082E-05 ), #3261, 'distance_accuracy_value', 'NONE');
#11095 = COLOUR_RGB ( '',0.7529411764705882248, 0.7529411764705882248, 0.7529411764705882248 ) ;
#11096 = FACE_BOUND ( 'NONE', #9981, .T. ) ;
#11097 = CARTESIAN_POINT ( 'NONE',  ( -4.500000000000000888, 4.499999999999998224, 2.100000000000000089 ) ) ;
#11098 = ADVANCED_FACE ( 'NONE', ( #4222, #10512 ), #7051, .F. ) ;
#11099 = PRESENTATION_LAYER_ASSIGNMENT (  '', '', ( #10704 ) ) ;
#11100 = ORIENTED_EDGE ( 'NONE', *, *, #1099, .F. ) ;
#11101 = VERTEX_POINT ( 'NONE', #10692 ) ;
#11103 = DIRECTION ( 'NONE',  ( -0.000000000000000000, -0.000000000000000000, -1.000000000000000000 ) ) ;
#11102 = UNCERTAINTY_MEASURE_WITH_UNIT (LENGTH_MEASURE( 1.000000000000000082E-05 ), #115, 'distance_accuracy_value', 'NONE');
#11104 = AXIS2_PLACEMENT_3D ( 'NONE', #1061, #3839, #5791 ) ;
#11105 = LINE ( 'NONE', #10362, #364 ) ;
#11106 = DIRECTION ( 'NONE',  ( 0.000000000000000000, 0.000000000000000000, 1.000000000000000000 ) ) ;
#11107 = ORIENTED_EDGE ( 'NONE', *, *, #5990, .T. ) ;
#11108 = CARTESIAN_POINT ( 'NONE',  ( 5.395973916753827204, 13.44012937056731083, 1.610000000000000098 ) ) ;
#11109 = CARTESIAN_POINT ( 'NONE',  ( 0.5000000000000002220, 5.499999999999992006, 2.100000000000000089 ) ) ;
#11110 = FILL_AREA_STYLE_COLOUR ( '', #5388 ) ;
#11111 = AXIS2_PLACEMENT_3D ( 'NONE', #3625, #4606, #7310 ) ;
#11112 = CYLINDRICAL_SURFACE ( 'NONE', #1314, 1.486033755962697267 ) ;
#11113 = CIRCLE ( 'NONE', #5899, 0.3220000000000002305 ) ;
#11114 = EDGE_CURVE ( 'NONE', #1694, #3400, #744, .T. ) ;
#11115 = DIRECTION ( 'NONE',  ( 1.000000000000000000, 0.000000000000000000, 0.000000000000000000 ) ) ;
#11116 = VECTOR ( 'NONE', #3654, 1000.000000000000000 ) ;
#11117 =( LENGTH_UNIT ( ) NAMED_UNIT ( * ) SI_UNIT ( .MILLI., .METRE. ) );
#11118 = PRESENTATION_STYLE_ASSIGNMENT (( #9347 ) ) ;
#11119 = CARTESIAN_POINT ( 'NONE',  ( 1.113966244037303488, 2.500000000000007550, 2.100000000000000089 ) ) ;
#11120 = ORIENTED_EDGE ( 'NONE', *, *, #7314, .T. ) ;
#11121 = CYLINDRICAL_SURFACE ( 'NONE', #2824, 0.3220000000000002305 ) ;
#11122 =( GEOMETRIC_REPRESENTATION_CONTEXT ( 3 ) GLOBAL_UNCERTAINTY_ASSIGNED_CONTEXT ( ( #398 ) ) GLOBAL_UNIT_ASSIGNED_CONTEXT ( ( #1142, #133, #3940 ) ) REPRESENTATION_CONTEXT ( 'NONE', 'WORKASPACE' ) );
#11123 = DIRECTION ( 'NONE',  ( -1.000000000000000000, 0.000000000000000000, 0.000000000000000000 ) ) ;
#11124 = LINE ( 'NONE', #9524, #11655 ) ;
#11125 = EDGE_CURVE ( 'NONE', #11246, #7688, #1526, .T. ) ;
#11126 = AXIS2_PLACEMENT_3D ( 'NONE', #2095, #11473, #5869 ) ;
#11127 = EDGE_CURVE ( 'NONE', #6001, #359, #9247, .T. ) ;
#11128 = CARTESIAN_POINT ( 'NONE',  ( 2.500000000000002220, -7.499999999999992006, 2.463966244037302911 ) ) ;
#11129 = VERTEX_POINT ( 'NONE', #3663 ) ;
#11130 = DIRECTION ( 'NONE',  ( 1.000000000000000000, 0.000000000000000000, 0.000000000000000000 ) ) ;
#11131 = COLOUR_RGB ( '',0.2509803921568627416, 0.2509803921568627416, 0.2509803921568627416 ) ;
#11132 = DIRECTION ( 'NONE',  ( 0.000000000000000000, 0.000000000000000000, -1.000000000000000000 ) ) ;
#11133 =( LENGTH_UNIT ( ) NAMED_UNIT ( * ) SI_UNIT ( .MILLI., .METRE. ) );
#11134 = EDGE_LOOP ( 'NONE', ( #9717, #4565, #11915, #7283, #7830 ) ) ;
#11135 = DIRECTION ( 'NONE',  ( -0.000000000000000000, -0.000000000000000000, -1.000000000000000000 ) ) ;
#11136 = SURFACE_STYLE_FILL_AREA ( #2902 ) ;
#11137 = CIRCLE ( 'NONE', #7452, 1.486033755962697267 ) ;
#11138 = SURFACE_SIDE_STYLE ('',( #10034 ) ) ;
#11139 = CARTESIAN_POINT ( 'NONE',  ( 4.061857282075212794, 12.94391847363203674, 1.610000000000000098 ) ) ;
#11140 = ORIENTED_EDGE ( 'NONE', *, *, #10380, .T. ) ;
#11141 = CARTESIAN_POINT ( 'NONE',  ( 0.5000000000000017764, -4.499999999999998224, 2.100000000000000089 ) ) ;
#11142 = ORIENTED_EDGE ( 'NONE', *, *, #4952, .F. ) ;
#11143 =( GEOMETRIC_REPRESENTATION_CONTEXT ( 3 ) GLOBAL_UNCERTAINTY_ASSIGNED_CONTEXT ( ( #684 ) ) GLOBAL_UNIT_ASSIGNED_CONTEXT ( ( #2923, #9494, #10478 ) ) REPRESENTATION_CONTEXT ( 'NONE', 'WORKASPACE' ) );
#11144 = ORIENTED_EDGE ( 'NONE', *, *, #1071, .T. ) ;
#11145 =( NAMED_UNIT ( * ) SI_UNIT ( $, .STERADIAN. ) SOLID_ANGLE_UNIT ( ) );
#11146 = ORIENTED_EDGE ( 'NONE', *, *, #5248, .T. ) ;
#11147 = DIRECTION ( 'NONE',  ( -1.000000000000000000, 0.000000000000000000, 0.000000000000000000 ) ) ;
#11148 = EDGE_LOOP ( 'NONE', ( #500, #7940, #352, #6616, #2062 ) ) ;
#11149 = DIRECTION ( 'NONE',  ( -0.000000000000000000, -0.000000000000000000, 1.000000000000000000 ) ) ;
#11150 = SURFACE_STYLE_USAGE ( .BOTH. , #11093 ) ;
#11151 = COLOUR_RGB ( '',1.000000000000000000, 1.000000000000000000, 0.000000000000000000 ) ;
#11152 = ADVANCED_FACE ( 'NONE', ( #8211 ), #10081, .F. ) ;
#11153 = DIRECTION ( 'NONE',  ( -0.000000000000000000, -0.000000000000000000, 1.000000000000000000 ) ) ;
#11154 =( NAMED_UNIT ( * ) SI_UNIT ( $, .STERADIAN. ) SOLID_ANGLE_UNIT ( ) );
#11155 = EDGE_CURVE ( 'NONE', #1508, #9495, #2464, .T. ) ;
#11156 = ORIENTED_EDGE ( 'NONE', *, *, #8959, .T. ) ;
#11157 = EDGE_LOOP ( 'NONE', ( #10816, #7874, #1675, #915 ) ) ;
#11158 = CARTESIAN_POINT ( 'NONE',  ( 2.499999999999999556, 7.500000000000007105, 2.100000000000000089 ) ) ;
#11159 = PRESENTATION_LAYER_ASSIGNMENT (  '', '', ( #10375 ) ) ;
#11160 = FILL_AREA_STYLE_COLOUR ( '', #760 ) ;
#11161 = VERTEX_POINT ( 'NONE', #1585 ) ;
#11162 = DIRECTION ( 'NONE',  ( -0.000000000000000000, -0.000000000000000000, -1.000000000000000000 ) ) ;
#11163 = SURFACE_SIDE_STYLE ('',( #7348 ) ) ;
#11164 = DIRECTION ( 'NONE',  ( -0.000000000000000000, -0.000000000000000000, -1.000000000000000000 ) ) ;
#11165 = ADVANCED_FACE ( 'NONE', ( #11002 ), #10882, .F. ) ;
#11166 = EDGE_CURVE ( 'NONE', #3042, #2615, #6558, .T. ) ;
#11167 = EDGE_CURVE ( 'NONE', #7881, #2595, #9114, .T. ) ;
#11168 = PRESENTATION_STYLE_ASSIGNMENT (( #11899 ) ) ;
#11169 = EDGE_CURVE ( 'NONE', #7143, #6905, #1118, .T. ) ;
#11170 = PRESENTATION_STYLE_ASSIGNMENT (( #655 ) ) ;
#11171 =( GEOMETRIC_REPRESENTATION_CONTEXT ( 3 ) GLOBAL_UNCERTAINTY_ASSIGNED_CONTEXT ( ( #9722 ) ) GLOBAL_UNIT_ASSIGNED_CONTEXT ( ( #8859, #4287, #2469 ) ) REPRESENTATION_CONTEXT ( 'NONE', 'WORKASPACE' ) );
#11172 = COLOUR_RGB ( '',1.000000000000000000, 1.000000000000000000, 0.000000000000000000 ) ;
#11173 =( NAMED_UNIT ( * ) PLANE_ANGLE_UNIT ( ) SI_UNIT ( $, .RADIAN. ) );
#11174 = SURFACE_STYLE_FILL_AREA ( #7706 ) ;
#11175 = SURFACE_STYLE_USAGE ( .BOTH. , #10141 ) ;
#11176 = DIRECTION ( 'NONE',  ( -1.000000000000000000, 0.000000000000000000, 0.000000000000000000 ) ) ;
#11177 = PLANE ( 'NONE',  #9875 ) ;
#11178 = VERTEX_POINT ( 'NONE', #2825 ) ;
#11179 =( LENGTH_UNIT ( ) NAMED_UNIT ( * ) SI_UNIT ( .MILLI., .METRE. ) );
#11180 = VECTOR ( 'NONE', #5502, 1000.000000000000000 ) ;
#11181 = CARTESIAN_POINT ( 'NONE',  ( 7.500000000000000888, 2.500000000000007550, 2.100000000000000089 ) ) ;
#11182 = EDGE_CURVE ( 'NONE', #5668, #2006, #1011, .T. ) ;
#11183 = AXIS2_PLACEMENT_3D ( 'NONE', #9186, #4603, #4542 ) ;
#11184 = CARTESIAN_POINT ( 'NONE',  ( -7.499999999999997335, -2.499999999999990230, 2.100000000000000089 ) ) ;
#11185 = FACE_OUTER_BOUND ( 'NONE', #2372, .T. ) ;
#11186 = PRESENTATION_STYLE_ASSIGNMENT (( #4947 ) ) ;
#11187 = MECHANICAL_DESIGN_GEOMETRIC_PRESENTATION_REPRESENTATION (  '', ( #542 ), #5784 ) ;
#11188 = CYLINDRICAL_SURFACE ( 'NONE', #2515, 1.486033755962696379 ) ;
#11189 = ORIENTED_EDGE ( 'NONE', *, *, #11274, .F. ) ;
#11190 = VECTOR ( 'NONE', #10377, 1000.000000000000000 ) ;
#11191 = DIRECTION ( 'NONE',  ( 1.000000000000000000, 0.000000000000000000, 0.000000000000000000 ) ) ;
#11192 = PRESENTATION_STYLE_ASSIGNMENT (( #9304 ) ) ;
#11193 = CARTESIAN_POINT ( 'NONE',  ( -2.499999999999999556, 7.500000000000007994, 2.463966244037302911 ) ) ;
#11194 = DIRECTION ( 'NONE',  ( 1.000000000000000000, 0.000000000000000000, -0.000000000000000000 ) ) ;
#11195 = ORIENTED_EDGE ( 'NONE', *, *, #6874, .F. ) ;
#11196 = PRESENTATION_STYLE_ASSIGNMENT (( #2042 ) ) ;
#11197 = ADVANCED_FACE ( 'NONE', ( #6463 ), #217, .T. ) ;
#11198 = DIRECTION ( 'NONE',  ( 0.7071067811865475727, 0.7071067811865475727, -0.000000000000000000 ) ) ;
#11199 = PRESENTATION_STYLE_ASSIGNMENT (( #5971 ) ) ;
#11200 = EDGE_CURVE ( 'NONE', #2675, #9450, #5016, .T. ) ;
#11201 = CIRCLE ( 'NONE', #752, 1.486033755962697267 ) ;
#11203 = COLOUR_RGB ( '',0.7529411764705882248, 0.7529411764705882248, 0.7529411764705882248 ) ;
#11202 = FILL_AREA_STYLE ('',( #5877 ) ) ;
#11204 = MECHANICAL_DESIGN_GEOMETRIC_PRESENTATION_REPRESENTATION (  '', ( #10421 ), #11570 ) ;
#11205 = FILL_AREA_STYLE_COLOUR ( '', #5030 ) ;
#11206 = DIRECTION ( 'NONE',  ( 1.000000000000000000, 4.336808689942016750E-16, 0.000000000000000000 ) ) ;
#11207 = ORIENTED_EDGE ( 'NONE', *, *, #5183, .F. ) ;
#11208 = SURFACE_STYLE_USAGE ( .BOTH. , #11325 ) ;
#11209 = ORIENTED_EDGE ( 'NONE', *, *, #161, .F. ) ;
#11210 = ORIENTED_EDGE ( 'NONE', *, *, #7683, .F. ) ;
#11211 =( NAMED_UNIT ( * ) PLANE_ANGLE_UNIT ( ) SI_UNIT ( $, .RADIAN. ) );
#11212 = AXIS2_PLACEMENT_3D ( 'NONE', #7519, #9274, #25 ) ;
#11213 = ORIENTED_EDGE ( 'NONE', *, *, #6004, .T. ) ;
#11214 = SURFACE_SIDE_STYLE ('',( #8302 ) ) ;
#11215 = MECHANICAL_DESIGN_GEOMETRIC_PRESENTATION_REPRESENTATION (  '', ( #6574 ), #9856 ) ;
#11216 = DIRECTION ( 'NONE',  ( -1.000000000000000000, -4.336808689942016750E-16, 0.000000000000000000 ) ) ;
#11217 = ORIENTED_EDGE ( 'NONE', *, *, #2162, .F. ) ;
#11218 = AXIS2_PLACEMENT_3D ( 'NONE', #4032, #6765, #1234 ) ;
#11219 = CARTESIAN_POINT ( 'NONE',  ( -8.986033755962694158, -7.499999999999990230, 2.463966244037302911 ) ) ;
#11220 = ADVANCED_FACE ( 'NONE', ( #949 ), #100, .T. ) ;
#11221 = SURFACE_SIDE_STYLE ('',( #7510 ) ) ;
#11222 = UNCERTAINTY_MEASURE_WITH_UNIT (LENGTH_MEASURE( 1.000000000000000082E-05 ), #3612, 'distance_accuracy_value', 'NONE');
#11223 = CARTESIAN_POINT ( 'NONE',  ( 2.500000000000001332, -2.499999999999992006, 2.463966244037302911 ) ) ;
#11224 = AXIS2_PLACEMENT_3D ( 'NONE', #8440, #9395, #2997 ) ;
#11225 = CIRCLE ( 'NONE', #7891, 1.486033755962696379 ) ;
#11226 = VERTEX_POINT ( 'NONE', #2877 ) ;
#11227 = AXIS2_PLACEMENT_3D ( 'NONE', #7423, #4596, #11067 ) ;
#11228 = ORIENTED_EDGE ( 'NONE', *, *, #5805, .F. ) ;
#11229 = DIRECTION ( 'NONE',  ( -0.000000000000000000, -0.000000000000000000, -1.000000000000000000 ) ) ;
#11230 = CARTESIAN_POINT ( 'NONE',  ( 4.000000000000003553, 60.00000000000000711, 1.800000000000000044 ) ) ;
#11231 = ORIENTED_EDGE ( 'NONE', *, *, #2546, .T. ) ;
#11232 = PRODUCT_DEFINITION_FORMATION_WITH_SPECIFIED_SOURCE ( 'ANY', '', #9974, .NOT_KNOWN. ) ;
#11233 = DIRECTION ( 'NONE',  ( 0.000000000000000000, 1.000000000000000000, 0.000000000000000000 ) ) ;
#11234 = DIRECTION ( 'NONE',  ( 0.000000000000000000, 0.000000000000000000, 1.000000000000000000 ) ) ;
#11235 = CARTESIAN_POINT ( 'NONE',  ( 7.500000000000000888, 1.113966244037310371, 2.463966244037302911 ) ) ;
#11236 =( NAMED_UNIT ( * ) SI_UNIT ( $, .STERADIAN. ) SOLID_ANGLE_UNIT ( ) );
#11237 =( GEOMETRIC_REPRESENTATION_CONTEXT ( 3 ) GLOBAL_UNCERTAINTY_ASSIGNED_CONTEXT ( ( #512 ) ) GLOBAL_UNIT_ASSIGNED_CONTEXT ( ( #8672, #10687, #8795 ) ) REPRESENTATION_CONTEXT ( 'NONE', 'WORKASPACE' ) );
#11238 = DIRECTION ( 'NONE',  ( 1.000000000000000000, 0.000000000000000000, 0.000000000000000000 ) ) ;
#11239 = SURFACE_SIDE_STYLE ('',( #1303 ) ) ;
#11240 = FILL_AREA_STYLE ('',( #10320 ) ) ;
#11241 =( GEOMETRIC_REPRESENTATION_CONTEXT ( 3 ) GLOBAL_UNCERTAINTY_ASSIGNED_CONTEXT ( ( #8056 ) ) GLOBAL_UNIT_ASSIGNED_CONTEXT ( ( #8634, #7744, #7199 ) ) REPRESENTATION_CONTEXT ( 'NONE', 'WORKASPACE' ) );
#11242 =( NAMED_UNIT ( * ) PLANE_ANGLE_UNIT ( ) SI_UNIT ( $, .RADIAN. ) );
#11243 = FILL_AREA_STYLE ('',( #3845 ) ) ;
#11244 = AXIS2_PLACEMENT_3D ( 'NONE', #2874, #4814, #8329 ) ;
#11245 = CARTESIAN_POINT ( 'NONE',  ( -3.747643109862235811, -13.99999999999999822, 1.600000000000000089 ) ) ;
#11246 = VERTEX_POINT ( 'NONE', #6577 ) ;
#11247 = FILL_AREA_STYLE ('',( #7536 ) ) ;
#11248 = FILL_AREA_STYLE_COLOUR ( '', #2260 ) ;
#11249 = CARTESIAN_POINT ( 'NONE',  ( 1.200000000000001510, 12.00000000000000355, 1.600000000000000089 ) ) ;
#11250 = VECTOR ( 'NONE', #2829, 1000.000000000000114 ) ;
#11251 = VECTOR ( 'NONE', #2283, 1000.000000000000000 ) ;
#11252 = PRESENTATION_STYLE_ASSIGNMENT (( #9579 ) ) ;
#11253 =( LENGTH_UNIT ( ) NAMED_UNIT ( * ) SI_UNIT ( .MILLI., .METRE. ) );
#11254 = ADVANCED_FACE ( 'NONE', ( #3846 ), #7531, .F. ) ;
#11255 = SURFACE_SIDE_STYLE ('',( #10389 ) ) ;
#11256 =( NAMED_UNIT ( * ) SI_UNIT ( $, .STERADIAN. ) SOLID_ANGLE_UNIT ( ) );
#11257 = AXIS2_PLACEMENT_3D ( 'NONE', #1519, #5251, #4277 ) ;
#11258 = AXIS2_PLACEMENT_3D ( 'NONE', #8423, #4621, #7323 ) ;
#11259 = FILL_AREA_STYLE_COLOUR ( '', #10437 ) ;
#11260 = SPHERICAL_SURFACE ( 'NONE', #2809, 1.486033755962697267 ) ;
#11261 =( NAMED_UNIT ( * ) SI_UNIT ( $, .STERADIAN. ) SOLID_ANGLE_UNIT ( ) );
#11262 = PRESENTATION_STYLE_ASSIGNMENT (( #3862 ) ) ;
#11263 =( LENGTH_UNIT ( ) NAMED_UNIT ( * ) SI_UNIT ( .MILLI., .METRE. ) );
#11264 = CARTESIAN_POINT ( 'NONE',  ( 7.500000000000000888, 2.500000000000007550, 2.463966244037302911 ) ) ;
#11265 =( LENGTH_UNIT ( ) NAMED_UNIT ( * ) SI_UNIT ( .MILLI., .METRE. ) );
#11266 = PRESENTATION_LAYER_ASSIGNMENT (  '', '', ( #1762 ) ) ;
#11267 = SURFACE_STYLE_USAGE ( .BOTH. , #9368 ) ;
#11268 = EDGE_CURVE ( 'NONE', #4390, #9426, #4820, .T. ) ;
#11269 = DIRECTION ( 'NONE',  ( -0.000000000000000000, 0.000000000000000000, 1.000000000000000000 ) ) ;
#11270 = ORIENTED_EDGE ( 'NONE', *, *, #2986, .F. ) ;
#11271 = CARTESIAN_POINT ( 'NONE',  ( 5.499999999999998224, 9.499999999999992895, 2.100000000000000089 ) ) ;
#11272 = VERTEX_POINT ( 'NONE', #2390 ) ;
#11273 = DIRECTION ( 'NONE',  ( -1.000000000000000000, -0.000000000000000000, -0.000000000000000000 ) ) ;
#11274 = EDGE_CURVE ( 'NONE', #1200, #6265, #569, .T. ) ;
#11275 = EDGE_LOOP ( 'NONE', ( #739, #3411, #7153, #10187, #7190, #4712, #7303 ) ) ;
#11276 = SURFACE_STYLE_FILL_AREA ( #2978 ) ;
#11277 = STYLED_ITEM ( 'NONE', ( #3868 ), #7012 ) ;
#11278 =( NAMED_UNIT ( * ) SI_UNIT ( $, .STERADIAN. ) SOLID_ANGLE_UNIT ( ) );
#11279 = ORIENTED_EDGE ( 'NONE', *, *, #8727, .F. ) ;
#11280 = DIRECTION ( 'NONE',  ( 0.000000000000000000, 1.000000000000000000, 0.000000000000000000 ) ) ;
#11281 = STYLED_ITEM ( 'NONE', ( #6342 ), #1984 ) ;
#11282 = DIRECTION ( 'NONE',  ( -0.000000000000000000, -0.000000000000000000, 1.000000000000000000 ) ) ;
#11283 = STYLED_ITEM ( 'NONE', ( #11252 ), #7262 ) ;
#11284 = SURFACE_STYLE_FILL_AREA ( #3039 ) ;
#11285 = ORIENTED_EDGE ( 'NONE', *, *, #8052, .F. ) ;
#11286 = ORIENTED_EDGE ( 'NONE', *, *, #6346, .F. ) ;
#11287 = AXIS2_PLACEMENT_3D ( 'NONE', #5299, #6081, #6139 ) ;
#11288 = PRESENTATION_STYLE_ASSIGNMENT (( #6742 ) ) ;
#11289 = LINE ( 'NONE', #5557, #5625 ) ;
#11290 = ORIENTED_EDGE ( 'NONE', *, *, #3460, .T. ) ;
#11291 = LINE ( 'NONE', #6854, #6892 ) ;
#11292 = DIRECTION ( 'NONE',  ( -0.000000000000000000, -0.000000000000000000, -1.000000000000000000 ) ) ;
#11293 = DIRECTION ( 'NONE',  ( 0.000000000000000000, 1.000000000000000000, 0.000000000000000000 ) ) ;
#11294 = STYLED_ITEM ( 'NONE', ( #11199 ), #10434 ) ;
#11295 = CARTESIAN_POINT ( 'NONE',  ( -9.500000000000001776, 5.499999999999991118, 2.100000000000000089 ) ) ;
#11296 = CARTESIAN_POINT ( 'NONE',  ( 2.500000000000000444, 2.500000000000007550, 3.950000000000000178 ) ) ;
#11297 =( NAMED_UNIT ( * ) SI_UNIT ( $, .STERADIAN. ) SOLID_ANGLE_UNIT ( ) );
#11298 = EDGE_LOOP ( 'NONE', ( #3889, #889, #1922, #2848, #8961 ) ) ;
#11299 = CIRCLE ( 'NONE', #11104, 1.386033755962696956 ) ;
#11300 = SURFACE_STYLE_USAGE ( .BOTH. , #9286 ) ;
#11301 = FILL_AREA_STYLE_COLOUR ( '', #8105 ) ;
#11302 = CARTESIAN_POINT ( 'NONE',  ( 2.499999999999999556, 7.500000000000007105, 2.100000000000000089 ) ) ;
#11303 = ORIENTED_EDGE ( 'NONE', *, *, #14, .T. ) ;
#11304 = MECHANICAL_DESIGN_GEOMETRIC_PRESENTATION_REPRESENTATION (  '', ( #3167 ), #269 ) ;
#11305 = DIRECTION ( 'NONE',  ( -0.000000000000000000, -0.000000000000000000, 1.000000000000000000 ) ) ;
#11306 =( NAMED_UNIT ( * ) SI_UNIT ( $, .STERADIAN. ) SOLID_ANGLE_UNIT ( ) );
#11307 = LINE ( 'NONE', #5914, #5055 ) ;
#11308 = PRESENTATION_LAYER_ASSIGNMENT (  '', '', ( #1417 ) ) ;
#11309 = MECHANICAL_DESIGN_GEOMETRIC_PRESENTATION_REPRESENTATION (  '', ( #7430 ), #95 ) ;
#11310 = UNCERTAINTY_MEASURE_WITH_UNIT (LENGTH_MEASURE( 1.000000000000000082E-05 ), #1418, 'distance_accuracy_value', 'NONE');
#11311 = FILL_AREA_STYLE_COLOUR ( '', #1322 ) ;
#11312 = PRESENTATION_STYLE_ASSIGNMENT (( #4601 ) ) ;
#11313 = SURFACE_STYLE_USAGE ( .BOTH. , #4831 ) ;
#11314 =( LENGTH_UNIT ( ) NAMED_UNIT ( * ) SI_UNIT ( .MILLI., .METRE. ) );
#11315 = PRESENTATION_LAYER_ASSIGNMENT (  '', '', ( #1230 ) ) ;
#11316 = PRESENTATION_STYLE_ASSIGNMENT (( #3864 ) ) ;
#11317 = PRESENTATION_STYLE_ASSIGNMENT (( #10399 ) ) ;
#11318 = AXIS2_PLACEMENT_3D ( 'NONE', #8461, #1846, #10095 ) ;
#11319 = LINE ( 'NONE', #2968, #11394 ) ;
#11320 = ADVANCED_FACE ( 'NONE', ( #2140 ), #1344, .T. ) ;
#11321 =( NAMED_UNIT ( * ) SI_UNIT ( $, .STERADIAN. ) SOLID_ANGLE_UNIT ( ) );
#11322 = AXIS2_PLACEMENT_3D ( 'NONE', #9844, #8865, #9654 ) ;
#11323 = FACE_OUTER_BOUND ( 'NONE', #8827, .T. ) ;
#11324 = EDGE_LOOP ( 'NONE', ( #2850, #3234, #9326, #7868, #10726 ) ) ;
#11325 = SURFACE_SIDE_STYLE ('',( #8420 ) ) ;
#11326 = ORIENTED_EDGE ( 'NONE', *, *, #8567, .F. ) ;
#11327 = DIRECTION ( 'NONE',  ( -0.000000000000000000, -0.000000000000000000, 1.000000000000000000 ) ) ;
#11328 = EDGE_LOOP ( 'NONE', ( #1740, #7212, #6184, #10856 ) ) ;
#11329 = DIRECTION ( 'NONE',  ( 0.000000000000000000, 1.000000000000000000, 0.000000000000000000 ) ) ;
#11330 = EDGE_CURVE ( 'NONE', #4923, #1857, #2881, .T. ) ;
#11331 = CIRCLE ( 'NONE', #9000, 1.386033755962696956 ) ;
#11332 = FILL_AREA_STYLE_COLOUR ( '', #505 ) ;
#11333 = VERTEX_POINT ( 'NONE', #11516 ) ;
#11334 = ORIENTED_EDGE ( 'NONE', *, *, #4532, .F. ) ;
#11335 = DIRECTION ( 'NONE',  ( -0.000000000000000000, -0.000000000000000000, 1.000000000000000000 ) ) ;
#11336 =( LENGTH_UNIT ( ) NAMED_UNIT ( * ) SI_UNIT ( .MILLI., .METRE. ) );
#11337 = DIRECTION ( 'NONE',  ( 1.000000000000000000, 0.000000000000000000, 0.000000000000000000 ) ) ;
#11338 = ORIENTED_EDGE ( 'NONE', *, *, #6698, .F. ) ;
#11339 = CARTESIAN_POINT ( 'NONE',  ( -11.34999999999999254, 11.35000000000000142, 1.600000000000000089 ) ) ;
#11340 = FACE_BOUND ( 'NONE', #10002, .T. ) ;
#11341 = PRESENTATION_LAYER_ASSIGNMENT (  '', '', ( #3030 ) ) ;
#11342 = AXIS2_PLACEMENT_3D ( 'NONE', #8099, #11800, #9056 ) ;
#11343 = CARTESIAN_POINT ( 'NONE',  ( 5.499999999999999112, 4.499999999999998224, 2.100000000000000089 ) ) ;
#11344 = EDGE_CURVE ( 'NONE', #10112, #4005, #3232, .T. ) ;
#11345 = EDGE_CURVE ( 'NONE', #6905, #621, #3294, .T. ) ;
#11346 = CARTESIAN_POINT ( 'NONE',  ( 2.499999999999999556, 6.113966244037309927, 2.463966244037302911 ) ) ;
#11347 = FILL_AREA_STYLE_COLOUR ( '', #3394 ) ;
#11348 = CLOSED_SHELL ( 'NONE', ( #2278, #2377, #3644, #10997, #8740 ) ) ;
#11349 = PRESENTATION_STYLE_ASSIGNMENT (( #4879 ) ) ;
#11350 = VERTEX_POINT ( 'NONE', #7653 ) ;
#11351 = AXIS2_PLACEMENT_3D ( 'NONE', #6115, #5194, #291 ) ;
#11352 = CARTESIAN_POINT ( 'NONE',  ( 6.113966244037305486, -7.499999999999992895, 2.100000000000000089 ) ) ;
#11353 = CARTESIAN_POINT ( 'NONE',  ( -7.499999999999997335, -7.499999999999990230, 3.850000000000000089 ) ) ;
#11354 = FACE_OUTER_BOUND ( 'NONE', #1312, .T. ) ;
#11355 = EDGE_LOOP ( 'NONE', ( #2808, #7882, #6359, #7253, #6451, #7507, #6079 ) ) ;
#11356 = LINE ( 'NONE', #6101, #701 ) ;
#11357 = VECTOR ( 'NONE', #9487, 1000.000000000000000 ) ;
#11358 = DIRECTION ( 'NONE',  ( -0.000000000000000000, -0.000000000000000000, -1.000000000000000000 ) ) ;
#11359 =( LENGTH_UNIT ( ) NAMED_UNIT ( * ) SI_UNIT ( .MILLI., .METRE. ) );
#11360 = ADVANCED_FACE ( 'NONE', ( #11354 ), #5851, .T. ) ;
#11361 = FILL_AREA_STYLE_COLOUR ( '', #1134 ) ;
#11362 = FILL_AREA_STYLE ('',( #11311 ) ) ;
#11363 = LINE ( 'NONE', #1357, #9902 ) ;
#11364 = FILL_AREA_STYLE ('',( #288 ) ) ;
#11365 = CIRCLE ( 'NONE', #11556, 1.486033755962697267 ) ;
#11366 = FILL_AREA_STYLE_COLOUR ( '', #8977 ) ;
#11367 =( LENGTH_UNIT ( ) NAMED_UNIT ( * ) SI_UNIT ( .MILLI., .METRE. ) );
#11368 = DIRECTION ( 'NONE',  ( 1.000000000000000000, 0.000000000000000000, 0.000000000000000000 ) ) ;
#11369 = CARTESIAN_POINT ( 'NONE',  ( 0.000000000000000000, 0.000000000000000000, 1.610000000000000098 ) ) ;
#11370 = DIRECTION ( 'NONE',  ( 0.000000000000000000, -0.000000000000000000, -1.000000000000000000 ) ) ;
#11371 = CYLINDRICAL_SURFACE ( 'NONE', #831, 1.486033755962697267 ) ;
#11372 = STYLED_ITEM ( 'NONE', ( #983 ), #10042 ) ;
#11373 = DIRECTION ( 'NONE',  ( 0.000000000000000000, -1.000000000000000000, 0.000000000000000000 ) ) ;
#11374 = ORIENTED_EDGE ( 'NONE', *, *, #5361, .F. ) ;
#11375 = VERTEX_POINT ( 'NONE', #3483 ) ;
#11376 = EDGE_CURVE ( 'NONE', #2376, #1805, #5428, .T. ) ;
#11377 =( LENGTH_UNIT ( ) NAMED_UNIT ( * ) SI_UNIT ( .MILLI., .METRE. ) );
#11378 = ORIENTED_EDGE ( 'NONE', *, *, #1289, .T. ) ;
#11379 = AXIS2_PLACEMENT_3D ( 'NONE', #5866, #2338, #6050 ) ;
#11380 = FILL_AREA_STYLE ('',( #11491 ) ) ;
#11381 =( GEOMETRIC_REPRESENTATION_CONTEXT ( 3 ) GLOBAL_UNCERTAINTY_ASSIGNED_CONTEXT ( ( #10855 ) ) GLOBAL_UNIT_ASSIGNED_CONTEXT ( ( #2293, #9673, #8880 ) ) REPRESENTATION_CONTEXT ( 'NONE', 'WORKASPACE' ) );
#11382 = CARTESIAN_POINT ( 'NONE',  ( -2.499999999999997780, -1.113966244037293940, 2.463966244037302911 ) ) ;
#11383 =( NAMED_UNIT ( * ) SI_UNIT ( $, .STERADIAN. ) SOLID_ANGLE_UNIT ( ) );
#11384 = AXIS2_PLACEMENT_3D ( 'NONE', #9698, #6035, #10678 ) ;
#11385 = ORIENTED_EDGE ( 'NONE', *, *, #11200, .F. ) ;
#11386 = ORIENTED_EDGE ( 'NONE', *, *, #9706, .F. ) ;
#11387 = EDGE_CURVE ( 'NONE', #2734, #5941, #11201, .T. ) ;
#11388 = COLOUR_RGB ( '',0.7529411764705882248, 0.7529411764705882248, 0.7529411764705882248 ) ;
#11389 = ORIENTED_EDGE ( 'NONE', *, *, #11684, .F. ) ;
#11390 = DIRECTION ( 'NONE',  ( -0.000000000000000000, -0.000000000000000000, 1.000000000000000000 ) ) ;
#11391 = CARTESIAN_POINT ( 'NONE',  ( 4.500000000000002665, -5.499999999999994671, 1.600000000000000089 ) ) ;
#11392 = DIRECTION ( 'NONE',  ( -1.000000000000000000, 4.336808689942016750E-16, -0.000000000000000000 ) ) ;
#11393 = PRESENTATION_LAYER_ASSIGNMENT (  '', '', ( #9842 ) ) ;
#11394 = VECTOR ( 'NONE', #4735, 1000.000000000000000 ) ;
#11395 =( NAMED_UNIT ( * ) PLANE_ANGLE_UNIT ( ) SI_UNIT ( $, .RADIAN. ) );
#11396 = CIRCLE ( 'NONE', #4256, 1.386033755962696956 ) ;
#11397 = DIRECTION ( 'NONE',  ( 0.000000000000000000, 0.000000000000000000, -1.000000000000000000 ) ) ;
#11398 = ORIENTED_EDGE ( 'NONE', *, *, #2188, .T. ) ;
#11399 = EDGE_LOOP ( 'NONE', ( #10909, #596 ) ) ;
#11400 = EDGE_CURVE ( 'NONE', #3175, #3535, #1701, .T. ) ;
#11401 =( NAMED_UNIT ( * ) SI_UNIT ( $, .STERADIAN. ) SOLID_ANGLE_UNIT ( ) );
#11402 = AXIS2_PLACEMENT_3D ( 'NONE', #5812, #1128, #5647 ) ;
#11403 = DIRECTION ( 'NONE',  ( -2.710505431213761701E-17, -1.000000000000000000, -0.000000000000000000 ) ) ;
#11404 =( LENGTH_UNIT ( ) NAMED_UNIT ( * ) SI_UNIT ( .MILLI., .METRE. ) );
#11405 = ADVANCED_FACE ( 'NONE', ( #10006 ), #6213, .F. ) ;
#11406 = EDGE_LOOP ( 'NONE', ( #6176, #7145, #8503, #4443 ) ) ;
#11407 = SURFACE_STYLE_USAGE ( .BOTH. , #10442 ) ;
#11408 = COLOUR_RGB ( '',0.7529411764705882248, 0.7529411764705882248, 0.7529411764705882248 ) ;
#11409 = DIRECTION ( 'NONE',  ( -0.000000000000000000, -0.000000000000000000, 1.000000000000000000 ) ) ;
#11410 = CIRCLE ( 'NONE', #9285, 1.386033755962696956 ) ;
#11411 = STYLED_ITEM ( 'NONE', ( #888 ), #1829 ) ;
#11412 = FILL_AREA_STYLE ('',( #10563 ) ) ;
#11413 = CIRCLE ( 'NONE', #989, 0.1997103226628847705 ) ;
#11414 = PRESENTATION_LAYER_ASSIGNMENT (  '', '', ( #20 ) ) ;
#11415 = UNCERTAINTY_MEASURE_WITH_UNIT (LENGTH_MEASURE( 1.000000000000000082E-05 ), #8392, 'distance_accuracy_value', 'NONE');
#11416 = CARTESIAN_POINT ( 'NONE',  ( 3.886033755962699399, -7.499999999999992006, 2.100000000000000089 ) ) ;
#11417 = PRESENTATION_STYLE_ASSIGNMENT (( #3923 ) ) ;
#11418 = AXIS2_PLACEMENT_3D ( 'NONE', #8351, #2785, #11022 ) ;
#11419 = CARTESIAN_POINT ( 'NONE',  ( -5.499999999999998224, -5.499999999999994671, 2.100000000000000089 ) ) ;
#11420 = CYLINDRICAL_SURFACE ( 'NONE', #4467, 1.386033755962696956 ) ;
#11421 = VECTOR ( 'NONE', #9543, 1000.000000000000000 ) ;
#11422 = SURFACE_SIDE_STYLE ('',( #1084 ) ) ;
#11423 = AXIS2_PLACEMENT_3D ( 'NONE', #2106, #8359, #1138 ) ;
#11424 = ORIENTED_EDGE ( 'NONE', *, *, #2880, .F. ) ;
#11425 = CARTESIAN_POINT ( 'NONE',  ( 7.500000000000000000, 7.500000000000007105, 2.463966244037302911 ) ) ;
#11426 = ORIENTED_EDGE ( 'NONE', *, *, #10365, .T. ) ;
#11427 = PLANE ( 'NONE',  #606 ) ;
#11428 = ORIENTED_EDGE ( 'NONE', *, *, #6301, .T. ) ;
#11429 = DIRECTION ( 'NONE',  ( -2.137411871061556069E-20, -0.9999999847691289911, -0.0001745329243133371888 ) ) ;
#11430 = DIRECTION ( 'NONE',  ( 0.000000000000000000, 1.000000000000000000, -0.000000000000000000 ) ) ;
#11431 = DIRECTION ( 'NONE',  ( 1.000000000000000000, 0.000000000000000000, 0.000000000000000000 ) ) ;
#11432 = ORIENTED_EDGE ( 'NONE', *, *, #7683, .T. ) ;
#11433 = CIRCLE ( 'NONE', #6243, 0.3220000000000002305 ) ;
#11434 = MECHANICAL_DESIGN_GEOMETRIC_PRESENTATION_REPRESENTATION (  '', ( #9491 ), #6618 ) ;
#11435 = SURFACE_STYLE_FILL_AREA ( #10254 ) ;
#11436 = CIRCLE ( 'NONE', #8168, 1.486033755962697267 ) ;
#11437 = ORIENTED_EDGE ( 'NONE', *, *, #4589, .F. ) ;
#11438 = AXIS2_PLACEMENT_3D ( 'NONE', #2138, #3173, #5797 ) ;
#11439 = VERTEX_POINT ( 'NONE', #9887 ) ;
#11440 = CARTESIAN_POINT ( 'NONE',  ( -11.34999999999999609, -14.99999999999999645, 1.600000000000000089 ) ) ;
#11441 = CARTESIAN_POINT ( 'NONE',  ( -2.499999999999997780, -2.499999999999991118, 3.950000000000000178 ) ) ;
#11442 = UNCERTAINTY_MEASURE_WITH_UNIT (LENGTH_MEASURE( 1.000000000000000082E-05 ), #10341, 'distance_accuracy_value', 'NONE');
#11443 = ORIENTED_EDGE ( 'NONE', *, *, #1383, .F. ) ;
#11444 = SURFACE_STYLE_FILL_AREA ( #9439 ) ;
#11445 = DIRECTION ( 'NONE',  ( 0.000000000000000000, 0.000000000000000000, -1.000000000000000000 ) ) ;
#11446 = FACE_BOUND ( 'NONE', #9699, .T. ) ;
#11447 =( GEOMETRIC_REPRESENTATION_CONTEXT ( 3 ) GLOBAL_UNCERTAINTY_ASSIGNED_CONTEXT ( ( #11964 ) ) GLOBAL_UNIT_ASSIGNED_CONTEXT ( ( #467, #1131, #10577 ) ) REPRESENTATION_CONTEXT ( 'NONE', 'WORKASPACE' ) );
#11448 =( GEOMETRIC_REPRESENTATION_CONTEXT ( 3 ) GLOBAL_UNCERTAINTY_ASSIGNED_CONTEXT ( ( #1870 ) ) GLOBAL_UNIT_ASSIGNED_CONTEXT ( ( #6509, #7518, #8318 ) ) REPRESENTATION_CONTEXT ( 'NONE', 'WORKASPACE' ) );
#11449 = SURFACE_SIDE_STYLE ('',( #9399 ) ) ;
#11450 = EDGE_CURVE ( 'NONE', #8163, #4649, #10812, .T. ) ;
#11451 = COLOUR_RGB ( '',0.7529411764705882248, 0.7529411764705882248, 0.7529411764705882248 ) ;
#11452 = DIRECTION ( 'NONE',  ( 1.000000000000000000, 0.000000000000000000, 0.000000000000000000 ) ) ;
#11453 = EDGE_LOOP ( 'NONE', ( #10114, #3412, #5171, #8824, #6512 ) ) ;
#11454 = ORIENTED_EDGE ( 'NONE', *, *, #9107, .T. ) ;
#11455 = CARTESIAN_POINT ( 'NONE',  ( 7.500000000000000000, 7.500000000000007105, 2.463966244037302911 ) ) ;
#11456 = VECTOR ( 'NONE', #3579, 1000.000000000000000 ) ;
#11457 = VERTEX_POINT ( 'NONE', #9948 ) ;
#11458 =( NAMED_UNIT ( * ) SI_UNIT ( $, .STERADIAN. ) SOLID_ANGLE_UNIT ( ) );
#11459 = CARTESIAN_POINT ( 'NONE',  ( 9.500000000000001776, -4.499999999999997335, 2.100000000000000089 ) ) ;
#11460 = EDGE_CURVE ( 'NONE', #6864, #3175, #9050, .T. ) ;
#11461 = CIRCLE ( 'NONE', #648, 1.486033755962697267 ) ;
#11462 =( NAMED_UNIT ( * ) SI_UNIT ( $, .STERADIAN. ) SOLID_ANGLE_UNIT ( ) );
#11463 = FACE_OUTER_BOUND ( 'NONE', #4598, .T. ) ;
#11464 = ADVANCED_FACE ( 'NONE', ( #11769 ), #4510, .F. ) ;
#11465 = AXIS2_PLACEMENT_3D ( 'NONE', #930, #4629, #8307 ) ;
#11466 = DIRECTION ( 'NONE',  ( 0.000000000000000000, -1.000000000000000000, 0.000000000000000000 ) ) ;
#11467 = CARTESIAN_POINT ( 'NONE',  ( 7.500000000000000888, 1.013966244037310060, 2.463966244037302911 ) ) ;
#11468 = PRESENTATION_LAYER_ASSIGNMENT (  '', '', ( #2397 ) ) ;
#11469 =( LENGTH_UNIT ( ) NAMED_UNIT ( * ) SI_UNIT ( .MILLI., .METRE. ) );
#11470 = CARTESIAN_POINT ( 'NONE',  ( 7.500000000000000000, 6.113966244037309927, 2.463966244037302911 ) ) ;
#11471 = CARTESIAN_POINT ( 'NONE',  ( 0.5000000000000026645, -5.499999999999994671, 2.100000000000000089 ) ) ;
#11472 = ORIENTED_EDGE ( 'NONE', *, *, #5521, .F. ) ;
#11473 = DIRECTION ( 'NONE',  ( 0.000000000000000000, 0.000000000000000000, -1.000000000000000000 ) ) ;
#11474 = DIRECTION ( 'NONE',  ( 1.000000000000000000, 0.000000000000000000, 0.000000000000000000 ) ) ;
#11475 = LINE ( 'NONE', #3193, #7040 ) ;
#11476 = FILL_AREA_STYLE_COLOUR ( '', #9588 ) ;
#11477 = DIRECTION ( 'NONE',  ( 1.000000000000000000, 0.000000000000000000, 0.000000000000000000 ) ) ;
#11478 = DIRECTION ( 'NONE',  ( 1.000000000000000000, 0.000000000000000000, 0.000000000000000000 ) ) ;
#11479 = EDGE_CURVE ( 'NONE', #2214, #8381, #3602, .T. ) ;
#11480 = VECTOR ( 'NONE', #6771, 1000.000000000000000 ) ;
#11481 = FACE_OUTER_BOUND ( 'NONE', #1160, .T. ) ;
#11482 = EDGE_CURVE ( 'NONE', #938, #6831, #8010, .T. ) ;
#11483 = SURFACE_SIDE_STYLE ('',( #471 ) ) ;
#11484 = CARTESIAN_POINT ( 'NONE',  ( 4.062136327575078809, 13.44012937056731083, 1.610000000000000098 ) ) ;
#11485 = ORIENTED_EDGE ( 'NONE', *, *, #4238, .F. ) ;
#11486 = CARTESIAN_POINT ( 'NONE',  ( -0.4999999999999996669, 0.4999999999999978351, 2.100000000000000089 ) ) ;
#11487 = MECHANICAL_DESIGN_GEOMETRIC_PRESENTATION_REPRESENTATION (  '', ( #2420 ), #3376 ) ;
#11488 = CARTESIAN_POINT ( 'NONE',  ( -4.499999999999999112, -9.499999999999994671, 2.100000000000000089 ) ) ;
#11489 = DIRECTION ( 'NONE',  ( 1.000000000000000000, 0.000000000000000000, 0.000000000000000000 ) ) ;
#11490 = EDGE_LOOP ( 'NONE', ( #3937, #5365, #4165, #8768 ) ) ;
#11491 = FILL_AREA_STYLE_COLOUR ( '', #1164 ) ;
#11492 = CARTESIAN_POINT ( 'NONE',  ( 15.00000000000000355, -11.34999999999999964, 0.000000000000000000 ) ) ;
#11493 = EDGE_CURVE ( 'NONE', #964, #7814, #8484, .T. ) ;
#11494 = DIRECTION ( 'NONE',  ( 0.000000000000000000, 0.000000000000000000, -1.000000000000000000 ) ) ;
#11495 = COLOUR_RGB ( '',1.000000000000000000, 1.000000000000000000, 0.000000000000000000 ) ;
#11496 =( LENGTH_UNIT ( ) NAMED_UNIT ( * ) SI_UNIT ( .MILLI., .METRE. ) );
#11497 = ORIENTED_EDGE ( 'NONE', *, *, #9892, .T. ) ;
#11498 =( GEOMETRIC_REPRESENTATION_CONTEXT ( 3 ) GLOBAL_UNCERTAINTY_ASSIGNED_CONTEXT ( ( #1714 ) ) GLOBAL_UNIT_ASSIGNED_CONTEXT ( ( #8981, #9835, #649 ) ) REPRESENTATION_CONTEXT ( 'NONE', 'WORKASPACE' ) );
#11499 = EDGE_LOOP ( 'NONE', ( #10182, #6499, #10525, #5555 ) ) ;
#11500 = DIRECTION ( 'NONE',  ( -0.000000000000000000, -0.000000000000000000, -1.000000000000000000 ) ) ;
#11501 = VERTEX_POINT ( 'NONE', #11715 ) ;
#11502 = CARTESIAN_POINT ( 'NONE',  ( -2.499999999999999556, 7.500000000000007994, 2.463966244037302911 ) ) ;
#11503 =( NAMED_UNIT ( * ) SI_UNIT ( $, .STERADIAN. ) SOLID_ANGLE_UNIT ( ) );
#11504 = EDGE_LOOP ( 'NONE', ( #633, #5237, #4004, #6200 ) ) ;
#11505 = DIRECTION ( 'NONE',  ( -0.000000000000000000, 0.000000000000000000, 1.000000000000000000 ) ) ;
#11506 = CARTESIAN_POINT ( 'NONE',  ( 0.000000000000000000, 0.000000000000000000, 0.000000000000000000 ) ) ;
#11507 = EDGE_CURVE ( 'NONE', #3803, #10722, #5619, .T. ) ;
#11508 = CARTESIAN_POINT ( 'NONE',  ( 0.000000000000000000, 0.000000000000000000, 2.100000000000000089 ) ) ;
#11509 = AXIS2_PLACEMENT_3D ( 'NONE', #277, #4998, #2201 ) ;
#11510 = DIRECTION ( 'NONE',  ( 0.000000000000000000, -1.000000000000000000, 0.000000000000000000 ) ) ;
#11511 = PLANE ( 'NONE',  #5142 ) ;
#11512 = ORIENTED_EDGE ( 'NONE', *, *, #1632, .T. ) ;
#11513 = VERTEX_POINT ( 'NONE', #8197 ) ;
#11514 = CARTESIAN_POINT ( 'NONE',  ( -3.999999999999993339, -60.00000000000000711, 1.477999999999999758 ) ) ;
#11515 = DIRECTION ( 'NONE',  ( 1.000000000000000000, 0.000000000000000000, 0.000000000000000000 ) ) ;
#11516 = CARTESIAN_POINT ( 'NONE',  ( -2.604026083246159029, -12.34027113312490620, 1.610000000000000098 ) ) ;
#11517 = CARTESIAN_POINT ( 'NONE',  ( 0.000000000000000000, 0.000000000000000000, 2.100000000000000089 ) ) ;
#11518 = ORIENTED_EDGE ( 'NONE', *, *, #4199, .F. ) ;
#11519 = DIRECTION ( 'NONE',  ( -1.000000000000000000, 4.336808689942018722E-16, -0.000000000000000000 ) ) ;
#11520 = EDGE_CURVE ( 'NONE', #7620, #8692, #2100, .T. ) ;
#11521 = EDGE_CURVE ( 'NONE', #2214, #3604, #11021, .T. ) ;
#11522 = CARTESIAN_POINT ( 'NONE',  ( -0.4999999999999989453, -4.499999999999997335, 2.100000000000000089 ) ) ;
#11523 = PLANE ( 'NONE',  #8354 ) ;
#11524 = EDGE_CURVE ( 'NONE', #7521, #2061, #7908, .T. ) ;
#11525 = SURFACE_STYLE_FILL_AREA ( #8669 ) ;
#11526 = FILL_AREA_STYLE ('',( #8911 ) ) ;
#11527 = UNCERTAINTY_MEASURE_WITH_UNIT (LENGTH_MEASURE( 1.000000000000000082E-05 ), #3745, 'distance_accuracy_value', 'NONE');
#11528 = SURFACE_STYLE_USAGE ( .BOTH. , #4337 ) ;
#11529 = DIRECTION ( 'NONE',  ( 1.000000000000000000, 0.000000000000000000, 0.000000000000000000 ) ) ;
#11530 = SURFACE_STYLE_USAGE ( .BOTH. , #3188 ) ;
#11531 = ORIENTED_EDGE ( 'NONE', *, *, #8226, .F. ) ;
#11532 = EDGE_CURVE ( 'NONE', #2423, #7618, #11838, .T. ) ;
#11533 = CARTESIAN_POINT ( 'NONE',  ( -5.395973916753827204, -13.44012937056731793, 1.610000000000000098 ) ) ;
#11534 = AXIS2_PLACEMENT_3D ( 'NONE', #5381, #8982, #708 ) ;
#11535 = FILL_AREA_STYLE ('',( #3192 ) ) ;
#11536 = UNCERTAINTY_MEASURE_WITH_UNIT (LENGTH_MEASURE( 1.000000000000000082E-05 ), #8551, 'distance_accuracy_value', 'NONE');
#11537 = DIRECTION ( 'NONE',  ( -0.000000000000000000, -0.000000000000000000, 1.000000000000000000 ) ) ;
#11538 = FILL_AREA_STYLE ('',( #5385 ) ) ;
#11539 = PRESENTATION_STYLE_ASSIGNMENT (( #6889 ) ) ;
#11540 = CIRCLE ( 'NONE', #3434, 1.486033755962697267 ) ;
#11541 =( NAMED_UNIT ( * ) SI_UNIT ( $, .STERADIAN. ) SOLID_ANGLE_UNIT ( ) );
#11542 = ORIENTED_EDGE ( 'NONE', *, *, #60, .F. ) ;
#11543 = FACE_OUTER_BOUND ( 'NONE', #10470, .T. ) ;
#11544 = CARTESIAN_POINT ( 'NONE',  ( 6.113966244037303710, 2.500000000000007550, 2.100000000000000089 ) ) ;
#11545 = FILL_AREA_STYLE ('',( #535 ) ) ;
#11546 = EDGE_CURVE ( 'NONE', #5849, #4937, #9160, .T. ) ;
#11547 = CARTESIAN_POINT ( 'NONE',  ( -9.500000000000000000, -5.499999999999994671, 1.600000000000000089 ) ) ;
#11548 = DIRECTION ( 'NONE',  ( 0.000000000000000000, -1.000000000000000000, 0.000000000000000000 ) ) ;
#11549 = CARTESIAN_POINT ( 'NONE',  ( -4.500000000000000000, -4.499999999999999112, 2.100000000000000089 ) ) ;
#11550 = ORIENTED_EDGE ( 'NONE', *, *, #4086, .T. ) ;
#11551 = EDGE_CURVE ( 'NONE', #3353, #69, #2634, .T. ) ;
#11552 = DIRECTION ( 'NONE',  ( 1.000000000000000000, 0.000000000000000000, 0.000000000000000000 ) ) ;
#11553 = CIRCLE ( 'NONE', #6547, 1.386033755962696956 ) ;
#11554 = DIRECTION ( 'NONE',  ( 1.000000000000000000, 0.000000000000000000, 0.000000000000000000 ) ) ;
#11555 = DIRECTION ( 'NONE',  ( -1.000000000000000000, 0.000000000000000000, -0.000000000000000000 ) ) ;
#11556 = AXIS2_PLACEMENT_3D ( 'NONE', #3149, #1427, #2357 ) ;
#11557 = CARTESIAN_POINT ( 'NONE',  ( -7.499999999999999112, 7.500000000000007994, 2.100000000000000089 ) ) ;
#11558 = VERTEX_POINT ( 'NONE', #6152 ) ;
#11559 = EDGE_LOOP ( 'NONE', ( #4884, #6447, #4870, #4192 ) ) ;
#11560 = STYLED_ITEM ( 'NONE', ( #11907 ), #11152 ) ;
#11561 = EDGE_LOOP ( 'NONE', ( #11069, #9995, #6840, #3163 ) ) ;
#11562 = EDGE_CURVE ( 'NONE', #1338, #271, #4829, .T. ) ;
#11563 = UNCERTAINTY_MEASURE_WITH_UNIT (LENGTH_MEASURE( 1.000000000000000082E-05 ), #5517, 'distance_accuracy_value', 'NONE');
#11564 = PRESENTATION_STYLE_ASSIGNMENT (( #5228 ) ) ;
#11565 = ORIENTED_EDGE ( 'NONE', *, *, #2063, .T. ) ;
#11566 = FACE_OUTER_BOUND ( 'NONE', #3651, .T. ) ;
#11567 = CARTESIAN_POINT ( 'NONE',  ( 2.500000000000002220, -7.499999999999992006, 2.463966244037302911 ) ) ;
#11568 = AXIS2_PLACEMENT_3D ( 'NONE', #3970, #5568, #2081 ) ;
#11569 = PLANE ( 'NONE',  #7361 ) ;
#11570 =( GEOMETRIC_REPRESENTATION_CONTEXT ( 3 ) GLOBAL_UNCERTAINTY_ASSIGNED_CONTEXT ( ( #7179 ) ) GLOBAL_UNIT_ASSIGNED_CONTEXT ( ( #5372, #9221, #944 ) ) REPRESENTATION_CONTEXT ( 'NONE', 'WORKASPACE' ) );
#11571 = VERTEX_POINT ( 'NONE', #9335 ) ;
#11572 = ORIENTED_EDGE ( 'NONE', *, *, #3573, .F. ) ;
#11573 =( LENGTH_UNIT ( ) NAMED_UNIT ( * ) SI_UNIT ( .MILLI., .METRE. ) );
#11574 = DIRECTION ( 'NONE',  ( -1.000000000000000000, 4.336808689942015764E-16, -0.000000000000000000 ) ) ;
#11575 = EDGE_LOOP ( 'NONE', ( #9083, #4924, #4618, #3002, #407, #5908, #7586, #6737 ) ) ;
#11576 = CIRCLE ( 'NONE', #2901, 1.600000000000002531 ) ;
#11577 = CYLINDRICAL_SURFACE ( 'NONE', #3789, 1.386033755962696956 ) ;
#11578 = AXIS2_PLACEMENT_3D ( 'NONE', #4166, #5499, #464 ) ;
#11579 = PRESENTATION_LAYER_ASSIGNMENT (  '', '', ( #10616 ) ) ;
#11580 = CYLINDRICAL_SURFACE ( 'NONE', #3552, 1.386033755962696956 ) ;
#11581 = PRESENTATION_STYLE_ASSIGNMENT (( #8793 ) ) ;
#11582 = VECTOR ( 'NONE', #6598, 1000.000000000000000 ) ;
#11583 = DIRECTION ( 'NONE',  ( 1.000000000000000000, 0.000000000000000000, 0.000000000000000000 ) ) ;
#11584 = EDGE_CURVE ( 'NONE', #9575, #2392, #10032, .T. ) ;
#11585 = MECHANICAL_DESIGN_GEOMETRIC_PRESENTATION_REPRESENTATION (  '', ( #5818 ), #2116 ) ;
#11586 =( NAMED_UNIT ( * ) PLANE_ANGLE_UNIT ( ) SI_UNIT ( $, .RADIAN. ) );
#11587 = LINE ( 'NONE', #2092, #3133 ) ;
#11588 = PRESENTATION_LAYER_ASSIGNMENT (  '', '', ( #9457 ) ) ;
#11589 = CARTESIAN_POINT ( 'NONE',  ( 2.604026083246159029, 12.34027113312489909, 1.610000000000000098 ) ) ;
#11590 = CARTESIAN_POINT ( 'NONE',  ( -7.499999999999997335, -2.499999999999990230, 2.463966244037302911 ) ) ;
#11591 = EDGE_LOOP ( 'NONE', ( #6262, #11290, #6327, #1277 ) ) ;
#11592 = FACE_OUTER_BOUND ( 'NONE', #5597, .T. ) ;
#11593 = FACE_OUTER_BOUND ( 'NONE', #10770, .T. ) ;
#11594 = PRESENTATION_STYLE_ASSIGNMENT (( #7904 ) ) ;
#11595 = CARTESIAN_POINT ( 'NONE',  ( 5.500000000000000000, -4.499999999999999112, 2.100000000000000089 ) ) ;
#11596 = VECTOR ( 'NONE', #3757, 1000.000000000000114 ) ;
#11597 =( GEOMETRIC_REPRESENTATION_CONTEXT ( 3 ) GLOBAL_UNCERTAINTY_ASSIGNED_CONTEXT ( ( #9263 ) ) GLOBAL_UNIT_ASSIGNED_CONTEXT ( ( #10113, #1926, #131 ) ) REPRESENTATION_CONTEXT ( 'NONE', 'WORKASPACE' ) );
#11598 = SURFACE_STYLE_USAGE ( .BOTH. , #1594 ) ;
#11599 =( GEOMETRIC_REPRESENTATION_CONTEXT ( 3 ) GLOBAL_UNCERTAINTY_ASSIGNED_CONTEXT ( ( #9712 ) ) GLOBAL_UNIT_ASSIGNED_CONTEXT ( ( #329, #8402, #9527 ) ) REPRESENTATION_CONTEXT ( 'NONE', 'WORKASPACE' ) );
#11600 = SPHERICAL_SURFACE ( 'NONE', #4568, 1.386033755962696956 ) ;
#11601 = AXIS2_PLACEMENT_3D ( 'NONE', #7512, #8583, #10538 ) ;
#11602 = EDGE_CURVE ( 'NONE', #5824, #4005, #11953, .T. ) ;
#11603 = DIRECTION ( 'NONE',  ( -4.336808689942016750E-16, 1.000000000000000000, 0.000000000000000000 ) ) ;
#11604 = ORIENTED_EDGE ( 'NONE', *, *, #1925, .F. ) ;
#11605 = DIRECTION ( 'NONE',  ( -0.000000000000000000, -1.000000000000000000, -0.000000000000000000 ) ) ;
#11606 = EDGE_LOOP ( 'NONE', ( #10555, #3046, #992, #3098, #1020 ) ) ;
#11607 = COLOUR_RGB ( '',1.000000000000000000, 1.000000000000000000, 0.000000000000000000 ) ;
#11608 = CARTESIAN_POINT ( 'NONE',  ( -7.499999999999997335, -2.499999999999990230, 2.463966244037302911 ) ) ;
#11609 = FACE_OUTER_BOUND ( 'NONE', #4853, .T. ) ;
#11610 = FILL_AREA_STYLE_COLOUR ( '', #2610 ) ;
#11611 = LINE ( 'NONE', #3262, #4438 ) ;
#11612 = SURFACE_STYLE_FILL_AREA ( #1606 ) ;
#11613 = ORIENTED_EDGE ( 'NONE', *, *, #6959, .T. ) ;
#11614 = AXIS2_PLACEMENT_3D ( 'NONE', #8417, #10403, #2163 ) ;
#11615 = FILL_AREA_STYLE_COLOUR ( '', #7156 ) ;
#11616 = DIRECTION ( 'NONE',  ( 0.000000000000000000, 1.000000000000000000, 0.000000000000000000 ) ) ;
#11617 = STYLED_ITEM ( 'NONE', ( #5575 ), #6530 ) ;
#11618 = CIRCLE ( 'NONE', #10467, 1.386033755962697844 ) ;
#11619 = EDGE_CURVE ( 'NONE', #8116, #2606, #11105, .T. ) ;
#11620 = DIRECTION ( 'NONE',  ( 0.000000000000000000, -1.000000000000000000, 0.000000000000000000 ) ) ;
#11621 = VECTOR ( 'NONE', #2225, 1000.000000000000000 ) ;
#11622 = EDGE_CURVE ( 'NONE', #9422, #8837, #936, .T. ) ;
#11623 =( NAMED_UNIT ( * ) PLANE_ANGLE_UNIT ( ) SI_UNIT ( $, .RADIAN. ) );
#11624 = ORIENTED_EDGE ( 'NONE', *, *, #10621, .F. ) ;
#11625 = ORIENTED_EDGE ( 'NONE', *, *, #11345, .F. ) ;
#11626 = FILL_AREA_STYLE_COLOUR ( '', #816 ) ;
#11627 = ORIENTED_EDGE ( 'NONE', *, *, #5090, .T. ) ;
#11628 = CARTESIAN_POINT ( 'NONE',  ( -9.500000000000000000, -9.499999999999994671, 2.100000000000000089 ) ) ;
#11629 =( NAMED_UNIT ( * ) PLANE_ANGLE_UNIT ( ) SI_UNIT ( $, .RADIAN. ) );
#11630 = VERTEX_POINT ( 'NONE', #1877 ) ;
#11631 = DIRECTION ( 'NONE',  ( 1.000000000000000000, 2.168404344971008868E-16, 0.000000000000000000 ) ) ;
#11632 = FILL_AREA_STYLE_COLOUR ( '', #5035 ) ;
#11633 = MECHANICAL_DESIGN_GEOMETRIC_PRESENTATION_REPRESENTATION (  '', ( #7412 ), #7168 ) ;
#11634 = DIRECTION ( 'NONE',  ( -0.000000000000000000, -0.000000000000000000, -1.000000000000000000 ) ) ;
#11635 = PRESENTATION_LAYER_ASSIGNMENT (  '', '', ( #9310 ) ) ;
#11636 = CARTESIAN_POINT ( 'NONE',  ( -8.886033755962696290, 7.500000000000007994, 2.100000000000000089 ) ) ;
#11637 = EDGE_CURVE ( 'NONE', #6946, #11891, #10822, .T. ) ;
#11638 = EDGE_CURVE ( 'NONE', #6495, #1215, #11289, .T. ) ;
#11639 = EDGE_CURVE ( 'NONE', #1560, #9349, #1945, .T. ) ;
#11640 =( NAMED_UNIT ( * ) SI_UNIT ( $, .STERADIAN. ) SOLID_ANGLE_UNIT ( ) );
#11641 = ORIENTED_EDGE ( 'NONE', *, *, #74, .F. ) ;
#11642 = ORIENTED_EDGE ( 'NONE', *, *, #8397, .T. ) ;
#11643 = FACE_BOUND ( 'NONE', #3815, .T. ) ;
#11644 = SURFACE_STYLE_USAGE ( .BOTH. , #4327 ) ;
#11645 = CARTESIAN_POINT ( 'NONE',  ( 8.886033755962696290, 7.500000000000007105, 2.100000000000000089 ) ) ;
#11646 = EDGE_LOOP ( 'NONE', ( #9762, #2360, #4362, #11625 ) ) ;
#11647 =( NAMED_UNIT ( * ) SI_UNIT ( $, .STERADIAN. ) SOLID_ANGLE_UNIT ( ) );
#11648 = AXIS2_PLACEMENT_3D ( 'NONE', #2275, #6774, #10464 ) ;
#11649 = CARTESIAN_POINT ( 'NONE',  ( 7.500000000000000000, 7.500000000000007105, 3.950000000000000178 ) ) ;
#11650 = FACE_OUTER_BOUND ( 'NONE', #976, .T. ) ;
#11651 = FILL_AREA_STYLE_COLOUR ( '', #8857 ) ;
#11652 = MECHANICAL_DESIGN_GEOMETRIC_PRESENTATION_REPRESENTATION (  '', ( #11281 ), #9137 ) ;
#11653 = PRESENTATION_STYLE_ASSIGNMENT (( #5004 ) ) ;
#11655 = VECTOR ( 'NONE', #7540, 1000.000000000000000 ) ;
#11654 = VECTOR ( 'NONE', #6900, 1000.000000000000000 ) ;
#11656 = UNCERTAINTY_MEASURE_WITH_UNIT (LENGTH_MEASURE( 1.000000000000000082E-05 ), #2115, 'distance_accuracy_value', 'NONE');
#11657 = DIRECTION ( 'NONE',  ( -0.000000000000000000, -0.000000000000000000, 1.000000000000000000 ) ) ;
#11658 = DIRECTION ( 'NONE',  ( -0.000000000000000000, -0.000000000000000000, -1.000000000000000000 ) ) ;
#11659 = DIRECTION ( 'NONE',  ( 1.000000000000000000, 0.000000000000000000, 0.000000000000000000 ) ) ;
#11660 =( NAMED_UNIT ( * ) PLANE_ANGLE_UNIT ( ) SI_UNIT ( $, .RADIAN. ) );
#11661 = ORIENTED_EDGE ( 'NONE', *, *, #9702, .T. ) ;
#11662 = PLANE ( 'NONE',  #3597 ) ;
#11663 = FILL_AREA_STYLE_COLOUR ( '', #8579 ) ;
#11664 = CARTESIAN_POINT ( 'NONE',  ( -2.499999999999997780, -7.499999999999991118, 2.463966244037302911 ) ) ;
#11665 = UNCERTAINTY_MEASURE_WITH_UNIT (LENGTH_MEASURE( 1.000000000000000082E-05 ), #6615, 'distance_accuracy_value', 'NONE');
#11666 = LINE ( 'NONE', #9840, #4285 ) ;
#11667 = AXIS2_PLACEMENT_3D ( 'NONE', #5588, #6545, #10033 ) ;
#11668 = EDGE_CURVE ( 'NONE', #2595, #127, #7137, .T. ) ;
#11669 = CARTESIAN_POINT ( 'NONE',  ( 11.34999999999999254, 11.35000000000000142, 1.600000000000000089 ) ) ;
#11670 = EDGE_CURVE ( 'NONE', #9349, #4505, #11576, .T. ) ;
#11671 = CARTESIAN_POINT ( 'NONE',  ( 6.113966244037304598, -2.499999999999992895, 2.463966244037302911 ) ) ;
#11672 = COLOUR_RGB ( '',1.000000000000000000, 1.000000000000000000, 0.000000000000000000 ) ;
#11673 = CARTESIAN_POINT ( 'NONE',  ( 11.34999999999999254, -11.35000000000000142, 1.600000000000000089 ) ) ;
#11674 = EDGE_LOOP ( 'NONE', ( #5096, #7503, #9320, #9945, #9094 ) ) ;
#11675 = SURFACE_STYLE_USAGE ( .BOTH. , #5086 ) ;
#11676 = ORIENTED_EDGE ( 'NONE', *, *, #9560, .F. ) ;
#11677 = DIRECTION ( 'NONE',  ( -1.000000000000000000, 1.224646799147353207E-16, 0.000000000000000000 ) ) ;
#11678 = AXIS2_PLACEMENT_3D ( 'NONE', #11567, #688, #6860 ) ;
#11679 = CARTESIAN_POINT ( 'NONE',  ( -2.499999999999999556, 7.500000000000007994, 2.463966244037302911 ) ) ;
#11680 = SPHERICAL_SURFACE ( 'NONE', #7634, 1.386033755962696956 ) ;
#11681 = LINE ( 'NONE', #11739, #1513 ) ;
#11682 = SURFACE_SIDE_STYLE ('',( #11612 ) ) ;
#11683 = ORIENTED_EDGE ( 'NONE', *, *, #1778, .F. ) ;
#11684 = EDGE_CURVE ( 'NONE', #4326, #6647, #4692, .T. ) ;
#11685 = PRESENTATION_LAYER_ASSIGNMENT (  '', '', ( #1803 ) ) ;
#11687 = ADVANCED_FACE ( 'NONE', ( #10308 ), #5682, .T. ) ;
#11686 = DIRECTION ( 'NONE',  ( 1.000000000000000000, 0.000000000000000000, 0.000000000000000000 ) ) ;
#11688 = CARTESIAN_POINT ( 'NONE',  ( 2.500000000000000444, 2.500000000000007550, 2.463966244037302911 ) ) ;
#11689 = PRESENTATION_STYLE_ASSIGNMENT (( #545 ) ) ;
#11690 = CIRCLE ( 'NONE', #7616, 1.386033755962696956 ) ;
#11691 = CYLINDRICAL_SURFACE ( 'NONE', #1354, 1.486033755962696379 ) ;
#11692 = CIRCLE ( 'NONE', #4556, 1.386033755962696956 ) ;
#11693 = PRESENTATION_STYLE_ASSIGNMENT (( #5348 ) ) ;
#11694 = FACE_OUTER_BOUND ( 'NONE', #1486, .T. ) ;
#11695 = ORIENTED_EDGE ( 'NONE', *, *, #5116, .F. ) ;
#11696 = VERTEX_POINT ( 'NONE', #3769 ) ;
#11697 = ORIENTED_EDGE ( 'NONE', *, *, #7583, .T. ) ;
#11698 = CARTESIAN_POINT ( 'NONE',  ( 3.938205691413406928, 12.83227889020760770, 1.610000000000000098 ) ) ;
#11699 = UNCERTAINTY_MEASURE_WITH_UNIT (LENGTH_MEASURE( 1.000000000000000082E-05 ), #6453, 'distance_accuracy_value', 'NONE');
#11700 =( GEOMETRIC_REPRESENTATION_CONTEXT ( 3 ) GLOBAL_UNCERTAINTY_ASSIGNED_CONTEXT ( ( #11789 ) ) GLOBAL_UNIT_ASSIGNED_CONTEXT ( ( #4054, #8755, #4180 ) ) REPRESENTATION_CONTEXT ( 'NONE', 'WORKASPACE' ) );
#11701 = CARTESIAN_POINT ( 'NONE',  ( 1.113966244037305264, -7.499999999999992006, 2.100000000000000089 ) ) ;
#11702 = ORIENTED_EDGE ( 'NONE', *, *, #7416, .F. ) ;
#11703 = ADVANCED_FACE ( 'NONE', ( #7456 ), #6687, .F. ) ;
#11704 = LINE ( 'NONE', #4380, #3671 ) ;
#11705 = DIRECTION ( 'NONE',  ( 1.000000000000000000, 0.000000000000000000, 0.000000000000000000 ) ) ;
#11706 = UNCERTAINTY_MEASURE_WITH_UNIT (LENGTH_MEASURE( 1.000000000000000082E-05 ), #5964, 'distance_accuracy_value', 'NONE');
#11707 =( GEOMETRIC_REPRESENTATION_CONTEXT ( 3 ) GLOBAL_UNCERTAINTY_ASSIGNED_CONTEXT ( ( #2335 ) ) GLOBAL_UNIT_ASSIGNED_CONTEXT ( ( #7002, #2277, #2412 ) ) REPRESENTATION_CONTEXT ( 'NONE', 'WORKASPACE' ) );
#11708 = LINE ( 'NONE', #624, #2192 ) ;
#11709 = CARTESIAN_POINT ( 'NONE',  ( -3.886033755962694958, -7.499999999999991118, 2.100000000000000089 ) ) ;
#11710 = CIRCLE ( 'NONE', #7050, 1.486033755962697267 ) ;
#11711 = ORIENTED_EDGE ( 'NONE', *, *, #9668, .T. ) ;
#11712 = ORIENTED_EDGE ( 'NONE', *, *, #4112, .F. ) ;
#11713 = FILL_AREA_STYLE ('',( #10062 ) ) ;
#11714 = CARTESIAN_POINT ( 'NONE',  ( 3.886033755962699399, -7.499999999999992006, 2.463966244037302911 ) ) ;
#11715 = CARTESIAN_POINT ( 'NONE',  ( -7.499999999999997335, -1.113966244037293052, 2.463966244037302911 ) ) ;
#11716 = FILL_AREA_STYLE ('',( #5429 ) ) ;
#11717 = ORIENTED_EDGE ( 'NONE', *, *, #7243, .F. ) ;
#11718 = ADVANCED_FACE ( 'NONE', ( #2750 ), #2358, .T. ) ;
#11719 = VECTOR ( 'NONE', #5379, 1000.000000000000000 ) ;
#11721 = EDGE_CURVE ( 'NONE', #6265, #2253, #11611, .T. ) ;
#11720 = CARTESIAN_POINT ( 'NONE',  ( -5.395973916753827204, -13.44012937056731793, 1.600000000000000089 ) ) ;
#11722 = FILL_AREA_STYLE ('',( #8971 ) ) ;
#11723 = CARTESIAN_POINT ( 'NONE',  ( -2.604026083246159029, -12.34027113312490620, 1.610000000000000098 ) ) ;
#11724 = CARTESIAN_POINT ( 'NONE',  ( -2.499999999999997780, -7.499999999999991118, 2.463966244037302911 ) ) ;
#11725 = CARTESIAN_POINT ( 'NONE',  ( 4.252356890137760637, 13.99999999999999822, 1.600000000000000089 ) ) ;
#11726 = VERTEX_POINT ( 'NONE', #10836 ) ;
#11727 = EDGE_CURVE ( 'NONE', #2134, #6121, #6951, .T. ) ;
#11728 = CARTESIAN_POINT ( 'NONE',  ( -7.499999999999997335, -8.986033755962687053, 2.463966244037302911 ) ) ;
#11729 = FACE_BOUND ( 'NONE', #3935, .T. ) ;
#11730 = LINE ( 'NONE', #1363, #6233 ) ;
#11731 = AXIS2_PLACEMENT_3D ( 'NONE', #5900, #11390, #6691 ) ;
#11732 = FACE_OUTER_BOUND ( 'NONE', #1405, .T. ) ;
#11733 = ORIENTED_EDGE ( 'NONE', *, *, #5106, .T. ) ;
#11734 = LINE ( 'NONE', #4233, #2541 ) ;
#11735 = ORIENTED_EDGE ( 'NONE', *, *, #9233, .T. ) ;
#11736 = FACE_OUTER_BOUND ( 'NONE', #9200, .T. ) ;
#11737 = SURFACE_SIDE_STYLE ('',( #1604 ) ) ;
#11738 = CARTESIAN_POINT ( 'NONE',  ( 7.500000000000000888, 2.500000000000007550, 2.463966244037302911 ) ) ;
#11739 = CARTESIAN_POINT ( 'NONE',  ( -12.94999999999999396, 11.35000000000000142, 1.600000000000000089 ) ) ;
#11740 =( LENGTH_UNIT ( ) NAMED_UNIT ( * ) SI_UNIT ( .MILLI., .METRE. ) );
#11741 = ORIENTED_EDGE ( 'NONE', *, *, #1666, .F. ) ;
#11742 = DIRECTION ( 'NONE',  ( -0.000000000000000000, -0.000000000000000000, 1.000000000000000000 ) ) ;
#11743 = CARTESIAN_POINT ( 'NONE',  ( -6.013966244037299624, -7.499999999999990230, 2.100000000000000089 ) ) ;
#11744 = SURFACE_SIDE_STYLE ('',( #1434 ) ) ;
#11745 = COLOUR_RGB ( '',0.7529411764705882248, 0.7529411764705882248, 0.7529411764705882248 ) ;
#11746 = STYLED_ITEM ( 'NONE', ( #6080 ), #10505 ) ;
#11747 = SURFACE_STYLE_USAGE ( .BOTH. , #3335 ) ;
#11748 = CARTESIAN_POINT ( 'NONE',  ( -0.4999999999999979461, -5.499999999999996447, 2.100000000000000089 ) ) ;
#11749 = FILL_AREA_STYLE_COLOUR ( '', #9152 ) ;
#11750 = ORIENTED_EDGE ( 'NONE', *, *, #6910, .F. ) ;
#11751 = ADVANCED_FACE ( 'NONE', ( #8872 ), #6124, .T. ) ;
#11752 = VERTEX_POINT ( 'NONE', #7068 ) ;
#11753 = FILL_AREA_STYLE ('',( #11626 ) ) ;
#11754 = ORIENTED_EDGE ( 'NONE', *, *, #8280, .F. ) ;
#11755 = CARTESIAN_POINT ( 'NONE',  ( -0.5000000000000004441, 5.499999999999992895, 2.100000000000000089 ) ) ;
#11756 = DIRECTION ( 'NONE',  ( -0.000000000000000000, -0.000000000000000000, 1.000000000000000000 ) ) ;
#11757 = ORIENTED_EDGE ( 'NONE', *, *, #9008, .T. ) ;
#11758 = PRESENTATION_LAYER_ASSIGNMENT (  '', '', ( #10206 ) ) ;
#11759 = FILL_AREA_STYLE ('',( #8955 ) ) ;
#11760 = FACE_BOUND ( 'NONE', #3481, .T. ) ;
#11761 = CIRCLE ( 'NONE', #3639, 1.486033755962697267 ) ;
#11762 = EDGE_CURVE ( 'NONE', #1572, #4471, #11791, .T. ) ;
#11763 = AXIS2_PLACEMENT_3D ( 'NONE', #2584, #6292, #9959 ) ;
#11764 = VERTEX_POINT ( 'NONE', #5842 ) ;
#11765 = ORIENTED_EDGE ( 'NONE', *, *, #9224, .F. ) ;
#11766 = EDGE_CURVE ( 'NONE', #777, #2557, #11681, .T. ) ;
#11767 = DIRECTION ( 'NONE',  ( 0.000000000000000000, 0.000000000000000000, -1.000000000000000000 ) ) ;
#11768 = LINE ( 'NONE', #8965, #635 ) ;
#11769 = FACE_OUTER_BOUND ( 'NONE', #4433, .T. ) ;
#11770 = CARTESIAN_POINT ( 'NONE',  ( 0.5000000000000026645, -5.499999999999994671, 2.100000000000000089 ) ) ;
#11771 = ORIENTED_EDGE ( 'NONE', *, *, #3430, .F. ) ;
#11772 = SPHERICAL_SURFACE ( 'NONE', #2638, 1.386033755962696956 ) ;
#11773 = FILL_AREA_STYLE_COLOUR ( '', #9595 ) ;
#11774 = AXIS2_PLACEMENT_3D ( 'NONE', #2955, #3368, #9584 ) ;
#11775 = CARTESIAN_POINT ( 'NONE',  ( -5.395973916753827204, -13.44012937056731793, 1.610000000000000098 ) ) ;
#11776 = MECHANICAL_DESIGN_GEOMETRIC_PRESENTATION_REPRESENTATION (  '', ( #10418 ), #754 ) ;
#11777 = AXIS2_PLACEMENT_3D ( 'NONE', #2872, #1002, #10995 ) ;
#11778 = EDGE_CURVE ( 'NONE', #10321, #11033, #3450, .T. ) ;
#11779 = FACE_OUTER_BOUND ( 'NONE', #8587, .T. ) ;
#11780 = EDGE_CURVE ( 'NONE', #10225, #10911, #3087, .T. ) ;
#11781 = UNCERTAINTY_MEASURE_WITH_UNIT (LENGTH_MEASURE( 1.000000000000000082E-05 ), #10769, 'distance_accuracy_value', 'NONE');
#11782 = AXIS2_PLACEMENT_3D ( 'NONE', #3783, #11176, #3006 ) ;
#11783 = SURFACE_STYLE_USAGE ( .BOTH. , #4524 ) ;
#11784 = COLOUR_RGB ( '',1.000000000000000000, 1.000000000000000000, 0.000000000000000000 ) ;
#11785 =( NAMED_UNIT ( * ) SI_UNIT ( $, .STERADIAN. ) SOLID_ANGLE_UNIT ( ) );
#11786 = FILL_AREA_STYLE ('',( #11908 ) ) ;
#11787 = EDGE_LOOP ( 'NONE', ( #11572, #3756, #5161, #10306, #10292 ) ) ;
#11788 = SURFACE_STYLE_USAGE ( .BOTH. , #2404 ) ;
#11789 = UNCERTAINTY_MEASURE_WITH_UNIT (LENGTH_MEASURE( 1.000000000000000082E-05 ), #4054, 'distance_accuracy_value', 'NONE');
#11790 = LINE ( 'NONE', #3505, #5305 ) ;
#11791 = CIRCLE ( 'NONE', #6761, 1.386033755962696956 ) ;
#11793 = FACE_OUTER_BOUND ( 'NONE', #9323, .T. ) ;
#11792 = VECTOR ( 'NONE', #8322, 1000.000000000000000 ) ;
#11794 = CIRCLE ( 'NONE', #189, 1.486033755962697267 ) ;
#11795 = SURFACE_STYLE_USAGE ( .BOTH. , #8160 ) ;
#11796 = ORIENTED_EDGE ( 'NONE', *, *, #7400, .F. ) ;
#11797 = SPHERICAL_SURFACE ( 'NONE', #5674, 1.386033755962696956 ) ;
#11798 = EDGE_LOOP ( 'NONE', ( #7843, #354, #2946, #4908, #2912 ) ) ;
#11799 = CARTESIAN_POINT ( 'NONE',  ( 2.500000000000000444, 2.500000000000007550, 2.463966244037302911 ) ) ;
#11800 = DIRECTION ( 'NONE',  ( -1.000000000000000000, 1.224646799147353207E-16, 0.000000000000000000 ) ) ;
#11801 = DIRECTION ( 'NONE',  ( 0.000000000000000000, 0.000000000000000000, 1.000000000000000000 ) ) ;
#11802 = FACE_OUTER_BOUND ( 'NONE', #5087, .T. ) ;
#11803 = FACE_OUTER_BOUND ( 'NONE', #3557, .T. ) ;
#11804 = CIRCLE ( 'NONE', #6007, 1.486033755962697267 ) ;
#11805 = VECTOR ( 'NONE', #1265, 1000.000000000000000 ) ;
#11806 =( NAMED_UNIT ( * ) SI_UNIT ( $, .STERADIAN. ) SOLID_ANGLE_UNIT ( ) );
#11807 = EDGE_LOOP ( 'NONE', ( #7952, #3635, #714, #6786 ) ) ;
#11808 = DIRECTION ( 'NONE',  ( 1.000000000000000000, 0.000000000000000000, 0.000000000000000000 ) ) ;
#11809 = VECTOR ( 'NONE', #4280, 1000.000000000000114 ) ;
#11810 = LINE ( 'NONE', #5286, #8008 ) ;
#11811 = CARTESIAN_POINT ( 'NONE',  ( -5.500000000000000000, 0.4999999999999978351, 1.600000000000000089 ) ) ;
#11812 = CARTESIAN_POINT ( 'NONE',  ( 2.500000000000002220, -8.886033755962689185, 2.463966244037302911 ) ) ;
#11813 = CARTESIAN_POINT ( 'NONE',  ( -3.986033755962696823, 7.500000000000007994, 2.100000000000000089 ) ) ;
#11814 = AXIS2_PLACEMENT_3D ( 'NONE', #7072, #10778, #121 ) ;
#11815 = VECTOR ( 'NONE', #10758, 1000.000000000000000 ) ;
#11816 = DIRECTION ( 'NONE',  ( 0.000000000000000000, 1.000000000000000000, 0.000000000000000000 ) ) ;
#11817 = ORIENTED_EDGE ( 'NONE', *, *, #162, .F. ) ;
#11818 = ORIENTED_EDGE ( 'NONE', *, *, #6335, .F. ) ;
#11819 = ORIENTED_EDGE ( 'NONE', *, *, #9671, .T. ) ;
#11820 = AXIS2_PLACEMENT_3D ( 'NONE', #9862, #1555, #607 ) ;
#11821 = FILL_AREA_STYLE_COLOUR ( '', #6588 ) ;
#11822 = ORIENTED_EDGE ( 'NONE', *, *, #5406, .T. ) ;
#11823 = SURFACE_SIDE_STYLE ('',( #7085 ) ) ;
#11824 = ORIENTED_EDGE ( 'NONE', *, *, #6977, .T. ) ;
#11825 = DIRECTION ( 'NONE',  ( 0.000000000000000000, -1.000000000000000000, 0.000000000000000000 ) ) ;
#11826 = CIRCLE ( 'NONE', #8145, 1.486033755962697267 ) ;
#11827 = AXIS2_PLACEMENT_3D ( 'NONE', #6610, #10169, #7561 ) ;
#11828 = FILL_AREA_STYLE_COLOUR ( '', #5189 ) ;
#11829 = UNCERTAINTY_MEASURE_WITH_UNIT (LENGTH_MEASURE( 1.000000000000000082E-05 ), #4341, 'distance_accuracy_value', 'NONE');
#11830 = MECHANICAL_DESIGN_GEOMETRIC_PRESENTATION_REPRESENTATION (  '', ( #10076 ), #9675 ) ;
#11831 = PLANE ( 'NONE',  #5312 ) ;
#11832 = FACE_OUTER_BOUND ( 'NONE', #11490, .T. ) ;
#11833 = ORIENTED_EDGE ( 'NONE', *, *, #4379, .F. ) ;
#11834 = STYLED_ITEM ( 'NONE', ( #2211 ), #779 ) ;
#11835 = ORIENTED_EDGE ( 'NONE', *, *, #8522, .F. ) ;
#11836 = PLANE ( 'NONE',  #5410 ) ;
#11837 = FACE_OUTER_BOUND ( 'NONE', #10041, .T. ) ;
#11838 = LINE ( 'NONE', #9817, #965 ) ;
#11839 = FILL_AREA_STYLE ('',( #1637 ) ) ;
#11840 = ORIENTED_EDGE ( 'NONE', *, *, #4975, .F. ) ;
#11841 =( NAMED_UNIT ( * ) PLANE_ANGLE_UNIT ( ) SI_UNIT ( $, .RADIAN. ) );
#11842 = CARTESIAN_POINT ( 'NONE',  ( 2.500000000000002220, -7.499999999999992006, 2.463966244037302911 ) ) ;
#11843 = ADVANCED_FACE ( 'NONE', ( #6183 ), #10156, .T. ) ;
#11844 = DIRECTION ( 'NONE',  ( 1.000000000000000000, 0.000000000000000000, 0.000000000000000000 ) ) ;
#11845 = STYLED_ITEM ( 'NONE', ( #9984 ), #6958 ) ;
#11846 = STYLED_ITEM ( 'NONE', ( #2319 ), #1124 ) ;
#11847 = EDGE_CURVE ( 'NONE', #10799, #6550, #9436, .T. ) ;
#11848 = CARTESIAN_POINT ( 'NONE',  ( -9.500000000000000000, -9.499999999999994671, 2.100000000000000089 ) ) ;
#11849 = CARTESIAN_POINT ( 'NONE',  ( 4.500000000000002665, -5.499999999999994671, 2.100000000000000089 ) ) ;
#11850 = AXIS2_PLACEMENT_3D ( 'NONE', #5819, #5082, #6887 ) ;
#11851 = CIRCLE ( 'NONE', #10682, 0.1996509341460569464 ) ;
#11852 = CARTESIAN_POINT ( 'NONE',  ( 5.500000000000000000, -4.499999999999999112, 1.600000000000000089 ) ) ;
#11853 = ORIENTED_EDGE ( 'NONE', *, *, #6613, .F. ) ;
#11854 = CARTESIAN_POINT ( 'NONE',  ( -9.500000000000001776, 5.499999999999991118, 1.600000000000000089 ) ) ;
#11855 =( LENGTH_UNIT ( ) NAMED_UNIT ( * ) SI_UNIT ( .MILLI., .METRE. ) );
#11856 = ADVANCED_FACE ( 'NONE', ( #11803 ), #4659, .F. ) ;
#11857 = CARTESIAN_POINT ( 'NONE',  ( 0.5000000000000009992, 0.4999999999999970024, 1.600000000000000089 ) ) ;
#11858 = AXIS2_PLACEMENT_3D ( 'NONE', #2830, #1840, #7246 ) ;
#11859 = CIRCLE ( 'NONE', #842, 1.386033755962696956 ) ;
#11860 = ORIENTED_EDGE ( 'NONE', *, *, #1289, .F. ) ;
#11861 = PRESENTATION_LAYER_ASSIGNMENT (  '', '', ( #4122 ) ) ;
#11862 = ORIENTED_EDGE ( 'NONE', *, *, #8652, .F. ) ;
#11863 = DIRECTION ( 'NONE',  ( 0.000000000000000000, -1.000000000000000000, 0.000000000000000000 ) ) ;
#11864 = AXIS2_PLACEMENT_3D ( 'NONE', #1351, #5127, #2903 ) ;
#11865 = VERTEX_POINT ( 'NONE', #2782 ) ;
#11866 = EDGE_CURVE ( 'NONE', #7688, #10417, #10620, .T. ) ;
#11867 = CARTESIAN_POINT ( 'NONE',  ( -7.499999999999999112, 7.500000000000007994, 2.100000000000000089 ) ) ;
#11868 = ADVANCED_FACE ( 'NONE', ( #4476 ), #8228, .T. ) ;
#11869 = FILL_AREA_STYLE_COLOUR ( '', #564 ) ;
#11870 = DIRECTION ( 'NONE',  ( -0.000000000000000000, -0.000000000000000000, 1.000000000000000000 ) ) ;
#11871 = CIRCLE ( 'NONE', #9925, 1.386033755962696956 ) ;
#11872 = ORIENTED_EDGE ( 'NONE', *, *, #2405, .F. ) ;
#11873 = ORIENTED_EDGE ( 'NONE', *, *, #11988, .T. ) ;
#11874 = EDGE_LOOP ( 'NONE', ( #3471, #8051, #8066, #8900 ) ) ;
#11875 = VERTEX_POINT ( 'NONE', #1724 ) ;
#11876 = CARTESIAN_POINT ( 'NONE',  ( -2.499999999999997780, -7.499999999999991118, 2.463966244037302911 ) ) ;
#11877 = FACE_OUTER_BOUND ( 'NONE', #9400, .T. ) ;
#11878 = VERTEX_POINT ( 'NONE', #10337 ) ;
#11879 = ADVANCED_FACE ( 'NONE', ( #3074 ), #6714, .F. ) ;
#11880 = STYLED_ITEM ( 'NONE', ( #11075 ), #7899 ) ;
#11881 = PLANE ( 'NONE',  #2206 ) ;
#11882 =( GEOMETRIC_REPRESENTATION_CONTEXT ( 3 ) GLOBAL_UNCERTAINTY_ASSIGNED_CONTEXT ( ( #3437 ) ) GLOBAL_UNIT_ASSIGNED_CONTEXT ( ( #6129, #7983, #3267 ) ) REPRESENTATION_CONTEXT ( 'NONE', 'WORKASPACE' ) );
#11883 = DIRECTION ( 'NONE',  ( -0.000000000000000000, -0.000000000000000000, 1.000000000000000000 ) ) ;
#11884 = ORIENTED_EDGE ( 'NONE', *, *, #2748, .T. ) ;
#11885 = EDGE_LOOP ( 'NONE', ( #1879, #8124, #8838, #10243 ) ) ;
#11886 =( NAMED_UNIT ( * ) SI_UNIT ( $, .STERADIAN. ) SOLID_ANGLE_UNIT ( ) );
#11887 = LINE ( 'NONE', #2749, #5688 ) ;
#11888 = CARTESIAN_POINT ( 'NONE',  ( 11.34999999999999254, -11.35000000000000142, 1.600000000000000089 ) ) ;
#11889 = EDGE_CURVE ( 'NONE', #10228, #9376, #10456, .T. ) ;
#11890 = FACE_OUTER_BOUND ( 'NONE', #2909, .T. ) ;
#11891 = VERTEX_POINT ( 'NONE', #3018 ) ;
#11892 = CIRCLE ( 'NONE', #2806, 1.600000000000002531 ) ;
#11893 = DIRECTION ( 'NONE',  ( -1.000000000000000000, 0.000000000000000000, 0.000000000000000000 ) ) ;
#11894 = CYLINDRICAL_SURFACE ( 'NONE', #5026, 1.386033755962696068 ) ;
#11895 = EDGE_CURVE ( 'NONE', #2317, #5059, #1188, .T. ) ;
#11896 =( LENGTH_UNIT ( ) NAMED_UNIT ( * ) SI_UNIT ( .MILLI., .METRE. ) );
#11897 = DIRECTION ( 'NONE',  ( 1.000000000000000000, 0.000000000000000000, 0.000000000000000000 ) ) ;
#11898 = STYLED_ITEM ( 'NONE', ( #8283 ), #8253 ) ;
#11899 = SURFACE_STYLE_USAGE ( .BOTH. , #10935 ) ;
#11900 = CIRCLE ( 'NONE', #11322, 1.386033755962696956 ) ;
#11901 = FILL_AREA_STYLE ('',( #10998 ) ) ;
#11902 = PLANE ( 'NONE',  #2685 ) ;
#11903 = LINE ( 'NONE', #2583, #4702 ) ;
#11905 = EDGE_CURVE ( 'NONE', #9271, #1432, #3492, .T. ) ;
#11904 = PLANE ( 'NONE',  #3239 ) ;
#11906 = VECTOR ( 'NONE', #5325, 1000.000000000000000 ) ;
#11907 = PRESENTATION_STYLE_ASSIGNMENT (( #2525 ) ) ;
#11908 = FILL_AREA_STYLE_COLOUR ( '', #6600 ) ;
#11909 = EDGE_LOOP ( 'NONE', ( #1382, #1380, #11042, #6834 ) ) ;
#11910 =( NAMED_UNIT ( * ) SI_UNIT ( $, .STERADIAN. ) SOLID_ANGLE_UNIT ( ) );
#11911 = CARTESIAN_POINT ( 'NONE',  ( 4.000000000000003553, 13.99999999999999822, 1.800000000000000044 ) ) ;
#11912 = UNCERTAINTY_MEASURE_WITH_UNIT (LENGTH_MEASURE( 1.000000000000000082E-05 ), #4836, 'distance_accuracy_value', 'NONE');
#11913 = STYLED_ITEM ( 'NONE', ( #573 ), #8781 ) ;
#11914 = CYLINDRICAL_SURFACE ( 'NONE', #8676, 1.600000000000002531 ) ;
#11915 = ORIENTED_EDGE ( 'NONE', *, *, #11166, .T. ) ;
#11916 = ADVANCED_FACE ( 'NONE', ( #10278 ), #5870, .F. ) ;
#11917 = ORIENTED_EDGE ( 'NONE', *, *, #4899, .F. ) ;
#11918 = CARTESIAN_POINT ( 'NONE',  ( -8.886033755962692737, -7.499999999999990230, 2.100000000000000089 ) ) ;
#11919 = PRESENTATION_STYLE_ASSIGNMENT (( #5394 ) ) ;
#11920 = UNCERTAINTY_MEASURE_WITH_UNIT (LENGTH_MEASURE( 1.000000000000000082E-05 ), #4704, 'distance_accuracy_value', 'NONE');
#11921 = VECTOR ( 'NONE', #5559, 1000.000000000000000 ) ;
#11922 = FILL_AREA_STYLE_COLOUR ( '', #8956 ) ;
#11923 = COLOUR_RGB ( '',1.000000000000000000, 1.000000000000000000, 0.000000000000000000 ) ;
#11924 = EDGE_LOOP ( 'NONE', ( #4991, #1319, #9634, #297 ) ) ;
#11925 =( NAMED_UNIT ( * ) PLANE_ANGLE_UNIT ( ) SI_UNIT ( $, .RADIAN. ) );
#11926 = DIRECTION ( 'NONE',  ( -0.000000000000000000, -0.000000000000000000, 1.000000000000000000 ) ) ;
#11927 = PLANE ( 'NONE',  #1981 ) ;
#11928 = CARTESIAN_POINT ( 'NONE',  ( -9.500000000000000000, -4.499999999999999112, 2.100000000000000089 ) ) ;
#11929 = CARTESIAN_POINT ( 'NONE',  ( 4.061515957101503815, 12.34027113312489909, 1.610000000000000098 ) ) ;
#11930 = COLOUR_RGB ( '',0.7529411764705882248, 0.7529411764705882248, 0.7529411764705882248 ) ;
#11931 = EDGE_CURVE ( 'NONE', #6315, #2447, #5231, .T. ) ;
#11932 = FILL_AREA_STYLE_COLOUR ( '', #5256 ) ;
#11933 = ORIENTED_EDGE ( 'NONE', *, *, #5675, .F. ) ;
#11934 = ORIENTED_EDGE ( 'NONE', *, *, #232, .F. ) ;
#11935 = EDGE_LOOP ( 'NONE', ( #3530, #1862 ) ) ;
#11936 = EDGE_CURVE ( 'NONE', #3604, #7991, #3799, .T. ) ;
#11937 = SURFACE_SIDE_STYLE ('',( #1678 ) ) ;
#11938 = ORIENTED_EDGE ( 'NONE', *, *, #8078, .T. ) ;
#11939 = CARTESIAN_POINT ( 'NONE',  ( -12.94999999999999396, -11.35000000000000142, 1.600000000000000089 ) ) ;
#11940 = CLOSED_SHELL ( 'NONE', ( #5426, #10018, #8523, #10302, #5331 ) ) ;
#11941 = DIRECTION ( 'NONE',  ( 0.000000000000000000, -0.000000000000000000, -1.000000000000000000 ) ) ;
#11942 = ORIENTED_EDGE ( 'NONE', *, *, #2986, .T. ) ;
#11943 = DIRECTION ( 'NONE',  ( -0.000000000000000000, -1.000000000000000000, -0.000000000000000000 ) ) ;
#11944 = COLOUR_RGB ( '',1.000000000000000000, 1.000000000000000000, 0.000000000000000000 ) ;
#11945 =( NAMED_UNIT ( * ) SI_UNIT ( $, .STERADIAN. ) SOLID_ANGLE_UNIT ( ) );
#11946 = UNCERTAINTY_MEASURE_WITH_UNIT (LENGTH_MEASURE( 1.000000000000000082E-05 ), #820, 'distance_accuracy_value', 'NONE');
#11947 = DIRECTION ( 'NONE',  ( 1.000000000000000000, 0.000000000000000000, 0.000000000000000000 ) ) ;
#11948 = EDGE_CURVE ( 'NONE', #2253, #3585, #2838, .T. ) ;
#11949 = EDGE_LOOP ( 'NONE', ( #4744, #2446, #311, #9598 ) ) ;
#11950 = STYLED_ITEM ( 'NONE', ( #8717 ), #9838 ) ;
#11951 = ORIENTED_EDGE ( 'NONE', *, *, #4173, .F. ) ;
#11952 = FILL_AREA_STYLE ('',( #5556 ) ) ;
#11953 = LINE ( 'NONE', #3830, #9442 ) ;
#11954 = CARTESIAN_POINT ( 'NONE',  ( 2.500000000000002220, -7.499999999999992006, 2.463966244037302911 ) ) ;
#11955 = ORIENTED_EDGE ( 'NONE', *, *, #10872, .T. ) ;
#11956 = DIRECTION ( 'NONE',  ( -1.000000000000000000, 0.000000000000000000, 0.000000000000000000 ) ) ;
#11957 =( NAMED_UNIT ( * ) SI_UNIT ( $, .STERADIAN. ) SOLID_ANGLE_UNIT ( ) );
#11958 = LINE ( 'NONE', #1825, #1066 ) ;
#11959 = FILL_AREA_STYLE ('',( #7409 ) ) ;
#11960 = CIRCLE ( 'NONE', #8835, 1.386033755962696956 ) ;
#11961 = PRESENTATION_STYLE_ASSIGNMENT (( #8261 ) ) ;
#11962 = COLOUR_RGB ( '',0.7529411764705882248, 0.7529411764705882248, 0.7529411764705882248 ) ;
#11963 = CARTESIAN_POINT ( 'NONE',  ( -2.499999999999999556, 2.500000000000009326, 2.463966244037302911 ) ) ;
#11964 = UNCERTAINTY_MEASURE_WITH_UNIT (LENGTH_MEASURE( 1.000000000000000082E-05 ), #467, 'distance_accuracy_value', 'NONE');
#11965 = CARTESIAN_POINT ( 'NONE',  ( -9.500000000000001776, 0.4999999999999961142, 2.100000000000000089 ) ) ;
#11966 = DIRECTION ( 'NONE',  ( 1.000000000000000000, 0.000000000000000000, 0.000000000000000000 ) ) ;
#11967 = PRESENTATION_STYLE_ASSIGNMENT (( #2701 ) ) ;
#11968 = CARTESIAN_POINT ( 'NONE',  ( 7.500000000000000888, 2.500000000000007550, 2.100000000000000089 ) ) ;
#11969 = ORIENTED_EDGE ( 'NONE', *, *, #1766, .T. ) ;
#11970 = SURFACE_STYLE_FILL_AREA ( #11247 ) ;
#11971 = MECHANICAL_DESIGN_GEOMETRIC_PRESENTATION_REPRESENTATION (  '', ( #8326 ), #7535 ) ;
#11972 = DIRECTION ( 'NONE',  ( -0.000000000000000000, -0.000000000000000000, 1.000000000000000000 ) ) ;
#11973 = PRESENTATION_LAYER_ASSIGNMENT (  '', '', ( #4244 ) ) ;
#11974 = DIRECTION ( 'NONE',  ( -0.000000000000000000, -0.000000000000000000, 1.000000000000000000 ) ) ;
#11975 = ORIENTED_EDGE ( 'NONE', *, *, #1261, .T. ) ;
#11976 = LINE ( 'NONE', #9126, #6239 ) ;
#11977 = ORIENTED_EDGE ( 'NONE', *, *, #193, .F. ) ;
#11978 =( NAMED_UNIT ( * ) SI_UNIT ( $, .STERADIAN. ) SOLID_ANGLE_UNIT ( ) );
#11979 = DIRECTION ( 'NONE',  ( -0.000000000000000000, 0.000000000000000000, 1.000000000000000000 ) ) ;
#11980 =( NAMED_UNIT ( * ) SI_UNIT ( $, .STERADIAN. ) SOLID_ANGLE_UNIT ( ) );
#11981 = SURFACE_SIDE_STYLE ('',( #783 ) ) ;
#11982 = VERTEX_POINT ( 'NONE', #519 ) ;
#11983 = FILL_AREA_STYLE ('',( #8288 ) ) ;
#11984 = PRESENTATION_LAYER_ASSIGNMENT (  '', '', ( #6940 ) ) ;
#11985 = FILL_AREA_STYLE ('',( #909 ) ) ;
#11986 = STYLED_ITEM ( 'NONE', ( #1639 ), #5573 ) ;
#11987 = CARTESIAN_POINT ( 'NONE',  ( 0.5000000000000009992, 4.499999999999996447, 1.600000000000000089 ) ) ;
#11988 = EDGE_CURVE ( 'NONE', #11875, #3567, #2406, .T. ) ;
#11989 = VECTOR ( 'NONE', #6712, 1000.000000000000000 ) ;
#11990 = SURFACE_SIDE_STYLE ('',( #9136 ) ) ;
ENDSEC;
END-ISO-10303-21;
