{"cam_to_proj": [[-0.0019306530812712318, -0.1729338539317531, 1456.5897055125113], [-0.17576356056073375, 0.0012890370682208663, 480.72672784668543], [7.653868152327999e-17, -7.676151381197371e-17, 1.0000000000000002]], "proj_to_cam": [[-0.042405382728590714, -5.688995641229312, 2796.6195032830055], [-5.782084347188745, 0.06351259001637619, 8391.592336944512], [-4.405958953951894e-16, 4.4030354812715455e-16, 1.0000000000004299]]}