{"centroid": [227.0, 320.0], "heading": [[-0.12607619172672857, 0.9920205612182064], [-0.9920205612182064, -0.12607619172672857]]}