{"cam_to_proj": [[-0.0016165935342301358, -0.17401257090586442, 1469.6930876502295], [-0.17899447342380026, 0.0018453917039685241, 487.9571136021967], [6.800030601861411e-17, -6.787105599759258e-17, 0.9999999999999996]], "proj_to_cam": [[-0.059241592465305914, -5.586229626526101, 2812.9074434264066], [-5.746160896422527, 0.05189661096620256, 8419.769629505434], [-3.8596956155559946e-16, 3.833876018829958e-16, 1.0000000000003806]]}