ISO-10303-21;
HEADER;
FILE_DESCRIPTION(('FreeCAD Model'),'2;1');
FILE_NAME('Open CASCADE Shape Model','2026-09-18T16:19:54',('Author'),(
    ''),'Open CASCADE STEP processor 7.8','FreeCAD','Unknown');
FILE_SCHEMA(('AUTOMOTIVE_DESIGN { 1 0 10303 214 1 1 1 1 }'));
ENDSEC;
DATA;
#1 = APPLICATION_PROTOCOL_DEFINITION('international standard',
  'automotive_design',2000,#2);
#2 = APPLICATION_CONTEXT(
  'core data for automotive mechanical design processes');
#3 = SHAPE_DEFINITION_REPRESENTATION(#4,#10);
#4 = PRODUCT_DEFINITION_SHAPE('','',#5);
#5 = PRODUCT_DEFINITION('design','',#6,#9);
#6 = PRODUCT_DEFINITION_FORMATION('','',#7);
#7 = PRODUCT('20x20x100','20x20x100','',(#8));
#8 = PRODUCT_CONTEXT('',#2,'mechanical');
#9 = PRODUCT_DEFINITION_CONTEXT('part definition',#2,'design');
#10 = ADVANCED_BREP_SHAPE_REPRESENTATION('',(#11,#15),#2520);
#11 = AXIS2_PLACEMENT_3D('',#12,#13,#14);
#12 = CARTESIAN_POINT('',(0.,0.,0.));
#13 = DIRECTION('',(0.,0.,1.));
#14 = DIRECTION('',(1.,0.,-0.));
#15 = MANIFOLD_SOLID_BREP('',#16);
#16 = CLOSED_SHELL('',(#17,#57,#90,#121,#154,#185,#218,#249,#282,#313,
    #346,#377,#410,#441,#474,#505,#538,#569,#602,#633,#666,#697,#730,
    #761,#794,#825,#858,#889,#922,#953,#986,#1017,#1050,#1081,#1114,
    #1145,#1178,#1209,#1242,#1273,#1306,#1337,#1370,#1401,#1434,#1465,
    #1498,#1529,#1562,#1593,#1626,#1657,#1690,#1721,#1754,#1785,#1818,
    #1849,#1882,#1913,#1946,#1977,#2010,#2041,#2074,#2105,#2138,#2169,
    #2202,#2233,#2266,#2297,#2321,#2354,#2437));
#17 = ADVANCED_FACE('',(#18),#52,.T.);
#18 = FACE_BOUND('',#19,.T.);
#19 = EDGE_LOOP('',(#20,#30,#38,#46));
#20 = ORIENTED_EDGE('',*,*,#21,.T.);
#21 = EDGE_CURVE('',#22,#24,#26,.T.);
#22 = VERTEX_POINT('',#23);
#23 = CARTESIAN_POINT('',(0.275000000157,-8.865432899345,0.));
#24 = VERTEX_POINT('',#25);
#25 = CARTESIAN_POINT('',(0.275000000157,-8.865432899345,100.));
#26 = LINE('',#27,#28);
#27 = CARTESIAN_POINT('',(0.275000000157,-8.865432899345,0.));
#28 = VECTOR('',#29,1.);
#29 = DIRECTION('',(0.,0.,1.));
#30 = ORIENTED_EDGE('',*,*,#31,.T.);
#31 = EDGE_CURVE('',#24,#32,#34,.T.);
#32 = VERTEX_POINT('',#33);
#33 = CARTESIAN_POINT('',(0.27500000488,-11.13456711786,100.));
#34 = LINE('',#35,#36);
#35 = CARTESIAN_POINT('',(0.275000000158,-8.865432899345,100.));
#36 = VECTOR('',#37,1.);
#37 = DIRECTION('',(2.080210993144E-09,-1.,0.));
#38 = ORIENTED_EDGE('',*,*,#39,.F.);
#39 = EDGE_CURVE('',#40,#32,#42,.T.);
#40 = VERTEX_POINT('',#41);
#41 = CARTESIAN_POINT('',(0.27500000488,-11.13456711786,0.));
#42 = LINE('',#43,#44);
#43 = CARTESIAN_POINT('',(0.27500000488,-11.13456711786,0.));
#44 = VECTOR('',#45,1.);
#45 = DIRECTION('',(0.,0.,1.));
#46 = ORIENTED_EDGE('',*,*,#47,.F.);
#47 = EDGE_CURVE('',#22,#40,#48,.T.);
#48 = LINE('',#49,#50);
#49 = CARTESIAN_POINT('',(0.275000000158,-8.865432899345,0.));
#50 = VECTOR('',#51,1.);
#51 = DIRECTION('',(2.080210993144E-09,-1.,0.));
#52 = PLANE('',#53);
#53 = AXIS2_PLACEMENT_3D('',#54,#55,#56);
#54 = CARTESIAN_POINT('',(0.275000000158,-8.865432899345,0.));
#55 = DIRECTION('',(1.,2.080210993144E-09,0.));
#56 = DIRECTION('',(2.080210993144E-09,-1.,0.));
#57 = ADVANCED_FACE('',(#58),#85,.F.);
#58 = FACE_BOUND('',#59,.T.);
#59 = EDGE_LOOP('',(#60,#61,#70,#78));
#60 = ORIENTED_EDGE('',*,*,#39,.T.);
#61 = ORIENTED_EDGE('',*,*,#62,.T.);
#62 = EDGE_CURVE('',#32,#63,#65,.T.);
#63 = VERTEX_POINT('',#64);
#64 = CARTESIAN_POINT('',(1.153679661323,-13.25588745518,100.));
#65 = CIRCLE('',#66,2.999999999995);
#66 = AXIS2_PLACEMENT_3D('',#67,#68,#69);
#67 = CARTESIAN_POINT('',(3.275000004876,-11.13456711162,100.));
#68 = DIRECTION('',(0.,-0.,1.));
#69 = DIRECTION('',(1.,2.081227E-09,0.));
#70 = ORIENTED_EDGE('',*,*,#71,.F.);
#71 = EDGE_CURVE('',#72,#63,#74,.T.);
#72 = VERTEX_POINT('',#73);
#73 = CARTESIAN_POINT('',(1.153679661323,-13.25588745518,0.));
#74 = LINE('',#75,#76);
#75 = CARTESIAN_POINT('',(1.153679661323,-13.25588745518,0.));
#76 = VECTOR('',#77,1.);
#77 = DIRECTION('',(0.,0.,1.));
#78 = ORIENTED_EDGE('',*,*,#79,.F.);
#79 = EDGE_CURVE('',#40,#72,#80,.T.);
#80 = CIRCLE('',#81,2.999999999995);
#81 = AXIS2_PLACEMENT_3D('',#82,#83,#84);
#82 = CARTESIAN_POINT('',(3.275000004876,-11.13456711162,0.));
#83 = DIRECTION('',(0.,-0.,1.));
#84 = DIRECTION('',(1.,2.081227E-09,0.));
#85 = CYLINDRICAL_SURFACE('',#86,2.999999999995);
#86 = AXIS2_PLACEMENT_3D('',#87,#88,#89);
#87 = CARTESIAN_POINT('',(3.275000004876,-11.13456711162,0.));
#88 = DIRECTION('',(0.,0.,-1.));
#89 = DIRECTION('',(1.,2.081227E-09,0.));
#90 = ADVANCED_FACE('',(#91),#116,.T.);
#91 = FACE_BOUND('',#92,.T.);
#92 = EDGE_LOOP('',(#93,#94,#102,#110));
#93 = ORIENTED_EDGE('',*,*,#71,.T.);
#94 = ORIENTED_EDGE('',*,*,#95,.T.);
#95 = EDGE_CURVE('',#63,#96,#98,.T.);
#96 = VERTEX_POINT('',#97);
#97 = CARTESIAN_POINT('',(3.493456692108,-15.59566448597,100.));
#98 = LINE('',#99,#100);
#99 = CARTESIAN_POINT('',(1.153679661322,-13.25588745518,100.));
#100 = VECTOR('',#101,1.);
#101 = DIRECTION('',(0.707106781186,-0.707106781187,0.));
#102 = ORIENTED_EDGE('',*,*,#103,.F.);
#103 = EDGE_CURVE('',#104,#96,#106,.T.);
#104 = VERTEX_POINT('',#105);
#105 = CARTESIAN_POINT('',(3.493456692108,-15.59566448597,0.));
#106 = LINE('',#107,#108);
#107 = CARTESIAN_POINT('',(3.493456692108,-15.59566448597,0.));
#108 = VECTOR('',#109,1.);
#109 = DIRECTION('',(0.,0.,1.));
#110 = ORIENTED_EDGE('',*,*,#111,.F.);
#111 = EDGE_CURVE('',#72,#104,#112,.T.);
#112 = LINE('',#113,#114);
#113 = CARTESIAN_POINT('',(1.153679661322,-13.25588745518,0.));
#114 = VECTOR('',#115,1.);
#115 = DIRECTION('',(0.707106781186,-0.707106781187,0.));
#116 = PLANE('',#117);
#117 = AXIS2_PLACEMENT_3D('',#118,#119,#120);
#118 = CARTESIAN_POINT('',(1.153679661322,-13.25588745518,0.));
#119 = DIRECTION('',(0.707106781187,0.707106781186,0.));
#120 = DIRECTION('',(0.707106781186,-0.707106781187,0.));
#121 = ADVANCED_FACE('',(#122),#149,.F.);
#122 = FACE_BOUND('',#123,.T.);
#123 = EDGE_LOOP('',(#124,#125,#134,#142));
#124 = ORIENTED_EDGE('',*,*,#103,.T.);
#125 = ORIENTED_EDGE('',*,*,#126,.T.);
#126 = EDGE_CURVE('',#96,#127,#129,.T.);
#127 = VERTEX_POINT('',#128);
#128 = CARTESIAN_POINT('',(4.824999981432,-15.04412147767,100.));
#129 = CIRCLE('',#130,0.780000000001);
#130 = AXIS2_PLACEMENT_3D('',#131,#132,#133);
#131 = CARTESIAN_POINT('',(4.044999981431,-15.04412119664,100.));
#132 = DIRECTION('',(0.,-0.,1.));
#133 = DIRECTION('',(0.707106781184,0.707106781189,0.));
#134 = ORIENTED_EDGE('',*,*,#135,.F.);
#135 = EDGE_CURVE('',#136,#127,#138,.T.);
#136 = VERTEX_POINT('',#137);
#137 = CARTESIAN_POINT('',(4.824999981432,-15.04412147767,0.));
#138 = LINE('',#139,#140);
#139 = CARTESIAN_POINT('',(4.824999981432,-15.04412147767,0.));
#140 = VECTOR('',#141,1.);
#141 = DIRECTION('',(0.,0.,1.));
#142 = ORIENTED_EDGE('',*,*,#143,.F.);
#143 = EDGE_CURVE('',#104,#136,#144,.T.);
#144 = CIRCLE('',#145,0.780000000001);
#145 = AXIS2_PLACEMENT_3D('',#146,#147,#148);
#146 = CARTESIAN_POINT('',(4.044999981431,-15.04412119664,0.));
#147 = DIRECTION('',(0.,-0.,1.));
#148 = DIRECTION('',(0.707106781184,0.707106781189,0.));
#149 = CYLINDRICAL_SURFACE('',#150,0.780000000001);
#150 = AXIS2_PLACEMENT_3D('',#151,#152,#153);
#151 = CARTESIAN_POINT('',(4.044999981431,-15.04412119664,0.));
#152 = DIRECTION('',(0.,0.,-1.));
#153 = DIRECTION('',(0.707106781184,0.707106781189,0.));
#154 = ADVANCED_FACE('',(#155),#180,.T.);
#155 = FACE_BOUND('',#156,.T.);
#156 = EDGE_LOOP('',(#157,#158,#166,#174));
#157 = ORIENTED_EDGE('',*,*,#135,.T.);
#158 = ORIENTED_EDGE('',*,*,#159,.T.);
#159 = EDGE_CURVE('',#127,#160,#162,.T.);
#160 = VERTEX_POINT('',#161);
#161 = CARTESIAN_POINT('',(4.825000762941,-12.87499989191,100.));
#162 = LINE('',#163,#164);
#163 = CARTESIAN_POINT('',(4.824999981431,-15.04412147767,100.));
#164 = VECTOR('',#165,1.);
#165 = DIRECTION('',(3.602879330717E-07,1.,0.));
#166 = ORIENTED_EDGE('',*,*,#167,.F.);
#167 = EDGE_CURVE('',#168,#160,#170,.T.);
#168 = VERTEX_POINT('',#169);
#169 = CARTESIAN_POINT('',(4.825000762941,-12.87499989191,0.));
#170 = LINE('',#171,#172);
#171 = CARTESIAN_POINT('',(4.825000762941,-12.87499989191,0.));
#172 = VECTOR('',#173,1.);
#173 = DIRECTION('',(0.,0.,1.));
#174 = ORIENTED_EDGE('',*,*,#175,.F.);
#175 = EDGE_CURVE('',#136,#168,#176,.T.);
#176 = LINE('',#177,#178);
#177 = CARTESIAN_POINT('',(4.824999981431,-15.04412147767,0.));
#178 = VECTOR('',#179,1.);
#179 = DIRECTION('',(3.602879330717E-07,1.,0.));
#180 = PLANE('',#181);
#181 = AXIS2_PLACEMENT_3D('',#182,#183,#184);
#182 = CARTESIAN_POINT('',(4.824999981431,-15.04412147767,0.));
#183 = DIRECTION('',(-1.,3.602879330717E-07,0.));
#184 = DIRECTION('',(3.602879330717E-07,1.,0.));
#185 = ADVANCED_FACE('',(#186),#213,.T.);
#186 = FACE_BOUND('',#187,.T.);
#187 = EDGE_LOOP('',(#188,#189,#198,#206));
#188 = ORIENTED_EDGE('',*,*,#167,.T.);
#189 = ORIENTED_EDGE('',*,*,#190,.T.);
#190 = EDGE_CURVE('',#160,#191,#193,.T.);
#191 = VERTEX_POINT('',#192);
#192 = CARTESIAN_POINT('',(5.125000762941,-12.57499999999,100.));
#193 = CIRCLE('',#194,0.299999999998);
#194 = AXIS2_PLACEMENT_3D('',#195,#196,#197);
#195 = CARTESIAN_POINT('',(5.125000762939,-12.87499999999,100.));
#196 = DIRECTION('',(0.,0.,-1.));
#197 = DIRECTION('',(7.57912E-12,1.,0.));
#198 = ORIENTED_EDGE('',*,*,#199,.F.);
#199 = EDGE_CURVE('',#200,#191,#202,.T.);
#200 = VERTEX_POINT('',#201);
#201 = CARTESIAN_POINT('',(5.125000762941,-12.57499999999,0.));
#202 = LINE('',#203,#204);
#203 = CARTESIAN_POINT('',(5.125000762941,-12.57499999999,0.));
#204 = VECTOR('',#205,1.);
#205 = DIRECTION('',(0.,0.,1.));
#206 = ORIENTED_EDGE('',*,*,#207,.F.);
#207 = EDGE_CURVE('',#168,#200,#208,.T.);
#208 = CIRCLE('',#209,0.299999999998);
#209 = AXIS2_PLACEMENT_3D('',#210,#211,#212);
#210 = CARTESIAN_POINT('',(5.125000762939,-12.87499999999,0.));
#211 = DIRECTION('',(0.,0.,-1.));
#212 = DIRECTION('',(7.57912E-12,1.,0.));
#213 = CYLINDRICAL_SURFACE('',#214,0.299999999998);
#214 = AXIS2_PLACEMENT_3D('',#215,#216,#217);
#215 = CARTESIAN_POINT('',(5.125000762939,-12.87499999999,0.));
#216 = DIRECTION('',(0.,0.,-1.));
#217 = DIRECTION('',(7.57912E-12,1.,0.));
#218 = ADVANCED_FACE('',(#219),#244,.T.);
#219 = FACE_BOUND('',#220,.T.);
#220 = EDGE_LOOP('',(#221,#222,#230,#238));
#221 = ORIENTED_EDGE('',*,*,#199,.T.);
#222 = ORIENTED_EDGE('',*,*,#223,.T.);
#223 = EDGE_CURVE('',#191,#224,#226,.T.);
#224 = VERTEX_POINT('',#225);
#225 = CARTESIAN_POINT('',(5.825000000002,-12.575,100.));
#226 = LINE('',#227,#228);
#227 = CARTESIAN_POINT('',(5.125000762941,-12.57499999999,100.));
#228 = VECTOR('',#229,1.);
#229 = DIRECTION('',(1.,0.,0.));
#230 = ORIENTED_EDGE('',*,*,#231,.F.);
#231 = EDGE_CURVE('',#232,#224,#234,.T.);
#232 = VERTEX_POINT('',#233);
#233 = CARTESIAN_POINT('',(5.825000000002,-12.575,0.));
#234 = LINE('',#235,#236);
#235 = CARTESIAN_POINT('',(5.825000000002,-12.575,0.));
#236 = VECTOR('',#237,1.);
#237 = DIRECTION('',(0.,0.,1.));
#238 = ORIENTED_EDGE('',*,*,#239,.F.);
#239 = EDGE_CURVE('',#200,#232,#240,.T.);
#240 = LINE('',#241,#242);
#241 = CARTESIAN_POINT('',(5.125000762941,-12.57499999999,0.));
#242 = VECTOR('',#243,1.);
#243 = DIRECTION('',(1.,0.,0.));
#244 = PLANE('',#245);
#245 = AXIS2_PLACEMENT_3D('',#246,#247,#248);
#246 = CARTESIAN_POINT('',(5.125000762941,-12.57499999999,0.));
#247 = DIRECTION('',(0.,1.,0.));
#248 = DIRECTION('',(1.,0.,0.));
#249 = ADVANCED_FACE('',(#250),#277,.T.);
#250 = FACE_BOUND('',#251,.T.);
#251 = EDGE_LOOP('',(#252,#253,#262,#270));
#252 = ORIENTED_EDGE('',*,*,#231,.T.);
#253 = ORIENTED_EDGE('',*,*,#254,.T.);
#254 = EDGE_CURVE('',#224,#255,#257,.T.);
#255 = VERTEX_POINT('',#256);
#256 = CARTESIAN_POINT('',(6.625000000002,-13.375,100.));
#257 = CIRCLE('',#258,0.8);
#258 = AXIS2_PLACEMENT_3D('',#259,#260,#261);
#259 = CARTESIAN_POINT('',(5.825000000002,-13.375,100.));
#260 = DIRECTION('',(0.,0.,-1.));
#261 = DIRECTION('',(1.,0.,0.));
#262 = ORIENTED_EDGE('',*,*,#263,.F.);
#263 = EDGE_CURVE('',#264,#255,#266,.T.);
#264 = VERTEX_POINT('',#265);
#265 = CARTESIAN_POINT('',(6.625000000002,-13.375,0.));
#266 = LINE('',#267,#268);
#267 = CARTESIAN_POINT('',(6.625000000002,-13.375,0.));
#268 = VECTOR('',#269,1.);
#269 = DIRECTION('',(0.,0.,1.));
#270 = ORIENTED_EDGE('',*,*,#271,.F.);
#271 = EDGE_CURVE('',#232,#264,#272,.T.);
#272 = CIRCLE('',#273,0.8);
#273 = AXIS2_PLACEMENT_3D('',#274,#275,#276);
#274 = CARTESIAN_POINT('',(5.825000000002,-13.375,0.));
#275 = DIRECTION('',(0.,0.,-1.));
#276 = DIRECTION('',(1.,0.,0.));
#277 = CYLINDRICAL_SURFACE('',#278,0.8);
#278 = AXIS2_PLACEMENT_3D('',#279,#280,#281);
#279 = CARTESIAN_POINT('',(5.825000000002,-13.375,0.));
#280 = DIRECTION('',(0.,0.,-1.));
#281 = DIRECTION('',(1.,0.,0.));
#282 = ADVANCED_FACE('',(#283),#308,.T.);
#283 = FACE_BOUND('',#284,.T.);
#284 = EDGE_LOOP('',(#285,#286,#294,#302));
#285 = ORIENTED_EDGE('',*,*,#263,.T.);
#286 = ORIENTED_EDGE('',*,*,#287,.T.);
#287 = EDGE_CURVE('',#255,#288,#290,.T.);
#288 = VERTEX_POINT('',#289);
#289 = CARTESIAN_POINT('',(6.625000000001,-18.,100.));
#290 = LINE('',#291,#292);
#291 = CARTESIAN_POINT('',(6.625000000001,-13.375,100.));
#292 = VECTOR('',#293,1.);
#293 = DIRECTION('',(0.,-1.,0.));
#294 = ORIENTED_EDGE('',*,*,#295,.F.);
#295 = EDGE_CURVE('',#296,#288,#298,.T.);
#296 = VERTEX_POINT('',#297);
#297 = CARTESIAN_POINT('',(6.625000000001,-18.,0.));
#298 = LINE('',#299,#300);
#299 = CARTESIAN_POINT('',(6.625000000001,-18.,0.));
#300 = VECTOR('',#301,1.);
#301 = DIRECTION('',(0.,0.,1.));
#302 = ORIENTED_EDGE('',*,*,#303,.F.);
#303 = EDGE_CURVE('',#264,#296,#304,.T.);
#304 = LINE('',#305,#306);
#305 = CARTESIAN_POINT('',(6.625000000001,-13.375,0.));
#306 = VECTOR('',#307,1.);
#307 = DIRECTION('',(0.,-1.,0.));
#308 = PLANE('',#309);
#309 = AXIS2_PLACEMENT_3D('',#310,#311,#312);
#310 = CARTESIAN_POINT('',(6.625000000001,-13.375,0.));
#311 = DIRECTION('',(1.,0.,0.));
#312 = DIRECTION('',(0.,-1.,0.));
#313 = ADVANCED_FACE('',(#314),#341,.T.);
#314 = FACE_BOUND('',#315,.T.);
#315 = EDGE_LOOP('',(#316,#317,#326,#334));
#316 = ORIENTED_EDGE('',*,*,#295,.T.);
#317 = ORIENTED_EDGE('',*,*,#318,.T.);
#318 = EDGE_CURVE('',#288,#319,#321,.T.);
#319 = VERTEX_POINT('',#320);
#320 = CARTESIAN_POINT('',(4.625000000001,-20.,100.));
#321 = CIRCLE('',#322,2.000000000001);
#322 = AXIS2_PLACEMENT_3D('',#323,#324,#325);
#323 = CARTESIAN_POINT('',(4.625000000001,-18.,100.));
#324 = DIRECTION('',(0.,0.,-1.));
#325 = DIRECTION('',(0.,-1.,0.));
#326 = ORIENTED_EDGE('',*,*,#327,.F.);
#327 = EDGE_CURVE('',#328,#319,#330,.T.);
#328 = VERTEX_POINT('',#329);
#329 = CARTESIAN_POINT('',(4.625000000001,-20.,0.));
#330 = LINE('',#331,#332);
#331 = CARTESIAN_POINT('',(4.625000000001,-20.,0.));
#332 = VECTOR('',#333,1.);
#333 = DIRECTION('',(0.,0.,1.));
#334 = ORIENTED_EDGE('',*,*,#335,.F.);
#335 = EDGE_CURVE('',#296,#328,#336,.T.);
#336 = CIRCLE('',#337,2.000000000001);
#337 = AXIS2_PLACEMENT_3D('',#338,#339,#340);
#338 = CARTESIAN_POINT('',(4.625000000001,-18.,0.));
#339 = DIRECTION('',(0.,0.,-1.));
#340 = DIRECTION('',(0.,-1.,0.));
#341 = CYLINDRICAL_SURFACE('',#342,2.000000000001);
#342 = AXIS2_PLACEMENT_3D('',#343,#344,#345);
#343 = CARTESIAN_POINT('',(4.625000000001,-18.,0.));
#344 = DIRECTION('',(0.,0.,-1.));
#345 = DIRECTION('',(0.,-1.,0.));
#346 = ADVANCED_FACE('',(#347),#372,.T.);
#347 = FACE_BOUND('',#348,.T.);
#348 = EDGE_LOOP('',(#349,#350,#358,#366));
#349 = ORIENTED_EDGE('',*,*,#327,.T.);
#350 = ORIENTED_EDGE('',*,*,#351,.T.);
#351 = EDGE_CURVE('',#319,#352,#354,.T.);
#352 = VERTEX_POINT('',#353);
#353 = CARTESIAN_POINT('',(7.274207411238E-17,-20.,100.));
#354 = LINE('',#355,#356);
#355 = CARTESIAN_POINT('',(4.625000000001,-20.,100.));
#356 = VECTOR('',#357,1.);
#357 = DIRECTION('',(-1.,0.,0.));
#358 = ORIENTED_EDGE('',*,*,#359,.F.);
#359 = EDGE_CURVE('',#360,#352,#362,.T.);
#360 = VERTEX_POINT('',#361);
#361 = CARTESIAN_POINT('',(7.274207411238E-17,-20.,0.));
#362 = LINE('',#363,#364);
#363 = CARTESIAN_POINT('',(7.274207411238E-17,-20.,0.));
#364 = VECTOR('',#365,1.);
#365 = DIRECTION('',(0.,0.,1.));
#366 = ORIENTED_EDGE('',*,*,#367,.F.);
#367 = EDGE_CURVE('',#328,#360,#368,.T.);
#368 = LINE('',#369,#370);
#369 = CARTESIAN_POINT('',(4.625000000001,-20.,0.));
#370 = VECTOR('',#371,1.);
#371 = DIRECTION('',(-1.,0.,0.));
#372 = PLANE('',#373);
#373 = AXIS2_PLACEMENT_3D('',#374,#375,#376);
#374 = CARTESIAN_POINT('',(4.625000000001,-20.,0.));
#375 = DIRECTION('',(0.,-1.,0.));
#376 = DIRECTION('',(-1.,0.,0.));
#377 = ADVANCED_FACE('',(#378),#405,.T.);
#378 = FACE_BOUND('',#379,.T.);
#379 = EDGE_LOOP('',(#380,#381,#390,#398));
#380 = ORIENTED_EDGE('',*,*,#359,.T.);
#381 = ORIENTED_EDGE('',*,*,#382,.T.);
#382 = EDGE_CURVE('',#352,#383,#385,.T.);
#383 = VERTEX_POINT('',#384);
#384 = CARTESIAN_POINT('',(-0.800000000001,-19.2,100.));
#385 = CIRCLE('',#386,0.799999999995);
#386 = AXIS2_PLACEMENT_3D('',#387,#388,#389);
#387 = CARTESIAN_POINT('',(-9.09495E-12,-19.2,100.));
#388 = DIRECTION('',(0.,0.,-1.));
#389 = DIRECTION('',(-1.,5.68434E-12,0.));
#390 = ORIENTED_EDGE('',*,*,#391,.F.);
#391 = EDGE_CURVE('',#392,#383,#394,.T.);
#392 = VERTEX_POINT('',#393);
#393 = CARTESIAN_POINT('',(-0.800000000001,-19.2,0.));
#394 = LINE('',#395,#396);
#395 = CARTESIAN_POINT('',(-0.800000000001,-19.2,0.));
#396 = VECTOR('',#397,1.);
#397 = DIRECTION('',(0.,0.,1.));
#398 = ORIENTED_EDGE('',*,*,#399,.F.);
#399 = EDGE_CURVE('',#360,#392,#400,.T.);
#400 = CIRCLE('',#401,0.799999999995);
#401 = AXIS2_PLACEMENT_3D('',#402,#403,#404);
#402 = CARTESIAN_POINT('',(-9.09495E-12,-19.2,0.));
#403 = DIRECTION('',(0.,0.,-1.));
#404 = DIRECTION('',(-1.,5.68434E-12,0.));
#405 = CYLINDRICAL_SURFACE('',#406,0.799999999995);
#406 = AXIS2_PLACEMENT_3D('',#407,#408,#409);
#407 = CARTESIAN_POINT('',(-9.09495E-12,-19.2,0.));
#408 = DIRECTION('',(0.,0.,-1.));
#409 = DIRECTION('',(-1.,5.68434E-12,0.));
#410 = ADVANCED_FACE('',(#411),#436,.T.);
#411 = FACE_BOUND('',#412,.T.);
#412 = EDGE_LOOP('',(#413,#414,#422,#430));
#413 = ORIENTED_EDGE('',*,*,#391,.T.);
#414 = ORIENTED_EDGE('',*,*,#415,.T.);
#415 = EDGE_CURVE('',#383,#416,#418,.T.);
#416 = VERTEX_POINT('',#417);
#417 = CARTESIAN_POINT('',(-0.8,-18.50000076294,100.));
#418 = LINE('',#419,#420);
#419 = CARTESIAN_POINT('',(-0.799999999999,-19.2,100.));
#420 = VECTOR('',#421,1.);
#421 = DIRECTION('',(0.,1.,0.));
#422 = ORIENTED_EDGE('',*,*,#423,.F.);
#423 = EDGE_CURVE('',#424,#416,#426,.T.);
#424 = VERTEX_POINT('',#425);
#425 = CARTESIAN_POINT('',(-0.8,-18.50000076294,0.));
#426 = LINE('',#427,#428);
#427 = CARTESIAN_POINT('',(-0.8,-18.50000076294,0.));
#428 = VECTOR('',#429,1.);
#429 = DIRECTION('',(0.,0.,1.));
#430 = ORIENTED_EDGE('',*,*,#431,.F.);
#431 = EDGE_CURVE('',#392,#424,#432,.T.);
#432 = LINE('',#433,#434);
#433 = CARTESIAN_POINT('',(-0.799999999999,-19.2,0.));
#434 = VECTOR('',#435,1.);
#435 = DIRECTION('',(0.,1.,0.));
#436 = PLANE('',#437);
#437 = AXIS2_PLACEMENT_3D('',#438,#439,#440);
#438 = CARTESIAN_POINT('',(-0.799999999999,-19.2,0.));
#439 = DIRECTION('',(-1.,0.,0.));
#440 = DIRECTION('',(0.,1.,0.));
#441 = ADVANCED_FACE('',(#442),#469,.T.);
#442 = FACE_BOUND('',#443,.T.);
#443 = EDGE_LOOP('',(#444,#445,#454,#462));
#444 = ORIENTED_EDGE('',*,*,#423,.T.);
#445 = ORIENTED_EDGE('',*,*,#446,.T.);
#446 = EDGE_CURVE('',#416,#447,#449,.T.);
#447 = VERTEX_POINT('',#448);
#448 = CARTESIAN_POINT('',(-0.500000108921,-18.20000076294,100.));
#449 = CIRCLE('',#450,0.300000000001);
#450 = AXIS2_PLACEMENT_3D('',#451,#452,#453);
#451 = CARTESIAN_POINT('',(-0.5,-18.50000076294,100.));
#452 = DIRECTION('',(0.,0.,-1.));
#453 = DIRECTION('',(-3.63070285E-07,1.,0.));
#454 = ORIENTED_EDGE('',*,*,#455,.F.);
#455 = EDGE_CURVE('',#456,#447,#458,.T.);
#456 = VERTEX_POINT('',#457);
#457 = CARTESIAN_POINT('',(-0.500000108921,-18.20000076294,0.));
#458 = LINE('',#459,#460);
#459 = CARTESIAN_POINT('',(-0.500000108921,-18.20000076294,0.));
#460 = VECTOR('',#461,1.);
#461 = DIRECTION('',(0.,0.,1.));
#462 = ORIENTED_EDGE('',*,*,#463,.F.);
#463 = EDGE_CURVE('',#424,#456,#464,.T.);
#464 = CIRCLE('',#465,0.300000000001);
#465 = AXIS2_PLACEMENT_3D('',#466,#467,#468);
#466 = CARTESIAN_POINT('',(-0.5,-18.50000076294,0.));
#467 = DIRECTION('',(0.,0.,-1.));
#468 = DIRECTION('',(-3.63070285E-07,1.,0.));
#469 = CYLINDRICAL_SURFACE('',#470,0.300000000001);
#470 = AXIS2_PLACEMENT_3D('',#471,#472,#473);
#471 = CARTESIAN_POINT('',(-0.5,-18.50000076294,0.));
#472 = DIRECTION('',(0.,0.,-1.));
#473 = DIRECTION('',(-3.63070285E-07,1.,0.));
#474 = ADVANCED_FACE('',(#475),#500,.T.);
#475 = FACE_BOUND('',#476,.T.);
#476 = EDGE_LOOP('',(#477,#478,#486,#494));
#477 = ORIENTED_EDGE('',*,*,#455,.T.);
#478 = ORIENTED_EDGE('',*,*,#479,.T.);
#479 = EDGE_CURVE('',#447,#480,#482,.T.);
#480 = VERTEX_POINT('',#481);
#481 = CARTESIAN_POINT('',(1.669121473803,-18.19999997539,100.));
#482 = LINE('',#483,#484);
#483 = CARTESIAN_POINT('',(-0.500000108921,-18.20000076294,100.));
#484 = VECTOR('',#485,1.);
#485 = DIRECTION('',(1.,3.630730791817E-07,0.));
#486 = ORIENTED_EDGE('',*,*,#487,.F.);
#487 = EDGE_CURVE('',#488,#480,#490,.T.);
#488 = VERTEX_POINT('',#489);
#489 = CARTESIAN_POINT('',(1.669121473803,-18.19999997539,0.));
#490 = LINE('',#491,#492);
#491 = CARTESIAN_POINT('',(1.669121473803,-18.19999997539,0.));
#492 = VECTOR('',#493,1.);
#493 = DIRECTION('',(0.,0.,1.));
#494 = ORIENTED_EDGE('',*,*,#495,.F.);
#495 = EDGE_CURVE('',#456,#488,#496,.T.);
#496 = LINE('',#497,#498);
#497 = CARTESIAN_POINT('',(-0.500000108921,-18.20000076294,0.));
#498 = VECTOR('',#499,1.);
#499 = DIRECTION('',(1.,3.630730791817E-07,0.));
#500 = PLANE('',#501);
#501 = AXIS2_PLACEMENT_3D('',#502,#503,#504);
#502 = CARTESIAN_POINT('',(-0.500000108921,-18.20000076294,0.));
#503 = DIRECTION('',(-3.630730791817E-07,1.,0.));
#504 = DIRECTION('',(1.,3.630730791817E-07,0.));
#505 = ADVANCED_FACE('',(#506),#533,.F.);
#506 = FACE_BOUND('',#507,.T.);
#507 = EDGE_LOOP('',(#508,#509,#518,#526));
#508 = ORIENTED_EDGE('',*,*,#487,.T.);
#509 = ORIENTED_EDGE('',*,*,#510,.T.);
#510 = EDGE_CURVE('',#480,#511,#513,.T.);
#511 = VERTEX_POINT('',#512);
#512 = CARTESIAN_POINT('',(2.220664479933,-16.86845668606,100.));
#513 = CIRCLE('',#514,0.779999999999);
#514 = AXIS2_PLACEMENT_3D('',#515,#516,#517);
#515 = CARTESIAN_POINT('',(1.669121190607,-17.41999997539,100.));
#516 = DIRECTION('',(0.,0.,1.));
#517 = DIRECTION('',(-3.63072034E-07,1.,0.));
#518 = ORIENTED_EDGE('',*,*,#519,.F.);
#519 = EDGE_CURVE('',#520,#511,#522,.T.);
#520 = VERTEX_POINT('',#521);
#521 = CARTESIAN_POINT('',(2.220664479933,-16.86845668606,0.));
#522 = LINE('',#523,#524);
#523 = CARTESIAN_POINT('',(2.220664479933,-16.86845668606,0.));
#524 = VECTOR('',#525,1.);
#525 = DIRECTION('',(0.,0.,1.));
#526 = ORIENTED_EDGE('',*,*,#527,.F.);
#527 = EDGE_CURVE('',#488,#520,#528,.T.);
#528 = CIRCLE('',#529,0.779999999999);
#529 = AXIS2_PLACEMENT_3D('',#530,#531,#532);
#530 = CARTESIAN_POINT('',(1.669121190607,-17.41999997539,0.));
#531 = DIRECTION('',(0.,0.,1.));
#532 = DIRECTION('',(-3.63072034E-07,1.,0.));
#533 = CYLINDRICAL_SURFACE('',#534,0.779999999999);
#534 = AXIS2_PLACEMENT_3D('',#535,#536,#537);
#535 = CARTESIAN_POINT('',(1.669121190607,-17.41999997539,0.));
#536 = DIRECTION('',(-0.,-0.,-1.));
#537 = DIRECTION('',(-3.63072034E-07,1.,0.));
#538 = ADVANCED_FACE('',(#539),#564,.T.);
#539 = FACE_BOUND('',#540,.T.);
#540 = EDGE_LOOP('',(#541,#542,#550,#558));
#541 = ORIENTED_EDGE('',*,*,#519,.T.);
#542 = ORIENTED_EDGE('',*,*,#543,.T.);
#543 = EDGE_CURVE('',#511,#544,#546,.T.);
#544 = VERTEX_POINT('',#545);
#545 = CARTESIAN_POINT('',(-0.119112549537,-14.52867965659,100.));
#546 = LINE('',#547,#548);
#547 = CARTESIAN_POINT('',(2.220664479933,-16.86845668606,100.));
#548 = VECTOR('',#549,1.);
#549 = DIRECTION('',(-0.707106781186,0.707106781187,0.));
#550 = ORIENTED_EDGE('',*,*,#551,.F.);
#551 = EDGE_CURVE('',#552,#544,#554,.T.);
#552 = VERTEX_POINT('',#553);
#553 = CARTESIAN_POINT('',(-0.119112549537,-14.52867965659,0.));
#554 = LINE('',#555,#556);
#555 = CARTESIAN_POINT('',(-0.119112549537,-14.52867965659,0.));
#556 = VECTOR('',#557,1.);
#557 = DIRECTION('',(0.,0.,1.));
#558 = ORIENTED_EDGE('',*,*,#559,.F.);
#559 = EDGE_CURVE('',#520,#552,#560,.T.);
#560 = LINE('',#561,#562);
#561 = CARTESIAN_POINT('',(2.220664479933,-16.86845668606,0.));
#562 = VECTOR('',#563,1.);
#563 = DIRECTION('',(-0.707106781186,0.707106781187,0.));
#564 = PLANE('',#565);
#565 = AXIS2_PLACEMENT_3D('',#566,#567,#568);
#566 = CARTESIAN_POINT('',(2.220664479933,-16.86845668606,0.));
#567 = DIRECTION('',(-0.707106781187,-0.707106781186,0.));
#568 = DIRECTION('',(-0.707106781186,0.707106781187,0.));
#569 = ADVANCED_FACE('',(#570),#597,.F.);
#570 = FACE_BOUND('',#571,.T.);
#571 = EDGE_LOOP('',(#572,#573,#582,#590));
#572 = ORIENTED_EDGE('',*,*,#551,.T.);
#573 = ORIENTED_EDGE('',*,*,#574,.T.);
#574 = EDGE_CURVE('',#544,#575,#577,.T.);
#575 = VERTEX_POINT('',#576);
#576 = CARTESIAN_POINT('',(-2.240432899341,-13.65000000015,100.));
#577 = CIRCLE('',#578,3.000000000007);
#578 = AXIS2_PLACEMENT_3D('',#579,#580,#581);
#579 = CARTESIAN_POINT('',(-2.2404328931,-16.65000000016,100.));
#580 = DIRECTION('',(0.,0.,1.));
#581 = DIRECTION('',(-0.707106781186,-0.707106781187,0.));
#582 = ORIENTED_EDGE('',*,*,#583,.F.);
#583 = EDGE_CURVE('',#584,#575,#586,.T.);
#584 = VERTEX_POINT('',#585);
#585 = CARTESIAN_POINT('',(-2.240432899341,-13.65000000015,0.));
#586 = LINE('',#587,#588);
#587 = CARTESIAN_POINT('',(-2.240432899341,-13.65000000015,0.));
#588 = VECTOR('',#589,1.);
#589 = DIRECTION('',(0.,0.,1.));
#590 = ORIENTED_EDGE('',*,*,#591,.F.);
#591 = EDGE_CURVE('',#552,#584,#592,.T.);
#592 = CIRCLE('',#593,3.000000000007);
#593 = AXIS2_PLACEMENT_3D('',#594,#595,#596);
#594 = CARTESIAN_POINT('',(-2.2404328931,-16.65000000016,0.));
#595 = DIRECTION('',(0.,0.,1.));
#596 = DIRECTION('',(-0.707106781186,-0.707106781187,0.));
#597 = CYLINDRICAL_SURFACE('',#598,3.000000000007);
#598 = AXIS2_PLACEMENT_3D('',#599,#600,#601);
#599 = CARTESIAN_POINT('',(-2.2404328931,-16.65000000016,0.));
#600 = DIRECTION('',(-0.,-0.,-1.));
#601 = DIRECTION('',(-0.707106781186,-0.707106781187,0.));
#602 = ADVANCED_FACE('',(#603),#628,.T.);
#603 = FACE_BOUND('',#604,.T.);
#604 = EDGE_LOOP('',(#605,#606,#614,#622));
#605 = ORIENTED_EDGE('',*,*,#583,.T.);
#606 = ORIENTED_EDGE('',*,*,#607,.T.);
#607 = EDGE_CURVE('',#575,#608,#610,.T.);
#608 = VERTEX_POINT('',#609);
#609 = CARTESIAN_POINT('',(-4.509567117866,-13.65000000487,100.));
#610 = LINE('',#611,#612);
#611 = CARTESIAN_POINT('',(-2.240432899341,-13.65000000015,100.));
#612 = VECTOR('',#613,1.);
#613 = DIRECTION('',(-1.,-2.081212825756E-09,0.));
#614 = ORIENTED_EDGE('',*,*,#615,.F.);
#615 = EDGE_CURVE('',#616,#608,#618,.T.);
#616 = VERTEX_POINT('',#617);
#617 = CARTESIAN_POINT('',(-4.509567117866,-13.65000000487,0.));
#618 = LINE('',#619,#620);
#619 = CARTESIAN_POINT('',(-4.509567117866,-13.65000000487,0.));
#620 = VECTOR('',#621,1.);
#621 = DIRECTION('',(0.,0.,1.));
#622 = ORIENTED_EDGE('',*,*,#623,.F.);
#623 = EDGE_CURVE('',#584,#616,#624,.T.);
#624 = LINE('',#625,#626);
#625 = CARTESIAN_POINT('',(-2.240432899341,-13.65000000015,0.));
#626 = VECTOR('',#627,1.);
#627 = DIRECTION('',(-1.,-2.081212825756E-09,0.));
#628 = PLANE('',#629);
#629 = AXIS2_PLACEMENT_3D('',#630,#631,#632);
#630 = CARTESIAN_POINT('',(-2.240432899341,-13.65000000015,0.));
#631 = DIRECTION('',(2.081212825756E-09,-1.,0.));
#632 = DIRECTION('',(-1.,-2.081212825756E-09,0.));
#633 = ADVANCED_FACE('',(#634),#661,.F.);
#634 = FACE_BOUND('',#635,.T.);
#635 = EDGE_LOOP('',(#636,#637,#646,#654));
#636 = ORIENTED_EDGE('',*,*,#615,.T.);
#637 = ORIENTED_EDGE('',*,*,#638,.T.);
#638 = EDGE_CURVE('',#608,#639,#641,.T.);
#639 = VERTEX_POINT('',#640);
#640 = CARTESIAN_POINT('',(-6.630887455182,-14.52867966131,100.));
#641 = CIRCLE('',#642,3.000000000005);
#642 = AXIS2_PLACEMENT_3D('',#643,#644,#645);
#643 = CARTESIAN_POINT('',(-4.50956711162,-16.65000000488,100.));
#644 = DIRECTION('',(-0.,0.,1.));
#645 = DIRECTION('',(2.081985E-09,-1.,0.));
#646 = ORIENTED_EDGE('',*,*,#647,.F.);
#647 = EDGE_CURVE('',#648,#639,#650,.T.);
#648 = VERTEX_POINT('',#649);
#649 = CARTESIAN_POINT('',(-6.630887455182,-14.52867966131,0.));
#650 = LINE('',#651,#652);
#651 = CARTESIAN_POINT('',(-6.630887455182,-14.52867966131,0.));
#652 = VECTOR('',#653,1.);
#653 = DIRECTION('',(0.,0.,1.));
#654 = ORIENTED_EDGE('',*,*,#655,.F.);
#655 = EDGE_CURVE('',#616,#648,#656,.T.);
#656 = CIRCLE('',#657,3.000000000005);
#657 = AXIS2_PLACEMENT_3D('',#658,#659,#660);
#658 = CARTESIAN_POINT('',(-4.50956711162,-16.65000000488,0.));
#659 = DIRECTION('',(-0.,0.,1.));
#660 = DIRECTION('',(2.081985E-09,-1.,0.));
#661 = CYLINDRICAL_SURFACE('',#662,3.000000000005);
#662 = AXIS2_PLACEMENT_3D('',#663,#664,#665);
#663 = CARTESIAN_POINT('',(-4.50956711162,-16.65000000488,0.));
#664 = DIRECTION('',(0.,0.,-1.));
#665 = DIRECTION('',(2.081985E-09,-1.,0.));
#666 = ADVANCED_FACE('',(#667),#692,.T.);
#667 = FACE_BOUND('',#668,.T.);
#668 = EDGE_LOOP('',(#669,#670,#678,#686));
#669 = ORIENTED_EDGE('',*,*,#647,.T.);
#670 = ORIENTED_EDGE('',*,*,#671,.T.);
#671 = EDGE_CURVE('',#639,#672,#674,.T.);
#672 = VERTEX_POINT('',#673);
#673 = CARTESIAN_POINT('',(-8.97066448597,-16.8684566921,100.));
#674 = LINE('',#675,#676);
#675 = CARTESIAN_POINT('',(-6.630887455183,-14.52867966131,100.));
#676 = VECTOR('',#677,1.);
#677 = DIRECTION('',(-0.707106781186,-0.707106781187,0.));
#678 = ORIENTED_EDGE('',*,*,#679,.F.);
#679 = EDGE_CURVE('',#680,#672,#682,.T.);
#680 = VERTEX_POINT('',#681);
#681 = CARTESIAN_POINT('',(-8.97066448597,-16.8684566921,0.));
#682 = LINE('',#683,#684);
#683 = CARTESIAN_POINT('',(-8.97066448597,-16.8684566921,0.));
#684 = VECTOR('',#685,1.);
#685 = DIRECTION('',(0.,0.,1.));
#686 = ORIENTED_EDGE('',*,*,#687,.F.);
#687 = EDGE_CURVE('',#648,#680,#688,.T.);
#688 = LINE('',#689,#690);
#689 = CARTESIAN_POINT('',(-6.630887455183,-14.52867966131,0.));
#690 = VECTOR('',#691,1.);
#691 = DIRECTION('',(-0.707106781186,-0.707106781187,0.));
#692 = PLANE('',#693);
#693 = AXIS2_PLACEMENT_3D('',#694,#695,#696);
#694 = CARTESIAN_POINT('',(-6.630887455183,-14.52867966131,0.));
#695 = DIRECTION('',(0.707106781187,-0.707106781186,0.));
#696 = DIRECTION('',(-0.707106781186,-0.707106781187,0.));
#697 = ADVANCED_FACE('',(#698),#725,.F.);
#698 = FACE_BOUND('',#699,.T.);
#699 = EDGE_LOOP('',(#700,#701,#710,#718));
#700 = ORIENTED_EDGE('',*,*,#679,.T.);
#701 = ORIENTED_EDGE('',*,*,#702,.T.);
#702 = EDGE_CURVE('',#672,#703,#705,.T.);
#703 = VERTEX_POINT('',#704);
#704 = CARTESIAN_POINT('',(-8.419121477671,-18.19999998143,100.));
#705 = CIRCLE('',#706,0.779999999999);
#706 = AXIS2_PLACEMENT_3D('',#707,#708,#709);
#707 = CARTESIAN_POINT('',(-8.419121196648,-17.41999998143,100.));
#708 = DIRECTION('',(-0.,0.,1.));
#709 = DIRECTION('',(0.707106781184,-0.707106781189,0.));
#710 = ORIENTED_EDGE('',*,*,#711,.F.);
#711 = EDGE_CURVE('',#712,#703,#714,.T.);
#712 = VERTEX_POINT('',#713);
#713 = CARTESIAN_POINT('',(-8.419121477671,-18.19999998143,0.));
#714 = LINE('',#715,#716);
#715 = CARTESIAN_POINT('',(-8.419121477671,-18.19999998143,0.));
#716 = VECTOR('',#717,1.);
#717 = DIRECTION('',(0.,0.,1.));
#718 = ORIENTED_EDGE('',*,*,#719,.F.);
#719 = EDGE_CURVE('',#680,#712,#720,.T.);
#720 = CIRCLE('',#721,0.779999999999);
#721 = AXIS2_PLACEMENT_3D('',#722,#723,#724);
#722 = CARTESIAN_POINT('',(-8.419121196648,-17.41999998143,0.));
#723 = DIRECTION('',(-0.,0.,1.));
#724 = DIRECTION('',(0.707106781184,-0.707106781189,0.));
#725 = CYLINDRICAL_SURFACE('',#726,0.779999999999);
#726 = AXIS2_PLACEMENT_3D('',#727,#728,#729);
#727 = CARTESIAN_POINT('',(-8.419121196648,-17.41999998143,0.));
#728 = DIRECTION('',(0.,0.,-1.));
#729 = DIRECTION('',(0.707106781184,-0.707106781189,0.));
#730 = ADVANCED_FACE('',(#731),#756,.T.);
#731 = FACE_BOUND('',#732,.T.);
#732 = EDGE_LOOP('',(#733,#734,#742,#750));
#733 = ORIENTED_EDGE('',*,*,#711,.T.);
#734 = ORIENTED_EDGE('',*,*,#735,.T.);
#735 = EDGE_CURVE('',#703,#736,#738,.T.);
#736 = VERTEX_POINT('',#737);
#737 = CARTESIAN_POINT('',(-6.249999891913,-18.20000076293,100.));
#738 = LINE('',#739,#740);
#739 = CARTESIAN_POINT('',(-8.419121477671,-18.19999998143,100.));
#740 = VECTOR('',#741,1.);
#741 = DIRECTION('',(1.,-3.602879334815E-07,0.));
#742 = ORIENTED_EDGE('',*,*,#743,.F.);
#743 = EDGE_CURVE('',#744,#736,#746,.T.);
#744 = VERTEX_POINT('',#745);
#745 = CARTESIAN_POINT('',(-6.249999891913,-18.20000076293,0.));
#746 = LINE('',#747,#748);
#747 = CARTESIAN_POINT('',(-6.249999891913,-18.20000076293,0.));
#748 = VECTOR('',#749,1.);
#749 = DIRECTION('',(0.,0.,1.));
#750 = ORIENTED_EDGE('',*,*,#751,.F.);
#751 = EDGE_CURVE('',#712,#744,#752,.T.);
#752 = LINE('',#753,#754);
#753 = CARTESIAN_POINT('',(-8.419121477671,-18.19999998143,0.));
#754 = VECTOR('',#755,1.);
#755 = DIRECTION('',(1.,-3.602879334815E-07,0.));
#756 = PLANE('',#757);
#757 = AXIS2_PLACEMENT_3D('',#758,#759,#760);
#758 = CARTESIAN_POINT('',(-8.419121477671,-18.19999998143,0.));
#759 = DIRECTION('',(3.602879334815E-07,1.,0.));
#760 = DIRECTION('',(1.,-3.602879334815E-07,0.));
#761 = ADVANCED_FACE('',(#762),#789,.T.);
#762 = FACE_BOUND('',#763,.T.);
#763 = EDGE_LOOP('',(#764,#765,#774,#782));
#764 = ORIENTED_EDGE('',*,*,#743,.T.);
#765 = ORIENTED_EDGE('',*,*,#766,.T.);
#766 = EDGE_CURVE('',#736,#767,#769,.T.);
#767 = VERTEX_POINT('',#768);
#768 = CARTESIAN_POINT('',(-5.949999999999,-18.50000076294,100.));
#769 = CIRCLE('',#770,0.300000000003);
#770 = AXIS2_PLACEMENT_3D('',#771,#772,#773);
#771 = CARTESIAN_POINT('',(-6.250000000002,-18.50000076294,100.));
#772 = DIRECTION('',(0.,0.,-1.));
#773 = DIRECTION('',(1.,0.,0.));
#774 = ORIENTED_EDGE('',*,*,#775,.F.);
#775 = EDGE_CURVE('',#776,#767,#778,.T.);
#776 = VERTEX_POINT('',#777);
#777 = CARTESIAN_POINT('',(-5.949999999999,-18.50000076294,0.));
#778 = LINE('',#779,#780);
#779 = CARTESIAN_POINT('',(-5.949999999999,-18.50000076294,0.));
#780 = VECTOR('',#781,1.);
#781 = DIRECTION('',(0.,0.,1.));
#782 = ORIENTED_EDGE('',*,*,#783,.F.);
#783 = EDGE_CURVE('',#744,#776,#784,.T.);
#784 = CIRCLE('',#785,0.300000000003);
#785 = AXIS2_PLACEMENT_3D('',#786,#787,#788);
#786 = CARTESIAN_POINT('',(-6.250000000002,-18.50000076294,0.));
#787 = DIRECTION('',(0.,0.,-1.));
#788 = DIRECTION('',(1.,0.,0.));
#789 = CYLINDRICAL_SURFACE('',#790,0.300000000003);
#790 = AXIS2_PLACEMENT_3D('',#791,#792,#793);
#791 = CARTESIAN_POINT('',(-6.250000000002,-18.50000076294,0.));
#792 = DIRECTION('',(0.,0.,-1.));
#793 = DIRECTION('',(1.,0.,0.));
#794 = ADVANCED_FACE('',(#795),#820,.T.);
#795 = FACE_BOUND('',#796,.T.);
#796 = EDGE_LOOP('',(#797,#798,#806,#814));
#797 = ORIENTED_EDGE('',*,*,#775,.T.);
#798 = ORIENTED_EDGE('',*,*,#799,.T.);
#799 = EDGE_CURVE('',#767,#800,#802,.T.);
#800 = VERTEX_POINT('',#801);
#801 = CARTESIAN_POINT('',(-5.95,-19.2,100.));
#802 = LINE('',#803,#804);
#803 = CARTESIAN_POINT('',(-5.949999999998,-18.50000076294,100.));
#804 = VECTOR('',#805,1.);
#805 = DIRECTION('',(-3.24819890373E-12,-1.,0.));
#806 = ORIENTED_EDGE('',*,*,#807,.F.);
#807 = EDGE_CURVE('',#808,#800,#810,.T.);
#808 = VERTEX_POINT('',#809);
#809 = CARTESIAN_POINT('',(-5.95,-19.2,0.));
#810 = LINE('',#811,#812);
#811 = CARTESIAN_POINT('',(-5.95,-19.2,0.));
#812 = VECTOR('',#813,1.);
#813 = DIRECTION('',(0.,0.,1.));
#814 = ORIENTED_EDGE('',*,*,#815,.F.);
#815 = EDGE_CURVE('',#776,#808,#816,.T.);
#816 = LINE('',#817,#818);
#817 = CARTESIAN_POINT('',(-5.949999999998,-18.50000076294,0.));
#818 = VECTOR('',#819,1.);
#819 = DIRECTION('',(-3.24819890373E-12,-1.,0.));
#820 = PLANE('',#821);
#821 = AXIS2_PLACEMENT_3D('',#822,#823,#824);
#822 = CARTESIAN_POINT('',(-5.949999999998,-18.50000076294,0.));
#823 = DIRECTION('',(1.,-3.24819890373E-12,0.));
#824 = DIRECTION('',(-3.24819890373E-12,-1.,0.));
#825 = ADVANCED_FACE('',(#826),#853,.T.);
#826 = FACE_BOUND('',#827,.T.);
#827 = EDGE_LOOP('',(#828,#829,#838,#846));
#828 = ORIENTED_EDGE('',*,*,#807,.T.);
#829 = ORIENTED_EDGE('',*,*,#830,.T.);
#830 = EDGE_CURVE('',#800,#831,#833,.T.);
#831 = VERTEX_POINT('',#832);
#832 = CARTESIAN_POINT('',(-6.75,-20.,100.));
#833 = CIRCLE('',#834,0.800000000002);
#834 = AXIS2_PLACEMENT_3D('',#835,#836,#837);
#835 = CARTESIAN_POINT('',(-6.750000000002,-19.19999999999,100.));
#836 = DIRECTION('',(0.,0.,-1.));
#837 = DIRECTION('',(2.84217E-12,-1.,0.));
#838 = ORIENTED_EDGE('',*,*,#839,.F.);
#839 = EDGE_CURVE('',#840,#831,#842,.T.);
#840 = VERTEX_POINT('',#841);
#841 = CARTESIAN_POINT('',(-6.75,-20.,0.));
#842 = LINE('',#843,#844);
#843 = CARTESIAN_POINT('',(-6.75,-20.,0.));
#844 = VECTOR('',#845,1.);
#845 = DIRECTION('',(0.,0.,1.));
#846 = ORIENTED_EDGE('',*,*,#847,.F.);
#847 = EDGE_CURVE('',#808,#840,#848,.T.);
#848 = CIRCLE('',#849,0.800000000002);
#849 = AXIS2_PLACEMENT_3D('',#850,#851,#852);
#850 = CARTESIAN_POINT('',(-6.750000000002,-19.19999999999,0.));
#851 = DIRECTION('',(0.,0.,-1.));
#852 = DIRECTION('',(2.84217E-12,-1.,0.));
#853 = CYLINDRICAL_SURFACE('',#854,0.800000000002);
#854 = AXIS2_PLACEMENT_3D('',#855,#856,#857);
#855 = CARTESIAN_POINT('',(-6.750000000002,-19.19999999999,0.));
#856 = DIRECTION('',(0.,0.,-1.));
#857 = DIRECTION('',(2.84217E-12,-1.,0.));
#858 = ADVANCED_FACE('',(#859),#884,.T.);
#859 = FACE_BOUND('',#860,.T.);
#860 = EDGE_LOOP('',(#861,#862,#870,#878));
#861 = ORIENTED_EDGE('',*,*,#839,.T.);
#862 = ORIENTED_EDGE('',*,*,#863,.T.);
#863 = EDGE_CURVE('',#831,#864,#866,.T.);
#864 = VERTEX_POINT('',#865);
#865 = CARTESIAN_POINT('',(-11.37499999999,-20.,100.));
#866 = LINE('',#867,#868);
#867 = CARTESIAN_POINT('',(-6.75,-20.,100.));
#868 = VECTOR('',#869,1.);
#869 = DIRECTION('',(-1.,0.,0.));
#870 = ORIENTED_EDGE('',*,*,#871,.F.);
#871 = EDGE_CURVE('',#872,#864,#874,.T.);
#872 = VERTEX_POINT('',#873);
#873 = CARTESIAN_POINT('',(-11.37499999999,-20.,0.));
#874 = LINE('',#875,#876);
#875 = CARTESIAN_POINT('',(-11.37499999999,-20.,0.));
#876 = VECTOR('',#877,1.);
#877 = DIRECTION('',(0.,0.,1.));
#878 = ORIENTED_EDGE('',*,*,#879,.F.);
#879 = EDGE_CURVE('',#840,#872,#880,.T.);
#880 = LINE('',#881,#882);
#881 = CARTESIAN_POINT('',(-6.75,-20.,0.));
#882 = VECTOR('',#883,1.);
#883 = DIRECTION('',(-1.,0.,0.));
#884 = PLANE('',#885);
#885 = AXIS2_PLACEMENT_3D('',#886,#887,#888);
#886 = CARTESIAN_POINT('',(-6.75,-20.,0.));
#887 = DIRECTION('',(0.,-1.,0.));
#888 = DIRECTION('',(-1.,0.,0.));
#889 = ADVANCED_FACE('',(#890),#917,.T.);
#890 = FACE_BOUND('',#891,.T.);
#891 = EDGE_LOOP('',(#892,#893,#902,#910));
#892 = ORIENTED_EDGE('',*,*,#871,.T.);
#893 = ORIENTED_EDGE('',*,*,#894,.T.);
#894 = EDGE_CURVE('',#864,#895,#897,.T.);
#895 = VERTEX_POINT('',#896);
#896 = CARTESIAN_POINT('',(-13.37499999999,-18.,100.));
#897 = CIRCLE('',#898,2.000000000001);
#898 = AXIS2_PLACEMENT_3D('',#899,#900,#901);
#899 = CARTESIAN_POINT('',(-11.37499999999,-18.,100.));
#900 = DIRECTION('',(0.,0.,-1.));
#901 = DIRECTION('',(-1.,0.,0.));
#902 = ORIENTED_EDGE('',*,*,#903,.F.);
#903 = EDGE_CURVE('',#904,#895,#906,.T.);
#904 = VERTEX_POINT('',#905);
#905 = CARTESIAN_POINT('',(-13.37499999999,-18.,0.));
#906 = LINE('',#907,#908);
#907 = CARTESIAN_POINT('',(-13.37499999999,-18.,0.));
#908 = VECTOR('',#909,1.);
#909 = DIRECTION('',(0.,0.,1.));
#910 = ORIENTED_EDGE('',*,*,#911,.F.);
#911 = EDGE_CURVE('',#872,#904,#912,.T.);
#912 = CIRCLE('',#913,2.000000000001);
#913 = AXIS2_PLACEMENT_3D('',#914,#915,#916);
#914 = CARTESIAN_POINT('',(-11.37499999999,-18.,0.));
#915 = DIRECTION('',(0.,0.,-1.));
#916 = DIRECTION('',(-1.,0.,0.));
#917 = CYLINDRICAL_SURFACE('',#918,2.000000000001);
#918 = AXIS2_PLACEMENT_3D('',#919,#920,#921);
#919 = CARTESIAN_POINT('',(-11.37499999999,-18.,0.));
#920 = DIRECTION('',(0.,0.,-1.));
#921 = DIRECTION('',(-1.,0.,0.));
#922 = ADVANCED_FACE('',(#923),#948,.T.);
#923 = FACE_BOUND('',#924,.T.);
#924 = EDGE_LOOP('',(#925,#926,#934,#942));
#925 = ORIENTED_EDGE('',*,*,#903,.T.);
#926 = ORIENTED_EDGE('',*,*,#927,.T.);
#927 = EDGE_CURVE('',#895,#928,#930,.T.);
#928 = VERTEX_POINT('',#929);
#929 = CARTESIAN_POINT('',(-13.375,-13.375,100.));
#930 = LINE('',#931,#932);
#931 = CARTESIAN_POINT('',(-13.37499999999,-18.,100.));
#932 = VECTOR('',#933,1.);
#933 = DIRECTION('',(0.,1.,0.));
#934 = ORIENTED_EDGE('',*,*,#935,.F.);
#935 = EDGE_CURVE('',#936,#928,#938,.T.);
#936 = VERTEX_POINT('',#937);
#937 = CARTESIAN_POINT('',(-13.375,-13.375,0.));
#938 = LINE('',#939,#940);
#939 = CARTESIAN_POINT('',(-13.375,-13.375,0.));
#940 = VECTOR('',#941,1.);
#941 = DIRECTION('',(0.,0.,1.));
#942 = ORIENTED_EDGE('',*,*,#943,.F.);
#943 = EDGE_CURVE('',#904,#936,#944,.T.);
#944 = LINE('',#945,#946);
#945 = CARTESIAN_POINT('',(-13.37499999999,-18.,0.));
#946 = VECTOR('',#947,1.);
#947 = DIRECTION('',(0.,1.,0.));
#948 = PLANE('',#949);
#949 = AXIS2_PLACEMENT_3D('',#950,#951,#952);
#950 = CARTESIAN_POINT('',(-13.37499999999,-18.,0.));
#951 = DIRECTION('',(-1.,0.,0.));
#952 = DIRECTION('',(0.,1.,0.));
#953 = ADVANCED_FACE('',(#954),#981,.T.);
#954 = FACE_BOUND('',#955,.T.);
#955 = EDGE_LOOP('',(#956,#957,#966,#974));
#956 = ORIENTED_EDGE('',*,*,#935,.T.);
#957 = ORIENTED_EDGE('',*,*,#958,.T.);
#958 = EDGE_CURVE('',#928,#959,#961,.T.);
#959 = VERTEX_POINT('',#960);
#960 = CARTESIAN_POINT('',(-12.57499999999,-12.57499999999,100.));
#961 = CIRCLE('',#962,0.799999999998);
#962 = AXIS2_PLACEMENT_3D('',#963,#964,#965);
#963 = CARTESIAN_POINT('',(-12.575,-13.37499999999,100.));
#964 = DIRECTION('',(0.,0.,-1.));
#965 = DIRECTION('',(8.52651E-12,1.,0.));
#966 = ORIENTED_EDGE('',*,*,#967,.F.);
#967 = EDGE_CURVE('',#968,#959,#970,.T.);
#968 = VERTEX_POINT('',#969);
#969 = CARTESIAN_POINT('',(-12.57499999999,-12.57499999999,0.));
#970 = LINE('',#971,#972);
#971 = CARTESIAN_POINT('',(-12.57499999999,-12.57499999999,0.));
#972 = VECTOR('',#973,1.);
#973 = DIRECTION('',(0.,0.,1.));
#974 = ORIENTED_EDGE('',*,*,#975,.F.);
#975 = EDGE_CURVE('',#936,#968,#976,.T.);
#976 = CIRCLE('',#977,0.799999999998);
#977 = AXIS2_PLACEMENT_3D('',#978,#979,#980);
#978 = CARTESIAN_POINT('',(-12.575,-13.37499999999,0.));
#979 = DIRECTION('',(0.,0.,-1.));
#980 = DIRECTION('',(8.52651E-12,1.,0.));
#981 = CYLINDRICAL_SURFACE('',#982,0.799999999998);
#982 = AXIS2_PLACEMENT_3D('',#983,#984,#985);
#983 = CARTESIAN_POINT('',(-12.575,-13.37499999999,0.));
#984 = DIRECTION('',(0.,0.,-1.));
#985 = DIRECTION('',(8.52651E-12,1.,0.));
#986 = ADVANCED_FACE('',(#987),#1012,.T.);
#987 = FACE_BOUND('',#988,.T.);
#988 = EDGE_LOOP('',(#989,#990,#998,#1006));
#989 = ORIENTED_EDGE('',*,*,#967,.T.);
#990 = ORIENTED_EDGE('',*,*,#991,.T.);
#991 = EDGE_CURVE('',#959,#992,#994,.T.);
#992 = VERTEX_POINT('',#993);
#993 = CARTESIAN_POINT('',(-11.87500076293,-12.57499999999,100.));
#994 = LINE('',#995,#996);
#995 = CARTESIAN_POINT('',(-12.57499999999,-12.57499999999,100.));
#996 = VECTOR('',#997,1.);
#997 = DIRECTION('',(1.,0.,0.));
#998 = ORIENTED_EDGE('',*,*,#999,.F.);
#999 = EDGE_CURVE('',#1000,#992,#1002,.T.);
#1000 = VERTEX_POINT('',#1001);
#1001 = CARTESIAN_POINT('',(-11.87500076293,-12.57499999999,0.));
#1002 = LINE('',#1003,#1004);
#1003 = CARTESIAN_POINT('',(-11.87500076293,-12.57499999999,0.));
#1004 = VECTOR('',#1005,1.);
#1005 = DIRECTION('',(0.,0.,1.));
#1006 = ORIENTED_EDGE('',*,*,#1007,.F.);
#1007 = EDGE_CURVE('',#968,#1000,#1008,.T.);
#1008 = LINE('',#1009,#1010);
#1009 = CARTESIAN_POINT('',(-12.57499999999,-12.57499999999,0.));
#1010 = VECTOR('',#1011,1.);
#1011 = DIRECTION('',(1.,0.,0.));
#1012 = PLANE('',#1013);
#1013 = AXIS2_PLACEMENT_3D('',#1014,#1015,#1016);
#1014 = CARTESIAN_POINT('',(-12.57499999999,-12.57499999999,0.));
#1015 = DIRECTION('',(0.,1.,0.));
#1016 = DIRECTION('',(1.,0.,0.));
#1017 = ADVANCED_FACE('',(#1018),#1045,.T.);
#1018 = FACE_BOUND('',#1019,.T.);
#1019 = EDGE_LOOP('',(#1020,#1021,#1030,#1038));
#1020 = ORIENTED_EDGE('',*,*,#999,.T.);
#1021 = ORIENTED_EDGE('',*,*,#1022,.T.);
#1022 = EDGE_CURVE('',#992,#1023,#1025,.T.);
#1023 = VERTEX_POINT('',#1024);
#1024 = CARTESIAN_POINT('',(-11.57500076294,-12.87499989107,100.));
#1025 = CIRCLE('',#1026,0.299999999998);
#1026 = AXIS2_PLACEMENT_3D('',#1027,#1028,#1029);
#1027 = CARTESIAN_POINT('',(-11.87500076293,-12.87499999999,100.));
#1028 = DIRECTION('',(0.,0.,-1.));
#1029 = DIRECTION('',(1.,3.63070285E-07,0.));
#1030 = ORIENTED_EDGE('',*,*,#1031,.F.);
#1031 = EDGE_CURVE('',#1032,#1023,#1034,.T.);
#1032 = VERTEX_POINT('',#1033);
#1033 = CARTESIAN_POINT('',(-11.57500076294,-12.87499989107,0.));
#1034 = LINE('',#1035,#1036);
#1035 = CARTESIAN_POINT('',(-11.57500076294,-12.87499989107,0.));
#1036 = VECTOR('',#1037,1.);
#1037 = DIRECTION('',(0.,0.,1.));
#1038 = ORIENTED_EDGE('',*,*,#1039,.F.);
#1039 = EDGE_CURVE('',#1000,#1032,#1040,.T.);
#1040 = CIRCLE('',#1041,0.299999999998);
#1041 = AXIS2_PLACEMENT_3D('',#1042,#1043,#1044);
#1042 = CARTESIAN_POINT('',(-11.87500076293,-12.87499999999,0.));
#1043 = DIRECTION('',(0.,0.,-1.));
#1044 = DIRECTION('',(1.,3.63070285E-07,0.));
#1045 = CYLINDRICAL_SURFACE('',#1046,0.299999999998);
#1046 = AXIS2_PLACEMENT_3D('',#1047,#1048,#1049);
#1047 = CARTESIAN_POINT('',(-11.87500076293,-12.87499999999,0.));
#1048 = DIRECTION('',(0.,0.,-1.));
#1049 = DIRECTION('',(1.,3.63070285E-07,0.));
#1050 = ADVANCED_FACE('',(#1051),#1076,.T.);
#1051 = FACE_BOUND('',#1052,.T.);
#1052 = EDGE_LOOP('',(#1053,#1054,#1062,#1070));
#1053 = ORIENTED_EDGE('',*,*,#1031,.T.);
#1054 = ORIENTED_EDGE('',*,*,#1055,.T.);
#1055 = EDGE_CURVE('',#1023,#1056,#1058,.T.);
#1056 = VERTEX_POINT('',#1057);
#1057 = CARTESIAN_POINT('',(-11.57499997538,-15.0441214738,100.));
#1058 = LINE('',#1059,#1060);
#1059 = CARTESIAN_POINT('',(-11.57500076293,-12.87499989107,100.));
#1060 = VECTOR('',#1061,1.);
#1061 = DIRECTION('',(3.630730791817E-07,-1.,0.));
#1062 = ORIENTED_EDGE('',*,*,#1063,.F.);
#1063 = EDGE_CURVE('',#1064,#1056,#1066,.T.);
#1064 = VERTEX_POINT('',#1065);
#1065 = CARTESIAN_POINT('',(-11.57499997538,-15.0441214738,0.));
#1066 = LINE('',#1067,#1068);
#1067 = CARTESIAN_POINT('',(-11.57499997538,-15.0441214738,0.));
#1068 = VECTOR('',#1069,1.);
#1069 = DIRECTION('',(0.,0.,1.));
#1070 = ORIENTED_EDGE('',*,*,#1071,.F.);
#1071 = EDGE_CURVE('',#1032,#1064,#1072,.T.);
#1072 = LINE('',#1073,#1074);
#1073 = CARTESIAN_POINT('',(-11.57500076293,-12.87499989107,0.));
#1074 = VECTOR('',#1075,1.);
#1075 = DIRECTION('',(3.630730791817E-07,-1.,0.));
#1076 = PLANE('',#1077);
#1077 = AXIS2_PLACEMENT_3D('',#1078,#1079,#1080);
#1078 = CARTESIAN_POINT('',(-11.57500076293,-12.87499989107,0.));
#1079 = DIRECTION('',(1.,3.630730791817E-07,0.));
#1080 = DIRECTION('',(3.630730791817E-07,-1.,0.));
#1081 = ADVANCED_FACE('',(#1082),#1109,.F.);
#1082 = FACE_BOUND('',#1083,.T.);
#1083 = EDGE_LOOP('',(#1084,#1085,#1094,#1102));
#1084 = ORIENTED_EDGE('',*,*,#1063,.T.);
#1085 = ORIENTED_EDGE('',*,*,#1086,.T.);
#1086 = EDGE_CURVE('',#1056,#1087,#1089,.T.);
#1087 = VERTEX_POINT('',#1088);
#1088 = CARTESIAN_POINT('',(-10.24345668606,-15.59566447993,100.));
#1089 = CIRCLE('',#1090,0.779999999999);
#1090 = AXIS2_PLACEMENT_3D('',#1091,#1092,#1093);
#1091 = CARTESIAN_POINT('',(-10.79499997538,-15.0441211906,100.));
#1092 = DIRECTION('',(0.,-0.,1.));
#1093 = DIRECTION('',(1.,3.63066204E-07,0.));
#1094 = ORIENTED_EDGE('',*,*,#1095,.F.);
#1095 = EDGE_CURVE('',#1096,#1087,#1098,.T.);
#1096 = VERTEX_POINT('',#1097);
#1097 = CARTESIAN_POINT('',(-10.24345668606,-15.59566447993,0.));
#1098 = LINE('',#1099,#1100);
#1099 = CARTESIAN_POINT('',(-10.24345668606,-15.59566447993,0.));
#1100 = VECTOR('',#1101,1.);
#1101 = DIRECTION('',(0.,0.,1.));
#1102 = ORIENTED_EDGE('',*,*,#1103,.F.);
#1103 = EDGE_CURVE('',#1064,#1096,#1104,.T.);
#1104 = CIRCLE('',#1105,0.779999999999);
#1105 = AXIS2_PLACEMENT_3D('',#1106,#1107,#1108);
#1106 = CARTESIAN_POINT('',(-10.79499997538,-15.0441211906,0.));
#1107 = DIRECTION('',(0.,-0.,1.));
#1108 = DIRECTION('',(1.,3.63066204E-07,0.));
#1109 = CYLINDRICAL_SURFACE('',#1110,0.779999999999);
#1110 = AXIS2_PLACEMENT_3D('',#1111,#1112,#1113);
#1111 = CARTESIAN_POINT('',(-10.79499997538,-15.0441211906,0.));
#1112 = DIRECTION('',(0.,0.,-1.));
#1113 = DIRECTION('',(1.,3.63066204E-07,0.));
#1114 = ADVANCED_FACE('',(#1115),#1140,.T.);
#1115 = FACE_BOUND('',#1116,.T.);
#1116 = EDGE_LOOP('',(#1117,#1118,#1126,#1134));
#1117 = ORIENTED_EDGE('',*,*,#1095,.T.);
#1118 = ORIENTED_EDGE('',*,*,#1119,.T.);
#1119 = EDGE_CURVE('',#1087,#1120,#1122,.T.);
#1120 = VERTEX_POINT('',#1121);
#1121 = CARTESIAN_POINT('',(-7.903679656593,-13.25588745045,100.));
#1122 = LINE('',#1123,#1124);
#1123 = CARTESIAN_POINT('',(-10.24345668606,-15.59566447993,100.));
#1124 = VECTOR('',#1125,1.);
#1125 = DIRECTION('',(0.707106781187,0.707106781187,0.));
#1126 = ORIENTED_EDGE('',*,*,#1127,.F.);
#1127 = EDGE_CURVE('',#1128,#1120,#1130,.T.);
#1128 = VERTEX_POINT('',#1129);
#1129 = CARTESIAN_POINT('',(-7.903679656593,-13.25588745045,0.));
#1130 = LINE('',#1131,#1132);
#1131 = CARTESIAN_POINT('',(-7.903679656593,-13.25588745045,0.));
#1132 = VECTOR('',#1133,1.);
#1133 = DIRECTION('',(0.,0.,1.));
#1134 = ORIENTED_EDGE('',*,*,#1135,.F.);
#1135 = EDGE_CURVE('',#1096,#1128,#1136,.T.);
#1136 = LINE('',#1137,#1138);
#1137 = CARTESIAN_POINT('',(-10.24345668606,-15.59566447993,0.));
#1138 = VECTOR('',#1139,1.);
#1139 = DIRECTION('',(0.707106781187,0.707106781187,0.));
#1140 = PLANE('',#1141);
#1141 = AXIS2_PLACEMENT_3D('',#1142,#1143,#1144);
#1142 = CARTESIAN_POINT('',(-10.24345668606,-15.59566447993,0.));
#1143 = DIRECTION('',(-0.707106781187,0.707106781187,0.));
#1144 = DIRECTION('',(0.707106781187,0.707106781187,0.));
#1145 = ADVANCED_FACE('',(#1146),#1173,.F.);
#1146 = FACE_BOUND('',#1147,.T.);
#1147 = EDGE_LOOP('',(#1148,#1149,#1158,#1166));
#1148 = ORIENTED_EDGE('',*,*,#1127,.T.);
#1149 = ORIENTED_EDGE('',*,*,#1150,.T.);
#1150 = EDGE_CURVE('',#1120,#1151,#1153,.T.);
#1151 = VERTEX_POINT('',#1152);
#1152 = CARTESIAN_POINT('',(-7.025000000154,-11.13456710066,100.));
#1153 = CIRCLE('',#1154,3.000000000007);
#1154 = AXIS2_PLACEMENT_3D('',#1155,#1156,#1157);
#1155 = CARTESIAN_POINT('',(-10.02500000016,-11.13456710689,100.));
#1156 = DIRECTION('',(0.,0.,1.));
#1157 = DIRECTION('',(-0.707106781187,0.707106781186,0.));
#1158 = ORIENTED_EDGE('',*,*,#1159,.F.);
#1159 = EDGE_CURVE('',#1160,#1151,#1162,.T.);
#1160 = VERTEX_POINT('',#1161);
#1161 = CARTESIAN_POINT('',(-7.025000000154,-11.13456710066,0.));
#1162 = LINE('',#1163,#1164);
#1163 = CARTESIAN_POINT('',(-7.025000000154,-11.13456710066,0.));
#1164 = VECTOR('',#1165,1.);
#1165 = DIRECTION('',(0.,0.,1.));
#1166 = ORIENTED_EDGE('',*,*,#1167,.F.);
#1167 = EDGE_CURVE('',#1128,#1160,#1168,.T.);
#1168 = CIRCLE('',#1169,3.000000000007);
#1169 = AXIS2_PLACEMENT_3D('',#1170,#1171,#1172);
#1170 = CARTESIAN_POINT('',(-10.02500000016,-11.13456710689,0.));
#1171 = DIRECTION('',(0.,0.,1.));
#1172 = DIRECTION('',(-0.707106781187,0.707106781186,0.));
#1173 = CYLINDRICAL_SURFACE('',#1174,3.000000000007);
#1174 = AXIS2_PLACEMENT_3D('',#1175,#1176,#1177);
#1175 = CARTESIAN_POINT('',(-10.02500000016,-11.13456710689,0.));
#1176 = DIRECTION('',(-0.,-0.,-1.));
#1177 = DIRECTION('',(-0.707106781187,0.707106781186,0.));
#1178 = ADVANCED_FACE('',(#1179),#1204,.T.);
#1179 = FACE_BOUND('',#1180,.T.);
#1180 = EDGE_LOOP('',(#1181,#1182,#1190,#1198));
#1181 = ORIENTED_EDGE('',*,*,#1159,.T.);
#1182 = ORIENTED_EDGE('',*,*,#1183,.T.);
#1183 = EDGE_CURVE('',#1151,#1184,#1186,.T.);
#1184 = VERTEX_POINT('',#1185);
#1185 = CARTESIAN_POINT('',(-7.025000004877,-8.86543288213,100.));
#1186 = LINE('',#1187,#1188);
#1187 = CARTESIAN_POINT('',(-7.025000000156,-11.13456710066,100.));
#1188 = VECTOR('',#1189,1.);
#1189 = DIRECTION('',(-2.081212825752E-09,1.,0.));
#1190 = ORIENTED_EDGE('',*,*,#1191,.F.);
#1191 = EDGE_CURVE('',#1192,#1184,#1194,.T.);
#1192 = VERTEX_POINT('',#1193);
#1193 = CARTESIAN_POINT('',(-7.025000004877,-8.86543288213,0.));
#1194 = LINE('',#1195,#1196);
#1195 = CARTESIAN_POINT('',(-7.025000004877,-8.86543288213,0.));
#1196 = VECTOR('',#1197,1.);
#1197 = DIRECTION('',(0.,0.,1.));
#1198 = ORIENTED_EDGE('',*,*,#1199,.F.);
#1199 = EDGE_CURVE('',#1160,#1192,#1200,.T.);
#1200 = LINE('',#1201,#1202);
#1201 = CARTESIAN_POINT('',(-7.025000000156,-11.13456710066,0.));
#1202 = VECTOR('',#1203,1.);
#1203 = DIRECTION('',(-2.081212825752E-09,1.,0.));
#1204 = PLANE('',#1205);
#1205 = AXIS2_PLACEMENT_3D('',#1206,#1207,#1208);
#1206 = CARTESIAN_POINT('',(-7.025000000156,-11.13456710066,0.));
#1207 = DIRECTION('',(-1.,-2.081212825752E-09,0.));
#1208 = DIRECTION('',(-2.081212825752E-09,1.,0.));
#1209 = ADVANCED_FACE('',(#1210),#1237,.F.);
#1210 = FACE_BOUND('',#1211,.T.);
#1211 = EDGE_LOOP('',(#1212,#1213,#1222,#1230));
#1212 = ORIENTED_EDGE('',*,*,#1191,.T.);
#1213 = ORIENTED_EDGE('',*,*,#1214,.T.);
#1214 = EDGE_CURVE('',#1184,#1215,#1217,.T.);
#1215 = VERTEX_POINT('',#1216);
#1216 = CARTESIAN_POINT('',(-7.90367966132,-6.744112544818,100.));
#1217 = CIRCLE('',#1218,2.999999999991);
#1218 = AXIS2_PLACEMENT_3D('',#1219,#1220,#1221);
#1219 = CARTESIAN_POINT('',(-10.02500000486,-8.865432888374,100.));
#1220 = DIRECTION('',(0.,0.,1.));
#1221 = DIRECTION('',(-1.,-2.081227E-09,0.));
#1222 = ORIENTED_EDGE('',*,*,#1223,.F.);
#1223 = EDGE_CURVE('',#1224,#1215,#1226,.T.);
#1224 = VERTEX_POINT('',#1225);
#1225 = CARTESIAN_POINT('',(-7.90367966132,-6.744112544818,0.));
#1226 = LINE('',#1227,#1228);
#1227 = CARTESIAN_POINT('',(-7.90367966132,-6.744112544818,0.));
#1228 = VECTOR('',#1229,1.);
#1229 = DIRECTION('',(0.,0.,1.));
#1230 = ORIENTED_EDGE('',*,*,#1231,.F.);
#1231 = EDGE_CURVE('',#1192,#1224,#1232,.T.);
#1232 = CIRCLE('',#1233,2.999999999991);
#1233 = AXIS2_PLACEMENT_3D('',#1234,#1235,#1236);
#1234 = CARTESIAN_POINT('',(-10.02500000486,-8.865432888374,0.));
#1235 = DIRECTION('',(0.,0.,1.));
#1236 = DIRECTION('',(-1.,-2.081227E-09,0.));
#1237 = CYLINDRICAL_SURFACE('',#1238,2.999999999991);
#1238 = AXIS2_PLACEMENT_3D('',#1239,#1240,#1241);
#1239 = CARTESIAN_POINT('',(-10.02500000486,-8.865432888374,0.));
#1240 = DIRECTION('',(-0.,-0.,-1.));
#1241 = DIRECTION('',(-1.,-2.081227E-09,0.));
#1242 = ADVANCED_FACE('',(#1243),#1268,.T.);
#1243 = FACE_BOUND('',#1244,.T.);
#1244 = EDGE_LOOP('',(#1245,#1246,#1254,#1262));
#1245 = ORIENTED_EDGE('',*,*,#1223,.T.);
#1246 = ORIENTED_EDGE('',*,*,#1247,.T.);
#1247 = EDGE_CURVE('',#1215,#1248,#1250,.T.);
#1248 = VERTEX_POINT('',#1249);
#1249 = CARTESIAN_POINT('',(-10.2434566921,-4.404335514028,100.));
#1250 = LINE('',#1251,#1252);
#1251 = CARTESIAN_POINT('',(-7.903679661322,-6.74411254482,100.));
#1252 = VECTOR('',#1253,1.);
#1253 = DIRECTION('',(-0.707106781185,0.707106781188,0.));
#1254 = ORIENTED_EDGE('',*,*,#1255,.F.);
#1255 = EDGE_CURVE('',#1256,#1248,#1258,.T.);
#1256 = VERTEX_POINT('',#1257);
#1257 = CARTESIAN_POINT('',(-10.2434566921,-4.404335514028,0.));
#1258 = LINE('',#1259,#1260);
#1259 = CARTESIAN_POINT('',(-10.2434566921,-4.404335514028,0.));
#1260 = VECTOR('',#1261,1.);
#1261 = DIRECTION('',(0.,0.,1.));
#1262 = ORIENTED_EDGE('',*,*,#1263,.F.);
#1263 = EDGE_CURVE('',#1224,#1256,#1264,.T.);
#1264 = LINE('',#1265,#1266);
#1265 = CARTESIAN_POINT('',(-7.903679661322,-6.74411254482,0.));
#1266 = VECTOR('',#1267,1.);
#1267 = DIRECTION('',(-0.707106781185,0.707106781188,0.));
#1268 = PLANE('',#1269);
#1269 = AXIS2_PLACEMENT_3D('',#1270,#1271,#1272);
#1270 = CARTESIAN_POINT('',(-7.903679661322,-6.74411254482,0.));
#1271 = DIRECTION('',(-0.707106781188,-0.707106781185,0.));
#1272 = DIRECTION('',(-0.707106781185,0.707106781188,0.));
#1273 = ADVANCED_FACE('',(#1274),#1301,.F.);
#1274 = FACE_BOUND('',#1275,.T.);
#1275 = EDGE_LOOP('',(#1276,#1277,#1286,#1294));
#1276 = ORIENTED_EDGE('',*,*,#1255,.T.);
#1277 = ORIENTED_EDGE('',*,*,#1278,.T.);
#1278 = EDGE_CURVE('',#1248,#1279,#1281,.T.);
#1279 = VERTEX_POINT('',#1280);
#1280 = CARTESIAN_POINT('',(-11.57499998143,-4.95587852233,100.));
#1281 = CIRCLE('',#1282,0.779999999999);
#1282 = AXIS2_PLACEMENT_3D('',#1283,#1284,#1285);
#1283 = CARTESIAN_POINT('',(-10.79499998143,-4.955878803353,100.));
#1284 = DIRECTION('',(0.,0.,1.));
#1285 = DIRECTION('',(-0.707106781187,-0.707106781187,0.));
#1286 = ORIENTED_EDGE('',*,*,#1287,.F.);
#1287 = EDGE_CURVE('',#1288,#1279,#1290,.T.);
#1288 = VERTEX_POINT('',#1289);
#1289 = CARTESIAN_POINT('',(-11.57499998143,-4.95587852233,0.));
#1290 = LINE('',#1291,#1292);
#1291 = CARTESIAN_POINT('',(-11.57499998143,-4.95587852233,0.));
#1292 = VECTOR('',#1293,1.);
#1293 = DIRECTION('',(0.,0.,1.));
#1294 = ORIENTED_EDGE('',*,*,#1295,.F.);
#1295 = EDGE_CURVE('',#1256,#1288,#1296,.T.);
#1296 = CIRCLE('',#1297,0.779999999999);
#1297 = AXIS2_PLACEMENT_3D('',#1298,#1299,#1300);
#1298 = CARTESIAN_POINT('',(-10.79499998143,-4.955878803353,0.));
#1299 = DIRECTION('',(0.,0.,1.));
#1300 = DIRECTION('',(-0.707106781187,-0.707106781187,0.));
#1301 = CYLINDRICAL_SURFACE('',#1302,0.779999999999);
#1302 = AXIS2_PLACEMENT_3D('',#1303,#1304,#1305);
#1303 = CARTESIAN_POINT('',(-10.79499998143,-4.955878803353,0.));
#1304 = DIRECTION('',(-0.,-0.,-1.));
#1305 = DIRECTION('',(-0.707106781187,-0.707106781187,0.));
#1306 = ADVANCED_FACE('',(#1307),#1332,.T.);
#1307 = FACE_BOUND('',#1308,.T.);
#1308 = EDGE_LOOP('',(#1309,#1310,#1318,#1326));
#1309 = ORIENTED_EDGE('',*,*,#1287,.T.);
#1310 = ORIENTED_EDGE('',*,*,#1311,.T.);
#1311 = EDGE_CURVE('',#1279,#1312,#1314,.T.);
#1312 = VERTEX_POINT('',#1313);
#1313 = CARTESIAN_POINT('',(-11.57500076293,-7.12500010809,100.));
#1314 = LINE('',#1315,#1316);
#1315 = CARTESIAN_POINT('',(-11.57499998143,-4.95587852233,100.));
#1316 = VECTOR('',#1317,1.);
#1317 = DIRECTION('',(-3.602879326622E-07,-1.,0.));
#1318 = ORIENTED_EDGE('',*,*,#1319,.F.);
#1319 = EDGE_CURVE('',#1320,#1312,#1322,.T.);
#1320 = VERTEX_POINT('',#1321);
#1321 = CARTESIAN_POINT('',(-11.57500076293,-7.12500010809,0.));
#1322 = LINE('',#1323,#1324);
#1323 = CARTESIAN_POINT('',(-11.57500076293,-7.12500010809,0.));
#1324 = VECTOR('',#1325,1.);
#1325 = DIRECTION('',(0.,0.,1.));
#1326 = ORIENTED_EDGE('',*,*,#1327,.F.);
#1327 = EDGE_CURVE('',#1288,#1320,#1328,.T.);
#1328 = LINE('',#1329,#1330);
#1329 = CARTESIAN_POINT('',(-11.57499998143,-4.95587852233,0.));
#1330 = VECTOR('',#1331,1.);
#1331 = DIRECTION('',(-3.602879326622E-07,-1.,0.));
#1332 = PLANE('',#1333);
#1333 = AXIS2_PLACEMENT_3D('',#1334,#1335,#1336);
#1334 = CARTESIAN_POINT('',(-11.57499998143,-4.95587852233,0.));
#1335 = DIRECTION('',(1.,-3.602879326622E-07,0.));
#1336 = DIRECTION('',(-3.602879326622E-07,-1.,0.));
#1337 = ADVANCED_FACE('',(#1338),#1365,.T.);
#1338 = FACE_BOUND('',#1339,.T.);
#1339 = EDGE_LOOP('',(#1340,#1341,#1350,#1358));
#1340 = ORIENTED_EDGE('',*,*,#1319,.T.);
#1341 = ORIENTED_EDGE('',*,*,#1342,.T.);
#1342 = EDGE_CURVE('',#1312,#1343,#1345,.T.);
#1343 = VERTEX_POINT('',#1344);
#1344 = CARTESIAN_POINT('',(-11.87500076293,-7.425000000003,100.));
#1345 = CIRCLE('',#1346,0.299999999999);
#1346 = AXIS2_PLACEMENT_3D('',#1347,#1348,#1349);
#1347 = CARTESIAN_POINT('',(-11.87500076293,-7.125000000005,100.));
#1348 = DIRECTION('',(0.,0.,-1.));
#1349 = DIRECTION('',(0.,-1.,0.));
#1350 = ORIENTED_EDGE('',*,*,#1351,.F.);
#1351 = EDGE_CURVE('',#1352,#1343,#1354,.T.);
#1352 = VERTEX_POINT('',#1353);
#1353 = CARTESIAN_POINT('',(-11.87500076293,-7.425000000003,0.));
#1354 = LINE('',#1355,#1356);
#1355 = CARTESIAN_POINT('',(-11.87500076293,-7.425000000003,0.));
#1356 = VECTOR('',#1357,1.);
#1357 = DIRECTION('',(0.,0.,1.));
#1358 = ORIENTED_EDGE('',*,*,#1359,.F.);
#1359 = EDGE_CURVE('',#1320,#1352,#1360,.T.);
#1360 = CIRCLE('',#1361,0.299999999999);
#1361 = AXIS2_PLACEMENT_3D('',#1362,#1363,#1364);
#1362 = CARTESIAN_POINT('',(-11.87500076293,-7.125000000005,0.));
#1363 = DIRECTION('',(0.,0.,-1.));
#1364 = DIRECTION('',(0.,-1.,0.));
#1365 = CYLINDRICAL_SURFACE('',#1366,0.299999999999);
#1366 = AXIS2_PLACEMENT_3D('',#1367,#1368,#1369);
#1367 = CARTESIAN_POINT('',(-11.87500076293,-7.125000000005,0.));
#1368 = DIRECTION('',(0.,0.,-1.));
#1369 = DIRECTION('',(0.,-1.,0.));
#1370 = ADVANCED_FACE('',(#1371),#1396,.T.);
#1371 = FACE_BOUND('',#1372,.T.);
#1372 = EDGE_LOOP('',(#1373,#1374,#1382,#1390));
#1373 = ORIENTED_EDGE('',*,*,#1351,.T.);
#1374 = ORIENTED_EDGE('',*,*,#1375,.T.);
#1375 = EDGE_CURVE('',#1343,#1376,#1378,.T.);
#1376 = VERTEX_POINT('',#1377);
#1377 = CARTESIAN_POINT('',(-12.57499999999,-7.425000000001,100.));
#1378 = LINE('',#1379,#1380);
#1379 = CARTESIAN_POINT('',(-11.87500076293,-7.425000000001,100.));
#1380 = VECTOR('',#1381,1.);
#1381 = DIRECTION('',(-1.,0.,0.));
#1382 = ORIENTED_EDGE('',*,*,#1383,.F.);
#1383 = EDGE_CURVE('',#1384,#1376,#1386,.T.);
#1384 = VERTEX_POINT('',#1385);
#1385 = CARTESIAN_POINT('',(-12.57499999999,-7.425000000001,0.));
#1386 = LINE('',#1387,#1388);
#1387 = CARTESIAN_POINT('',(-12.57499999999,-7.425000000001,0.));
#1388 = VECTOR('',#1389,1.);
#1389 = DIRECTION('',(0.,0.,1.));
#1390 = ORIENTED_EDGE('',*,*,#1391,.F.);
#1391 = EDGE_CURVE('',#1352,#1384,#1392,.T.);
#1392 = LINE('',#1393,#1394);
#1393 = CARTESIAN_POINT('',(-11.87500076293,-7.425000000001,0.));
#1394 = VECTOR('',#1395,1.);
#1395 = DIRECTION('',(-1.,0.,0.));
#1396 = PLANE('',#1397);
#1397 = AXIS2_PLACEMENT_3D('',#1398,#1399,#1400);
#1398 = CARTESIAN_POINT('',(-11.87500076293,-7.425000000001,0.));
#1399 = DIRECTION('',(0.,-1.,0.));
#1400 = DIRECTION('',(-1.,0.,0.));
#1401 = ADVANCED_FACE('',(#1402),#1429,.T.);
#1402 = FACE_BOUND('',#1403,.T.);
#1403 = EDGE_LOOP('',(#1404,#1405,#1414,#1422));
#1404 = ORIENTED_EDGE('',*,*,#1383,.T.);
#1405 = ORIENTED_EDGE('',*,*,#1406,.T.);
#1406 = EDGE_CURVE('',#1376,#1407,#1409,.T.);
#1407 = VERTEX_POINT('',#1408);
#1408 = CARTESIAN_POINT('',(-13.37499999999,-6.625000000001,100.));
#1409 = CIRCLE('',#1410,0.8);
#1410 = AXIS2_PLACEMENT_3D('',#1411,#1412,#1413);
#1411 = CARTESIAN_POINT('',(-12.57499999999,-6.625000000001,100.));
#1412 = DIRECTION('',(0.,0.,-1.));
#1413 = DIRECTION('',(-1.,0.,0.));
#1414 = ORIENTED_EDGE('',*,*,#1415,.F.);
#1415 = EDGE_CURVE('',#1416,#1407,#1418,.T.);
#1416 = VERTEX_POINT('',#1417);
#1417 = CARTESIAN_POINT('',(-13.37499999999,-6.625000000001,0.));
#1418 = LINE('',#1419,#1420);
#1419 = CARTESIAN_POINT('',(-13.37499999999,-6.625000000001,0.));
#1420 = VECTOR('',#1421,1.);
#1421 = DIRECTION('',(0.,0.,1.));
#1422 = ORIENTED_EDGE('',*,*,#1423,.F.);
#1423 = EDGE_CURVE('',#1384,#1416,#1424,.T.);
#1424 = CIRCLE('',#1425,0.8);
#1425 = AXIS2_PLACEMENT_3D('',#1426,#1427,#1428);
#1426 = CARTESIAN_POINT('',(-12.57499999999,-6.625000000001,0.));
#1427 = DIRECTION('',(0.,0.,-1.));
#1428 = DIRECTION('',(-1.,0.,0.));
#1429 = CYLINDRICAL_SURFACE('',#1430,0.8);
#1430 = AXIS2_PLACEMENT_3D('',#1431,#1432,#1433);
#1431 = CARTESIAN_POINT('',(-12.57499999999,-6.625000000001,0.));
#1432 = DIRECTION('',(0.,0.,-1.));
#1433 = DIRECTION('',(-1.,0.,0.));
#1434 = ADVANCED_FACE('',(#1435),#1460,.T.);
#1435 = FACE_BOUND('',#1436,.T.);
#1436 = EDGE_LOOP('',(#1437,#1438,#1446,#1454));
#1437 = ORIENTED_EDGE('',*,*,#1415,.T.);
#1438 = ORIENTED_EDGE('',*,*,#1439,.T.);
#1439 = EDGE_CURVE('',#1407,#1440,#1442,.T.);
#1440 = VERTEX_POINT('',#1441);
#1441 = CARTESIAN_POINT('',(-13.37499999999,-2.,100.));
#1442 = LINE('',#1443,#1444);
#1443 = CARTESIAN_POINT('',(-13.37499999999,-6.625000000001,100.));
#1444 = VECTOR('',#1445,1.);
#1445 = DIRECTION('',(0.,1.,0.));
#1446 = ORIENTED_EDGE('',*,*,#1447,.F.);
#1447 = EDGE_CURVE('',#1448,#1440,#1450,.T.);
#1448 = VERTEX_POINT('',#1449);
#1449 = CARTESIAN_POINT('',(-13.37499999999,-2.,0.));
#1450 = LINE('',#1451,#1452);
#1451 = CARTESIAN_POINT('',(-13.37499999999,-2.,0.));
#1452 = VECTOR('',#1453,1.);
#1453 = DIRECTION('',(0.,0.,1.));
#1454 = ORIENTED_EDGE('',*,*,#1455,.F.);
#1455 = EDGE_CURVE('',#1416,#1448,#1456,.T.);
#1456 = LINE('',#1457,#1458);
#1457 = CARTESIAN_POINT('',(-13.37499999999,-6.625000000001,0.));
#1458 = VECTOR('',#1459,1.);
#1459 = DIRECTION('',(0.,1.,0.));
#1460 = PLANE('',#1461);
#1461 = AXIS2_PLACEMENT_3D('',#1462,#1463,#1464);
#1462 = CARTESIAN_POINT('',(-13.37499999999,-6.625000000001,0.));
#1463 = DIRECTION('',(-1.,0.,0.));
#1464 = DIRECTION('',(0.,1.,0.));
#1465 = ADVANCED_FACE('',(#1466),#1493,.T.);
#1466 = FACE_BOUND('',#1467,.T.);
#1467 = EDGE_LOOP('',(#1468,#1469,#1478,#1486));
#1468 = ORIENTED_EDGE('',*,*,#1447,.T.);
#1469 = ORIENTED_EDGE('',*,*,#1470,.T.);
#1470 = EDGE_CURVE('',#1440,#1471,#1473,.T.);
#1471 = VERTEX_POINT('',#1472);
#1472 = CARTESIAN_POINT('',(-11.37499999999,-7.815970093361E-13,100.));
#1473 = CIRCLE('',#1474,1.999999999999);
#1474 = AXIS2_PLACEMENT_3D('',#1475,#1476,#1477);
#1475 = CARTESIAN_POINT('',(-11.37499999999,-2.,100.));
#1476 = DIRECTION('',(0.,0.,-1.));
#1477 = DIRECTION('',(0.,1.,0.));
#1478 = ORIENTED_EDGE('',*,*,#1479,.F.);
#1479 = EDGE_CURVE('',#1480,#1471,#1482,.T.);
#1480 = VERTEX_POINT('',#1481);
#1481 = CARTESIAN_POINT('',(-11.37499999999,-7.815970093361E-13,0.));
#1482 = LINE('',#1483,#1484);
#1483 = CARTESIAN_POINT('',(-11.37499999999,-7.815970093361E-13,0.));
#1484 = VECTOR('',#1485,1.);
#1485 = DIRECTION('',(0.,0.,1.));
#1486 = ORIENTED_EDGE('',*,*,#1487,.F.);
#1487 = EDGE_CURVE('',#1448,#1480,#1488,.T.);
#1488 = CIRCLE('',#1489,1.999999999999);
#1489 = AXIS2_PLACEMENT_3D('',#1490,#1491,#1492);
#1490 = CARTESIAN_POINT('',(-11.37499999999,-2.,0.));
#1491 = DIRECTION('',(0.,0.,-1.));
#1492 = DIRECTION('',(0.,1.,0.));
#1493 = CYLINDRICAL_SURFACE('',#1494,1.999999999999);
#1494 = AXIS2_PLACEMENT_3D('',#1495,#1496,#1497);
#1495 = CARTESIAN_POINT('',(-11.37499999999,-2.,0.));
#1496 = DIRECTION('',(0.,0.,-1.));
#1497 = DIRECTION('',(0.,1.,0.));
#1498 = ADVANCED_FACE('',(#1499),#1524,.T.);
#1499 = FACE_BOUND('',#1500,.T.);
#1500 = EDGE_LOOP('',(#1501,#1502,#1510,#1518));
#1501 = ORIENTED_EDGE('',*,*,#1479,.T.);
#1502 = ORIENTED_EDGE('',*,*,#1503,.T.);
#1503 = EDGE_CURVE('',#1471,#1504,#1506,.T.);
#1504 = VERTEX_POINT('',#1505);
#1505 = CARTESIAN_POINT('',(-6.75,3.200217868482E-13,100.));
#1506 = LINE('',#1507,#1508);
#1507 = CARTESIAN_POINT('',(-11.37499999999,0.,100.));
#1508 = VECTOR('',#1509,1.);
#1509 = DIRECTION('',(1.,0.,0.));
#1510 = ORIENTED_EDGE('',*,*,#1511,.F.);
#1511 = EDGE_CURVE('',#1512,#1504,#1514,.T.);
#1512 = VERTEX_POINT('',#1513);
#1513 = CARTESIAN_POINT('',(-6.75,3.200217868482E-13,0.));
#1514 = LINE('',#1515,#1516);
#1515 = CARTESIAN_POINT('',(-6.75,3.200217868482E-13,0.));
#1516 = VECTOR('',#1517,1.);
#1517 = DIRECTION('',(0.,0.,1.));
#1518 = ORIENTED_EDGE('',*,*,#1519,.F.);
#1519 = EDGE_CURVE('',#1480,#1512,#1520,.T.);
#1520 = LINE('',#1521,#1522);
#1521 = CARTESIAN_POINT('',(-11.37499999999,0.,0.));
#1522 = VECTOR('',#1523,1.);
#1523 = DIRECTION('',(1.,0.,0.));
#1524 = PLANE('',#1525);
#1525 = AXIS2_PLACEMENT_3D('',#1526,#1527,#1528);
#1526 = CARTESIAN_POINT('',(-11.37499999999,0.,0.));
#1527 = DIRECTION('',(0.,1.,0.));
#1528 = DIRECTION('',(1.,0.,0.));
#1529 = ADVANCED_FACE('',(#1530),#1557,.T.);
#1530 = FACE_BOUND('',#1531,.T.);
#1531 = EDGE_LOOP('',(#1532,#1533,#1542,#1550));
#1532 = ORIENTED_EDGE('',*,*,#1511,.T.);
#1533 = ORIENTED_EDGE('',*,*,#1534,.T.);
#1534 = EDGE_CURVE('',#1504,#1535,#1537,.T.);
#1535 = VERTEX_POINT('',#1536);
#1536 = CARTESIAN_POINT('',(-5.949999999999,-0.799999999999,100.));
#1537 = CIRCLE('',#1538,0.8);
#1538 = AXIS2_PLACEMENT_3D('',#1539,#1540,#1541);
#1539 = CARTESIAN_POINT('',(-6.75,-0.799999999999,100.));
#1540 = DIRECTION('',(0.,0.,-1.));
#1541 = DIRECTION('',(1.,0.,0.));
#1542 = ORIENTED_EDGE('',*,*,#1543,.F.);
#1543 = EDGE_CURVE('',#1544,#1535,#1546,.T.);
#1544 = VERTEX_POINT('',#1545);
#1545 = CARTESIAN_POINT('',(-5.949999999999,-0.799999999999,0.));
#1546 = LINE('',#1547,#1548);
#1547 = CARTESIAN_POINT('',(-5.949999999999,-0.799999999999,0.));
#1548 = VECTOR('',#1549,1.);
#1549 = DIRECTION('',(0.,0.,1.));
#1550 = ORIENTED_EDGE('',*,*,#1551,.F.);
#1551 = EDGE_CURVE('',#1512,#1544,#1552,.T.);
#1552 = CIRCLE('',#1553,0.8);
#1553 = AXIS2_PLACEMENT_3D('',#1554,#1555,#1556);
#1554 = CARTESIAN_POINT('',(-6.75,-0.799999999999,0.));
#1555 = DIRECTION('',(0.,0.,-1.));
#1556 = DIRECTION('',(1.,0.,0.));
#1557 = CYLINDRICAL_SURFACE('',#1558,0.8);
#1558 = AXIS2_PLACEMENT_3D('',#1559,#1560,#1561);
#1559 = CARTESIAN_POINT('',(-6.75,-0.799999999999,0.));
#1560 = DIRECTION('',(0.,0.,-1.));
#1561 = DIRECTION('',(1.,0.,0.));
#1562 = ADVANCED_FACE('',(#1563),#1588,.T.);
#1563 = FACE_BOUND('',#1564,.T.);
#1564 = EDGE_LOOP('',(#1565,#1566,#1574,#1582));
#1565 = ORIENTED_EDGE('',*,*,#1543,.T.);
#1566 = ORIENTED_EDGE('',*,*,#1567,.T.);
#1567 = EDGE_CURVE('',#1535,#1568,#1570,.T.);
#1568 = VERTEX_POINT('',#1569);
#1569 = CARTESIAN_POINT('',(-5.949999999997,-1.49999923706,100.));
#1570 = LINE('',#1571,#1572);
#1571 = CARTESIAN_POINT('',(-5.949999999998,-0.799999999999,100.));
#1572 = VECTOR('',#1573,1.);
#1573 = DIRECTION('',(3.24819890373E-12,-1.,0.));
#1574 = ORIENTED_EDGE('',*,*,#1575,.F.);
#1575 = EDGE_CURVE('',#1576,#1568,#1578,.T.);
#1576 = VERTEX_POINT('',#1577);
#1577 = CARTESIAN_POINT('',(-5.949999999997,-1.49999923706,0.));
#1578 = LINE('',#1579,#1580);
#1579 = CARTESIAN_POINT('',(-5.949999999997,-1.49999923706,0.));
#1580 = VECTOR('',#1581,1.);
#1581 = DIRECTION('',(0.,0.,1.));
#1582 = ORIENTED_EDGE('',*,*,#1583,.F.);
#1583 = EDGE_CURVE('',#1544,#1576,#1584,.T.);
#1584 = LINE('',#1585,#1586);
#1585 = CARTESIAN_POINT('',(-5.949999999998,-0.799999999999,0.));
#1586 = VECTOR('',#1587,1.);
#1587 = DIRECTION('',(3.24819890373E-12,-1.,0.));
#1588 = PLANE('',#1589);
#1589 = AXIS2_PLACEMENT_3D('',#1590,#1591,#1592);
#1590 = CARTESIAN_POINT('',(-5.949999999998,-0.799999999999,0.));
#1591 = DIRECTION('',(1.,3.24819890373E-12,0.));
#1592 = DIRECTION('',(3.24819890373E-12,-1.,0.));
#1593 = ADVANCED_FACE('',(#1594),#1621,.T.);
#1594 = FACE_BOUND('',#1595,.T.);
#1595 = EDGE_LOOP('',(#1596,#1597,#1606,#1614));
#1596 = ORIENTED_EDGE('',*,*,#1575,.T.);
#1597 = ORIENTED_EDGE('',*,*,#1598,.T.);
#1598 = EDGE_CURVE('',#1568,#1599,#1601,.T.);
#1599 = VERTEX_POINT('',#1600);
#1600 = CARTESIAN_POINT('',(-6.249999891074,-1.799999237061,100.));
#1601 = CIRCLE('',#1602,0.300000000001);
#1602 = AXIS2_PLACEMENT_3D('',#1603,#1604,#1605);
#1603 = CARTESIAN_POINT('',(-6.25,-1.49999923706,100.));
#1604 = DIRECTION('',(0.,0.,-1.));
#1605 = DIRECTION('',(3.63085443E-07,-1.,0.));
#1606 = ORIENTED_EDGE('',*,*,#1607,.F.);
#1607 = EDGE_CURVE('',#1608,#1599,#1610,.T.);
#1608 = VERTEX_POINT('',#1609);
#1609 = CARTESIAN_POINT('',(-6.249999891074,-1.799999237061,0.));
#1610 = LINE('',#1611,#1612);
#1611 = CARTESIAN_POINT('',(-6.249999891074,-1.799999237061,0.));
#1612 = VECTOR('',#1613,1.);
#1613 = DIRECTION('',(0.,0.,1.));
#1614 = ORIENTED_EDGE('',*,*,#1615,.F.);
#1615 = EDGE_CURVE('',#1576,#1608,#1616,.T.);
#1616 = CIRCLE('',#1617,0.300000000001);
#1617 = AXIS2_PLACEMENT_3D('',#1618,#1619,#1620);
#1618 = CARTESIAN_POINT('',(-6.25,-1.49999923706,0.));
#1619 = DIRECTION('',(0.,0.,-1.));
#1620 = DIRECTION('',(3.63085443E-07,-1.,0.));
#1621 = CYLINDRICAL_SURFACE('',#1622,0.300000000001);
#1622 = AXIS2_PLACEMENT_3D('',#1623,#1624,#1625);
#1623 = CARTESIAN_POINT('',(-6.25,-1.49999923706,0.));
#1624 = DIRECTION('',(0.,0.,-1.));
#1625 = DIRECTION('',(3.63085443E-07,-1.,0.));
#1626 = ADVANCED_FACE('',(#1627),#1652,.T.);
#1627 = FACE_BOUND('',#1628,.T.);
#1628 = EDGE_LOOP('',(#1629,#1630,#1638,#1646));
#1629 = ORIENTED_EDGE('',*,*,#1607,.T.);
#1630 = ORIENTED_EDGE('',*,*,#1631,.T.);
#1631 = EDGE_CURVE('',#1599,#1632,#1634,.T.);
#1632 = VERTEX_POINT('',#1633);
#1633 = CARTESIAN_POINT('',(-8.419121473801,-1.800000024604,100.));
#1634 = LINE('',#1635,#1636);
#1635 = CARTESIAN_POINT('',(-6.249999891074,-1.799999237062,100.));
#1636 = VECTOR('',#1637,1.);
#1637 = DIRECTION('',(-1.,-3.630699339817E-07,0.));
#1638 = ORIENTED_EDGE('',*,*,#1639,.F.);
#1639 = EDGE_CURVE('',#1640,#1632,#1642,.T.);
#1640 = VERTEX_POINT('',#1641);
#1641 = CARTESIAN_POINT('',(-8.419121473801,-1.800000024604,0.));
#1642 = LINE('',#1643,#1644);
#1643 = CARTESIAN_POINT('',(-8.419121473801,-1.800000024604,0.));
#1644 = VECTOR('',#1645,1.);
#1645 = DIRECTION('',(0.,0.,1.));
#1646 = ORIENTED_EDGE('',*,*,#1647,.F.);
#1647 = EDGE_CURVE('',#1608,#1640,#1648,.T.);
#1648 = LINE('',#1649,#1650);
#1649 = CARTESIAN_POINT('',(-6.249999891074,-1.799999237062,0.));
#1650 = VECTOR('',#1651,1.);
#1651 = DIRECTION('',(-1.,-3.630699339817E-07,0.));
#1652 = PLANE('',#1653);
#1653 = AXIS2_PLACEMENT_3D('',#1654,#1655,#1656);
#1654 = CARTESIAN_POINT('',(-6.249999891074,-1.799999237062,0.));
#1655 = DIRECTION('',(3.630699339817E-07,-1.,0.));
#1656 = DIRECTION('',(-1.,-3.630699339817E-07,0.));
#1657 = ADVANCED_FACE('',(#1658),#1685,.F.);
#1658 = FACE_BOUND('',#1659,.T.);
#1659 = EDGE_LOOP('',(#1660,#1661,#1670,#1678));
#1660 = ORIENTED_EDGE('',*,*,#1639,.T.);
#1661 = ORIENTED_EDGE('',*,*,#1662,.T.);
#1662 = EDGE_CURVE('',#1632,#1663,#1665,.T.);
#1663 = VERTEX_POINT('',#1664);
#1664 = CARTESIAN_POINT('',(-8.970664479931,-3.131543313931,100.));
#1665 = CIRCLE('',#1666,0.780000000001);
#1666 = AXIS2_PLACEMENT_3D('',#1667,#1668,#1669);
#1667 = CARTESIAN_POINT('',(-8.419121190607,-2.580000024604,100.));
#1668 = DIRECTION('',(-0.,0.,1.));
#1669 = DIRECTION('',(3.63069119E-07,-1.,0.));
#1670 = ORIENTED_EDGE('',*,*,#1671,.F.);
#1671 = EDGE_CURVE('',#1672,#1663,#1674,.T.);
#1672 = VERTEX_POINT('',#1673);
#1673 = CARTESIAN_POINT('',(-8.970664479931,-3.131543313931,0.));
#1674 = LINE('',#1675,#1676);
#1675 = CARTESIAN_POINT('',(-8.970664479931,-3.131543313931,0.));
#1676 = VECTOR('',#1677,1.);
#1677 = DIRECTION('',(0.,0.,1.));
#1678 = ORIENTED_EDGE('',*,*,#1679,.F.);
#1679 = EDGE_CURVE('',#1640,#1672,#1680,.T.);
#1680 = CIRCLE('',#1681,0.780000000001);
#1681 = AXIS2_PLACEMENT_3D('',#1682,#1683,#1684);
#1682 = CARTESIAN_POINT('',(-8.419121190607,-2.580000024604,0.));
#1683 = DIRECTION('',(-0.,0.,1.));
#1684 = DIRECTION('',(3.63069119E-07,-1.,0.));
#1685 = CYLINDRICAL_SURFACE('',#1686,0.780000000001);
#1686 = AXIS2_PLACEMENT_3D('',#1687,#1688,#1689);
#1687 = CARTESIAN_POINT('',(-8.419121190607,-2.580000024604,0.));
#1688 = DIRECTION('',(0.,0.,-1.));
#1689 = DIRECTION('',(3.63069119E-07,-1.,0.));
#1690 = ADVANCED_FACE('',(#1691),#1716,.T.);
#1691 = FACE_BOUND('',#1692,.T.);
#1692 = EDGE_LOOP('',(#1693,#1694,#1702,#1710));
#1693 = ORIENTED_EDGE('',*,*,#1671,.T.);
#1694 = ORIENTED_EDGE('',*,*,#1695,.T.);
#1695 = EDGE_CURVE('',#1663,#1696,#1698,.T.);
#1696 = VERTEX_POINT('',#1697);
#1697 = CARTESIAN_POINT('',(-6.630887450456,-5.471320343404,100.));
#1698 = LINE('',#1699,#1700);
#1699 = CARTESIAN_POINT('',(-8.97066447993,-3.13154331393,100.));
#1700 = VECTOR('',#1701,1.);
#1701 = DIRECTION('',(0.707106781187,-0.707106781187,0.));
#1702 = ORIENTED_EDGE('',*,*,#1703,.F.);
#1703 = EDGE_CURVE('',#1704,#1696,#1706,.T.);
#1704 = VERTEX_POINT('',#1705);
#1705 = CARTESIAN_POINT('',(-6.630887450456,-5.471320343404,0.));
#1706 = LINE('',#1707,#1708);
#1707 = CARTESIAN_POINT('',(-6.630887450456,-5.471320343404,0.));
#1708 = VECTOR('',#1709,1.);
#1709 = DIRECTION('',(0.,0.,1.));
#1710 = ORIENTED_EDGE('',*,*,#1711,.F.);
#1711 = EDGE_CURVE('',#1672,#1704,#1712,.T.);
#1712 = LINE('',#1713,#1714);
#1713 = CARTESIAN_POINT('',(-8.97066447993,-3.13154331393,0.));
#1714 = VECTOR('',#1715,1.);
#1715 = DIRECTION('',(0.707106781187,-0.707106781187,0.));
#1716 = PLANE('',#1717);
#1717 = AXIS2_PLACEMENT_3D('',#1718,#1719,#1720);
#1718 = CARTESIAN_POINT('',(-8.97066447993,-3.13154331393,0.));
#1719 = DIRECTION('',(0.707106781187,0.707106781187,0.));
#1720 = DIRECTION('',(0.707106781187,-0.707106781187,0.));
#1721 = ADVANCED_FACE('',(#1722),#1749,.F.);
#1722 = FACE_BOUND('',#1723,.T.);
#1723 = EDGE_LOOP('',(#1724,#1725,#1734,#1742));
#1724 = ORIENTED_EDGE('',*,*,#1703,.T.);
#1725 = ORIENTED_EDGE('',*,*,#1726,.T.);
#1726 = EDGE_CURVE('',#1696,#1727,#1729,.T.);
#1727 = VERTEX_POINT('',#1728);
#1728 = CARTESIAN_POINT('',(-4.509567100658,-6.349999999843,100.));
#1729 = CIRCLE('',#1730,3.000000000004);
#1730 = AXIS2_PLACEMENT_3D('',#1731,#1732,#1733);
#1731 = CARTESIAN_POINT('',(-4.509567106898,-3.349999999839,100.));
#1732 = DIRECTION('',(0.,-0.,1.));
#1733 = DIRECTION('',(0.707106781185,0.707106781188,0.));
#1734 = ORIENTED_EDGE('',*,*,#1735,.F.);
#1735 = EDGE_CURVE('',#1736,#1727,#1738,.T.);
#1736 = VERTEX_POINT('',#1737);
#1737 = CARTESIAN_POINT('',(-4.509567100658,-6.349999999843,0.));
#1738 = LINE('',#1739,#1740);
#1739 = CARTESIAN_POINT('',(-4.509567100658,-6.349999999843,0.));
#1740 = VECTOR('',#1741,1.);
#1741 = DIRECTION('',(0.,0.,1.));
#1742 = ORIENTED_EDGE('',*,*,#1743,.F.);
#1743 = EDGE_CURVE('',#1704,#1736,#1744,.T.);
#1744 = CIRCLE('',#1745,3.000000000004);
#1745 = AXIS2_PLACEMENT_3D('',#1746,#1747,#1748);
#1746 = CARTESIAN_POINT('',(-4.509567106898,-3.349999999839,0.));
#1747 = DIRECTION('',(0.,-0.,1.));
#1748 = DIRECTION('',(0.707106781185,0.707106781188,0.));
#1749 = CYLINDRICAL_SURFACE('',#1750,3.000000000004);
#1750 = AXIS2_PLACEMENT_3D('',#1751,#1752,#1753);
#1751 = CARTESIAN_POINT('',(-4.509567106898,-3.349999999839,0.));
#1752 = DIRECTION('',(0.,0.,-1.));
#1753 = DIRECTION('',(0.707106781185,0.707106781188,0.));
#1754 = ADVANCED_FACE('',(#1755),#1780,.T.);
#1755 = FACE_BOUND('',#1756,.T.);
#1756 = EDGE_LOOP('',(#1757,#1758,#1766,#1774));
#1757 = ORIENTED_EDGE('',*,*,#1735,.T.);
#1758 = ORIENTED_EDGE('',*,*,#1759,.T.);
#1759 = EDGE_CURVE('',#1727,#1760,#1762,.T.);
#1760 = VERTEX_POINT('',#1761);
#1761 = CARTESIAN_POINT('',(-2.240432882136,-6.349999995119,100.));
#1762 = LINE('',#1763,#1764);
#1763 = CARTESIAN_POINT('',(-4.509567100658,-6.349999999843,100.));
#1764 = VECTOR('',#1765,1.);
#1765 = DIRECTION('',(1.,2.082214854081E-09,0.));
#1766 = ORIENTED_EDGE('',*,*,#1767,.F.);
#1767 = EDGE_CURVE('',#1768,#1760,#1770,.T.);
#1768 = VERTEX_POINT('',#1769);
#1769 = CARTESIAN_POINT('',(-2.240432882136,-6.349999995119,0.));
#1770 = LINE('',#1771,#1772);
#1771 = CARTESIAN_POINT('',(-2.240432882136,-6.349999995119,0.));
#1772 = VECTOR('',#1773,1.);
#1773 = DIRECTION('',(0.,0.,1.));
#1774 = ORIENTED_EDGE('',*,*,#1775,.F.);
#1775 = EDGE_CURVE('',#1736,#1768,#1776,.T.);
#1776 = LINE('',#1777,#1778);
#1777 = CARTESIAN_POINT('',(-4.509567100658,-6.349999999843,0.));
#1778 = VECTOR('',#1779,1.);
#1779 = DIRECTION('',(1.,2.082214854081E-09,0.));
#1780 = PLANE('',#1781);
#1781 = AXIS2_PLACEMENT_3D('',#1782,#1783,#1784);
#1782 = CARTESIAN_POINT('',(-4.509567100658,-6.349999999843,0.));
#1783 = DIRECTION('',(-2.082214854081E-09,1.,0.));
#1784 = DIRECTION('',(1.,2.082214854081E-09,0.));
#1785 = ADVANCED_FACE('',(#1786),#1813,.F.);
#1786 = FACE_BOUND('',#1787,.T.);
#1787 = EDGE_LOOP('',(#1788,#1789,#1798,#1806));
#1788 = ORIENTED_EDGE('',*,*,#1767,.T.);
#1789 = ORIENTED_EDGE('',*,*,#1790,.T.);
#1790 = EDGE_CURVE('',#1760,#1791,#1793,.T.);
#1791 = VERTEX_POINT('',#1792);
#1792 = CARTESIAN_POINT('',(-0.119112544817,-5.471320338681,100.));
#1793 = CIRCLE('',#1794,3.000000000002);
#1794 = AXIS2_PLACEMENT_3D('',#1795,#1796,#1797);
#1795 = CARTESIAN_POINT('',(-2.240432888377,-3.349999995119,100.));
#1796 = DIRECTION('',(0.,0.,1.));
#1797 = DIRECTION('',(-2.080469E-09,1.,0.));
#1798 = ORIENTED_EDGE('',*,*,#1799,.F.);
#1799 = EDGE_CURVE('',#1800,#1791,#1802,.T.);
#1800 = VERTEX_POINT('',#1801);
#1801 = CARTESIAN_POINT('',(-0.119112544817,-5.471320338681,0.));
#1802 = LINE('',#1803,#1804);
#1803 = CARTESIAN_POINT('',(-0.119112544817,-5.471320338681,0.));
#1804 = VECTOR('',#1805,1.);
#1805 = DIRECTION('',(0.,0.,1.));
#1806 = ORIENTED_EDGE('',*,*,#1807,.F.);
#1807 = EDGE_CURVE('',#1768,#1800,#1808,.T.);
#1808 = CIRCLE('',#1809,3.000000000002);
#1809 = AXIS2_PLACEMENT_3D('',#1810,#1811,#1812);
#1810 = CARTESIAN_POINT('',(-2.240432888377,-3.349999995119,0.));
#1811 = DIRECTION('',(0.,0.,1.));
#1812 = DIRECTION('',(-2.080469E-09,1.,0.));
#1813 = CYLINDRICAL_SURFACE('',#1814,3.000000000002);
#1814 = AXIS2_PLACEMENT_3D('',#1815,#1816,#1817);
#1815 = CARTESIAN_POINT('',(-2.240432888377,-3.349999995119,0.));
#1816 = DIRECTION('',(-0.,-0.,-1.));
#1817 = DIRECTION('',(-2.080469E-09,1.,0.));
#1818 = ADVANCED_FACE('',(#1819),#1844,.T.);
#1819 = FACE_BOUND('',#1820,.T.);
#1820 = EDGE_LOOP('',(#1821,#1822,#1830,#1838));
#1821 = ORIENTED_EDGE('',*,*,#1799,.T.);
#1822 = ORIENTED_EDGE('',*,*,#1823,.T.);
#1823 = EDGE_CURVE('',#1791,#1824,#1826,.T.);
#1824 = VERTEX_POINT('',#1825);
#1825 = CARTESIAN_POINT('',(2.220664485976,-3.131543307895,100.));
#1826 = LINE('',#1827,#1828);
#1827 = CARTESIAN_POINT('',(-0.119112544817,-5.471320338681,100.));
#1828 = VECTOR('',#1829,1.);
#1829 = DIRECTION('',(0.707106781188,0.707106781186,0.));
#1830 = ORIENTED_EDGE('',*,*,#1831,.F.);
#1831 = EDGE_CURVE('',#1832,#1824,#1834,.T.);
#1832 = VERTEX_POINT('',#1833);
#1833 = CARTESIAN_POINT('',(2.220664485976,-3.131543307895,0.));
#1834 = LINE('',#1835,#1836);
#1835 = CARTESIAN_POINT('',(2.220664485976,-3.131543307895,0.));
#1836 = VECTOR('',#1837,1.);
#1837 = DIRECTION('',(0.,0.,1.));
#1838 = ORIENTED_EDGE('',*,*,#1839,.F.);
#1839 = EDGE_CURVE('',#1800,#1832,#1840,.T.);
#1840 = LINE('',#1841,#1842);
#1841 = CARTESIAN_POINT('',(-0.119112544817,-5.471320338681,0.));
#1842 = VECTOR('',#1843,1.);
#1843 = DIRECTION('',(0.707106781188,0.707106781186,0.));
#1844 = PLANE('',#1845);
#1845 = AXIS2_PLACEMENT_3D('',#1846,#1847,#1848);
#1846 = CARTESIAN_POINT('',(-0.119112544817,-5.471320338681,0.));
#1847 = DIRECTION('',(-0.707106781186,0.707106781188,0.));
#1848 = DIRECTION('',(0.707106781188,0.707106781186,0.));
#1849 = ADVANCED_FACE('',(#1850),#1877,.F.);
#1850 = FACE_BOUND('',#1851,.T.);
#1851 = EDGE_LOOP('',(#1852,#1853,#1862,#1870));
#1852 = ORIENTED_EDGE('',*,*,#1831,.T.);
#1853 = ORIENTED_EDGE('',*,*,#1854,.T.);
#1854 = EDGE_CURVE('',#1824,#1855,#1857,.T.);
#1855 = VERTEX_POINT('',#1856);
#1856 = CARTESIAN_POINT('',(1.669121477669,-1.800000018568,100.));
#1857 = CIRCLE('',#1858,0.779999999999);
#1858 = AXIS2_PLACEMENT_3D('',#1859,#1860,#1861);
#1859 = CARTESIAN_POINT('',(1.669121196653,-2.580000018568,100.));
#1860 = DIRECTION('',(0.,0.,1.));
#1861 = DIRECTION('',(-0.707106781184,0.707106781189,0.));
#1862 = ORIENTED_EDGE('',*,*,#1863,.F.);
#1863 = EDGE_CURVE('',#1864,#1855,#1866,.T.);
#1864 = VERTEX_POINT('',#1865);
#1865 = CARTESIAN_POINT('',(1.669121477669,-1.800000018568,0.));
#1866 = LINE('',#1867,#1868);
#1867 = CARTESIAN_POINT('',(1.669121477669,-1.800000018568,0.));
#1868 = VECTOR('',#1869,1.);
#1869 = DIRECTION('',(0.,0.,1.));
#1870 = ORIENTED_EDGE('',*,*,#1871,.F.);
#1871 = EDGE_CURVE('',#1832,#1864,#1872,.T.);
#1872 = CIRCLE('',#1873,0.779999999999);
#1873 = AXIS2_PLACEMENT_3D('',#1874,#1875,#1876);
#1874 = CARTESIAN_POINT('',(1.669121196653,-2.580000018568,0.));
#1875 = DIRECTION('',(0.,0.,1.));
#1876 = DIRECTION('',(-0.707106781184,0.707106781189,0.));
#1877 = CYLINDRICAL_SURFACE('',#1878,0.779999999999);
#1878 = AXIS2_PLACEMENT_3D('',#1879,#1880,#1881);
#1879 = CARTESIAN_POINT('',(1.669121196653,-2.580000018568,0.));
#1880 = DIRECTION('',(-0.,-0.,-1.));
#1881 = DIRECTION('',(-0.707106781184,0.707106781189,0.));
#1882 = ADVANCED_FACE('',(#1883),#1908,.T.);
#1883 = FACE_BOUND('',#1884,.T.);
#1884 = EDGE_LOOP('',(#1885,#1886,#1894,#1902));
#1885 = ORIENTED_EDGE('',*,*,#1863,.T.);
#1886 = ORIENTED_EDGE('',*,*,#1887,.T.);
#1887 = EDGE_CURVE('',#1855,#1888,#1890,.T.);
#1888 = VERTEX_POINT('',#1889);
#1889 = CARTESIAN_POINT('',(-0.500000108084,-1.799999237061,100.));
#1890 = LINE('',#1891,#1892);
#1891 = CARTESIAN_POINT('',(1.669121477669,-1.800000018568,100.));
#1892 = VECTOR('',#1893,1.);
#1893 = DIRECTION('',(-1.,3.602868850483E-07,0.));
#1894 = ORIENTED_EDGE('',*,*,#1895,.F.);
#1895 = EDGE_CURVE('',#1896,#1888,#1898,.T.);
#1896 = VERTEX_POINT('',#1897);
#1897 = CARTESIAN_POINT('',(-0.500000108084,-1.799999237061,0.));
#1898 = LINE('',#1899,#1900);
#1899 = CARTESIAN_POINT('',(-0.500000108084,-1.799999237061,0.));
#1900 = VECTOR('',#1901,1.);
#1901 = DIRECTION('',(0.,0.,1.));
#1902 = ORIENTED_EDGE('',*,*,#1903,.F.);
#1903 = EDGE_CURVE('',#1864,#1896,#1904,.T.);
#1904 = LINE('',#1905,#1906);
#1905 = CARTESIAN_POINT('',(1.669121477669,-1.800000018568,0.));
#1906 = VECTOR('',#1907,1.);
#1907 = DIRECTION('',(-1.,3.602868850483E-07,0.));
#1908 = PLANE('',#1909);
#1909 = AXIS2_PLACEMENT_3D('',#1910,#1911,#1912);
#1910 = CARTESIAN_POINT('',(1.669121477669,-1.800000018568,0.));
#1911 = DIRECTION('',(-3.602868850483E-07,-1.,0.));
#1912 = DIRECTION('',(-1.,3.602868850483E-07,0.));
#1913 = ADVANCED_FACE('',(#1914),#1941,.T.);
#1914 = FACE_BOUND('',#1915,.T.);
#1915 = EDGE_LOOP('',(#1916,#1917,#1926,#1934));
#1916 = ORIENTED_EDGE('',*,*,#1895,.T.);
#1917 = ORIENTED_EDGE('',*,*,#1918,.T.);
#1918 = EDGE_CURVE('',#1888,#1919,#1921,.T.);
#1919 = VERTEX_POINT('',#1920);
#1920 = CARTESIAN_POINT('',(-0.800000000002,-1.49999923706,100.));
#1921 = CIRCLE('',#1922,0.299999999994);
#1922 = AXIS2_PLACEMENT_3D('',#1923,#1924,#1925);
#1923 = CARTESIAN_POINT('',(-0.500000000011,-1.499999237067,100.));
#1924 = DIRECTION('',(0.,0.,-1.));
#1925 = DIRECTION('',(-1.,2.273737E-11,0.));
#1926 = ORIENTED_EDGE('',*,*,#1927,.F.);
#1927 = EDGE_CURVE('',#1928,#1919,#1930,.T.);
#1928 = VERTEX_POINT('',#1929);
#1929 = CARTESIAN_POINT('',(-0.800000000002,-1.49999923706,0.));
#1930 = LINE('',#1931,#1932);
#1931 = CARTESIAN_POINT('',(-0.800000000002,-1.49999923706,0.));
#1932 = VECTOR('',#1933,1.);
#1933 = DIRECTION('',(0.,0.,1.));
#1934 = ORIENTED_EDGE('',*,*,#1935,.F.);
#1935 = EDGE_CURVE('',#1896,#1928,#1936,.T.);
#1936 = CIRCLE('',#1937,0.299999999994);
#1937 = AXIS2_PLACEMENT_3D('',#1938,#1939,#1940);
#1938 = CARTESIAN_POINT('',(-0.500000000011,-1.499999237067,0.));
#1939 = DIRECTION('',(0.,0.,-1.));
#1940 = DIRECTION('',(-1.,2.273737E-11,0.));
#1941 = CYLINDRICAL_SURFACE('',#1942,0.299999999994);
#1942 = AXIS2_PLACEMENT_3D('',#1943,#1944,#1945);
#1943 = CARTESIAN_POINT('',(-0.500000000011,-1.499999237067,0.));
#1944 = DIRECTION('',(0.,0.,-1.));
#1945 = DIRECTION('',(-1.,2.273737E-11,0.));
#1946 = ADVANCED_FACE('',(#1947),#1972,.T.);
#1947 = FACE_BOUND('',#1948,.T.);
#1948 = EDGE_LOOP('',(#1949,#1950,#1958,#1966));
#1949 = ORIENTED_EDGE('',*,*,#1927,.T.);
#1950 = ORIENTED_EDGE('',*,*,#1951,.T.);
#1951 = EDGE_CURVE('',#1919,#1952,#1954,.T.);
#1952 = VERTEX_POINT('',#1953);
#1953 = CARTESIAN_POINT('',(-0.799999999998,-0.799999999999,100.));
#1954 = LINE('',#1955,#1956);
#1955 = CARTESIAN_POINT('',(-0.799999999999,-1.49999923706,100.));
#1956 = VECTOR('',#1957,1.);
#1957 = DIRECTION('',(0.,1.,0.));
#1958 = ORIENTED_EDGE('',*,*,#1959,.F.);
#1959 = EDGE_CURVE('',#1960,#1952,#1962,.T.);
#1960 = VERTEX_POINT('',#1961);
#1961 = CARTESIAN_POINT('',(-0.799999999998,-0.799999999999,0.));
#1962 = LINE('',#1963,#1964);
#1963 = CARTESIAN_POINT('',(-0.799999999998,-0.799999999999,0.));
#1964 = VECTOR('',#1965,1.);
#1965 = DIRECTION('',(0.,0.,1.));
#1966 = ORIENTED_EDGE('',*,*,#1967,.F.);
#1967 = EDGE_CURVE('',#1928,#1960,#1968,.T.);
#1968 = LINE('',#1969,#1970);
#1969 = CARTESIAN_POINT('',(-0.799999999999,-1.49999923706,0.));
#1970 = VECTOR('',#1971,1.);
#1971 = DIRECTION('',(0.,1.,0.));
#1972 = PLANE('',#1973);
#1973 = AXIS2_PLACEMENT_3D('',#1974,#1975,#1976);
#1974 = CARTESIAN_POINT('',(-0.799999999999,-1.49999923706,0.));
#1975 = DIRECTION('',(-1.,0.,0.));
#1976 = DIRECTION('',(0.,1.,0.));
#1977 = ADVANCED_FACE('',(#1978),#2005,.T.);
#1978 = FACE_BOUND('',#1979,.T.);
#1979 = EDGE_LOOP('',(#1980,#1981,#1990,#1998));
#1980 = ORIENTED_EDGE('',*,*,#1959,.T.);
#1981 = ORIENTED_EDGE('',*,*,#1982,.T.);
#1982 = EDGE_CURVE('',#1952,#1983,#1985,.T.);
#1983 = VERTEX_POINT('',#1984);
#1984 = CARTESIAN_POINT('',(-9.497177372398E-17,-4.264921749093E-13,100.
    ));
#1985 = CIRCLE('',#1986,0.800000000005);
#1986 = AXIS2_PLACEMENT_3D('',#1987,#1988,#1989);
#1987 = CARTESIAN_POINT('',(9.09495E-12,-0.800000000006,100.));
#1988 = DIRECTION('',(0.,0.,-1.));
#1989 = DIRECTION('',(-1.136868E-11,1.,0.));
#1990 = ORIENTED_EDGE('',*,*,#1991,.F.);
#1991 = EDGE_CURVE('',#1992,#1983,#1994,.T.);
#1992 = VERTEX_POINT('',#1993);
#1993 = CARTESIAN_POINT('',(-9.497177372398E-17,-4.264921749093E-13,0.)
  );
#1994 = LINE('',#1995,#1996);
#1995 = CARTESIAN_POINT('',(-9.497177372398E-17,-4.264921749093E-13,0.)
  );
#1996 = VECTOR('',#1997,1.);
#1997 = DIRECTION('',(0.,0.,1.));
#1998 = ORIENTED_EDGE('',*,*,#1999,.F.);
#1999 = EDGE_CURVE('',#1960,#1992,#2000,.T.);
#2000 = CIRCLE('',#2001,0.800000000005);
#2001 = AXIS2_PLACEMENT_3D('',#2002,#2003,#2004);
#2002 = CARTESIAN_POINT('',(9.09495E-12,-0.800000000006,0.));
#2003 = DIRECTION('',(0.,0.,-1.));
#2004 = DIRECTION('',(-1.136868E-11,1.,0.));
#2005 = CYLINDRICAL_SURFACE('',#2006,0.800000000005);
#2006 = AXIS2_PLACEMENT_3D('',#2007,#2008,#2009);
#2007 = CARTESIAN_POINT('',(9.09495E-12,-0.800000000006,0.));
#2008 = DIRECTION('',(0.,0.,-1.));
#2009 = DIRECTION('',(-1.136868E-11,1.,0.));
#2010 = ADVANCED_FACE('',(#2011),#2036,.T.);
#2011 = FACE_BOUND('',#2012,.T.);
#2012 = EDGE_LOOP('',(#2013,#2014,#2022,#2030));
#2013 = ORIENTED_EDGE('',*,*,#1991,.T.);
#2014 = ORIENTED_EDGE('',*,*,#2015,.T.);
#2015 = EDGE_CURVE('',#1983,#2016,#2018,.T.);
#2016 = VERTEX_POINT('',#2017);
#2017 = CARTESIAN_POINT('',(4.625000000001,-7.815970093361E-13,100.));
#2018 = LINE('',#2019,#2020);
#2019 = CARTESIAN_POINT('',(0.,0.,100.));
#2020 = VECTOR('',#2021,1.);
#2021 = DIRECTION('',(1.,0.,0.));
#2022 = ORIENTED_EDGE('',*,*,#2023,.F.);
#2023 = EDGE_CURVE('',#2024,#2016,#2026,.T.);
#2024 = VERTEX_POINT('',#2025);
#2025 = CARTESIAN_POINT('',(4.625000000001,-7.815970093361E-13,0.));
#2026 = LINE('',#2027,#2028);
#2027 = CARTESIAN_POINT('',(4.625000000001,-7.815970093361E-13,0.));
#2028 = VECTOR('',#2029,1.);
#2029 = DIRECTION('',(0.,0.,1.));
#2030 = ORIENTED_EDGE('',*,*,#2031,.F.);
#2031 = EDGE_CURVE('',#1992,#2024,#2032,.T.);
#2032 = LINE('',#2033,#2034);
#2033 = CARTESIAN_POINT('',(0.,0.,0.));
#2034 = VECTOR('',#2035,1.);
#2035 = DIRECTION('',(1.,0.,0.));
#2036 = PLANE('',#2037);
#2037 = AXIS2_PLACEMENT_3D('',#2038,#2039,#2040);
#2038 = CARTESIAN_POINT('',(0.,0.,0.));
#2039 = DIRECTION('',(0.,1.,0.));
#2040 = DIRECTION('',(1.,0.,0.));
#2041 = ADVANCED_FACE('',(#2042),#2069,.T.);
#2042 = FACE_BOUND('',#2043,.T.);
#2043 = EDGE_LOOP('',(#2044,#2045,#2054,#2062));
#2044 = ORIENTED_EDGE('',*,*,#2023,.T.);
#2045 = ORIENTED_EDGE('',*,*,#2046,.T.);
#2046 = EDGE_CURVE('',#2016,#2047,#2049,.T.);
#2047 = VERTEX_POINT('',#2048);
#2048 = CARTESIAN_POINT('',(6.625000000001,-2.,100.));
#2049 = CIRCLE('',#2050,1.999999999999);
#2050 = AXIS2_PLACEMENT_3D('',#2051,#2052,#2053);
#2051 = CARTESIAN_POINT('',(4.625000000001,-2.,100.));
#2052 = DIRECTION('',(0.,0.,-1.));
#2053 = DIRECTION('',(1.,0.,0.));
#2054 = ORIENTED_EDGE('',*,*,#2055,.F.);
#2055 = EDGE_CURVE('',#2056,#2047,#2058,.T.);
#2056 = VERTEX_POINT('',#2057);
#2057 = CARTESIAN_POINT('',(6.625000000001,-2.,0.));
#2058 = LINE('',#2059,#2060);
#2059 = CARTESIAN_POINT('',(6.625000000001,-2.,0.));
#2060 = VECTOR('',#2061,1.);
#2061 = DIRECTION('',(0.,0.,1.));
#2062 = ORIENTED_EDGE('',*,*,#2063,.F.);
#2063 = EDGE_CURVE('',#2024,#2056,#2064,.T.);
#2064 = CIRCLE('',#2065,1.999999999999);
#2065 = AXIS2_PLACEMENT_3D('',#2066,#2067,#2068);
#2066 = CARTESIAN_POINT('',(4.625000000001,-2.,0.));
#2067 = DIRECTION('',(0.,0.,-1.));
#2068 = DIRECTION('',(1.,0.,0.));
#2069 = CYLINDRICAL_SURFACE('',#2070,1.999999999999);
#2070 = AXIS2_PLACEMENT_3D('',#2071,#2072,#2073);
#2071 = CARTESIAN_POINT('',(4.625000000001,-2.,0.));
#2072 = DIRECTION('',(0.,0.,-1.));
#2073 = DIRECTION('',(1.,0.,0.));
#2074 = ADVANCED_FACE('',(#2075),#2100,.T.);
#2075 = FACE_BOUND('',#2076,.T.);
#2076 = EDGE_LOOP('',(#2077,#2078,#2086,#2094));
#2077 = ORIENTED_EDGE('',*,*,#2055,.T.);
#2078 = ORIENTED_EDGE('',*,*,#2079,.T.);
#2079 = EDGE_CURVE('',#2047,#2080,#2082,.T.);
#2080 = VERTEX_POINT('',#2081);
#2081 = CARTESIAN_POINT('',(6.625,-6.625000000001,100.));
#2082 = LINE('',#2083,#2084);
#2083 = CARTESIAN_POINT('',(6.625000000001,-2.,100.));
#2084 = VECTOR('',#2085,1.);
#2085 = DIRECTION('',(0.,-1.,0.));
#2086 = ORIENTED_EDGE('',*,*,#2087,.F.);
#2087 = EDGE_CURVE('',#2088,#2080,#2090,.T.);
#2088 = VERTEX_POINT('',#2089);
#2089 = CARTESIAN_POINT('',(6.625,-6.625000000001,0.));
#2090 = LINE('',#2091,#2092);
#2091 = CARTESIAN_POINT('',(6.625,-6.625000000001,0.));
#2092 = VECTOR('',#2093,1.);
#2093 = DIRECTION('',(0.,0.,1.));
#2094 = ORIENTED_EDGE('',*,*,#2095,.F.);
#2095 = EDGE_CURVE('',#2056,#2088,#2096,.T.);
#2096 = LINE('',#2097,#2098);
#2097 = CARTESIAN_POINT('',(6.625000000001,-2.,0.));
#2098 = VECTOR('',#2099,1.);
#2099 = DIRECTION('',(0.,-1.,0.));
#2100 = PLANE('',#2101);
#2101 = AXIS2_PLACEMENT_3D('',#2102,#2103,#2104);
#2102 = CARTESIAN_POINT('',(6.625000000001,-2.,0.));
#2103 = DIRECTION('',(1.,0.,0.));
#2104 = DIRECTION('',(0.,-1.,0.));
#2105 = ADVANCED_FACE('',(#2106),#2133,.T.);
#2106 = FACE_BOUND('',#2107,.T.);
#2107 = EDGE_LOOP('',(#2108,#2109,#2118,#2126));
#2108 = ORIENTED_EDGE('',*,*,#2087,.T.);
#2109 = ORIENTED_EDGE('',*,*,#2110,.T.);
#2110 = EDGE_CURVE('',#2080,#2111,#2113,.T.);
#2111 = VERTEX_POINT('',#2112);
#2112 = CARTESIAN_POINT('',(5.825000000002,-7.425,100.));
#2113 = CIRCLE('',#2114,0.799999999996);
#2114 = AXIS2_PLACEMENT_3D('',#2115,#2116,#2117);
#2115 = CARTESIAN_POINT('',(5.825000000002,-6.625000000004,100.));
#2116 = DIRECTION('',(0.,0.,-1.));
#2117 = DIRECTION('',(0.,-1.,0.));
#2118 = ORIENTED_EDGE('',*,*,#2119,.F.);
#2119 = EDGE_CURVE('',#2120,#2111,#2122,.T.);
#2120 = VERTEX_POINT('',#2121);
#2121 = CARTESIAN_POINT('',(5.825000000002,-7.425,0.));
#2122 = LINE('',#2123,#2124);
#2123 = CARTESIAN_POINT('',(5.825000000002,-7.425,0.));
#2124 = VECTOR('',#2125,1.);
#2125 = DIRECTION('',(0.,0.,1.));
#2126 = ORIENTED_EDGE('',*,*,#2127,.F.);
#2127 = EDGE_CURVE('',#2088,#2120,#2128,.T.);
#2128 = CIRCLE('',#2129,0.799999999996);
#2129 = AXIS2_PLACEMENT_3D('',#2130,#2131,#2132);
#2130 = CARTESIAN_POINT('',(5.825000000002,-6.625000000004,0.));
#2131 = DIRECTION('',(0.,0.,-1.));
#2132 = DIRECTION('',(0.,-1.,0.));
#2133 = CYLINDRICAL_SURFACE('',#2134,0.799999999996);
#2134 = AXIS2_PLACEMENT_3D('',#2135,#2136,#2137);
#2135 = CARTESIAN_POINT('',(5.825000000002,-6.625000000004,0.));
#2136 = DIRECTION('',(0.,0.,-1.));
#2137 = DIRECTION('',(0.,-1.,0.));
#2138 = ADVANCED_FACE('',(#2139),#2164,.T.);
#2139 = FACE_BOUND('',#2140,.T.);
#2140 = EDGE_LOOP('',(#2141,#2142,#2150,#2158));
#2141 = ORIENTED_EDGE('',*,*,#2119,.T.);
#2142 = ORIENTED_EDGE('',*,*,#2143,.T.);
#2143 = EDGE_CURVE('',#2111,#2144,#2146,.T.);
#2144 = VERTEX_POINT('',#2145);
#2145 = CARTESIAN_POINT('',(5.125000762941,-7.425000000001,100.));
#2146 = LINE('',#2147,#2148);
#2147 = CARTESIAN_POINT('',(5.825000000002,-7.425000000001,100.));
#2148 = VECTOR('',#2149,1.);
#2149 = DIRECTION('',(-1.,0.,0.));
#2150 = ORIENTED_EDGE('',*,*,#2151,.F.);
#2151 = EDGE_CURVE('',#2152,#2144,#2154,.T.);
#2152 = VERTEX_POINT('',#2153);
#2153 = CARTESIAN_POINT('',(5.125000762941,-7.425000000001,0.));
#2154 = LINE('',#2155,#2156);
#2155 = CARTESIAN_POINT('',(5.125000762941,-7.425000000001,0.));
#2156 = VECTOR('',#2157,1.);
#2157 = DIRECTION('',(0.,0.,1.));
#2158 = ORIENTED_EDGE('',*,*,#2159,.F.);
#2159 = EDGE_CURVE('',#2120,#2152,#2160,.T.);
#2160 = LINE('',#2161,#2162);
#2161 = CARTESIAN_POINT('',(5.825000000002,-7.425000000001,0.));
#2162 = VECTOR('',#2163,1.);
#2163 = DIRECTION('',(-1.,0.,0.));
#2164 = PLANE('',#2165);
#2165 = AXIS2_PLACEMENT_3D('',#2166,#2167,#2168);
#2166 = CARTESIAN_POINT('',(5.825000000002,-7.425000000001,0.));
#2167 = DIRECTION('',(0.,-1.,0.));
#2168 = DIRECTION('',(-1.,0.,0.));
#2169 = ADVANCED_FACE('',(#2170),#2197,.T.);
#2170 = FACE_BOUND('',#2171,.T.);
#2171 = EDGE_LOOP('',(#2172,#2173,#2182,#2190));
#2172 = ORIENTED_EDGE('',*,*,#2151,.T.);
#2173 = ORIENTED_EDGE('',*,*,#2174,.T.);
#2174 = EDGE_CURVE('',#2144,#2175,#2177,.T.);
#2175 = VERTEX_POINT('',#2176);
#2176 = CARTESIAN_POINT('',(4.82500076294,-7.125000108922,100.));
#2177 = CIRCLE('',#2178,0.300000000001);
#2178 = AXIS2_PLACEMENT_3D('',#2179,#2180,#2181);
#2179 = CARTESIAN_POINT('',(5.125000762941,-7.125000000001,100.));
#2180 = DIRECTION('',(0.,0.,-1.));
#2181 = DIRECTION('',(-1.,-3.63070285E-07,-0.));
#2182 = ORIENTED_EDGE('',*,*,#2183,.F.);
#2183 = EDGE_CURVE('',#2184,#2175,#2186,.T.);
#2184 = VERTEX_POINT('',#2185);
#2185 = CARTESIAN_POINT('',(4.82500076294,-7.125000108922,0.));
#2186 = LINE('',#2187,#2188);
#2187 = CARTESIAN_POINT('',(4.82500076294,-7.125000108922,0.));
#2188 = VECTOR('',#2189,1.);
#2189 = DIRECTION('',(0.,0.,1.));
#2190 = ORIENTED_EDGE('',*,*,#2191,.F.);
#2191 = EDGE_CURVE('',#2152,#2184,#2192,.T.);
#2192 = CIRCLE('',#2193,0.300000000001);
#2193 = AXIS2_PLACEMENT_3D('',#2194,#2195,#2196);
#2194 = CARTESIAN_POINT('',(5.125000762941,-7.125000000001,0.));
#2195 = DIRECTION('',(0.,0.,-1.));
#2196 = DIRECTION('',(-1.,-3.63070285E-07,-0.));
#2197 = CYLINDRICAL_SURFACE('',#2198,0.300000000001);
#2198 = AXIS2_PLACEMENT_3D('',#2199,#2200,#2201);
#2199 = CARTESIAN_POINT('',(5.125000762941,-7.125000000001,0.));
#2200 = DIRECTION('',(0.,0.,-1.));
#2201 = DIRECTION('',(-1.,-3.63070285E-07,-0.));
#2202 = ADVANCED_FACE('',(#2203),#2228,.T.);
#2203 = FACE_BOUND('',#2204,.T.);
#2204 = EDGE_LOOP('',(#2205,#2206,#2214,#2222));
#2205 = ORIENTED_EDGE('',*,*,#2183,.T.);
#2206 = ORIENTED_EDGE('',*,*,#2207,.T.);
#2207 = EDGE_CURVE('',#2175,#2208,#2210,.T.);
#2208 = VERTEX_POINT('',#2209);
#2209 = CARTESIAN_POINT('',(4.824999975392,-4.955878526196,100.));
#2210 = LINE('',#2211,#2212);
#2211 = CARTESIAN_POINT('',(4.825000762939,-7.125000108922,100.));
#2212 = VECTOR('',#2213,1.);
#2213 = DIRECTION('',(-3.630730791813E-07,1.,0.));
#2214 = ORIENTED_EDGE('',*,*,#2215,.F.);
#2215 = EDGE_CURVE('',#2216,#2208,#2218,.T.);
#2216 = VERTEX_POINT('',#2217);
#2217 = CARTESIAN_POINT('',(4.824999975392,-4.955878526196,0.));
#2218 = LINE('',#2219,#2220);
#2219 = CARTESIAN_POINT('',(4.824999975392,-4.955878526196,0.));
#2220 = VECTOR('',#2221,1.);
#2221 = DIRECTION('',(0.,0.,1.));
#2222 = ORIENTED_EDGE('',*,*,#2223,.F.);
#2223 = EDGE_CURVE('',#2184,#2216,#2224,.T.);
#2224 = LINE('',#2225,#2226);
#2225 = CARTESIAN_POINT('',(4.825000762939,-7.125000108922,0.));
#2226 = VECTOR('',#2227,1.);
#2227 = DIRECTION('',(-3.630730791813E-07,1.,0.));
#2228 = PLANE('',#2229);
#2229 = AXIS2_PLACEMENT_3D('',#2230,#2231,#2232);
#2230 = CARTESIAN_POINT('',(4.825000762939,-7.125000108922,0.));
#2231 = DIRECTION('',(-1.,-3.630730791813E-07,0.));
#2232 = DIRECTION('',(-3.630730791813E-07,1.,0.));
#2233 = ADVANCED_FACE('',(#2234),#2261,.F.);
#2234 = FACE_BOUND('',#2235,.T.);
#2235 = EDGE_LOOP('',(#2236,#2237,#2246,#2254));
#2236 = ORIENTED_EDGE('',*,*,#2215,.T.);
#2237 = ORIENTED_EDGE('',*,*,#2238,.T.);
#2238 = EDGE_CURVE('',#2208,#2239,#2241,.T.);
#2239 = VERTEX_POINT('',#2240);
#2240 = CARTESIAN_POINT('',(3.49345668607,-4.404335520067,100.));
#2241 = CIRCLE('',#2242,0.779999999999);
#2242 = AXIS2_PLACEMENT_3D('',#2243,#2244,#2245);
#2243 = CARTESIAN_POINT('',(4.044999975395,-4.955878809394,100.));
#2244 = DIRECTION('',(0.,0.,1.));
#2245 = DIRECTION('',(-1.,-3.63074949E-07,0.));
#2246 = ORIENTED_EDGE('',*,*,#2247,.F.);
#2247 = EDGE_CURVE('',#2248,#2239,#2250,.T.);
#2248 = VERTEX_POINT('',#2249);
#2249 = CARTESIAN_POINT('',(3.49345668607,-4.404335520067,0.));
#2250 = LINE('',#2251,#2252);
#2251 = CARTESIAN_POINT('',(3.49345668607,-4.404335520067,0.));
#2252 = VECTOR('',#2253,1.);
#2253 = DIRECTION('',(0.,0.,1.));
#2254 = ORIENTED_EDGE('',*,*,#2255,.F.);
#2255 = EDGE_CURVE('',#2216,#2248,#2256,.T.);
#2256 = CIRCLE('',#2257,0.779999999999);
#2257 = AXIS2_PLACEMENT_3D('',#2258,#2259,#2260);
#2258 = CARTESIAN_POINT('',(4.044999975395,-4.955878809394,0.));
#2259 = DIRECTION('',(0.,0.,1.));
#2260 = DIRECTION('',(-1.,-3.63074949E-07,0.));
#2261 = CYLINDRICAL_SURFACE('',#2262,0.779999999999);
#2262 = AXIS2_PLACEMENT_3D('',#2263,#2264,#2265);
#2263 = CARTESIAN_POINT('',(4.044999975395,-4.955878809394,0.));
#2264 = DIRECTION('',(-0.,-0.,-1.));
#2265 = DIRECTION('',(-1.,-3.63074949E-07,0.));
#2266 = ADVANCED_FACE('',(#2267),#2292,.T.);
#2267 = FACE_BOUND('',#2268,.T.);
#2268 = EDGE_LOOP('',(#2269,#2270,#2278,#2286));
#2269 = ORIENTED_EDGE('',*,*,#2247,.T.);
#2270 = ORIENTED_EDGE('',*,*,#2271,.T.);
#2271 = EDGE_CURVE('',#2239,#2272,#2274,.T.);
#2272 = VERTEX_POINT('',#2273);
#2273 = CARTESIAN_POINT('',(1.153679656599,-6.74411254954,100.));
#2274 = LINE('',#2275,#2276);
#2275 = CARTESIAN_POINT('',(3.493456686069,-4.404335520067,100.));
#2276 = VECTOR('',#2277,1.);
#2277 = DIRECTION('',(-0.707106781186,-0.707106781187,0.));
#2278 = ORIENTED_EDGE('',*,*,#2279,.F.);
#2279 = EDGE_CURVE('',#2280,#2272,#2282,.T.);
#2280 = VERTEX_POINT('',#2281);
#2281 = CARTESIAN_POINT('',(1.153679656599,-6.74411254954,0.));
#2282 = LINE('',#2283,#2284);
#2283 = CARTESIAN_POINT('',(1.153679656599,-6.74411254954,0.));
#2284 = VECTOR('',#2285,1.);
#2285 = DIRECTION('',(0.,0.,1.));
#2286 = ORIENTED_EDGE('',*,*,#2287,.F.);
#2287 = EDGE_CURVE('',#2248,#2280,#2288,.T.);
#2288 = LINE('',#2289,#2290);
#2289 = CARTESIAN_POINT('',(3.493456686069,-4.404335520067,0.));
#2290 = VECTOR('',#2291,1.);
#2291 = DIRECTION('',(-0.707106781186,-0.707106781187,0.));
#2292 = PLANE('',#2293);
#2293 = AXIS2_PLACEMENT_3D('',#2294,#2295,#2296);
#2294 = CARTESIAN_POINT('',(3.493456686069,-4.404335520067,0.));
#2295 = DIRECTION('',(0.707106781187,-0.707106781186,0.));
#2296 = DIRECTION('',(-0.707106781186,-0.707106781187,0.));
#2297 = ADVANCED_FACE('',(#2298),#2316,.F.);
#2298 = FACE_BOUND('',#2299,.T.);
#2299 = EDGE_LOOP('',(#2300,#2301,#2308,#2309));
#2300 = ORIENTED_EDGE('',*,*,#2279,.T.);
#2301 = ORIENTED_EDGE('',*,*,#2302,.T.);
#2302 = EDGE_CURVE('',#2272,#24,#2303,.T.);
#2303 = CIRCLE('',#2304,2.999999999988);
#2304 = AXIS2_PLACEMENT_3D('',#2305,#2306,#2307);
#2305 = CARTESIAN_POINT('',(3.275000000144,-8.865432893097,100.));
#2306 = DIRECTION('',(-0.,0.,1.));
#2307 = DIRECTION('',(0.707106781185,-0.707106781188,0.));
#2308 = ORIENTED_EDGE('',*,*,#21,.F.);
#2309 = ORIENTED_EDGE('',*,*,#2310,.F.);
#2310 = EDGE_CURVE('',#2280,#22,#2311,.T.);
#2311 = CIRCLE('',#2312,2.999999999988);
#2312 = AXIS2_PLACEMENT_3D('',#2313,#2314,#2315);
#2313 = CARTESIAN_POINT('',(3.275000000144,-8.865432893097,0.));
#2314 = DIRECTION('',(-0.,0.,1.));
#2315 = DIRECTION('',(0.707106781185,-0.707106781188,0.));
#2316 = CYLINDRICAL_SURFACE('',#2317,2.999999999988);
#2317 = AXIS2_PLACEMENT_3D('',#2318,#2319,#2320);
#2318 = CARTESIAN_POINT('',(3.275000000144,-8.865432893097,0.));
#2319 = DIRECTION('',(0.,0.,-1.));
#2320 = DIRECTION('',(0.707106781185,-0.707106781188,0.));
#2321 = ADVANCED_FACE('',(#2322),#2349,.F.);
#2322 = FACE_BOUND('',#2323,.T.);
#2323 = EDGE_LOOP('',(#2324,#2334,#2341,#2342));
#2324 = ORIENTED_EDGE('',*,*,#2325,.T.);
#2325 = EDGE_CURVE('',#2326,#2328,#2330,.T.);
#2326 = VERTEX_POINT('',#2327);
#2327 = CARTESIAN_POINT('',(-1.224999999998,-10.,0.));
#2328 = VERTEX_POINT('',#2329);
#2329 = CARTESIAN_POINT('',(-1.224999999998,-10.,100.));
#2330 = LINE('',#2331,#2332);
#2331 = CARTESIAN_POINT('',(-1.224999999998,-10.,0.));
#2332 = VECTOR('',#2333,1.);
#2333 = DIRECTION('',(0.,0.,1.));
#2334 = ORIENTED_EDGE('',*,*,#2335,.T.);
#2335 = EDGE_CURVE('',#2328,#2328,#2336,.T.);
#2336 = CIRCLE('',#2337,2.15);
#2337 = AXIS2_PLACEMENT_3D('',#2338,#2339,#2340);
#2338 = CARTESIAN_POINT('',(-3.374999999999,-10.,100.));
#2339 = DIRECTION('',(0.,0.,1.));
#2340 = DIRECTION('',(1.,0.,0.));
#2341 = ORIENTED_EDGE('',*,*,#2325,.F.);
#2342 = ORIENTED_EDGE('',*,*,#2343,.F.);
#2343 = EDGE_CURVE('',#2326,#2326,#2344,.T.);
#2344 = CIRCLE('',#2345,2.15);
#2345 = AXIS2_PLACEMENT_3D('',#2346,#2347,#2348);
#2346 = CARTESIAN_POINT('',(-3.374999999999,-10.,0.));
#2347 = DIRECTION('',(0.,0.,1.));
#2348 = DIRECTION('',(1.,0.,0.));
#2349 = CYLINDRICAL_SURFACE('',#2350,2.15);
#2350 = AXIS2_PLACEMENT_3D('',#2351,#2352,#2353);
#2351 = CARTESIAN_POINT('',(-3.374999999999,-10.,0.));
#2352 = DIRECTION('',(-0.,-0.,-1.));
#2353 = DIRECTION('',(1.,0.,0.));
#2354 = ADVANCED_FACE('',(#2355,#2429),#2432,.F.);
#2355 = FACE_BOUND('',#2356,.T.);
#2356 = EDGE_LOOP('',(#2357,#2358,#2359,#2360,#2361,#2362,#2363,#2364,
    #2365,#2366,#2367,#2368,#2369,#2370,#2371,#2372,#2373,#2374,#2375,
    #2376,#2377,#2378,#2379,#2380,#2381,#2382,#2383,#2384,#2385,#2386,
    #2387,#2388,#2389,#2390,#2391,#2392,#2393,#2394,#2395,#2396,#2397,
    #2398,#2399,#2400,#2401,#2402,#2403,#2404,#2405,#2406,#2407,#2408,
    #2409,#2410,#2411,#2412,#2413,#2414,#2415,#2416,#2417,#2418,#2419,
    #2420,#2421,#2422,#2423,#2424,#2425,#2426,#2427,#2428));
#2357 = ORIENTED_EDGE('',*,*,#47,.T.);
#2358 = ORIENTED_EDGE('',*,*,#79,.T.);
#2359 = ORIENTED_EDGE('',*,*,#111,.T.);
#2360 = ORIENTED_EDGE('',*,*,#143,.T.);
#2361 = ORIENTED_EDGE('',*,*,#175,.T.);
#2362 = ORIENTED_EDGE('',*,*,#207,.T.);
#2363 = ORIENTED_EDGE('',*,*,#239,.T.);
#2364 = ORIENTED_EDGE('',*,*,#271,.T.);
#2365 = ORIENTED_EDGE('',*,*,#303,.T.);
#2366 = ORIENTED_EDGE('',*,*,#335,.T.);
#2367 = ORIENTED_EDGE('',*,*,#367,.T.);
#2368 = ORIENTED_EDGE('',*,*,#399,.T.);
#2369 = ORIENTED_EDGE('',*,*,#431,.T.);
#2370 = ORIENTED_EDGE('',*,*,#463,.T.);
#2371 = ORIENTED_EDGE('',*,*,#495,.T.);
#2372 = ORIENTED_EDGE('',*,*,#527,.T.);
#2373 = ORIENTED_EDGE('',*,*,#559,.T.);
#2374 = ORIENTED_EDGE('',*,*,#591,.T.);
#2375 = ORIENTED_EDGE('',*,*,#623,.T.);
#2376 = ORIENTED_EDGE('',*,*,#655,.T.);
#2377 = ORIENTED_EDGE('',*,*,#687,.T.);
#2378 = ORIENTED_EDGE('',*,*,#719,.T.);
#2379 = ORIENTED_EDGE('',*,*,#751,.T.);
#2380 = ORIENTED_EDGE('',*,*,#783,.T.);
#2381 = ORIENTED_EDGE('',*,*,#815,.T.);
#2382 = ORIENTED_EDGE('',*,*,#847,.T.);
#2383 = ORIENTED_EDGE('',*,*,#879,.T.);
#2384 = ORIENTED_EDGE('',*,*,#911,.T.);
#2385 = ORIENTED_EDGE('',*,*,#943,.T.);
#2386 = ORIENTED_EDGE('',*,*,#975,.T.);
#2387 = ORIENTED_EDGE('',*,*,#1007,.T.);
#2388 = ORIENTED_EDGE('',*,*,#1039,.T.);
#2389 = ORIENTED_EDGE('',*,*,#1071,.T.);
#2390 = ORIENTED_EDGE('',*,*,#1103,.T.);
#2391 = ORIENTED_EDGE('',*,*,#1135,.T.);
#2392 = ORIENTED_EDGE('',*,*,#1167,.T.);
#2393 = ORIENTED_EDGE('',*,*,#1199,.T.);
#2394 = ORIENTED_EDGE('',*,*,#1231,.T.);
#2395 = ORIENTED_EDGE('',*,*,#1263,.T.);
#2396 = ORIENTED_EDGE('',*,*,#1295,.T.);
#2397 = ORIENTED_EDGE('',*,*,#1327,.T.);
#2398 = ORIENTED_EDGE('',*,*,#1359,.T.);
#2399 = ORIENTED_EDGE('',*,*,#1391,.T.);
#2400 = ORIENTED_EDGE('',*,*,#1423,.T.);
#2401 = ORIENTED_EDGE('',*,*,#1455,.T.);
#2402 = ORIENTED_EDGE('',*,*,#1487,.T.);
#2403 = ORIENTED_EDGE('',*,*,#1519,.T.);
#2404 = ORIENTED_EDGE('',*,*,#1551,.T.);
#2405 = ORIENTED_EDGE('',*,*,#1583,.T.);
#2406 = ORIENTED_EDGE('',*,*,#1615,.T.);
#2407 = ORIENTED_EDGE('',*,*,#1647,.T.);
#2408 = ORIENTED_EDGE('',*,*,#1679,.T.);
#2409 = ORIENTED_EDGE('',*,*,#1711,.T.);
#2410 = ORIENTED_EDGE('',*,*,#1743,.T.);
#2411 = ORIENTED_EDGE('',*,*,#1775,.T.);
#2412 = ORIENTED_EDGE('',*,*,#1807,.T.);
#2413 = ORIENTED_EDGE('',*,*,#1839,.T.);
#2414 = ORIENTED_EDGE('',*,*,#1871,.T.);
#2415 = ORIENTED_EDGE('',*,*,#1903,.T.);
#2416 = ORIENTED_EDGE('',*,*,#1935,.T.);
#2417 = ORIENTED_EDGE('',*,*,#1967,.T.);
#2418 = ORIENTED_EDGE('',*,*,#1999,.T.);
#2419 = ORIENTED_EDGE('',*,*,#2031,.T.);
#2420 = ORIENTED_EDGE('',*,*,#2063,.T.);
#2421 = ORIENTED_EDGE('',*,*,#2095,.T.);
#2422 = ORIENTED_EDGE('',*,*,#2127,.T.);
#2423 = ORIENTED_EDGE('',*,*,#2159,.T.);
#2424 = ORIENTED_EDGE('',*,*,#2191,.T.);
#2425 = ORIENTED_EDGE('',*,*,#2223,.T.);
#2426 = ORIENTED_EDGE('',*,*,#2255,.T.);
#2427 = ORIENTED_EDGE('',*,*,#2287,.T.);
#2428 = ORIENTED_EDGE('',*,*,#2310,.T.);
#2429 = FACE_BOUND('',#2430,.T.);
#2430 = EDGE_LOOP('',(#2431));
#2431 = ORIENTED_EDGE('',*,*,#2343,.T.);
#2432 = PLANE('',#2433);
#2433 = AXIS2_PLACEMENT_3D('',#2434,#2435,#2436);
#2434 = CARTESIAN_POINT('',(-3.374999999999,-10.,0.));
#2435 = DIRECTION('',(0.,0.,1.));
#2436 = DIRECTION('',(1.,0.,0.));
#2437 = ADVANCED_FACE('',(#2438,#2512),#2515,.T.);
#2438 = FACE_BOUND('',#2439,.F.);
#2439 = EDGE_LOOP('',(#2440,#2441,#2442,#2443,#2444,#2445,#2446,#2447,
    #2448,#2449,#2450,#2451,#2452,#2453,#2454,#2455,#2456,#2457,#2458,
    #2459,#2460,#2461,#2462,#2463,#2464,#2465,#2466,#2467,#2468,#2469,
    #2470,#2471,#2472,#2473,#2474,#2475,#2476,#2477,#2478,#2479,#2480,
    #2481,#2482,#2483,#2484,#2485,#2486,#2487,#2488,#2489,#2490,#2491,
    #2492,#2493,#2494,#2495,#2496,#2497,#2498,#2499,#2500,#2501,#2502,
    #2503,#2504,#2505,#2506,#2507,#2508,#2509,#2510,#2511));
#2440 = ORIENTED_EDGE('',*,*,#31,.T.);
#2441 = ORIENTED_EDGE('',*,*,#62,.T.);
#2442 = ORIENTED_EDGE('',*,*,#95,.T.);
#2443 = ORIENTED_EDGE('',*,*,#126,.T.);
#2444 = ORIENTED_EDGE('',*,*,#159,.T.);
#2445 = ORIENTED_EDGE('',*,*,#190,.T.);
#2446 = ORIENTED_EDGE('',*,*,#223,.T.);
#2447 = ORIENTED_EDGE('',*,*,#254,.T.);
#2448 = ORIENTED_EDGE('',*,*,#287,.T.);
#2449 = ORIENTED_EDGE('',*,*,#318,.T.);
#2450 = ORIENTED_EDGE('',*,*,#351,.T.);
#2451 = ORIENTED_EDGE('',*,*,#382,.T.);
#2452 = ORIENTED_EDGE('',*,*,#415,.T.);
#2453 = ORIENTED_EDGE('',*,*,#446,.T.);
#2454 = ORIENTED_EDGE('',*,*,#479,.T.);
#2455 = ORIENTED_EDGE('',*,*,#510,.T.);
#2456 = ORIENTED_EDGE('',*,*,#543,.T.);
#2457 = ORIENTED_EDGE('',*,*,#574,.T.);
#2458 = ORIENTED_EDGE('',*,*,#607,.T.);
#2459 = ORIENTED_EDGE('',*,*,#638,.T.);
#2460 = ORIENTED_EDGE('',*,*,#671,.T.);
#2461 = ORIENTED_EDGE('',*,*,#702,.T.);
#2462 = ORIENTED_EDGE('',*,*,#735,.T.);
#2463 = ORIENTED_EDGE('',*,*,#766,.T.);
#2464 = ORIENTED_EDGE('',*,*,#799,.T.);
#2465 = ORIENTED_EDGE('',*,*,#830,.T.);
#2466 = ORIENTED_EDGE('',*,*,#863,.T.);
#2467 = ORIENTED_EDGE('',*,*,#894,.T.);
#2468 = ORIENTED_EDGE('',*,*,#927,.T.);
#2469 = ORIENTED_EDGE('',*,*,#958,.T.);
#2470 = ORIENTED_EDGE('',*,*,#991,.T.);
#2471 = ORIENTED_EDGE('',*,*,#1022,.T.);
#2472 = ORIENTED_EDGE('',*,*,#1055,.T.);
#2473 = ORIENTED_EDGE('',*,*,#1086,.T.);
#2474 = ORIENTED_EDGE('',*,*,#1119,.T.);
#2475 = ORIENTED_EDGE('',*,*,#1150,.T.);
#2476 = ORIENTED_EDGE('',*,*,#1183,.T.);
#2477 = ORIENTED_EDGE('',*,*,#1214,.T.);
#2478 = ORIENTED_EDGE('',*,*,#1247,.T.);
#2479 = ORIENTED_EDGE('',*,*,#1278,.T.);
#2480 = ORIENTED_EDGE('',*,*,#1311,.T.);
#2481 = ORIENTED_EDGE('',*,*,#1342,.T.);
#2482 = ORIENTED_EDGE('',*,*,#1375,.T.);
#2483 = ORIENTED_EDGE('',*,*,#1406,.T.);
#2484 = ORIENTED_EDGE('',*,*,#1439,.T.);
#2485 = ORIENTED_EDGE('',*,*,#1470,.T.);
#2486 = ORIENTED_EDGE('',*,*,#1503,.T.);
#2487 = ORIENTED_EDGE('',*,*,#1534,.T.);
#2488 = ORIENTED_EDGE('',*,*,#1567,.T.);
#2489 = ORIENTED_EDGE('',*,*,#1598,.T.);
#2490 = ORIENTED_EDGE('',*,*,#1631,.T.);
#2491 = ORIENTED_EDGE('',*,*,#1662,.T.);
#2492 = ORIENTED_EDGE('',*,*,#1695,.T.);
#2493 = ORIENTED_EDGE('',*,*,#1726,.T.);
#2494 = ORIENTED_EDGE('',*,*,#1759,.T.);
#2495 = ORIENTED_EDGE('',*,*,#1790,.T.);
#2496 = ORIENTED_EDGE('',*,*,#1823,.T.);
#2497 = ORIENTED_EDGE('',*,*,#1854,.T.);
#2498 = ORIENTED_EDGE('',*,*,#1887,.T.);
#2499 = ORIENTED_EDGE('',*,*,#1918,.T.);
#2500 = ORIENTED_EDGE('',*,*,#1951,.T.);
#2501 = ORIENTED_EDGE('',*,*,#1982,.T.);
#2502 = ORIENTED_EDGE('',*,*,#2015,.T.);
#2503 = ORIENTED_EDGE('',*,*,#2046,.T.);
#2504 = ORIENTED_EDGE('',*,*,#2079,.T.);
#2505 = ORIENTED_EDGE('',*,*,#2110,.T.);
#2506 = ORIENTED_EDGE('',*,*,#2143,.T.);
#2507 = ORIENTED_EDGE('',*,*,#2174,.T.);
#2508 = ORIENTED_EDGE('',*,*,#2207,.T.);
#2509 = ORIENTED_EDGE('',*,*,#2238,.T.);
#2510 = ORIENTED_EDGE('',*,*,#2271,.T.);
#2511 = ORIENTED_EDGE('',*,*,#2302,.T.);
#2512 = FACE_BOUND('',#2513,.F.);
#2513 = EDGE_LOOP('',(#2514));
#2514 = ORIENTED_EDGE('',*,*,#2335,.T.);
#2515 = PLANE('',#2516);
#2516 = AXIS2_PLACEMENT_3D('',#2517,#2518,#2519);
#2517 = CARTESIAN_POINT('',(-3.374999999999,-10.,100.));
#2518 = DIRECTION('',(0.,0.,1.));
#2519 = DIRECTION('',(1.,0.,0.));
#2520 = ( GEOMETRIC_REPRESENTATION_CONTEXT(3) 
GLOBAL_UNCERTAINTY_ASSIGNED_CONTEXT((#2524)) 
GLOBAL_UNIT_ASSIGNED_CONTEXT((#2521,#2522,#2523)) REPRESENTATION_CONTEXT
('Context #1','3D Context with UNIT and UNCERTAINTY') );
#2521 = ( LENGTH_UNIT() NAMED_UNIT(*) SI_UNIT(.MILLI.,.METRE.) );
#2522 = ( NAMED_UNIT(*) PLANE_ANGLE_UNIT() SI_UNIT($,.RADIAN.) );
#2523 = ( NAMED_UNIT(*) SI_UNIT($,.STERADIAN.) SOLID_ANGLE_UNIT() );
#2524 = UNCERTAINTY_MEASURE_WITH_UNIT(LENGTH_MEASURE(1.E-07),#2521,
  'distance_accuracy_value','confusion accuracy');
#2525 = PRODUCT_RELATED_PRODUCT_CATEGORY('part',$,(#7));
#2526 = MECHANICAL_DESIGN_GEOMETRIC_PRESENTATION_REPRESENTATION('',(
    #2527),#2520);
#2527 = STYLED_ITEM('color',(#2528),#15);
#2528 = PRESENTATION_STYLE_ASSIGNMENT((#2529,#2535));
#2529 = SURFACE_STYLE_USAGE(.BOTH.,#2530);
#2530 = SURFACE_SIDE_STYLE('',(#2531));
#2531 = SURFACE_STYLE_FILL_AREA(#2532);
#2532 = FILL_AREA_STYLE('',(#2533));
#2533 = FILL_AREA_STYLE_COLOUR('',#2534);
#2534 = COLOUR_RGB('',0.447058818107,0.474509808674,0.501960817233);
#2535 = CURVE_STYLE('',#2536,POSITIVE_LENGTH_MEASURE(0.1),#2537);
#2536 = DRAUGHTING_PRE_DEFINED_CURVE_FONT('continuous');
#2537 = COLOUR_RGB('',9.803921802644E-02,9.803921802644E-02,
  9.803921802644E-02);
ENDSEC;
END-ISO-10303-21;
