ISO-10303-21;
HEADER;
FILE_DESCRIPTION (( 'STEP AP214' ),
    '1' );
FILE_NAME ('093ww201n05.STEP',
    '2014-08-21T06:16:24',
    ( '' ),
    ( '' ),
    'SwSTEP 2.0',
    'SolidWorks 2014',
    '' );
FILE_SCHEMA (( 'AUTOMOTIVE_DESIGN' ));
ENDSEC;

DATA;
#1 = APPLICATION_PROTOCOL_DEFINITION ( 'draft international standard', 'automotive_design', 1998, #2448 ) ;
#2 = ORIENTED_EDGE ( 'NONE', *, *, #4461, .T. ) ;
#3 =( GEOMETRIC_REPRESENTATION_CONTEXT ( 3 ) GLOBAL_UNCERTAINTY_ASSIGNED_CONTEXT ( ( #4767 ) ) GLOBAL_UNIT_ASSIGNED_CONTEXT ( ( #4469, #2001, #4864 ) ) REPRESENTATION_CONTEXT ( 'NONE', 'WORKASPACE' ) );
#4 = ADVANCED_FACE ( 'NONE', ( #4782 ), #2903, .F. ) ;
#5 = DIRECTION ( 'NONE',  ( 0.05226442768871357400, -0.05226442768871403200, 0.9972646886342373400 ) ) ;
#6 = ORIENTED_EDGE ( 'NONE', *, *, #1420, .T. ) ;
#7 = VECTOR ( 'NONE', #5223, 1000.000000000000200 ) ;
#8 = VERTEX_POINT ( 'NONE', #1207 ) ;
#9 = EDGE_CURVE ( 'NONE', #1317, #1689, #5089, .T. ) ;
#10 = ORIENTED_EDGE ( 'NONE', *, *, #1733, .T. ) ;
#11 = ORIENTED_EDGE ( 'NONE', *, *, #1514, .F. ) ;
#12 = PLANE ( 'NONE',  #2019 ) ;
#13 = CARTESIAN_POINT ( 'NONE',  ( 0.4741926844830212100, -5.731923966694706600, 0.1734496379941334000 ) ) ;
#14 = DIRECTION ( 'NONE',  ( -0.0000000000000000000, -1.000000000000000000, 0.0000000000000000000 ) ) ;
#15 = CARTESIAN_POINT ( 'NONE',  ( -7.131019448207592100, 2.081766411704393200, -12.50000000000000200 ) ) ;
#16 = AXIS2_PLACEMENT_3D ( 'NONE', #2623, #3455, #993 ) ;
#17 = VERTEX_POINT ( 'NONE', #1612 ) ;
#18 = ORIENTED_EDGE ( 'NONE', *, *, #2537, .F. ) ;
#19 = EDGE_CURVE ( 'NONE', #441, #1121, #1960, .T. ) ;
#20 = ADVANCED_FACE ( 'NONE', ( #4151 ), #12, .F. ) ;
#21 = CARTESIAN_POINT ( 'NONE',  ( -5.363301038939040300, 3.636698961060961900, -8.800000000000000700 ) ) ;
#22 = CARTESIAN_POINT ( 'NONE',  ( 4.124482250531536400, -4.147996495975951900, 3.823739204042586600 ) ) ;
#23 = VERTEX_POINT ( 'NONE', #1625 ) ;
#24 = CARTESIAN_POINT ( 'NONE',  ( 12.11331652343349000, 7.110754225915312300, 2.489245774084692700 ) ) ;
#25 = ORIENTED_EDGE ( 'NONE', *, *, #218, .F. ) ;
#26 = ADVANCED_FACE ( 'NONE', ( #4014 ), #4958, .T. ) ;
#27 = CARTESIAN_POINT ( 'NONE',  ( 9.999999999999994700, 5.299588860426377200, 4.000000000000000900 ) ) ;
#28 = AXIS2_PLACEMENT_3D ( 'NONE', #5202, #2752, #309 ) ;
#29 = CARTESIAN_POINT ( 'NONE',  ( 12.49999999999999800, -9.068980551792384000, 1.520015985077602700 ) ) ;
#30 =( BOUNDED_CURVE ( )  B_SPLINE_CURVE ( 3, ( #3843, #2598, #5062, #2620 ),
 .UNSPECIFIED., .F., .F. ) 
 B_SPLINE_CURVE_WITH_KNOTS ( ( 4, 4 ),
 ( 5.499156671652537300, 7.067213942706636900 ),
 .UNSPECIFIED. ) 
 CURVE ( )  GEOMETRIC_REPRESENTATION_ITEM ( )  RATIONAL_B_SPLINE_CURVE ( ( 1.000000000000000000, 0.8053830134673610800, 0.8053830134673610800, 1.000000000000000000 ) ) 
 REPRESENTATION_ITEM ( '' )  );
#31 = CARTESIAN_POINT ( 'NONE',  ( 3.636698961060975700, 5.363301038939028800, -8.799999999999997200 ) ) ;
#32 = FACE_OUTER_BOUND ( 'NONE', #4069, .T. ) ;
#33 = ORIENTED_EDGE ( 'NONE', *, *, #1614, .T. ) ;
#34 = ORIENTED_EDGE ( 'NONE', *, *, #3842, .F. ) ;
#35 = CYLINDRICAL_SURFACE ( 'NONE', #1830, 1.499999999999999600 ) ;
#36 = DIRECTION ( 'NONE',  ( 0.0000000000000000000, 0.0000000000000000000, 1.000000000000000000 ) ) ;
#37 = ORIENTED_EDGE ( 'NONE', *, *, #1320, .T. ) ;
#38 = ORIENTED_EDGE ( 'NONE', *, *, #1666, .F. ) ;
#39 = CARTESIAN_POINT ( 'NONE',  ( 8.499999999999998200, -6.636698961060941000, 3.636698961060976100 ) ) ;
#40 = CARTESIAN_POINT ( 'NONE',  ( 5.892828318099415900, -9.146385479652300000E-016, 5.592085271610462100 ) ) ;
#41 = FACE_OUTER_BOUND ( 'NONE', #1882, .T. ) ;
#42 = DIRECTION ( 'NONE',  ( 1.000000000000000000, -9.345783568074953300E-015, 2.220446049250330800E-016 ) ) ;
#43 = EDGE_CURVE ( 'NONE', #1396, #4536, #745, .T. ) ;
#44 = CYLINDRICAL_SURFACE ( 'NONE', #2286, 0.2999999999999999300 ) ;
#45 = EDGE_LOOP ( 'NONE', ( #3316, #2144, #513, #252 ) ) ;
#46 = FACE_OUTER_BOUND ( 'NONE', #4317, .T. ) ;
#47 = CARTESIAN_POINT ( 'NONE',  ( 9.999999999999996400, 3.999999999999990700, 6.700411139573613000 ) ) ;
#48 = DIRECTION ( 'NONE',  ( 0.0000000000000000000, 1.000000000000000000, -9.265000383057948700E-015 ) ) ;
#49 = ORIENTED_EDGE ( 'NONE', *, *, #2796, .F. ) ;
#50 = EDGE_LOOP ( 'NONE', ( #438, #2642, #4135 ) ) ;
#51 = ADVANCED_FACE ( 'NONE', ( #3029 ), #4827, .T. ) ;
#52 = FACE_OUTER_BOUND ( 'NONE', #2992, .T. ) ;
#53 = VERTEX_POINT ( 'NONE', #838 ) ;
#54 = DIRECTION ( 'NONE',  ( 0.0000000000000000000, 2.891205793294679000E-015, 1.000000000000000000 ) ) ;
#55 = EDGE_CURVE ( 'NONE', #630, #5112, #614, .T. ) ;
#56 = ADVANCED_FACE ( 'NONE', ( #1704 ), #2657, .T. ) ;
#57 = CARTESIAN_POINT ( 'NONE',  ( 9.999999999999994700, 6.700411139573630800, 4.000000000000000000 ) ) ;
#58 = LINE ( 'NONE', #4096, #4278 ) ;
#59 = VERTEX_POINT ( 'NONE', #3707 ) ;
#60 = DIRECTION ( 'NONE',  ( 0.05226442768871383800, -0.05226442768871402500, 0.9972646886342373400 ) ) ;
#61 = FACE_OUTER_BOUND ( 'NONE', #1436, .T. ) ;
#62 = CARTESIAN_POINT ( 'NONE',  ( 4.000000000000004400, -5.000000000000025800, -9.999999999999994700 ) ) ;
#63 = PLANE ( 'NONE',  #217 ) ;
#64 = FACE_OUTER_BOUND ( 'NONE', #2077, .T. ) ;
#65 = VERTEX_POINT ( 'NONE', #39 ) ;
#66 = ORIENTED_EDGE ( 'NONE', *, *, #2626, .T. ) ;
#67 = CARTESIAN_POINT ( 'NONE',  ( 8.515615011263474100, -6.922206679139272900, -3.622617818712860600 ) ) ;
#68 = AXIS2_PLACEMENT_3D ( 'NONE', #4654, #5058, #2615 ) ;
#69 = LINE ( 'NONE', #4941, #3324 ) ;
#70 = FILL_AREA_STYLE ('',( #2092 ) ) ;
#71 = EDGE_CURVE ( 'NONE', #345, #5240, #488, .T. ) ;
#72 = VERTEX_POINT ( 'NONE', #2486 ) ;
#73 = LINE ( 'NONE', #4686, #1017 ) ;
#74 = DIRECTION ( 'NONE',  ( 0.0000000000000000000, 1.000000000000000000, 0.0000000000000000000 ) ) ;
#75 = AXIS2_PLACEMENT_3D ( 'NONE', #214, #3052, #615 ) ;
#76 = EDGE_CURVE ( 'NONE', #1689, #3236, #2784, .T. ) ;
#77 = EDGE_LOOP ( 'NONE', ( #1049, #1505, #582, #3754 ) ) ;
#78 = DIRECTION ( 'NONE',  ( 1.000000000000000000, -0.0000000000000000000, -0.0000000000000000000 ) ) ;
#79 = CARTESIAN_POINT ( 'NONE',  ( 0.5390376006180169800, 5.707409933483091900, -0.5390376006180966900 ) ) ;
#80 = CARTESIAN_POINT ( 'NONE',  ( -9.199999999999988600, 2.600000000000041400, -10.00000000000000000 ) ) ;
#81 = CARTESIAN_POINT ( 'NONE',  ( 9.999999999999998200, -7.000000000000025800, -3.700411139573623700 ) ) ;
#82 = ADVANCED_FACE ( 'NONE', ( #3881 ), #364, .F. ) ;
#83 = ORIENTED_EDGE ( 'NONE', *, *, #1402, .F. ) ;
#84 = DIRECTION ( 'NONE',  ( 0.0000000000000000000, 0.0000000000000000000, -1.000000000000000000 ) ) ;
#85 = AXIS2_PLACEMENT_3D ( 'NONE', #349, #3212, #768 ) ;
#86 = VERTEX_POINT ( 'NONE', #461 ) ;
#87 = PLANE ( 'NONE',  #3998 ) ;
#88 = CARTESIAN_POINT ( 'NONE',  ( -3.999999999999999100, 7.000000000000001800, -9.999999999999998200 ) ) ;
#89 = EDGE_CURVE ( 'NONE', #893, #3269, #1575, .T. ) ;
#90 = CARTESIAN_POINT ( 'NONE',  ( 8.784299213127113100, -3.636698961060985400, 5.063712178512669300 ) ) ;
#91 = AXIS2_PLACEMENT_3D ( 'NONE', #3071, #4733, #1869 ) ;
#92 = CARTESIAN_POINT ( 'NONE',  ( -2.070982692734198300, -5.296298609184098000, -2.371725739223169000 ) ) ;
#93 = CARTESIAN_POINT ( 'NONE',  ( 4.654211228563740500, 3.180554777247188700, -4.654211228563742300 ) ) ;
#94 = ORIENTED_EDGE ( 'NONE', *, *, #153, .T. ) ;
#95 = ORIENTED_EDGE ( 'NONE', *, *, #3493, .T. ) ;
#96 = VERTEX_POINT ( 'NONE', #2895 ) ;
#97 = AXIS2_PLACEMENT_3D ( 'NONE', #4729, #253, #4345 ) ;
#98 = ORIENTED_EDGE ( 'NONE', *, *, #2575, .T. ) ;
#99 = DIRECTION ( 'NONE',  ( 0.05226442768871439300, 0.05226442768871432400, -0.9972646886342374500 ) ) ;
#100 = VERTEX_POINT ( 'NONE', #3329 ) ;
#101 = ORIENTED_EDGE ( 'NONE', *, *, #4017, .T. ) ;
#102 = LINE ( 'NONE', #589, #4197 ) ;
#103 = DIRECTION ( 'NONE',  ( -1.000000000000000000, 0.0000000000000000000, 1.570766203209640700E-017 ) ) ;
#104 = PLANE ( 'NONE',  #3545 ) ;
#105 = VECTOR ( 'NONE', #727, 1000.000000000000200 ) ;
#106 = ORIENTED_EDGE ( 'NONE', *, *, #1795, .T. ) ;
#107 = EDGE_CURVE ( 'NONE', #4697, #1012, #1440, .T. ) ;
#108 = ORIENTED_EDGE ( 'NONE', *, *, #2537, .T. ) ;
#109 = VECTOR ( 'NONE', #2176, 1000.000000000000000 ) ;
#110 = DIRECTION ( 'NONE',  ( 0.0000000000000000000, 0.0000000000000000000, -1.000000000000000000 ) ) ;
#111 =( BOUNDED_CURVE ( )  B_SPLINE_CURVE ( 3, ( #4308, #1446, #2270, #5129 ),
 .UNSPECIFIED., .F., .T. ) 
 B_SPLINE_CURVE_WITH_KNOTS ( ( 4, 4 ),
 ( 1.623156204354726500, 3.141592653589791800 ),
 .UNSPECIFIED. ) 
 CURVE ( )  GEOMETRIC_REPRESENTATION_ITEM ( )  RATIONAL_B_SPLINE_CURVE ( ( 1.000000000000000000, 0.8169162473415254600, 0.8169162473415254600, 1.000000000000000000 ) ) 
 REPRESENTATION_ITEM ( '' )  );
#112 = ORIENTED_EDGE ( 'NONE', *, *, #1369, .T. ) ;
#113 = CIRCLE ( 'NONE', #3771, 0.2999999999999999300 ) ;
#114 = CIRCLE ( 'NONE', #1791, 0.9999999999999991100 ) ;
#115 = CARTESIAN_POINT ( 'NONE',  ( -5.482876056607793200, -1.136291456286198100, -5.783619103096756800 ) ) ;
#116 = DIRECTION ( 'NONE',  ( 0.9972646886342372300, 0.05226442768871419900, -0.05226442768871404600 ) ) ;
#117 = PLANE ( 'NONE',  #2517 ) ;
#118 = AXIS2_PLACEMENT_3D ( 'NONE', #3914, #1866, #2263 ) ;
#119 = EDGE_CURVE ( 'NONE', #4796, #1084, #3496, .T. ) ;
#120 = EDGE_LOOP ( 'NONE', ( #3397, #4070, #3484 ) ) ;
#121 = CIRCLE ( 'NONE', #2315, 0.3000000000000003200 ) ;
#122 = CARTESIAN_POINT ( 'NONE',  ( -5.535654469293305600, 0.9178796038177947600, -5.836397515782268300 ) ) ;
#123 = CIRCLE ( 'NONE', #85, 7.008253627460665500 ) ;
#124 = CARTESIAN_POINT ( 'NONE',  ( 9.999999999999998200, -7.000000000000025800, -3.999999999999998200 ) ) ;
#125 = LINE ( 'NONE', #1413, #3250 ) ;
#126 = EDGE_CURVE ( 'NONE', #825, #1780, #298, .T. ) ;
#127 = CARTESIAN_POINT ( 'NONE',  ( -3.128502154036037400, 4.930142045721331600, 3.128502154036049400 ) ) ;
#128 = VECTOR ( 'NONE', #324, 1000.000000000000000 ) ;
#129 = AXIS2_PLACEMENT_3D ( 'NONE', #5235, #2775, #335 ) ;
#130 = FACE_OUTER_BOUND ( 'NONE', #873, .T. ) ;
#131 = CARTESIAN_POINT ( 'NONE',  ( 3.876005637310969900, 7.000000000000001800, -10.00000000000000000 ) ) ;
#132 = VERTEX_POINT ( 'NONE', #1349 ) ;
#133 = FACE_OUTER_BOUND ( 'NONE', #1193, .T. ) ;
#134 = CARTESIAN_POINT ( 'NONE',  ( 1.520015985077517000, 7.131019448207606400, -12.49999999999999600 ) ) ;
#135 = CARTESIAN_POINT ( 'NONE',  ( -3.701229487637425200, -6.701229487637394100, -10.03131579813636000 ) ) ;
#136 = AXIS2_PLACEMENT_3D ( 'NONE', #4171, #3773, #1316 ) ;
#137 = VERTEX_POINT ( 'NONE', #4209 ) ;
#138 = ORIENTED_EDGE ( 'NONE', *, *, #3781, .F. ) ;
#139 = ORIENTED_EDGE ( 'NONE', *, *, #3396, .F. ) ;
#140 = CARTESIAN_POINT ( 'NONE',  ( -1.457908017418295900, 5.520614977802227800, -1.758651063907273200 ) ) ;
#141 = CARTESIAN_POINT ( 'NONE',  ( -5.670571404937430100, 1.627261175019493000, 5.670571404937438100 ) ) ;
#142 = CARTESIAN_POINT ( 'NONE',  ( 2.518645519832008800, -9.118645519832117700, -11.55233595624294200 ) ) ;
#143 = ORIENTED_EDGE ( 'NONE', *, *, #421, .F. ) ;
#144 = CARTESIAN_POINT ( 'NONE',  ( 8.799999999999997200, -3.636698961060983700, 6.636698961060993400 ) ) ;
#145 = EDGE_CURVE ( 'NONE', #3919, #96, #238, .T. ) ;
#146 = CARTESIAN_POINT ( 'NONE',  ( 4.000000000000003600, -5.299588860426398500, -9.999999999999994700 ) ) ;
#147 = CARTESIAN_POINT ( 'NONE',  ( 9.999999999999998200, -9.200000000000025900, -2.599999999999913000 ) ) ;
#148 = CARTESIAN_POINT ( 'NONE',  ( 8.799999999999995400, 6.636698961060978300, -3.636698961060974300 ) ) ;
#149 = ORIENTED_EDGE ( 'NONE', *, *, #3828, .T. ) ;
#150 = DIRECTION ( 'NONE',  ( 0.0000000000000000000, 0.0000000000000000000, -1.000000000000000000 ) ) ;
#151 = CARTESIAN_POINT ( 'NONE',  ( -10.00000000000000900, -9.999999999999994700, 10.00000000000000000 ) ) ;
#152 = ORIENTED_EDGE ( 'NONE', *, *, #1614, .F. ) ;
#153 = EDGE_CURVE ( 'NONE', #1084, #1318, #2688, .T. ) ;
#154 = CARTESIAN_POINT ( 'NONE',  ( 5.614609113783590300, 1.778462313659802800, 5.313866067294637400 ) ) ;
#155 = DIRECTION ( 'NONE',  ( -0.9986295347545739400, 4.481695273724009900E-015, -0.05233595624294417500 ) ) ;
#156 = DIRECTION ( 'NONE',  ( -1.591066393909280600E-017, -0.0000000000000000000, -1.000000000000000000 ) ) ;
#157 = DIRECTION ( 'NONE',  ( 1.000000000000000000, -1.805304455399569900E-016, -0.0000000000000000000 ) ) ;
#158 = EDGE_CURVE ( 'NONE', #4525, #86, #4458, .T. ) ;
#159 = FACE_OUTER_BOUND ( 'NONE', #4659, .T. ) ;
#160 = CARTESIAN_POINT ( 'NONE',  ( 11.55233595624294200, -2.518645519832045200, 9.200000000000015300 ) ) ;
#161 = EDGE_LOOP ( 'NONE', ( #1878, #1755, #1497, #2332 ) ) ;
#162 = ORIENTED_EDGE ( 'NONE', *, *, #2664, .T. ) ;
#163 = DIRECTION ( 'NONE',  ( -1.000000000000000000, 0.0000000000000000000, 0.0000000000000000000 ) ) ;
#164 = CARTESIAN_POINT ( 'NONE',  ( 12.49999999999999500, 9.068980551792401800, -1.520015985077514800 ) ) ;
#165 = FACE_OUTER_BOUND ( 'NONE', #4722, .T. ) ;
#166 = CARTESIAN_POINT ( 'NONE',  ( 2.600000000000000500, 9.200000000000002800, -9.999999999999994700 ) ) ;
#167 = ORIENTED_EDGE ( 'NONE', *, *, #3077, .T. ) ;
#168 = DIRECTION ( 'NONE',  ( 0.0000000000000000000, -0.0000000000000000000, 1.000000000000000000 ) ) ;
#169 = ORIENTED_EDGE ( 'NONE', *, *, #1551, .T. ) ;
#170 = CIRCLE ( 'NONE', #3573, 0.3000000000000003200 ) ;
#171 = B_SPLINE_CURVE_WITH_KNOTS ( 'NONE', 3,
 ( #399, #2033, #2456, #13, #2854, #407, #3272, #824, #3687, #1236, #4109, #1651, #4506, #2046, #4906, #2467, #22, #2866, #434, #3286, #839, #3708, #1255, #4123, #1669, #4527, #2061, #4924, #2487, #40 ),
 .UNSPECIFIED., .F., .F.,
 ( 4, 2, 2, 2, 2, 2, 2, 2, 2, 2, 2, 2, 2, 2, 4 ),
 ( -1.515840244406747800E-005, 0.0003246300717864030600, 0.0006644185460168736000, 0.001343995494477814600, 0.002703149391399697100, 0.003382726339860639600, 0.004062303288321582500, 0.005421457185243466600, 0.006101034133704408600, 0.006780611082165349800, 0.008139764979087230400, 0.008819341927548169900, 0.009498918876009111000, 0.01017849582447005000, 0.01085807277293099000 ),
 .UNSPECIFIED. ) ;
#172 = FACE_OUTER_BOUND ( 'NONE', #3436, .T. ) ;
#173 = EDGE_LOOP ( 'NONE', ( #505, #5181, #3570, #389 ) ) ;
#174 = CARTESIAN_POINT ( 'NONE',  ( 1.758203193445728100, 5.520879529840719600, 1.457460146957348000 ) ) ;
#175 = FACE_OUTER_BOUND ( 'NONE', #3953, .T. ) ;
#176 = CARTESIAN_POINT ( 'NONE',  ( -3.701229487637426100, -4.999181651936227800, -10.01561501126347200 ) ) ;
#177 = ORIENTED_EDGE ( 'NONE', *, *, #493, .F. ) ;
#178 = CARTESIAN_POINT ( 'NONE',  ( 8.499999999999994700, 6.636698961060978300, -3.636698961060974800 ) ) ;
#179 = DIRECTION ( 'NONE',  ( -0.0000000000000000000, 9.507619051026732300E-015, 1.000000000000000000 ) ) ;
#180 = EDGE_CURVE ( 'NONE', #4881, #3932, #4705, .T. ) ;
#181 = EDGE_LOOP ( 'NONE', ( #3934, #4448, #3060, #2147 ) ) ;
#182 = LINE ( 'NONE', #415, #3176 ) ;
#183 = ORIENTED_EDGE ( 'NONE', *, *, #2619, .T. ) ;
#184 = FACE_OUTER_BOUND ( 'NONE', #790, .T. ) ;
#185 = DIRECTION ( 'NONE',  ( -0.05226442768871424800, -0.05226442768871403900, 0.9972646886342372300 ) ) ;
#186 = FACE_OUTER_BOUND ( 'NONE', #1324, .T. ) ;
#187 = CARTESIAN_POINT ( 'NONE',  ( 9.999999999999998200, -9.999999999999994700, -10.00000000000000000 ) ) ;
#188 = ORIENTED_EDGE ( 'NONE', *, *, #3456, .T. ) ;
#189 = VECTOR ( 'NONE', #5050, 1000.000000000000000 ) ;
#190 = PLANE ( 'NONE',  #854 ) ;
#191 = CARTESIAN_POINT ( 'NONE',  ( -5.900915317458197900, -0.2383275395712071400, 5.900915317458205900 ) ) ;
#192 = CIRCLE ( 'NONE', #1528, 5.971233832142132800 ) ;
#193 = ORIENTED_EDGE ( 'NONE', *, *, #1756, .F. ) ;
#194 = VERTEX_POINT ( 'NONE', #3736 ) ;
#195 = VECTOR ( 'NONE', #2492, 1000.000000000000000 ) ;
#196 = CARTESIAN_POINT ( 'NONE',  ( 3.936287821487349800, -5.363301038939051900, -8.784299213127113100 ) ) ;
#197 = ADVANCED_FACE ( 'NONE', ( #4146 ), #1955, .F. ) ;
#198 = EDGE_CURVE ( 'NONE', #1971, #489, #3237, .T. ) ;
#199 = CARTESIAN_POINT ( 'NONE',  ( -10.00000000000000500, 10.00000000000000500, -10.00000000000000000 ) ) ;
#200 = ORIENTED_EDGE ( 'NONE', *, *, #3982, .F. ) ;
#201 =( BOUNDED_CURVE ( )  B_SPLINE_CURVE ( 3, ( #1077, #3534, #4364, #1898 ),
 .UNSPECIFIED., .F., .F. ) 
 B_SPLINE_CURVE_WITH_KNOTS ( ( 4, 4 ),
 ( 2.593768667189589700E-015, 1.518436449235068200 ),
 .UNSPECIFIED. ) 
 CURVE ( )  GEOMETRIC_REPRESENTATION_ITEM ( )  RATIONAL_B_SPLINE_CURVE ( ( 1.000000000000000000, 0.8169162473415252400, 0.8169162473415252400, 1.000000000000000000 ) ) 
 REPRESENTATION_ITEM ( '' )  );
#202 = CARTESIAN_POINT ( 'NONE',  ( -3.701229487637425200, 7.000818348063799800, -10.01561501126347200 ) ) ;
#203 = CARTESIAN_POINT ( 'NONE',  ( 9.999999999999998200, -9.199999999999978000, 2.600000000000086700 ) ) ;
#204 = DIRECTION ( 'NONE',  ( -1.734723475976807300E-016, 1.000000000000000000, -1.734723475976807100E-016 ) ) ;
#205 = DIRECTION ( 'NONE',  ( 0.05233595624294417500, 0.0000000000000000000, -0.9986295347545739400 ) ) ;
#206 = AXIS2_PLACEMENT_3D ( 'NONE', #1716, #1303, #476 ) ;
#207 = ORIENTED_EDGE ( 'NONE', *, *, #1219, .F. ) ;
#208 = CARTESIAN_POINT ( 'NONE',  ( -4.293871237135999100, -3.990781489555379500, 4.293871237136007900 ) ) ;
#209 = CARTESIAN_POINT ( 'NONE',  ( 3.145412754139774500, -4.722113859335514100, -3.145412754139781600 ) ) ;
#210 = DIRECTION ( 'NONE',  ( 1.000000000000000000, -1.734723475976807100E-016, 0.0000000000000000000 ) ) ;
#211 = EDGE_CURVE ( 'NONE', #3595, #3468, #2276, .T. ) ;
#212 = ORIENTED_EDGE ( 'NONE', *, *, #2779, .F. ) ;
#213 = CARTESIAN_POINT ( 'NONE',  ( 8.799999999999995400, 6.636698961060978300, -3.636698961060974300 ) ) ;
#214 = CARTESIAN_POINT ( 'NONE',  ( 3.636698961060977500, -5.363301038939052700, -8.799999999999997200 ) ) ;
#215 = EDGE_LOOP ( 'NONE', ( #571, #996, #1085, #49 ) ) ;
#216 = DIRECTION ( 'NONE',  ( -0.05226442768871382400, -0.05226442768871403900, -0.9972646886342373400 ) ) ;
#217 = AXIS2_PLACEMENT_3D ( 'NONE', #3724, #462, #3330 ) ;
#218 = EDGE_CURVE ( 'NONE', #2040, #3219, #1051, .T. ) ;
#219 = DIRECTION ( 'NONE',  ( 1.550466012510000700E-017, -0.0000000000000000000, 1.000000000000000000 ) ) ;
#220 = DIRECTION ( 'NONE',  ( 0.9972646886342373400, 0.05226442768871421300, 0.05226442768871401900 ) ) ;
#221 = PLANE ( 'NONE',  #1322 ) ;
#222 = CARTESIAN_POINT ( 'NONE',  ( -0.1867629584952596700, -5.750694951604484300, 0.1867629584953404100 ) ) ;
#223 = EDGE_CURVE ( 'NONE', #2166, #577, #5282, .T. ) ;
#224 = CARTESIAN_POINT ( 'NONE',  ( 9.999999999999994700, 10.00000000000000500, 10.00000000000000000 ) ) ;
#225 = VERTEX_POINT ( 'NONE', #5051 ) ;
#226 = AXIS2_PLACEMENT_3D ( 'NONE', #4664, #570, #5052 ) ;
#227 = ORIENTED_EDGE ( 'NONE', *, *, #4956, .T. ) ;
#228 = LINE ( 'NONE', #3155, #2264 ) ;
#229 = ORIENTED_EDGE ( 'NONE', *, *, #1913, .F. ) ;
#230 = ORIENTED_EDGE ( 'NONE', *, *, #1975, .T. ) ;
#231 = ORIENTED_EDGE ( 'NONE', *, *, #198, .T. ) ;
#232 = LINE ( 'NONE', #2617, #1188 ) ;
#233 = AXIS2_PLACEMENT_3D ( 'NONE', #780, #3651, #1192 ) ;
#234 = LINE ( 'NONE', #4792, #4452 ) ;
#235 = ORIENTED_EDGE ( 'NONE', *, *, #2779, .T. ) ;
#236 = CARTESIAN_POINT ( 'NONE',  ( -8.500000000000008900, -8.499999999999994700, 8.500000000000000000 ) ) ;
#237 = ORIENTED_EDGE ( 'NONE', *, *, #4313, .F. ) ;
#238 = LINE ( 'NONE', #3795, #2536 ) ;
#239 =( BOUNDED_CURVE ( )  B_SPLINE_CURVE ( 3, ( #5205, #313, #3165, #724 ),
 .UNSPECIFIED., .F., .F. ) 
 B_SPLINE_CURVE_WITH_KNOTS ( ( 4, 4 ),
 ( 2.357564018062738400, 3.925621289116845200 ),
 .UNSPECIFIED. ) 
 CURVE ( )  GEOMETRIC_REPRESENTATION_ITEM ( )  RATIONAL_B_SPLINE_CURVE ( ( 1.000000000000000000, 0.8053830134673594100, 0.8053830134673594100, 1.000000000000000000 ) ) 
 REPRESENTATION_ITEM ( '' )  );
#240 = EDGE_CURVE ( 'NONE', #2780, #3421, #3092, .T. ) ;
#241 = VERTEX_POINT ( 'NONE', #568 ) ;
#242 = CIRCLE ( 'NONE', #2658, 1.000000000000000000 ) ;
#243 = FACE_OUTER_BOUND ( 'NONE', #1621, .T. ) ;
#244 = ADVANCED_FACE ( 'NONE', ( #2960 ), #807, .T. ) ;
#245 = ORIENTED_EDGE ( 'NONE', *, *, #1335, .F. ) ;
#246 = TOROIDAL_SURFACE ( 'NONE', #1767, 6.970891157117690400, 1.000000000000000000 ) ;
#247 = DIRECTION ( 'NONE',  ( 1.000000000000000000, 0.0000000000000000000, 0.0000000000000000000 ) ) ;
#248 = CARTESIAN_POINT ( 'NONE',  ( -5.299588860426386100, 3.999999999999988000, -10.00000000000000000 ) ) ;
#249 = FACE_OUTER_BOUND ( 'NONE', #3352, .T. ) ;
#250 = EDGE_CURVE ( 'NONE', #2504, #347, #1886, .T. ) ;
#251 = LINE ( 'NONE', #983, #3384 ) ;
#252 = ORIENTED_EDGE ( 'NONE', *, *, #2122, .F. ) ;
#253 = DIRECTION ( 'NONE',  ( 0.0000000000000000000, 1.000000000000000000, 0.0000000000000000000 ) ) ;
#254 = FACE_OUTER_BOUND ( 'NONE', #3575, .T. ) ;
#255 = CARTESIAN_POINT ( 'NONE',  ( -5.299588860426384300, -4.000000000000013300, -10.00000000000000000 ) ) ;
#256 = VECTOR ( 'NONE', #185, 1000.000000000000100 ) ;
#257 = ORIENTED_EDGE ( 'NONE', *, *, #198, .F. ) ;
#258 = CIRCLE ( 'NONE', #1347, 0.3000000000000003200 ) ;
#259 = DIRECTION ( 'NONE',  ( 0.0000000000000000000, 1.000000000000000000, 0.0000000000000000000 ) ) ;
#260 = CARTESIAN_POINT ( 'NONE',  ( 3.536405300072906000E-015, 0.0000000000000000000, 8.574287104857958800 ) ) ;
#261 = CARTESIAN_POINT ( 'NONE',  ( -7.000000000000012400, -3.700411139573638800, -10.00000000000000000 ) ) ;
#262 = DIRECTION ( 'NONE',  ( 1.000000000000000000, -0.0000000000000000000, 0.0000000000000000000 ) ) ;
#263 = EDGE_LOOP ( 'NONE', ( #230, #1818, #4672, #2659 ) ) ;
#264 = EDGE_CURVE ( 'NONE', #813, #1385, #933, .T. ) ;
#265 = PLANE ( 'NONE',  #3625 ) ;
#266 = DIRECTION ( 'NONE',  ( -6.071532165918825800E-016, 1.000000000000000000, -1.734723475976807800E-016 ) ) ;
#267 = DIRECTION ( 'NONE',  ( -9.091528035460269600E-015, -1.000000000000000000, 1.734723475976786100E-016 ) ) ;
#268 = ADVANCED_FACE ( 'NONE', ( #5016 ), #580, .T. ) ;
#269 = CARTESIAN_POINT ( 'NONE',  ( -3.636698961060974300, 5.363301038939027900, -8.799999999999998900 ) ) ;
#270 = EDGE_LOOP ( 'NONE', ( #3742, #980, #685, #2203 ) ) ;
#271 = AXIS2_PLACEMENT_3D ( 'NONE', #2388, #5281, #2822 ) ;
#272 =( BOUNDED_CURVE ( )  B_SPLINE_CURVE ( 3, ( #385, #2818, #788, #3663 ),
 .UNSPECIFIED., .F., .F. ) 
 B_SPLINE_CURVE_WITH_KNOTS ( ( 4, 4 ),
 ( 5.499156671652534600, 7.067213942706641400 ),
 .UNSPECIFIED. ) 
 CURVE ( )  GEOMETRIC_REPRESENTATION_ITEM ( )  RATIONAL_B_SPLINE_CURVE ( ( 1.000000000000000000, 0.8053830134673594100, 0.8053830134673594100, 1.000000000000000000 ) ) 
 REPRESENTATION_ITEM ( '' )  );
#273 = CARTESIAN_POINT ( 'NONE',  ( 3.247388255352005500E-015, 0.0000000000000000000, -9.999999999999998200 ) ) ;
#274 = CARTESIAN_POINT ( 'NONE',  ( 9.999999999999998200, -5.000000000000024900, -4.000000000000000900 ) ) ;
#275 = ORIENTED_EDGE ( 'NONE', *, *, #3609, .T. ) ;
#276 = DIRECTION ( 'NONE',  ( -0.05226442768871447700, -0.05226442768871432400, -0.9972646886342374500 ) ) ;
#277 = EDGE_CURVE ( 'NONE', #860, #3669, #1760, .T. ) ;
#278 = ORIENTED_EDGE ( 'NONE', *, *, #4922, .T. ) ;
#279 = DIRECTION ( 'NONE',  ( 0.9986295347545739400, -0.05233595624294377900, 0.0000000000000000000 ) ) ;
#280 = CARTESIAN_POINT ( 'NONE',  ( 12.49999999999999300, 2.081766411704407900, 9.068980551792391200 ) ) ;
#281 = CARTESIAN_POINT ( 'NONE',  ( 11.55233595624294200, 7.131019448207608100, -2.518645519832090500 ) ) ;
#282 = FACE_OUTER_BOUND ( 'NONE', #2722, .T. ) ;
#283 = ORIENTED_EDGE ( 'NONE', *, *, #1964, .T. ) ;
#284 = DIRECTION ( 'NONE',  ( -1.000000000000000000, -1.734723475976806600E-016, -4.440892098500625200E-016 ) ) ;
#285 = ORIENTED_EDGE ( 'NONE', *, *, #5024, .F. ) ;
#286 =( BOUNDED_CURVE ( )  B_SPLINE_CURVE ( 3, ( #527, #940, #2577, #142 ),
 .UNSPECIFIED., .F., .F. ) 
 B_SPLINE_CURVE_WITH_KNOTS ( ( 4, 4 ),
 ( 3.141592653589792700, 4.660029102824861300 ),
 .UNSPECIFIED. ) 
 CURVE ( )  GEOMETRIC_REPRESENTATION_ITEM ( )  RATIONAL_B_SPLINE_CURVE ( ( 1.000000000000000000, 0.8169162473415246800, 0.8169162473415246800, 1.000000000000000000 ) ) 
 REPRESENTATION_ITEM ( '' )  );
#287 = EDGE_CURVE ( 'NONE', #2273, #345, #4078, .T. ) ;
#288 = CARTESIAN_POINT ( 'NONE',  ( -10.00000000000000500, 7.035495700303544100, 8.615997289791701900E-016 ) ) ;
#289 = CARTESIAN_POINT ( 'NONE',  ( 9.999999999999994700, 9.200000000000004600, 2.600000000000000100 ) ) ;
#290 = ADVANCED_FACE ( 'NONE', ( #4888 ), #4754, .T. ) ;
#291 = CARTESIAN_POINT ( 'NONE',  ( -5.320623075575619000, 3.679376924424383200, -9.614344052491299300 ) ) ;
#292 = EDGE_LOOP ( 'NONE', ( #4826, #3220 ) ) ;
#293 = VERTEX_POINT ( 'NONE', #596 ) ;
#294 = VECTOR ( 'NONE', #1071, 1000.000000000000100 ) ;
#295 = CYLINDRICAL_SURFACE ( 'NONE', #1196, 1.499999999999999600 ) ;
#296 = ORIENTED_EDGE ( 'NONE', *, *, #2827, .F. ) ;
#297 = ORIENTED_EDGE ( 'NONE', *, *, #2936, .F. ) ;
#298 = B_SPLINE_CURVE_WITH_KNOTS ( 'NONE', 3,
 ( #3764, #480, #4158, #1304, #4175, #1720, #4570, #2116, #4982, #2541, #92, #2933, #502, #3359, #910, #3784, #1330, #4186, #1735, #4593, #2136, #4993, #2561, #115, #2945, #520, #3382, #927 ),
 .UNSPECIFIED., .F., .F.,
 ( 4, 2, 2, 2, 2, 2, 2, 2, 2, 2, 2, 2, 2, 4 ),
 ( -1.515840244406743200E-005, 0.0003246556107236409600, 0.0006644696238913492800, 0.001344097650226766100, 0.002703353702897599400, 0.003382981729233017000, 0.004062609755568435100, 0.005421865808239266900, 0.006781121860910099500, 0.008140377913580930400, 0.008820005939916346700, 0.009499633966251763000, 0.01017926199258717900, 0.01085889001892259400 ),
 .UNSPECIFIED. ) ;
#299 = AXIS2_PLACEMENT_3D ( 'NONE', #1500, #3141, #4375 ) ;
#300 = DIRECTION ( 'NONE',  ( 0.9986295347545739400, 0.05233595624294412600, 0.0000000000000000000 ) ) ;
#301 = ORIENTED_EDGE ( 'NONE', *, *, #2050, .F. ) ;
#302 = LINE ( 'NONE', #720, #4648 ) ;
#303 = ORIENTED_EDGE ( 'NONE', *, *, #519, .F. ) ;
#304 = CARTESIAN_POINT ( 'NONE',  ( -10.00000000000000700, 4.128514106687783000E-017, 0.0000000000000000000 ) ) ;
#305 = VECTOR ( 'NONE', #3208, 1000.000000000000000 ) ;
#306 = CARTESIAN_POINT ( 'NONE',  ( -5.299588860426386100, 3.999999999999988000, -10.00000000000000000 ) ) ;
#307 = CARTESIAN_POINT ( 'NONE',  ( 8.784299213127113100, -3.921388331075445200, 5.063712178512669300 ) ) ;
#308 = DIRECTION ( 'NONE',  ( -0.9972646886342372300, -0.05226442768871419900, -0.05226442768871379700 ) ) ;
#309 = DIRECTION ( 'NONE',  ( 0.0000000000000000000, 1.156482317317871700E-015, 1.000000000000000000 ) ) ;
#310 = VECTOR ( 'NONE', #5030, 1000.000000000000100 ) ;
#311 = CIRCLE ( 'NONE', #4637, 0.2999999999999999300 ) ;
#312 = ORIENTED_EDGE ( 'NONE', *, *, #789, .F. ) ;
#313 = CARTESIAN_POINT ( 'NONE',  ( 9.999999999999996400, -3.876005637310979200, 5.000000000000016000 ) ) ;
#314 = EDGE_LOOP ( 'NONE', ( #227, #1687, #303, #1820 ) ) ;
#315 = AXIS2_PLACEMENT_3D ( 'NONE', #4244, #2193, #5055 ) ;
#316 = EDGE_CURVE ( 'NONE', #5182, #5141, #541, .T. ) ;
#317 = DIRECTION ( 'NONE',  ( -0.9996573249755574800, 0.0000000000000000000, 0.02617694830786646300 ) ) ;
#318 = ADVANCED_FACE ( 'NONE', ( #675 ), #3689, .F. ) ;
#319 = DIRECTION ( 'NONE',  ( -0.0000000000000000000, -0.0000000000000000000, 1.000000000000000000 ) ) ;
#320 = VERTEX_POINT ( 'NONE', #3466 ) ;
#321 = EDGE_CURVE ( 'NONE', #4255, #825, #2165, .T. ) ;
#322 = CARTESIAN_POINT ( 'NONE',  ( -3.999999999999999100, -5.299588860426399400, -9.999999999999998200 ) ) ;
#323 = CARTESIAN_POINT ( 'NONE',  ( -8.586271053293986100, 0.0000000000000000000, 0.0000000000000000000 ) ) ;
#324 = DIRECTION ( 'NONE',  ( -1.000000000000000000, 7.055262550366244800E-016, -2.220446049250313600E-016 ) ) ;
#325 = CARTESIAN_POINT ( 'NONE',  ( -9.068980551792389400, 2.081766411704402600, -12.50000000000000200 ) ) ;
#326 = CARTESIAN_POINT ( 'NONE',  ( -7.014204166088458900, 2.585795833911562500, -10.27103163466928700 ) ) ;
#327 = ORIENTED_EDGE ( 'NONE', *, *, #3735, .T. ) ;
#328 = DIRECTION ( 'NONE',  ( 1.000000000000000000, 0.0000000000000000000, 0.0000000000000000000 ) ) ;
#329 = ORIENTED_EDGE ( 'NONE', *, *, #1240, .T. ) ;
#330 = CARTESIAN_POINT ( 'NONE',  ( 9.999999999999998200, -6.700411139573592600, 4.000000000000001800 ) ) ;
#331 = DIRECTION ( 'NONE',  ( -1.000000000000000000, -1.851092122435818100E-016, -2.220446049250312300E-016 ) ) ;
#332 = EDGE_CURVE ( 'NONE', #1396, #3865, #420, .T. ) ;
#333 = CARTESIAN_POINT ( 'NONE',  ( 9.999999999999994700, 10.00000000000000500, 8.500000000000000000 ) ) ;
#334 = CARTESIAN_POINT ( 'NONE',  ( 10.11466723005238700, 7.006009454883588300, -2.593990545116416200 ) ) ;
#335 = DIRECTION ( 'NONE',  ( 2.891205793294679000E-015, 0.0000000000000000000, 1.000000000000000000 ) ) ;
#336 = ORIENTED_EDGE ( 'NONE', *, *, #929, .F. ) ;
#337 = CARTESIAN_POINT ( 'NONE',  ( -9.200000000000011700, -2.599999999999958300, -10.00000000000000000 ) ) ;
#338 = CARTESIAN_POINT ( 'NONE',  ( 2.600000000000000500, 9.200000000000002800, -9.999999999999994700 ) ) ;
#339 = CARTESIAN_POINT ( 'NONE',  ( -3.636698961060973000, -7.000000000000026600, -8.499999999999998200 ) ) ;
#340 = ADVANCED_FACE ( 'NONE', ( #1502, #4634, #2719, #3561, #2469 ), #3489, .F. ) ;
#341 = AXIS2_PLACEMENT_3D ( 'NONE', #5075, #3462, #3867 ) ;
#342 = EDGE_CURVE ( 'NONE', #1836, #137, #111, .T. ) ;
#343 = DIRECTION ( 'NONE',  ( 0.05233595624294377900, 0.9986295347545739400, -9.494589189550550900E-015 ) ) ;
#344 = LINE ( 'NONE', #5250, #2521 ) ;
#345 = VERTEX_POINT ( 'NONE', #632 ) ;
#346 = ORIENTED_EDGE ( 'NONE', *, *, #5204, .F. ) ;
#347 = VERTEX_POINT ( 'NONE', #3514 ) ;
#348 =( NAMED_UNIT ( * ) PLANE_ANGLE_UNIT ( ) SI_UNIT ( $, .RADIAN. ) );
#349 = CARTESIAN_POINT ( 'NONE',  ( 3.560326835556183000E-015, 0.0000000000000000000, 10.00000000000000000 ) ) ;
#350 = VECTOR ( 'NONE', #284, 1000.000000000000000 ) ;
#351 = ORIENTED_EDGE ( 'NONE', *, *, #1928, .T. ) ;
#352 = AXIS2_PLACEMENT_3D ( 'NONE', #2728, #1101, #3970 ) ;
#353 = ORIENTED_EDGE ( 'NONE', *, *, #4376, .T. ) ;
#354 = ORIENTED_EDGE ( 'NONE', *, *, #4966, .F. ) ;
#355 = B_SPLINE_CURVE_WITH_KNOTS ( 'NONE', 3,
 ( #1729, #4996, #122, #2950, #523, #3388, #931, #3800, #1353, #4214, #1752, #4616, #2163, #5014, #2574, #140, #2971, #532, #3404, #950, #3815, #1364, #4232, #1771 ),
 .UNSPECIFIED., .F., .F.,
 ( 4, 2, 2, 2, 2, 2, 2, 2, 2, 2, 2, 4 ),
 ( 0.01085889001892259400, 0.01221436984280995000, 0.01356984966669730700, 0.01424758957864098600, 0.01492532949058466400, 0.01628080931447202200, 0.01763628913835938200, 0.01899176896224674000, 0.02034724878613410100, 0.02102498869807777800, 0.02136385865404961900, 0.02170272861002145800 ),
 .UNSPECIFIED. ) ;
#356 = VECTOR ( 'NONE', #4492, 1000.000000000000000 ) ;
#357 = DIRECTION ( 'NONE',  ( 0.0000000000000000000, -1.000000000000000000, 4.336808689942018200E-016 ) ) ;
#358 = VECTOR ( 'NONE', #4752, 1000.000000000000000 ) ;
#359 = ORIENTED_EDGE ( 'NONE', *, *, #2114, .F. ) ;
#360 = EDGE_CURVE ( 'NONE', #2571, #3876, #5045, .T. ) ;
#361 = CARTESIAN_POINT ( 'NONE',  ( 6.499999999999995600, -3.149999999999999900, -6.500000000000000900 ) ) ;
#362 = CARTESIAN_POINT ( 'NONE',  ( 2.489245774084694100, 9.089245774084698600, -12.11331652343349100 ) ) ;
#363 = ORIENTED_EDGE ( 'NONE', *, *, #316, .F. ) ;
#364 = CYLINDRICAL_SURFACE ( 'NONE', #3948, 2.600000000000001000 ) ;
#365 = AXIS2_PLACEMENT_3D ( 'NONE', #2288, #259, #1482 ) ;
#366 = ORIENTED_EDGE ( 'NONE', *, *, #3216, .T. ) ;
#367 = VECTOR ( 'NONE', #3411, 1000.000000000000000 ) ;
#368 = VECTOR ( 'NONE', #2712, 1000.000000000000000 ) ;
#369 = DIRECTION ( 'NONE',  ( -0.05233595624294414700, 0.0000000000000000000, -0.9986295347545737200 ) ) ;
#370 = VERTEX_POINT ( 'NONE', #261 ) ;
#371 = FACE_OUTER_BOUND ( 'NONE', #5278, .T. ) ;
#372 = AXIS2_PLACEMENT_3D ( 'NONE', #711, #3582, #1114 ) ;
#373 = CARTESIAN_POINT ( 'NONE',  ( 9.999999999999994700, 5.000000000000004400, -3.700411139573628500 ) ) ;
#374 = ADVANCED_FACE ( 'NONE', ( #1256 ), #5148, .T. ) ;
#375 = LINE ( 'NONE', #2758, #1336 ) ;
#376 = LINE ( 'NONE', #5043, #3510 ) ;
#377 = ORIENTED_EDGE ( 'NONE', *, *, #3684, .F. ) ;
#378 = ORIENTED_EDGE ( 'NONE', *, *, #1514, .T. ) ;
#379 = VECTOR ( 'NONE', #3158, 1000.000000000000000 ) ;
#380 = CARTESIAN_POINT ( 'NONE',  ( -7.000000000000012400, -3.636698961060986300, -8.799999999999998900 ) ) ;
#381 = CYLINDRICAL_SURFACE ( 'NONE', #2121, 0.2999999999999999300 ) ;
#382 = EDGE_CURVE ( 'NONE', #4261, #3256, #3426, .T. ) ;
#383 = CARTESIAN_POINT ( 'NONE',  ( 9.999999999999998200, 0.0000000000000000000, -2.600000000000001000 ) ) ;
#384 = CARTESIAN_POINT ( 'NONE',  ( -2.518645519832172200, -9.068980551792378700, -11.55233595624294400 ) ) ;
#385 = CARTESIAN_POINT ( 'NONE',  ( -3.700411139573626800, 7.000000000000001800, -9.999999999999998200 ) ) ;
#386 = ORIENTED_EDGE ( 'NONE', *, *, #1310, .F. ) ;
#387 = CYLINDRICAL_SURFACE ( 'NONE', #518, 0.2999999999999999300 ) ;
#388 = EDGE_CURVE ( 'NONE', #930, #4704, #170, .T. ) ;
#389 = ORIENTED_EDGE ( 'NONE', *, *, #1020, .F. ) ;
#390 = APPLICATION_CONTEXT ( 'automotive_design' ) ;
#391 = CARTESIAN_POINT ( 'NONE',  ( -3.999999999999998200, -6.700411139573595200, -9.999999999999998200 ) ) ;
#392 = CARTESIAN_POINT ( 'NONE',  ( -1.520015985077516300, 9.068980551792400000, -12.49999999999999800 ) ) ;
#393 = EDGE_CURVE ( 'NONE', #1121, #2816, #4395, .T. ) ;
#394 = AXIS2_PLACEMENT_3D ( 'NONE', #1162, #4028, #1564 ) ;
#395 = DIRECTION ( 'NONE',  ( 0.0000000000000000000, -1.000000000000000000, 0.0000000000000000000 ) ) ;
#396 = ORIENTED_EDGE ( 'NONE', *, *, #1203, .T. ) ;
#397 = ADVANCED_FACE ( 'NONE', ( #2339 ), #2204, .F. ) ;
#398 = CARTESIAN_POINT ( 'NONE',  ( 9.999999999999994700, 9.200000000000004600, 2.600000000000000100 ) ) ;
#399 = CARTESIAN_POINT ( 'NONE',  ( 0.1503715232444807200, -5.740487648777994800, -0.1503715232444773600 ) ) ;
#400 = CARTESIAN_POINT ( 'NONE',  ( 8.784299213127111400, 6.636698961060978300, -3.936287821487346200 ) ) ;
#401 = ADVANCED_FACE ( 'NONE', ( #4262 ), #4761, .T. ) ;
#402 = ORIENTED_EDGE ( 'NONE', *, *, #1471, .T. ) ;
#403 = CARTESIAN_POINT ( 'NONE',  ( 8.799999999999998900, -6.636698961060941000, 3.636698961060976100 ) ) ;
#404 = CARTESIAN_POINT ( 'NONE',  ( 8.784299213127111400, 6.936287821487350200, 2.600000000000000100 ) ) ;
#405 = CARTESIAN_POINT ( 'NONE',  ( -6.636698961060957000, 3.636698961060962400, -8.800000000000000700 ) ) ;
#406 = DIRECTION ( 'NONE',  ( -0.9986295347545739400, 0.0000000000000000000, 0.05233595624294395300 ) ) ;
#407 = CARTESIAN_POINT ( 'NONE',  ( 0.7961114706103513700, -5.706360246792408800, 0.4953684241214368900 ) ) ;
#408 = DIRECTION ( 'NONE',  ( -8.820481212002229700E-017, 0.9986295347545739400, 0.05233595624294395300 ) ) ;
#409 = CARTESIAN_POINT ( 'NONE',  ( 8.499999999999994700, 5.000000000000004400, 4.000000000000000900 ) ) ;
#410 = VECTOR ( 'NONE', #2848, 1000.000000000000000 ) ;
#411 = AXIS2_PLACEMENT_3D ( 'NONE', #840, #3287, #4111 ) ;
#412 = EDGE_CURVE ( 'NONE', #1714, #4400, #3296, .T. ) ;
#413 = ORIENTED_EDGE ( 'NONE', *, *, #5290, .T. ) ;
#414 = ORIENTED_EDGE ( 'NONE', *, *, #1825, .T. ) ;
#415 = CARTESIAN_POINT ( 'NONE',  ( 8.515615011263470500, 5.077793320860767100, -3.622617818712865000 ) ) ;
#416 = DIRECTION ( 'NONE',  ( -0.0000000000000000000, 1.000000000000000000, 4.336808689942017700E-016 ) ) ;
#417 = ADVANCED_FACE ( 'NONE', ( #41 ), #5215, .F. ) ;
#418 = PLANE ( 'NONE',  #2691 ) ;
#419 = ORIENTED_EDGE ( 'NONE', *, *, #4411, .F. ) ;
#420 = LINE ( 'NONE', #2662, #2588 ) ;
#421 = EDGE_CURVE ( 'NONE', #4997, #737, #3974, .T. ) ;
#422 = CARTESIAN_POINT ( 'NONE',  ( -8.586271053293986100, 0.0000000000000000000, 0.0000000000000000000 ) ) ;
#423 = ADVANCED_FACE ( 'NONE', ( #3164 ), #5080, .F. ) ;
#424 = ORIENTED_EDGE ( 'NONE', *, *, #4376, .F. ) ;
#425 = LINE ( 'NONE', #1531, #3299 ) ;
#426 = LINE ( 'NONE', #3766, #4642 ) ;
#427 = ORIENTED_EDGE ( 'NONE', *, *, #2643, .F. ) ;
#428 = DIRECTION ( 'NONE',  ( -0.9972646886342373400, -0.05226442768871420600, 0.05226442768871410900 ) ) ;
#429 = ORIENTED_EDGE ( 'NONE', *, *, #3439, .T. ) ;
#430 = VECTOR ( 'NONE', #4390, 1000.000000000000000 ) ;
#431 = EDGE_LOOP ( 'NONE', ( #2731, #38, #3342, #2777 ) ) ;
#432 = EDGE_CURVE ( 'NONE', #2039, #1939, #1952, .T. ) ;
#433 = DIRECTION ( 'NONE',  ( 0.0000000000000000000, -2.891205793294679000E-015, -1.000000000000000000 ) ) ;
#434 = CARTESIAN_POINT ( 'NONE',  ( 4.515646766363217600, -3.734748123817138100, 4.214903719874263800 ) ) ;
#435 = VECTOR ( 'NONE', #2740, 1000.000000000000000 ) ;
#436 = LINE ( 'NONE', #2986, #1393 ) ;
#437 = CARTESIAN_POINT ( 'NONE',  ( 8.784299213127113100, 3.636698961060966400, 6.936287821487332500 ) ) ;
#438 = ORIENTED_EDGE ( 'NONE', *, *, #4444, .T. ) ;
#439 = DIRECTION ( 'NONE',  ( -0.9972646886342372300, -0.05226442768871420600, 0.05226442768871409500 ) ) ;
#440 = DIRECTION ( 'NONE',  ( -0.9986295347545737200, 0.0000000000000000000, -0.05233595624294422300 ) ) ;
#441 = VERTEX_POINT ( 'NONE', #2367 ) ;
#442 = VECTOR ( 'NONE', #4053, 1000.000000000000100 ) ;
#443 = PLANE ( 'NONE',  #529 ) ;
#444 = EDGE_LOOP ( 'NONE', ( #4433, #4951, #3434, #2882 ) ) ;
#445 = AXIS2_PLACEMENT_3D ( 'NONE', #1929, #1537, #3568 ) ;
#446 = EDGE_CURVE ( 'NONE', #3710, #1501, #2226, .T. ) ;
#447 = ADVANCED_FACE ( 'NONE', ( #864 ), #2897, .F. ) ;
#448 = DIRECTION ( 'NONE',  ( 1.550466012510000700E-017, -0.0000000000000000000, 1.000000000000000000 ) ) ;
#449 = CARTESIAN_POINT ( 'NONE',  ( 12.49999999999999800, -7.131019448207617900, -1.520015985077446600 ) ) ;
#450 = CARTESIAN_POINT ( 'NONE',  ( -2.518645519832172700, -9.118645519832071500, -11.55233595624294400 ) ) ;
#451 = ADVANCED_FACE ( 'NONE', ( #3024 ), #2074, .F. ) ;
#452 = CARTESIAN_POINT ( 'NONE',  ( 9.999999999999998200, -9.200000000000025900, -2.599999999999913000 ) ) ;
#453 = ORIENTED_EDGE ( 'NONE', *, *, #119, .F. ) ;
#454 = DIRECTION ( 'NONE',  ( 0.0000000000000000000, 0.0000000000000000000, 1.000000000000000000 ) ) ;
#455 = DIRECTION ( 'NONE',  ( 0.9972646886342374500, -0.05226442768871447000, 0.05226442768871447700 ) ) ;
#456 = CARTESIAN_POINT ( 'NONE',  ( 9.999999999999994700, 6.876005637310972100, 4.000000000000000900 ) ) ;
#457 = ORIENTED_EDGE ( 'NONE', *, *, #4172, .T. ) ;
#458 = EDGE_CURVE ( 'NONE', #100, #2202, #1899, .T. ) ;
#459 = CARTESIAN_POINT ( 'NONE',  ( 8.499999999999998200, -6.636698961061010300, -3.636698961060972600 ) ) ;
#460 = CARTESIAN_POINT ( 'NONE',  ( 8.799999999999998900, -6.636698961060937500, 3.999999999999998200 ) ) ;
#461 = CARTESIAN_POINT ( 'NONE',  ( 8.784299213127113100, 3.636698961060964600, 5.063712178512668400 ) ) ;
#462 = DIRECTION ( 'NONE',  ( -4.440892098500625700E-016, 1.734723475976805900E-016, 1.000000000000000000 ) ) ;
#463 = ORIENTED_EDGE ( 'NONE', *, *, #3035, .F. ) ;
#464 = DIRECTION ( 'NONE',  ( 0.05233595624294414700, 0.0000000000000000000, 0.9986295347545737200 ) ) ;
#465 = ORIENTED_EDGE ( 'NONE', *, *, #1854, .T. ) ;
#466 = SURFACE_STYLE_USAGE ( .BOTH. , #2901 ) ;
#467 = AXIS2_PLACEMENT_3D ( 'NONE', #4991, #2557, #110 ) ;
#468 = DIRECTION ( 'NONE',  ( 0.0000000000000000000, -1.000000000000000000, 0.0000000000000000000 ) ) ;
#469 = DIRECTION ( 'NONE',  ( 1.000000000000000000, -9.345783568074951700E-015, 2.220446049250329400E-016 ) ) ;
#470 = ADVANCED_FACE ( 'NONE', ( #738 ), #1164, .F. ) ;
#471 = DIRECTION ( 'NONE',  ( 1.000000000000000000, -7.576083753841924600E-017, 1.445602896647339500E-015 ) ) ;
#472 = CIRCLE ( 'NONE', #3275, 5.549999999999997200 ) ;
#473 = ORIENTED_EDGE ( 'NONE', *, *, #1789, .T. ) ;
#474 = EDGE_LOOP ( 'NONE', ( #2648, #2135 ) ) ;
#475 = EDGE_CURVE ( 'NONE', #2134, #1877, #4952, .T. ) ;
#476 = DIRECTION ( 'NONE',  ( 1.000000000000000000, 0.0000000000000000000, 0.0000000000000000000 ) ) ;
#477 = SPHERICAL_SURFACE ( 'NONE', #637, 0.2999999999999999900 ) ;
#478 = ORIENTED_EDGE ( 'NONE', *, *, #3407, .F. ) ;
#479 = ORIENTED_EDGE ( 'NONE', *, *, #512, .T. ) ;
#480 = CARTESIAN_POINT ( 'NONE',  ( 0.07027852959293724700, -5.740487546369160500, -0.2304684263905185100 ) ) ;
#481 = CARTESIAN_POINT ( 'NONE',  ( 0.9241483430750554500, 5.649232764451415500, -0.9241483430750907500 ) ) ;
#482 = VERTEX_POINT ( 'NONE', #1992 ) ;
#483 = LINE ( 'NONE', #5291, #4819 ) ;
#484 = EDGE_CURVE ( 'NONE', #1633, #2476, #1697, .T. ) ;
#485 = VECTOR ( 'NONE', #4739, 1000.000000000000000 ) ;
#486 = ORIENTED_EDGE ( 'NONE', *, *, #987, .T. ) ;
#487 = VERTEX_POINT ( 'NONE', #383 ) ;
#488 = CIRCLE ( 'NONE', #2835, 7.035495700303544100 ) ;
#489 = VERTEX_POINT ( 'NONE', #4857 ) ;
#490 = CIRCLE ( 'NONE', #746, 0.2999999999999999300 ) ;
#491 = CARTESIAN_POINT ( 'NONE',  ( -9.199999999999988600, 2.600000000000041400, -10.00000000000000000 ) ) ;
#492 = LINE ( 'NONE', #4357, #368 ) ;
#493 = EDGE_CURVE ( 'NONE', #1780, #2604, #3749, .T. ) ;
#494 = DIRECTION ( 'NONE',  ( -1.964764432289320400E-016, 0.9986295347545739400, 0.05233595624294395300 ) ) ;
#495 = CARTESIAN_POINT ( 'NONE',  ( 9.999999999999996400, 3.999999999999990700, 7.000000000000015100 ) ) ;
#496 = AXIS2_PLACEMENT_3D ( 'NONE', #2233, #3860, #4279 ) ;
#497 = ORIENTED_EDGE ( 'NONE', *, *, #1876, .T. ) ;
#498 = ORIENTED_EDGE ( 'NONE', *, *, #1795, .F. ) ;
#499 = CIRCLE ( 'NONE', #5161, 0.3000000000000003200 ) ;
#500 = CARTESIAN_POINT ( 'NONE',  ( 9.999999999999998200, -8.499999999999994700, 8.500000000000000000 ) ) ;
#501 = CYLINDRICAL_SURFACE ( 'NONE', #5114, 0.2999999999999998800 ) ;
#502 = CARTESIAN_POINT ( 'NONE',  ( -2.532725380777595800, -5.078281139381686200, -2.833468427266564200 ) ) ;
#503 = CARTESIAN_POINT ( 'NONE',  ( 5.122875835878034900, 2.301034861103208300, -5.122875835878038400 ) ) ;
#504 = FACE_OUTER_BOUND ( 'NONE', #50, .T. ) ;
#505 = ORIENTED_EDGE ( 'NONE', *, *, #3535, .T. ) ;
#506 = ORIENTED_EDGE ( 'NONE', *, *, #1167, .F. ) ;
#507 = CARTESIAN_POINT ( 'NONE',  ( -3.999999999999999100, 7.000000000000001800, -9.999999999999998200 ) ) ;
#508 = ADVANCED_FACE ( 'NONE', ( #1567, #2778 ), #786, .T. ) ;
#509 = VECTOR ( 'NONE', #4359, 1000.000000000000000 ) ;
#510 = CYLINDRICAL_SURFACE ( 'NONE', #1582, 0.2999999999999999300 ) ;
#511 = DIRECTION ( 'NONE',  ( -1.000000000000000000, 1.805304455399569900E-016, 0.0000000000000000000 ) ) ;
#512 = EDGE_CURVE ( 'NONE', #3088, #4579, #483, .T. ) ;
#513 = ORIENTED_EDGE ( 'NONE', *, *, #3902, .F. ) ;
#514 = VECTOR ( 'NONE', #1581, 1000.000000000000000 ) ;
#515 = DIRECTION ( 'NONE',  ( -1.000000000000000000, 0.0000000000000000000, -0.0000000000000000000 ) ) ;
#516 = CARTESIAN_POINT ( 'NONE',  ( -0.01693873440465623300, 5.749253001075426400, 0.01693873444673023300 ) ) ;
#517 = ORIENTED_EDGE ( 'NONE', *, *, #4477, .T. ) ;
#518 = AXIS2_PLACEMENT_3D ( 'NONE', #4396, #1543, #2753 ) ;
#519 = EDGE_CURVE ( 'NONE', #4400, #1266, #3872, .T. ) ;
#520 = CARTESIAN_POINT ( 'NONE',  ( -5.578513772620102200, -0.4561452984629479300, -5.879256819109064800 ) ) ;
#521 = CARTESIAN_POINT ( 'NONE',  ( -6.636698961060957900, 3.636698961060961900, -8.800000000000000700 ) ) ;
#522 = DIRECTION ( 'NONE',  ( 0.0000000000000000000, 0.05233595624294395300, 0.9986295347545739400 ) ) ;
#523 = CARTESIAN_POINT ( 'NONE',  ( -5.171487365161930000, 2.196268939935995600, -5.472230411650893500 ) ) ;
#524 = DIRECTION ( 'NONE',  ( -1.515216750768387900E-016, 1.000000000000000000, 2.891205793294680200E-015 ) ) ;
#525 = ORIENTED_EDGE ( 'NONE', *, *, #264, .T. ) ;
#526 = CARTESIAN_POINT ( 'NONE',  ( -3.872318133714776500, 4.385986797269578300, 3.872318133714786300 ) ) ;
#527 = CARTESIAN_POINT ( 'NONE',  ( 1.520015985077433700, -9.068980551792414200, -12.49999999999999600 ) ) ;
#528 = EDGE_CURVE ( 'NONE', #482, #4261, #4698, .T. ) ;
#529 = AXIS2_PLACEMENT_3D ( 'NONE', #2058, #3719, #1277 ) ;
#530 = CARTESIAN_POINT ( 'NONE',  ( 9.999999999999994700, -3.149999999999999900, -6.500000000000000900 ) ) ;
#531 = DIRECTION ( 'NONE',  ( -6.071532165918824800E-016, 1.000000000000000000, -1.734723475976807800E-016 ) ) ;
#532 = CARTESIAN_POINT ( 'NONE',  ( -0.6588670151744686600, 5.685543176502093000, -0.9596100616634605200 ) ) ;
#533 = PRODUCT_DEFINITION ( 'UNKNOWN', '', #1906, #2187 ) ;
#534 = CIRCLE ( 'NONE', #3923, 0.2999999999999999300 ) ;
#535 = ORIENTED_EDGE ( 'NONE', *, *, #3551, .F. ) ;
#536 = DIRECTION ( 'NONE',  ( -0.0000000000000000000, -0.0000000000000000000, -1.000000000000000000 ) ) ;
#537 = EDGE_LOOP ( 'NONE', ( #4731, #1186, #601, #4547 ) ) ;
#538 = CARTESIAN_POINT ( 'NONE',  ( -5.827044434627515200, 0.9483348502409105800, 5.827044434627524100 ) ) ;
#539 = EDGE_CURVE ( 'NONE', #320, #1007, #4144, .T. ) ;
#540 = EDGE_LOOP ( 'NONE', ( #1268, #4932, #2220, #4203 ) ) ;
#541 = LINE ( 'NONE', #2633, #1637 ) ;
#542 = DIRECTION ( 'NONE',  ( 0.0000000000000000000, 1.445602896647339500E-015, 1.000000000000000000 ) ) ;
#543 = VERTEX_POINT ( 'NONE', #4884 ) ;
#544 = VECTOR ( 'NONE', #668, 1000.000000000000000 ) ;
#545 = CARTESIAN_POINT ( 'NONE',  ( 3.876005637310972600, -5.000000000000025800, -10.00000000000000400 ) ) ;
#546 = CIRCLE ( 'NONE', #1688, 0.2999999999999999300 ) ;
#547 = DIRECTION ( 'NONE',  ( -0.9972646886342373400, -0.05226442768871469900, -0.05226442768871355400 ) ) ;
#548 = DIRECTION ( 'NONE',  ( -0.05233595624294422300, 0.0000000000000000000, -0.9986295347545737200 ) ) ;
#549 = CARTESIAN_POINT ( 'NONE',  ( -9.089245774084703900, -2.489245774084651400, -12.11331652343349500 ) ) ;
#550 = AXIS2_PLACEMENT_3D ( 'NONE', #1403, #204, #4675 ) ;
#551 = ORIENTED_EDGE ( 'NONE', *, *, #2514, .F. ) ;
#552 = CIRCLE ( 'NONE', #4513, 0.2999999999999999300 ) ;
#553 = DIRECTION ( 'NONE',  ( 4.496937010801416200E-015, 1.000000000000000000, -1.734723475976797200E-016 ) ) ;
#554 = VERTEX_POINT ( 'NONE', #1427 ) ;
#555 = CARTESIAN_POINT ( 'NONE',  ( -5.377382181287150500, 3.922206679139224900, -8.515615011263475900 ) ) ;
#556 = CIRCLE ( 'NONE', #797, 0.2999999999999999300 ) ;
#557 = CARTESIAN_POINT ( 'NONE',  ( 5.379838650775845100, 2.380805326771599200, 5.079095604286894000 ) ) ;
#558 = CIRCLE ( 'NONE', #4711, 0.2999999999999999300 ) ;
#559 = EDGE_CURVE ( 'NONE', #2910, #2273, #4573, .T. ) ;
#560 = DIRECTION ( 'NONE',  ( 0.0000000000000000000, -4.731064025391290900E-015, -1.000000000000000000 ) ) ;
#561 = CARTESIAN_POINT ( 'NONE',  ( 11.50000000000000000, -9.200000000000015300, -1.520015985077429700 ) ) ;
#562 = CYLINDRICAL_SURFACE ( 'NONE', #118, 0.2999999999999999300 ) ;
#563 = PRODUCT_DEFINITION_SHAPE ( 'NONE', 'NONE',  #1088 ) ;
#564 = VERTEX_POINT ( 'NONE', #1624 ) ;
#565 = ORIENTED_EDGE ( 'NONE', *, *, #2356, .T. ) ;
#566 = VECTOR ( 'NONE', #776, 1000.000000000000000 ) ;
#567 = CARTESIAN_POINT ( 'NONE',  ( 4.000000000000001800, -7.000000000000026600, -9.999999999999994700 ) ) ;
#568 = CARTESIAN_POINT ( 'NONE',  ( -3.936287821487345400, -6.636698961060942800, -8.784299213127114900 ) ) ;
#569 = DIRECTION ( 'NONE',  ( -0.0000000000000000000, 1.000000000000000000, 4.336808689942018200E-016 ) ) ;
#570 = DIRECTION ( 'NONE',  ( 6.505213034913024100E-017, -1.000000000000000000, 1.734723475976806800E-016 ) ) ;
#571 = ORIENTED_EDGE ( 'NONE', *, *, #3059, .F. ) ;
#572 = CARTESIAN_POINT ( 'NONE',  ( -5.063712178512666600, -3.636698961060987700, -8.784299213127114900 ) ) ;
#573 = CARTESIAN_POINT ( 'NONE',  ( 12.11331652343349000, 2.489245774084730000, 7.110754225915299800 ) ) ;
#574 = CARTESIAN_POINT ( 'NONE',  ( 0.9573367542671072900, 5.685846965113415600, 0.6565937077781779400 ) ) ;
#575 = CARTESIAN_POINT ( 'NONE',  ( -7.131019448207598400, 1.520015985077549200, -12.50000000000000000 ) ) ;
#576 = CARTESIAN_POINT ( 'NONE',  ( 8.784299213127113100, -3.936287821487357300, 5.363301038939041200 ) ) ;
#577 = VERTEX_POINT ( 'NONE', #1776 ) ;
#578 = EDGE_CURVE ( 'NONE', #1692, #3555, #2404, .T. ) ;
#579 = CARTESIAN_POINT ( 'NONE',  ( -8.500000000000008900, -9.999999999999994700, 10.00000000000000000 ) ) ;
#580 = PLANE ( 'NONE',  #16 ) ;
#581 = CARTESIAN_POINT ( 'NONE',  ( 9.999999999999998200, 3.184081677783119700E-016, 2.600000000000001000 ) ) ;
#582 = ORIENTED_EDGE ( 'NONE', *, *, #4179, .F. ) ;
#583 = CARTESIAN_POINT ( 'NONE',  ( 3.636698961060975200, 6.636698961060976600, -8.499999999999996400 ) ) ;
#584 = DIRECTION ( 'NONE',  ( 0.0000000000000000000, 0.0000000000000000000, -1.000000000000000000 ) ) ;
#585 = CARTESIAN_POINT ( 'NONE',  ( -3.679376924424395200, -5.320623075575631400, -9.614344052491297500 ) ) ;
#586 = VERTEX_POINT ( 'NONE', #1384 ) ;
#587 = EDGE_CURVE ( 'NONE', #930, #2166, #3488, .T. ) ;
#588 = CARTESIAN_POINT ( 'NONE',  ( 5.599759547452981300, -0.2189957980823543600, -5.599759547452984000 ) ) ;
#589 = CARTESIAN_POINT ( 'NONE',  ( 8.499999999999998200, -5.363301038939051000, 3.921388331075441200 ) ) ;
#590 = CARTESIAN_POINT ( 'NONE',  ( -10.00000000000000900, -8.499999999999996400, -10.00000000000000000 ) ) ;
#591 = VECTOR ( 'NONE', #317, 1000.000000000000000 ) ;
#592 = AXIS2_PLACEMENT_3D ( 'NONE', #4269, #4248, #1806 ) ;
#593 = DIRECTION ( 'NONE',  ( 1.550466012510000700E-017, -0.0000000000000000000, 1.000000000000000000 ) ) ;
#594 = EDGE_LOOP ( 'NONE', ( #3358, #1605, #4189, #4361, #3894, #4063, #3123, #2671, #2179, #700, #2792, #4589 ) ) ;
#595 = EDGE_LOOP ( 'NONE', ( #1439, #4170, #886, #3964 ) ) ;
#596 = CARTESIAN_POINT ( 'NONE',  ( 9.999999999999996400, -3.700411139573638800, 5.000000000000016000 ) ) ;
#597 = PLANE ( 'NONE',  #4057 ) ;
#598 = CARTESIAN_POINT ( 'NONE',  ( 3.622617818712865500, 6.922206679139240000, -8.515615011263472300 ) ) ;
#599 = EDGE_CURVE ( 'NONE', #4681, #194, #3624, .T. ) ;
#600 = CYLINDRICAL_SURFACE ( 'NONE', #91, 0.2999999999999998800 ) ;
#601 = ORIENTED_EDGE ( 'NONE', *, *, #3356, .F. ) ;
#602 = CARTESIAN_POINT ( 'NONE',  ( -3.871857265222590900, -4.386353500777898000, 3.871857265222601500 ) ) ;
#603 = ORIENTED_EDGE ( 'NONE', *, *, #393, .F. ) ;
#604 = ORIENTED_EDGE ( 'NONE', *, *, #1136, .T. ) ;
#605 = VECTOR ( 'NONE', #5270, 1000.000000000000100 ) ;
#606 = CARTESIAN_POINT ( 'NONE',  ( 2.287543514274357600, -5.215910068766788800, -2.287543514274366500 ) ) ;
#607 = COLOUR_RGB ( '',0.8901960784313725000, 0.8901960784313725000, 0.9137254901960784000 ) ;
#608 = ORIENTED_EDGE ( 'NONE', *, *, #250, .F. ) ;
#609 = CARTESIAN_POINT ( 'NONE',  ( 9.999999999999994700, 5.299588860426377200, 4.000000000000000900 ) ) ;
#610 = FACE_OUTER_BOUND ( 'NONE', #1730, .T. ) ;
#611 = ORIENTED_EDGE ( 'NONE', *, *, #3378, .T. ) ;
#612 = EDGE_LOOP ( 'NONE', ( #3512, #3791, #2225, #4454 ) ) ;
#613 = DIRECTION ( 'NONE',  ( 1.000000000000000000, 0.0000000000000000000, 1.445602896647339500E-015 ) ) ;
#614 = LINE ( 'NONE', #2466, #3759 ) ;
#615 = DIRECTION ( 'NONE',  ( 0.0000000000000000000, 0.0000000000000000000, 1.000000000000000000 ) ) ;
#616 = AXIS2_PLACEMENT_3D ( 'NONE', #2255, #5120, #2668 ) ;
#617 = EDGE_CURVE ( 'NONE', #2571, #137, #232, .T. ) ;
#618 = ORIENTED_EDGE ( 'NONE', *, *, #4050, .T. ) ;
#619 = VECTOR ( 'NONE', #1327, 1000.000000000000000 ) ;
#620 = CIRCLE ( 'NONE', #1249, 5.970920021408292500 ) ;
#621 = CARTESIAN_POINT ( 'NONE',  ( 8.784299213127113100, -3.936287821487356500, 6.636698961060992600 ) ) ;
#622 = CARTESIAN_POINT ( 'NONE',  ( 6.499999999999995600, 3.149999999999999900, -6.500000000000000900 ) ) ;
#623 = VERTEX_POINT ( 'NONE', #3444 ) ;
#624 = CARTESIAN_POINT ( 'NONE',  ( -7.000000000000012400, -4.000000000000012400, -10.00000000000000000 ) ) ;
#625 = SPHERICAL_SURFACE ( 'NONE', #4614, 0.2999999999999999900 ) ;
#626 = DIRECTION ( 'NONE',  ( 0.0000000000000000000, 0.05233595624294395300, -0.9986295347545739400 ) ) ;
#627 = CYLINDRICAL_SURFACE ( 'NONE', #3677, 1.000000000000000000 ) ;
#628 = CARTESIAN_POINT ( 'NONE',  ( 0.1503715232444807200, -5.740487648777994800, -0.1503715232444773600 ) ) ;
#629 = LINE ( 'NONE', #4990, #2549 ) ;
#630 = VERTEX_POINT ( 'NONE', #576 ) ;
#631 = ORIENTED_EDGE ( 'NONE', *, *, #412, .T. ) ;
#632 = CARTESIAN_POINT ( 'NONE',  ( -10.00000000000000900, -7.035495700303543200, 0.0000000000000000000 ) ) ;
#633 = FACE_OUTER_BOUND ( 'NONE', #4394, .T. ) ;
#634 = CARTESIAN_POINT ( 'NONE',  ( 8.799999999999998900, -5.363301038939051900, -3.636698961060974800 ) ) ;
#635 = FACE_OUTER_BOUND ( 'NONE', #1787, .T. ) ;
#636 = EDGE_CURVE ( 'NONE', #2273, #2910, #3362, .T. ) ;
#637 = AXIS2_PLACEMENT_3D ( 'NONE', #1909, #3956, #2320 ) ;
#638 = ORIENTED_EDGE ( 'NONE', *, *, #2885, .T. ) ;
#639 = FACE_OUTER_BOUND ( 'NONE', #2403, .T. ) ;
#640 = DIRECTION ( 'NONE',  ( -0.0000000000000000000, -1.000000000000000000, 0.0000000000000000000 ) ) ;
#641 = DIRECTION ( 'NONE',  ( 0.0000000000000000000, -1.000000000000000000, 0.0000000000000000000 ) ) ;
#642 = DIRECTION ( 'NONE',  ( -6.071532165918824800E-016, 1.000000000000000000, -1.734723475976809100E-016 ) ) ;
#643 = DIRECTION ( 'NONE',  ( 0.0000000000000000000, 0.0000000000000000000, -1.000000000000000000 ) ) ;
#644 = AXIS2_PLACEMENT_3D ( 'NONE', #4399, #1934, #4789 ) ;
#645 = DIRECTION ( 'NONE',  ( 1.000000000000000000, -4.372100874714874100E-015, 2.220446049250320000E-016 ) ) ;
#646 = CARTESIAN_POINT ( 'NONE',  ( 12.50000000000000000, -7.131019448207623200, -2.081766411704295500 ) ) ;
#647 = CARTESIAN_POINT ( 'NONE',  ( 7.499999999999996400, 6.915342608957818700E-016, -5.550000000000001600 ) ) ;
#648 = EDGE_CURVE ( 'NONE', #2476, #1501, #2269, .T. ) ;
#649 = ORIENTED_EDGE ( 'NONE', *, *, #938, .F. ) ;
#650 = DIRECTION ( 'NONE',  ( 1.000000000000000000, -4.372100874714874100E-015, 2.220446049250320500E-016 ) ) ;
#651 = ORIENTED_EDGE ( 'NONE', *, *, #2846, .F. ) ;
#652 = EDGE_CURVE ( 'NONE', #1311, #4400, #4321, .T. ) ;
#653 = CARTESIAN_POINT ( 'NONE',  ( -5.000000000000013300, -3.876005637310981500, -10.00000000000000000 ) ) ;
#654 =( BOUNDED_CURVE ( )  B_SPLINE_CURVE ( 3, ( #4909, #15, #2048, #2470 ),
 .UNSPECIFIED., .F., .F. ) 
 B_SPLINE_CURVE_WITH_KNOTS ( ( 4, 4 ),
 ( 3.141592653589795800, 4.660029102824861300 ),
 .UNSPECIFIED. ) 
 CURVE ( )  GEOMETRIC_REPRESENTATION_ITEM ( )  RATIONAL_B_SPLINE_CURVE ( ( 1.000000000000000000, 0.8169162473415252400, 0.8169162473415252400, 1.000000000000000000 ) ) 
 REPRESENTATION_ITEM ( '' )  );
#655 = CARTESIAN_POINT ( 'NONE',  ( -3.700411139573627700, -5.000000000000026600, -9.999999999999998200 ) ) ;
#656 = DIRECTION ( 'NONE',  ( 1.000000000000000000, 0.0000000000000000000, 0.0000000000000000000 ) ) ;
#657 = EDGE_CURVE ( 'NONE', #3932, #5256, #102, .T. ) ;
#658 = DIRECTION ( 'NONE',  ( 0.05233595624294395300, -9.252303022034111300E-015, -0.9986295347545739400 ) ) ;
#659 = ADVANCED_FACE ( 'NONE', ( #3328 ), #4291, .F. ) ;
#660 = CARTESIAN_POINT ( 'NONE',  ( 8.799999999999995400, 5.363301038939029700, 3.636698961060975200 ) ) ;
#661 = AXIS2_PLACEMENT_3D ( 'NONE', #2392, #5253, #2800 ) ;
#662 = ORIENTED_EDGE ( 'NONE', *, *, #4670, .T. ) ;
#663 = DIRECTION ( 'NONE',  ( 0.9986295347545739400, -0.05233595624294377900, 0.0000000000000000000 ) ) ;
#664 = CARTESIAN_POINT ( 'NONE',  ( -1.520015985077515900, 7.131019448207605500, -12.49999999999999800 ) ) ;
#665 = LINE ( 'NONE', #2439, #3806 ) ;
#666 = ORIENTED_EDGE ( 'NONE', *, *, #2082, .T. ) ;
#667 = ORIENTED_EDGE ( 'NONE', *, *, #4744, .T. ) ;
#668 = DIRECTION ( 'NONE',  ( -6.505213034913024100E-017, 1.000000000000000000, -1.734723475976806600E-016 ) ) ;
#669 = PLANE ( 'NONE',  #1631 ) ;
#670 = DIRECTION ( 'NONE',  ( 0.0000000000000000000, 0.0000000000000000000, -1.000000000000000000 ) ) ;
#671 = LINE ( 'NONE', #2884, #3814 ) ;
#672 = CARTESIAN_POINT ( 'NONE',  ( 3.636698961060976100, -7.000000000000035500, -8.499999999999996400 ) ) ;
#673 = DIRECTION ( 'NONE',  ( -0.0000000000000000000, -1.000000000000000000, 0.0000000000000000000 ) ) ;
#674 = EDGE_LOOP ( 'NONE', ( #3005, #2899, #2849, #834 ) ) ;
#675 = FACE_OUTER_BOUND ( 'NONE', #5188, .T. ) ;
#676 = ORIENTED_EDGE ( 'NONE', *, *, #5219, .T. ) ;
#677 = CIRCLE ( 'NONE', #4849, 0.2999999999999999300 ) ;
#678 = VECTOR ( 'NONE', #4163, 1000.000000000000200 ) ;
#679 = DIRECTION ( 'NONE',  ( 1.000000000000000000, 0.0000000000000000000, 0.0000000000000000000 ) ) ;
#680 = DIRECTION ( 'NONE',  ( 1.000000000000000000, -4.336808689942018500E-015, 0.0000000000000000000 ) ) ;
#681 = DIRECTION ( 'NONE',  ( 0.0000000000000000000, 1.000000000000000000, 0.0000000000000000000 ) ) ;
#682 = CARTESIAN_POINT ( 'NONE',  ( -6.636698961060989900, -3.636698961060986300, -8.799999999999998900 ) ) ;
#683 = ORIENTED_EDGE ( 'NONE', *, *, #2294, .T. ) ;
#684 = LINE ( 'NONE', #4337, #4895 ) ;
#685 = ORIENTED_EDGE ( 'NONE', *, *, #865, .F. ) ;
#686 = DIRECTION ( 'NONE',  ( 6.071532165918824800E-016, -1.000000000000000000, 1.734723475976809100E-016 ) ) ;
#687 = LINE ( 'NONE', #3701, #2732 ) ;
#688 = AXIS2_PLACEMENT_3D ( 'NONE', #409, #3274, #827 ) ;
#689 = EDGE_CURVE ( 'NONE', #2473, #5122, #1154, .T. ) ;
#690 = LINE ( 'NONE', #3126, #2734 ) ;
#691 = CARTESIAN_POINT ( 'NONE',  ( 4.000000000000001800, 5.299588860426375400, -9.999999999999994700 ) ) ;
#692 =( BOUNDED_CURVE ( )  B_SPLINE_CURVE ( 3, ( #3603, #362, #1993, #4858 ),
 .UNSPECIFIED., .F., .F. ) 
 B_SPLINE_CURVE_WITH_KNOTS ( ( 4, 4 ),
 ( 1.623156204354726100, 3.141592653589794400 ),
 .UNSPECIFIED. ) 
 CURVE ( )  GEOMETRIC_REPRESENTATION_ITEM ( )  RATIONAL_B_SPLINE_CURVE ( ( 1.000000000000000000, 0.8169162473415246800, 0.8169162473415246800, 1.000000000000000000 ) ) 
 REPRESENTATION_ITEM ( '' )  );
#693 = CARTESIAN_POINT ( 'NONE',  ( 11.55233595624294000, 2.518645519832135800, 9.118645519832082200 ) ) ;
#694 = ADVANCED_FACE ( 'NONE', ( #4425 ), #1829, .T. ) ;
#695 = CARTESIAN_POINT ( 'NONE',  ( 9.999999999999996400, 3.999999999999990700, 5.299588860426387000 ) ) ;
#696 = LINE ( 'NONE', #4714, #2859 ) ;
#697 = DIRECTION ( 'NONE',  ( 0.0000000000000000000, 1.000000000000000000, -0.0000000000000000000 ) ) ;
#698 = ORIENTED_EDGE ( 'NONE', *, *, #2230, .F. ) ;
#699 = EDGE_CURVE ( 'NONE', #1259, #2166, #3197, .T. ) ;
#700 = ORIENTED_EDGE ( 'NONE', *, *, #1076, .T. ) ;
#701 = VECTOR ( 'NONE', #3202, 1000.000000000000000 ) ;
#702 = AXIS2_PLACEMENT_3D ( 'NONE', #3442, #984, #3853 ) ;
#703 = DIRECTION ( 'NONE',  ( -0.9972646886342373400, -0.05226442768871372700, 0.05226442768871453200 ) ) ;
#704 = DIRECTION ( 'NONE',  ( 0.05226442768871428900, 0.05226442768871355400, 0.9972646886342373400 ) ) ;
#705 = DIRECTION ( 'NONE',  ( 0.05233595624294377900, 0.9986295347545739400, 0.0000000000000000000 ) ) ;
#706 = ORIENTED_EDGE ( 'NONE', *, *, #3529, .T. ) ;
#707 = EDGE_CURVE ( 'NONE', #23, #920, #73, .T. ) ;
#708 = DIRECTION ( 'NONE',  ( 1.000000000000000000, -0.0000000000000000000, -0.0000000000000000000 ) ) ;
#709 = CARTESIAN_POINT ( 'NONE',  ( 3.636698961060974300, -6.936287821487383100, -8.784299213127113100 ) ) ;
#710 = AXIS2_PLACEMENT_3D ( 'NONE', #1608, #4470, #2436 ) ;
#711 = CARTESIAN_POINT ( 'NONE',  ( -3.636698961060973500, -6.636698961060942800, -8.799999999999998900 ) ) ;
#712 = DIRECTION ( 'NONE',  ( 0.05233595624294414700, 0.0000000000000000000, -0.9986295347545737200 ) ) ;
#713 = CARTESIAN_POINT ( 'NONE',  ( 3.557481457854005800E-015, 0.0000000000000000000, 10.00000000000000200 ) ) ;
#714 = DIRECTION ( 'NONE',  ( -0.0000000000000000000, -7.237933819985674800E-015, -1.000000000000000000 ) ) ;
#715 = DIRECTION ( 'NONE',  ( 0.9986295347545737200, 0.0000000000000000000, 0.05233595624294414700 ) ) ;
#716 = CARTESIAN_POINT ( 'NONE',  ( -8.560094104986099200, 6.970891157117690400, 0.0000000000000000000 ) ) ;
#717 = ORIENTED_EDGE ( 'NONE', *, *, #2601, .T. ) ;
#718 = CARTESIAN_POINT ( 'NONE',  ( -9.118645519832103500, -2.518645519832049700, -11.55233595624294400 ) ) ;
#719 = ADVANCED_FACE ( 'NONE', ( #2103 ), #3064, .T. ) ;
#720 = CARTESIAN_POINT ( 'NONE',  ( 12.49999999999999800, -9.068980551792373400, 2.600000000000085400 ) ) ;
#721 = AXIS2_PLACEMENT_3D ( 'NONE', #3138, #1107, #2322 ) ;
#722 = EDGE_CURVE ( 'NONE', #4100, #1836, #3054, .T. ) ;
#723 = EDGE_LOOP ( 'NONE', ( #3659, #1431, #3083, #2441, #4520, #832, #2550, #4369, #1664, #4706, #1406, #735 ) ) ;
#724 = CARTESIAN_POINT ( 'NONE',  ( 9.999999999999996400, -4.000000000000011500, 5.299588860426387000 ) ) ;
#725 = CARTESIAN_POINT ( 'NONE',  ( 9.999999999999996400, -4.000000000000009800, 6.700411139573646800 ) ) ;
#726 = CARTESIAN_POINT ( 'NONE',  ( 11.50000000000000000, -9.199999999999986900, 1.520015985077603600 ) ) ;
#727 = DIRECTION ( 'NONE',  ( -0.9972646886342372300, -0.05226442768871420600, -0.05226442768871405300 ) ) ;
#728 = LINE ( 'NONE', #3147, #853 ) ;
#729 = ORIENTED_EDGE ( 'NONE', *, *, #5131, .T. ) ;
#730 = ORIENTED_EDGE ( 'NONE', *, *, #599, .F. ) ;
#731 = EDGE_CURVE ( 'NONE', #2611, #2780, #5246, .T. ) ;
#732 = DIRECTION ( 'NONE',  ( 2.905134055610226800E-016, 1.000000000000000000, 0.0000000000000000000 ) ) ;
#733 = CARTESIAN_POINT ( 'NONE',  ( -7.000000000000012400, -4.000000000000012400, -10.00000000000000000 ) ) ;
#734 = CIRCLE ( 'NONE', #5121, 0.3000000000000003200 ) ;
#735 = ORIENTED_EDGE ( 'NONE', *, *, #4836, .T. ) ;
#736 = EDGE_LOOP ( 'NONE', ( #177, #2377, #4816, #4994, #1441, #4033 ) ) ;
#737 = VERTEX_POINT ( 'NONE', #248 ) ;
#738 = FACE_OUTER_BOUND ( 'NONE', #1120, .T. ) ;
#739 = DIRECTION ( 'NONE',  ( -0.9972646886342372300, -0.05226442768871395600, 0.05226442768871428200 ) ) ;
#740 = ORIENTED_EDGE ( 'NONE', *, *, #2980, .F. ) ;
#741 = FACE_OUTER_BOUND ( 'NONE', #1217, .T. ) ;
#742 = CARTESIAN_POINT ( 'NONE',  ( 8.499999999999998200, -6.921388331075462500, 3.636698961060976100 ) ) ;
#743 = ORIENTED_EDGE ( 'NONE', *, *, #972, .F. ) ;
#744 = CARTESIAN_POINT ( 'NONE',  ( -7.000000000000013300, 3.936287821487333800, -8.784299213127116700 ) ) ;
#745 = CIRCLE ( 'NONE', #1750, 0.2999999999999999300 ) ;
#746 = AXIS2_PLACEMENT_3D ( 'NONE', #144, #2982, #542 ) ;
#747 = ADVANCED_FACE ( 'NONE', ( #5113 ), #1853, .F. ) ;
#748 = PLANE ( 'NONE',  #3070 ) ;
#749 = ORIENTED_EDGE ( 'NONE', *, *, #1359, .T. ) ;
#750 = SPHERICAL_SURFACE ( 'NONE', #206, 0.2999999999999999900 ) ;
#751 = CIRCLE ( 'NONE', #702, 0.2999999999999998800 ) ;
#752 =( BOUNDED_CURVE ( )  B_SPLINE_CURVE ( 3, ( #5179, #280, #3131, #693 ),
 .UNSPECIFIED., .F., .F. ) 
 B_SPLINE_CURVE_WITH_KNOTS ( ( 4, 4 ),
 ( 0.0000000000000000000, 1.518436449235064800 ),
 .UNSPECIFIED. ) 
 CURVE ( )  GEOMETRIC_REPRESENTATION_ITEM ( )  RATIONAL_B_SPLINE_CURVE ( ( 1.000000000000000000, 0.8169162473415255700, 0.8169162473415255700, 1.000000000000000000 ) ) 
 REPRESENTATION_ITEM ( '' )  );
#753 = EDGE_CURVE ( 'NONE', #3697, #3167, #2123, .T. ) ;
#754 = ORIENTED_EDGE ( 'NONE', *, *, #2340, .F. ) ;
#755 = LINE ( 'NONE', #3319, #5097 ) ;
#756 = DIRECTION ( 'NONE',  ( -1.734723475976806600E-016, 1.000000000000000000, -1.734723475976807100E-016 ) ) ;
#757 = EDGE_LOOP ( 'NONE', ( #2953, #1914, #5046, #414 ) ) ;
#758 = VECTOR ( 'NONE', #1027, 1000.000000000000000 ) ;
#759 = LINE ( 'NONE', #3777, #1722 ) ;
#760 = ORIENTED_EDGE ( 'NONE', *, *, #4263, .T. ) ;
#761 = ORIENTED_EDGE ( 'NONE', *, *, #2892, .T. ) ;
#762 = CARTESIAN_POINT ( 'NONE',  ( 11.49999999999999600, 7.000000000000004400, -1.520015985077516600 ) ) ;
#763 = FACE_OUTER_BOUND ( 'NONE', #2628, .T. ) ;
#764 = EDGE_CURVE ( 'NONE', #2760, #4796, #2192, .T. ) ;
#765 = LINE ( 'NONE', #4159, #3050 ) ;
#766 = CARTESIAN_POINT ( 'NONE',  ( -1.520015985077580300, -7.131019448207593000, -12.49999999999999800 ) ) ;
#767 = DIRECTION ( 'NONE',  ( -0.05226442768871404600, -0.05226442768871401200, -0.9972646886342373400 ) ) ;
#768 = DIRECTION ( 'NONE',  ( 1.000000000000000000, 0.0000000000000000000, 0.0000000000000000000 ) ) ;
#769 = EDGE_LOOP ( 'NONE', ( #885, #396, #2304, #4973, #5054, #829 ) ) ;
#770 = LINE ( 'NONE', #1487, #2927 ) ;
#771 = CARTESIAN_POINT ( 'NONE',  ( 8.799999999999995400, 5.363301038939029700, 3.636698961060974800 ) ) ;
#772 = EDGE_CURVE ( 'NONE', #2202, #2462, #770, .T. ) ;
#773 = CARTESIAN_POINT ( 'NONE',  ( 8.799999999999995400, 6.636698961060978300, 3.636698961060974800 ) ) ;
#774 = DIRECTION ( 'NONE',  ( -0.0000000000000000000, 0.0000000000000000000, 1.000000000000000000 ) ) ;
#775 = DIRECTION ( 'NONE',  ( -9.288655703184901000E-015, -1.000000000000000000, 1.734723475976785200E-016 ) ) ;
#776 = DIRECTION ( 'NONE',  ( -4.496937010801415400E-015, -1.000000000000000000, 1.734723475976796500E-016 ) ) ;
#777 = ADVANCED_FACE ( 'NONE', ( #4042 ), #5175, .F. ) ;
#778 = ORIENTED_EDGE ( 'NONE', *, *, #4179, .T. ) ;
#779 = CARTESIAN_POINT ( 'NONE',  ( 8.784299213127111400, 5.363301038939029700, 3.936287821487347100 ) ) ;
#780 = CARTESIAN_POINT ( 'NONE',  ( 3.636698961060976600, -6.636698961061011200, -8.799999999999997200 ) ) ;
#781 = DIRECTION ( 'NONE',  ( 0.0000000000000000000, 0.0000000000000000000, 1.000000000000000000 ) ) ;
#782 = EDGE_CURVE ( 'NONE', #1297, #4552, #2810, .T. ) ;
#783 = CARTESIAN_POINT ( 'NONE',  ( 8.799999999999998900, -6.636698961060941000, 3.636698961060975700 ) ) ;
#784 = ORIENTED_EDGE ( 'NONE', *, *, #1541, .T. ) ;
#785 = CARTESIAN_POINT ( 'NONE',  ( -3.622617818712864100, 5.077793320860765300, -8.515615011263474100 ) ) ;
#786 = PLANE ( 'NONE',  #4292 ) ;
#787 = DIRECTION ( 'NONE',  ( -0.0000000000000000000, -0.0000000000000000000, 1.000000000000000000 ) ) ;
#788 = CARTESIAN_POINT ( 'NONE',  ( -3.999999999999999100, 6.876005637310968600, -10.00000000000000000 ) ) ;
#789 = EDGE_CURVE ( 'NONE', #5122, #4557, #4981, .T. ) ;
#790 = EDGE_LOOP ( 'NONE', ( #3163, #169, #3775, #1951 ) ) ;
#791 = ORIENTED_EDGE ( 'NONE', *, *, #5136, .T. ) ;
#792 = ADVANCED_FACE ( 'NONE', ( #639 ), #1602, .T. ) ;
#793 = CARTESIAN_POINT ( 'NONE',  ( -3.636698961060973500, 6.936287821487347600, -8.784299213127114900 ) ) ;
#794 = ADVANCED_FACE ( 'NONE', ( #1731 ), #3144, .T. ) ;
#795 = LINE ( 'NONE', #2008, #2708 ) ;
#796 = ORIENTED_EDGE ( 'NONE', *, *, #2694, .T. ) ;
#797 = AXIS2_PLACEMENT_3D ( 'NONE', #1273, #4133, #1675 ) ;
#798 = ORIENTED_EDGE ( 'NONE', *, *, #2526, .F. ) ;
#799 = VECTOR ( 'NONE', #4533, 1000.000000000000000 ) ;
#800 = DIRECTION ( 'NONE',  ( -1.734723475976807100E-016, 1.000000000000000000, -0.0000000000000000000 ) ) ;
#801 = ORIENTED_EDGE ( 'NONE', *, *, #4058, .F. ) ;
#802 = EDGE_CURVE ( 'NONE', #1647, #5078, #2681, .T. ) ;
#803 = CARTESIAN_POINT ( 'NONE',  ( 9.999999999999998200, -7.000000000000024900, 4.000000000000001800 ) ) ;
#804 = CARTESIAN_POINT ( 'NONE',  ( 3.543988332867116300E-015, 0.0000000000000000000, 8.973109937359515300 ) ) ;
#805 = CARTESIAN_POINT ( 'NONE',  ( 3.557481457854005800E-015, 0.0000000000000000000, 10.00000000000000000 ) ) ;
#806 = VERTEX_POINT ( 'NONE', #1933 ) ;
#807 = CYLINDRICAL_SURFACE ( 'NONE', #5035, 1.499999999999999600 ) ;
#808 = CARTESIAN_POINT ( 'NONE',  ( 9.999999999999998200, -5.123994362689057200, 4.000000000000002700 ) ) ;
#809 = AXIS2_PLACEMENT_3D ( 'NONE', #4541, #3326, #5162 ) ;
#810 = ORIENTED_EDGE ( 'NONE', *, *, #2308, .F. ) ;
#811 = VECTOR ( 'NONE', #640, 1000.000000000000000 ) ;
#812 = VECTOR ( 'NONE', #3313, 1000.000000000000200 ) ;
#813 = VERTEX_POINT ( 'NONE', #709 ) ;
#814 = LINE ( 'NONE', #4360, #1648 ) ;
#815 = CARTESIAN_POINT ( 'NONE',  ( -2.599999999999999600, 9.200000000000002800, -9.999999999999998200 ) ) ;
#816 = DIRECTION ( 'NONE',  ( -0.9986295347545739400, 0.0000000000000000000, -0.05233595624294395300 ) ) ;
#817 = LINE ( 'NONE', #4878, #3955 ) ;
#818 = SPHERICAL_SURFACE ( 'NONE', #2522, 0.2999999999999999900 ) ;
#819 = VECTOR ( 'NONE', #775, 1000.000000000000000 ) ;
#820 = DIRECTION ( 'NONE',  ( 1.000000000000000000, -2.891205793294679000E-015, 0.0000000000000000000 ) ) ;
#821 = FACE_OUTER_BOUND ( 'NONE', #5222, .T. ) ;
#822 = EDGE_CURVE ( 'NONE', #293, #1426, #239, .T. ) ;
#823 = ADVANCED_FACE ( 'NONE', ( #2560 ), #387, .F. ) ;
#824 = CARTESIAN_POINT ( 'NONE',  ( 1.433820750336591600, -5.604584652877170100, 1.133077703847652500 ) ) ;
#825 = VERTEX_POINT ( 'NONE', #4801 ) ;
#826 = CARTESIAN_POINT ( 'NONE',  ( 12.49999999999999500, 7.131019448207608100, 1.520015985077517500 ) ) ;
#827 = DIRECTION ( 'NONE',  ( 0.0000000000000000000, 0.0000000000000000000, -1.000000000000000000 ) ) ;
#828 = ADVANCED_FACE ( 'NONE', ( #3656 ), #3783, .F. ) ;
#829 = ORIENTED_EDGE ( 'NONE', *, *, #4657, .T. ) ;
#830 = LINE ( 'NONE', #1600, #3711 ) ;
#831 = CARTESIAN_POINT ( 'NONE',  ( 8.784299213127114900, -5.078611668924587300, 3.936287821487348900 ) ) ;
#832 = ORIENTED_EDGE ( 'NONE', *, *, #4432, .F. ) ;
#833 = ORIENTED_EDGE ( 'NONE', *, *, #3270, .T. ) ;
#834 = ORIENTED_EDGE ( 'NONE', *, *, #223, .T. ) ;
#835 = DIRECTION ( 'NONE',  ( -0.9986295347545739400, -0.05233595624294412600, 0.0000000000000000000 ) ) ;
#836 = DIRECTION ( 'NONE',  ( 2.905134055610226800E-016, 1.000000000000000000, 0.0000000000000000000 ) ) ;
#837 = EDGE_CURVE ( 'NONE', #842, #4013, #1466, .T. ) ;
#838 = CARTESIAN_POINT ( 'NONE',  ( 2.599999999999937000, -7.000000000000026600, -10.00000000000000000 ) ) ;
#839 = CARTESIAN_POINT ( 'NONE',  ( 5.098061821812509100, -2.944067747307804500, 4.797318775323557100 ) ) ;
#840 = CARTESIAN_POINT ( 'NONE',  ( 3.557481457854005800E-015, 0.0000000000000000000, 10.00000000000000000 ) ) ;
#841 = CARTESIAN_POINT ( 'NONE',  ( -3.999999999999999100, 7.000000000000001800, -9.999999999999998200 ) ) ;
#842 = VERTEX_POINT ( 'NONE', #2764 ) ;
#843 = AXIS2_PLACEMENT_3D ( 'NONE', #291, #3980, #4785 ) ;
#844 = ADVANCED_FACE ( 'NONE', ( #1346 ), #4430, .F. ) ;
#845 = DIRECTION ( 'NONE',  ( 0.9972646886342373400, 0.05226442768871421300, -0.05226442768871401900 ) ) ;
#846 = EDGE_LOOP ( 'NONE', ( #857, #1248, #4201, #424 ) ) ;
#847 = CARTESIAN_POINT ( 'NONE',  ( 11.55233595624294000, 2.518645519832135800, 9.199999999999990400 ) ) ;
#848 = ADVANCED_FACE ( 'NONE', ( #2438 ), #3191, .T. ) ;
#849 = CARTESIAN_POINT ( 'NONE',  ( 12.49999999999999600, -2.081766411704325300, 7.131019448207616100 ) ) ;
#850 = CARTESIAN_POINT ( 'NONE',  ( 8.784299213127111400, 5.063712178512657800, 4.000000000000000900 ) ) ;
#851 = CARTESIAN_POINT ( 'NONE',  ( -8.586271053293986100, 7.312652399493246800E-016, -5.971233832142132800 ) ) ;
#852 = CARTESIAN_POINT ( 'NONE',  ( -2.081766411704442100, -9.068980551792380500, -12.50000000000000200 ) ) ;
#853 = VECTOR ( 'NONE', #5195, 1000.000000000000000 ) ;
#854 = AXIS2_PLACEMENT_3D ( 'NONE', #1802, #3937, #1485 ) ;
#855 = EDGE_CURVE ( 'NONE', #1511, #623, #4483, .T. ) ;
#856 = ORIENTED_EDGE ( 'NONE', *, *, #4432, .T. ) ;
#857 = ORIENTED_EDGE ( 'NONE', *, *, #1302, .F. ) ;
#858 = DIRECTION ( 'NONE',  ( 0.0000000000000000000, -4.533936357666654700E-015, -1.000000000000000000 ) ) ;
#859 = VECTOR ( 'NONE', #4333, 1000.000000000000000 ) ;
#860 = VERTEX_POINT ( 'NONE', #2790 ) ;
#861 = DIRECTION ( 'NONE',  ( 1.734723475976807300E-016, -1.000000000000000000, 1.734723475976806600E-016 ) ) ;
#862 = ORIENTED_EDGE ( 'NONE', *, *, #1683, .F. ) ;
#863 = ORIENTED_EDGE ( 'NONE', *, *, #4098, .F. ) ;
#864 = FACE_OUTER_BOUND ( 'NONE', #263, .T. ) ;
#865 = EDGE_CURVE ( 'NONE', #630, #4894, #258, .T. ) ;
#866 = ORIENTED_EDGE ( 'NONE', *, *, #4992, .T. ) ;
#867 = AXIS2_PLACEMENT_3D ( 'NONE', #3331, #875, #3738 ) ;
#868 = CYLINDRICAL_SURFACE ( 'NONE', #496, 0.3000000000000003200 ) ;
#869 = ORIENTED_EDGE ( 'NONE', *, *, #3118, .F. ) ;
#870 = VECTOR ( 'NONE', #787, 1000.000000000000000 ) ;
#871 = CARTESIAN_POINT ( 'NONE',  ( -6.876005637310950800, 3.999999999999988000, -9.999999999999998200 ) ) ;
#872 = CARTESIAN_POINT ( 'NONE',  ( -3.636698961060974300, 5.063712178512656000, -8.784299213127114900 ) ) ;
#873 = EDGE_LOOP ( 'NONE', ( #3073, #1508, #4891, #3504, #1615, #4297, #3369, #1916, #2498, #4039 ) ) ;
#874 = FACE_OUTER_BOUND ( 'NONE', #3022, .T. ) ;
#875 = DIRECTION ( 'NONE',  ( 0.05226442768871438600, 0.05226442768871423400, -0.9972646886342373400 ) ) ;
#876 = ADVANCED_FACE ( 'NONE', ( #2297 ), #4356, .T. ) ;
#877 = AXIS2_PLACEMENT_3D ( 'NONE', #3852, #3461, #1006 ) ;
#878 = VECTOR ( 'NONE', #4516, 1000.000000000000000 ) ;
#879 =( NAMED_UNIT ( * ) PLANE_ANGLE_UNIT ( ) SI_UNIT ( $, .RADIAN. ) );
#880 = EDGE_CURVE ( 'NONE', #4957, #2611, #3391, .T. ) ;
#881 = VERTEX_POINT ( 'NONE', #779 ) ;
#882 = CIRCLE ( 'NONE', #2299, 5.970920021408292500 ) ;
#883 = DIRECTION ( 'NONE',  ( 1.000000000000000000, 0.0000000000000000000, 0.0000000000000000000 ) ) ;
#884 = LINE ( 'NONE', #4550, #2917 ) ;
#885 = ORIENTED_EDGE ( 'NONE', *, *, #837, .F. ) ;
#886 = ORIENTED_EDGE ( 'NONE', *, *, #578, .T. ) ;
#887 = CARTESIAN_POINT ( 'NONE',  ( 2.599999999999940100, -6.636698961061000500, -8.799999999999997200 ) ) ;
#888 = CARTESIAN_POINT ( 'NONE',  ( 12.49999999999999500, 7.131019448207608100, 2.600000000000000100 ) ) ;
#889 = VECTOR ( 'NONE', #553, 1000.000000000000000 ) ;
#890 = CIRCLE ( 'NONE', #5247, 0.2999999999999999300 ) ;
#891 = CARTESIAN_POINT ( 'NONE',  ( 3.636698961060975200, 6.636698961060977500, -8.799999999999997200 ) ) ;
#892 =( BOUNDED_CURVE ( )  B_SPLINE_CURVE ( 3, ( #899, #4177, #2120, #4985 ),
 .UNSPECIFIED., .F., .F. ) 
 B_SPLINE_CURVE_WITH_KNOTS ( ( 4, 4 ),
 ( 1.623156204354728500, 3.141592653589796200 ),
 .UNSPECIFIED. ) 
 CURVE ( )  GEOMETRIC_REPRESENTATION_ITEM ( )  RATIONAL_B_SPLINE_CURVE ( ( 1.000000000000000000, 0.8169162473415247900, 0.8169162473415247900, 1.000000000000000000 ) ) 
 REPRESENTATION_ITEM ( '' )  );
#893 = VERTEX_POINT ( 'NONE', #1169 ) ;
#894 = VECTOR ( 'NONE', #1453, 1000.000000000000000 ) ;
#895 = AXIS2_PLACEMENT_3D ( 'NONE', #2645, #3476, #1022 ) ;
#896 = EDGE_CURVE ( 'NONE', #3710, #1426, #4605, .T. ) ;
#897 = CARTESIAN_POINT ( 'NONE',  ( 1.683244688192488300, 5.457617512188035000, -1.683244688192501200 ) ) ;
#898 = DIRECTION ( 'NONE',  ( -0.05226442768871449000, -0.05226442768871379700, 0.9972646886342372300 ) ) ;
#899 = CARTESIAN_POINT ( 'NONE',  ( 11.55233595624294200, -2.518645519832045700, 9.118645519832105300 ) ) ;
#900 = DIRECTION ( 'NONE',  ( -0.0000000000000000000, -0.0000000000000000000, -1.000000000000000000 ) ) ;
#901 = ORIENTED_EDGE ( 'NONE', *, *, #2999, .T. ) ;
#902 = CARTESIAN_POINT ( 'NONE',  ( 8.784299213127113100, 3.936287821487336500, 5.363301038939040300 ) ) ;
#903 = DIRECTION ( 'NONE',  ( -0.0000000000000000000, -1.000000000000000000, 9.462128050782581700E-015 ) ) ;
#904 = ADVANCED_FACE ( 'NONE', ( #133 ), #3140, .T. ) ;
#905 = DIRECTION ( 'NONE',  ( -0.05226442768871424800, -0.05226442768871379700, -0.9972646886342374500 ) ) ;
#906 = ORIENTED_EDGE ( 'NONE', *, *, #3922, .T. ) ;
#907 = VERTEX_POINT ( 'NONE', #2324 ) ;
#908 = EDGE_CURVE ( 'NONE', #3782, #1676, #2167, .T. ) ;
#909 = DIRECTION ( 'NONE',  ( 0.0000000000000000000, -1.000000000000000000, -1.156482317317871700E-015 ) ) ;
#910 = CARTESIAN_POINT ( 'NONE',  ( -3.272161026123498600, -4.623529028885618800, -3.572904072612465700 ) ) ;
#911 = CARTESIAN_POINT ( 'NONE',  ( 5.342104225755595500, 1.714216960485673000, -5.342104225755599100 ) ) ;
#912 =( BOUNDED_CURVE ( )  B_SPLINE_CURVE ( 3, ( #164, #1785, #977, #3846 ),
 .UNSPECIFIED., .F., .F. ) 
 B_SPLINE_CURVE_WITH_KNOTS ( ( 4, 4 ),
 ( 3.141592653589791300, 4.660029102824858600 ),
 .UNSPECIFIED. ) 
 CURVE ( )  GEOMETRIC_REPRESENTATION_ITEM ( )  RATIONAL_B_SPLINE_CURVE ( ( 1.000000000000000000, 0.8169162473415250100, 0.8169162473415250100, 1.000000000000000000 ) ) 
 REPRESENTATION_ITEM ( '' )  );
#913 = VERTEX_POINT ( 'NONE', #1931 ) ;
#914 = DIRECTION ( 'NONE',  ( -1.515216750768387600E-016, 1.000000000000000000, 2.891205793294679400E-015 ) ) ;
#915 = DIRECTION ( 'NONE',  ( 0.05233595624294395300, 0.0000000000000000000, -0.9986295347545739400 ) ) ;
#916 = CARTESIAN_POINT ( 'NONE',  ( -3.700411139573627700, 5.000000000000001800, -9.999999999999998200 ) ) ;
#917 = AXIS2_PLACEMENT_3D ( 'NONE', #1082, #266, #1488 ) ;
#918 = CARTESIAN_POINT ( 'NONE',  ( 8.799999999999997200, 3.999999999999988900, 6.636698961060957900 ) ) ;
#919 = ORIENTED_EDGE ( 'NONE', *, *, #3200, .F. ) ;
#920 = VERTEX_POINT ( 'NONE', #3979 ) ;
#921 = ORIENTED_EDGE ( 'NONE', *, *, #3851, .T. ) ;
#922 = EDGE_CURVE ( 'NONE', #1673, #920, #3257, .T. ) ;
#923 = CARTESIAN_POINT ( 'NONE',  ( 4.000000000000000900, 6.700411139573629900, -9.999999999999994700 ) ) ;
#924 = CIRCLE ( 'NONE', #3081, 0.2999999999999998800 ) ;
#925 = ORIENTED_EDGE ( 'NONE', *, *, #3712, .T. ) ;
#926 = ORIENTED_EDGE ( 'NONE', *, *, #1430, .T. ) ;
#927 = CARTESIAN_POINT ( 'NONE',  ( -5.592085271610449700, 1.512686646019621200E-015, -5.892828318099413200 ) ) ;
#928 = DIRECTION ( 'NONE',  ( -2.891205793294679000E-015, 0.0000000000000000000, -1.000000000000000000 ) ) ;
#929 = EDGE_CURVE ( 'NONE', #2430, #1714, #4226, .T. ) ;
#930 = VERTEX_POINT ( 'NONE', #1538 ) ;
#931 = CARTESIAN_POINT ( 'NONE',  ( -4.790797811182264000, 2.931768610150506500, -5.091540857671225800 ) ) ;
#932 = EDGE_LOOP ( 'NONE', ( #3869, #327, #3634, #1863, #2341, #1713, #4911, #4237, #1592, #957 ) ) ;
#933 = LINE ( 'NONE', #2209, #3944 ) ;
#934 = EDGE_LOOP ( 'NONE', ( #2471, #4677, #863 ) ) ;
#935 = CIRCLE ( 'NONE', #4307, 0.2999999999999999300 ) ;
#936 = DIRECTION ( 'NONE',  ( -0.05233595624294395300, -1.299259573306916800E-015, -0.9986295347545739400 ) ) ;
#937 = FACE_OUTER_BOUND ( 'NONE', #161, .T. ) ;
#938 = EDGE_CURVE ( 'NONE', #2665, #1780, #4101, .T. ) ;
#939 = CARTESIAN_POINT ( 'NONE',  ( -4.294447027437797700, 3.990140885302360600, 4.294447027437807500 ) ) ;
#940 = CARTESIAN_POINT ( 'NONE',  ( 2.081766411704279100, -9.068980551792419600, -12.50000000000000200 ) ) ;
#941 = AXIS2_PLACEMENT_3D ( 'NONE', #771, #3637, #1174 ) ;
#942 = ORIENTED_EDGE ( 'NONE', *, *, #3801, .T. ) ;
#943 = CIRCLE ( 'NONE', #3130, 0.2999999999999999300 ) ;
#944 = CYLINDRICAL_SURFACE ( 'NONE', #3657, 0.3000000000000003200 ) ;
#945 = CARTESIAN_POINT ( 'NONE',  ( -2.599999999999999200, 7.000000000000001800, -9.999999999999998200 ) ) ;
#946 = SPHERICAL_SURFACE ( 'NONE', #2243, 0.2999999999999999900 ) ;
#947 = AXIS2_PLACEMENT_3D ( 'NONE', #2124, #515, #3371 ) ;
#948 = CIRCLE ( 'NONE', #3034, 5.550000000000001600 ) ;
#949 = FACE_OUTER_BOUND ( 'NONE', #674, .T. ) ;
#950 = CARTESIAN_POINT ( 'NONE',  ( -0.2545932346322135100, 5.726770099506817100, -0.5553362811212345700 ) ) ;
#951 = ORIENTED_EDGE ( 'NONE', *, *, #2248, .F. ) ;
#952 = ORIENTED_EDGE ( 'NONE', *, *, #3722, .F. ) ;
#953 = VECTOR ( 'NONE', #308, 1000.000000000000200 ) ;
#954 = CARTESIAN_POINT ( 'NONE',  ( 5.892828318099415900, 0.2278384033498859500, 5.592085271610463900 ) ) ;
#955 = CARTESIAN_POINT ( 'NONE',  ( -5.900915317458196100, 0.2378255295132771000, 5.900915317458205000 ) ) ;
#956 = DIRECTION ( 'NONE',  ( -0.05226442768871380300, 0.05226442768871403200, -0.9972646886342373400 ) ) ;
#957 = ORIENTED_EDGE ( 'NONE', *, *, #2125, .T. ) ;
#958 = ORIENTED_EDGE ( 'NONE', *, *, #4601, .T. ) ;
#959 = ORIENTED_EDGE ( 'NONE', *, *, #1705, .T. ) ;
#960 = DIRECTION ( 'NONE',  ( 0.9972646886342372300, 0.05226442768871422700, 0.05226442768871378300 ) ) ;
#961 = EDGE_CURVE ( 'NONE', #1222, #2504, #5177, .T. ) ;
#962 = DIRECTION ( 'NONE',  ( -0.9972646886342372300, 0.05226442768871409500, 0.05226442768871379000 ) ) ;
#963 = CARTESIAN_POINT ( 'NONE',  ( 8.799999999999995400, 5.000000000000004400, 3.636698961060975200 ) ) ;
#964 = ORIENTED_EDGE ( 'NONE', *, *, #43, .T. ) ;
#965 = EDGE_CURVE ( 'NONE', #5112, #3710, #1908, .T. ) ;
#966 = CARTESIAN_POINT ( 'NONE',  ( 5.090247850701018700, 2.934006514922952400, 4.789504804212065800 ) ) ;
#967 = AXIS2_PLACEMENT_3D ( 'NONE', #561, #5044, #1793 ) ;
#968 = ORIENTED_EDGE ( 'NONE', *, *, #3714, .F. ) ;
#969 = CARTESIAN_POINT ( 'NONE',  ( 9.999999999999994700, 5.000000000000004400, 4.000000000000000900 ) ) ;
#970 = CARTESIAN_POINT ( 'NONE',  ( 9.999999999999994700, 6.700411139573631700, -4.000000000000000000 ) ) ;
#971 = DIRECTION ( 'NONE',  ( 0.7071067811865487900, 0.0000000000000000000, 0.7071067811865463500 ) ) ;
#972 = EDGE_CURVE ( 'NONE', #4552, #5057, #3549, .T. ) ;
#973 = VERTEX_POINT ( 'NONE', #2785 ) ;
#974 = AXIS2_PLACEMENT_3D ( 'NONE', #2024, #4877, #2450 ) ;
#975 = DIRECTION ( 'NONE',  ( -4.930380657631323800E-032, 4.731064025391290900E-015, 1.000000000000000000 ) ) ;
#976 = PLANE ( 'NONE',  #2675 ) ;
#977 = CARTESIAN_POINT ( 'NONE',  ( 12.11331652343349000, 9.089245774084698600, -2.489245774084691800 ) ) ;
#978 = EDGE_CURVE ( 'NONE', #2729, #4604, #3966, .T. ) ;
#979 = VECTOR ( 'NONE', #1478, 1000.000000000000000 ) ;
#980 = ORIENTED_EDGE ( 'NONE', *, *, #3378, .F. ) ;
#981 = CARTESIAN_POINT ( 'NONE',  ( 0.5547680903981299100, 5.726806673602675700, 0.2540250439092833200 ) ) ;
#982 = ORIENTED_EDGE ( 'NONE', *, *, #1887, .F. ) ;
#983 = CARTESIAN_POINT ( 'NONE',  ( 8.499999999999996400, 3.636698961060964600, 6.921388331075453600 ) ) ;
#984 = DIRECTION ( 'NONE',  ( -0.05226442768871401900, 0.05226442768871432400, -0.9972646886342374500 ) ) ;
#985 = CARTESIAN_POINT ( 'NONE',  ( 8.784299213127113100, 3.921388331075428700, 6.936287821487330700 ) ) ;
#986 = LINE ( 'NONE', #555, #5211 ) ;
#987 = EDGE_CURVE ( 'NONE', #3403, #1912, #1781, .T. ) ;
#988 = ORIENTED_EDGE ( 'NONE', *, *, #1860, .F. ) ;
#989 = EDGE_LOOP ( 'NONE', ( #1112, #801, #1377, #2510 ) ) ;
#990 = CARTESIAN_POINT ( 'NONE',  ( -9.068980551792391200, 1.520015985077558100, -12.50000000000000000 ) ) ;
#991 = VECTOR ( 'NONE', #331, 1000.000000000000000 ) ;
#992 = ORIENTED_EDGE ( 'NONE', *, *, #3910, .F. ) ;
#993 = DIRECTION ( 'NONE',  ( -0.05233595624294417500, 0.0000000000000000000, 0.9986295347545739400 ) ) ;
#994 = CARTESIAN_POINT ( 'NONE',  ( 11.55233595624294200, -2.518645519832055400, 7.081354480167923300 ) ) ;
#995 = CARTESIAN_POINT ( 'NONE',  ( 11.55233595624294200, 7.081354480167913600, 2.518645519832090500 ) ) ;
#996 = ORIENTED_EDGE ( 'NONE', *, *, #1254, .F. ) ;
#997 = ORIENTED_EDGE ( 'NONE', *, *, #2940, .F. ) ;
#998 = ORIENTED_EDGE ( 'NONE', *, *, #412, .F. ) ;
#999 = FACE_OUTER_BOUND ( 'NONE', #1804, .T. ) ;
#1000 = ORIENTED_EDGE ( 'NONE', *, *, #4788, .T. ) ;
#1001 = VECTOR ( 'NONE', #3375, 1000.000000000000000 ) ;
#1002 = CARTESIAN_POINT ( 'NONE',  ( 5.536542441858705900, -0.8781942169898537800, -5.536542441858708600 ) ) ;
#1003 = DIRECTION ( 'NONE',  ( -0.9972646886342373400, 0.05226442768871436600, 0.05226442768871354700 ) ) ;
#1004 = FACE_OUTER_BOUND ( 'NONE', #757, .T. ) ;
#1005 = EDGE_CURVE ( 'NONE', #2513, #3398, #2036, .T. ) ;
#1006 = DIRECTION ( 'NONE',  ( 0.9986295347545739400, 0.05233595624294412600, 0.0000000000000000000 ) ) ;
#1007 = VERTEX_POINT ( 'NONE', #2399 ) ;
#1008 = DIRECTION ( 'NONE',  ( 0.0000000000000000000, 1.084202172485504100E-016, 1.000000000000000000 ) ) ;
#1009 = LINE ( 'NONE', #579, #5234 ) ;
#1010 = CIRCLE ( 'NONE', #1797, 0.3000000000000003200 ) ;
#1011 = ORIENTED_EDGE ( 'NONE', *, *, #4966, .T. ) ;
#1012 = VERTEX_POINT ( 'NONE', #5257 ) ;
#1013 = FACE_OUTER_BOUND ( 'NONE', #1601, .T. ) ;
#1014 = CARTESIAN_POINT ( 'NONE',  ( -10.00000000000000900, -9.999999999999994700, -10.00000000000000000 ) ) ;
#1015 = CARTESIAN_POINT ( 'NONE',  ( 2.518645519832027000, -7.081354480167935800, -11.55233595624294200 ) ) ;
#1016 = ORIENTED_EDGE ( 'NONE', *, *, #2446, .T. ) ;
#1017 = VECTOR ( 'NONE', #1851, 1000.000000000000000 ) ;
#1018 = CARTESIAN_POINT ( 'NONE',  ( -3.128377787472197200, -4.930448201985999600, 3.128377787472208700 ) ) ;
#1019 = CARTESIAN_POINT ( 'NONE',  ( 1.389038824073095100, -5.547471813693547000, -1.389038824073110600 ) ) ;
#1020 = EDGE_CURVE ( 'NONE', #2310, #4704, #1665, .T. ) ;
#1021 = DIRECTION ( 'NONE',  ( 0.0000000000000000000, 1.000000000000000000, 0.0000000000000000000 ) ) ;
#1022 = DIRECTION ( 'NONE',  ( 0.0000000000000000000, 0.05233595624294395300, -0.9986295347545739400 ) ) ;
#1023 = EDGE_LOOP ( 'NONE', ( #4027, #4887, #3390 ) ) ;
#1024 = CARTESIAN_POINT ( 'NONE',  ( 9.999999999999996400, 3.700411139573619700, 7.000000000000015100 ) ) ;
#1025 = AXIS2_PLACEMENT_3D ( 'NONE', #2105, #3796, #1350 ) ;
#1026 = EDGE_CURVE ( 'NONE', #4704, #1872, #4912, .T. ) ;
#1027 = DIRECTION ( 'NONE',  ( -0.0000000000000000000, -0.0000000000000000000, 1.000000000000000000 ) ) ;
#1028 = EDGE_LOOP ( 'NONE', ( #4726, #506, #312, #4564 ) ) ;
#1029 = DIRECTION ( 'NONE',  ( 0.05226442768871384500, -0.05226442768871403200, 0.9972646886342373400 ) ) ;
#1030 = ORIENTED_EDGE ( 'NONE', *, *, #277, .F. ) ;
#1031 = EDGE_CURVE ( 'NONE', #2182, #4255, #830, .T. ) ;
#1032 = DIRECTION ( 'NONE',  ( -1.000000000000000000, -1.734723475976807100E-016, 0.0000000000000000000 ) ) ;
#1033 = DIRECTION ( 'NONE',  ( 1.000000000000000000, 0.0000000000000000000, -1.445602896647339500E-015 ) ) ;
#1034 = DIRECTION ( 'NONE',  ( 0.0000000000000000000, 0.0000000000000000000, 1.000000000000000000 ) ) ;
#1035 = DIRECTION ( 'NONE',  ( 0.9986295347545739400, 0.05233595624294412600, 0.0000000000000000000 ) ) ;
#1036 = DIRECTION ( 'NONE',  ( -1.000000000000000000, -0.0000000000000000000, 0.0000000000000000000 ) ) ;
#1037 = AXIS2_PLACEMENT_3D ( 'NONE', #2434, #5279, #2821 ) ;
#1038 = VERTEX_POINT ( 'NONE', #2426 ) ;
#1039 = EDGE_LOOP ( 'NONE', ( #1358, #869, #2618, #997 ) ) ;
#1040 = ORIENTED_EDGE ( 'NONE', *, *, #1618, .F. ) ;
#1041 = EDGE_CURVE ( 'NONE', #1038, #441, #272, .T. ) ;
#1042 = LINE ( 'NONE', #337, #2004 ) ;
#1043 = ORIENTED_EDGE ( 'NONE', *, *, #3347, .T. ) ;
#1044 = DIRECTION ( 'NONE',  ( 0.9972646886342374500, -0.05226442768871424800, -0.05226442768871432400 ) ) ;
#1045 = ORIENTED_EDGE ( 'NONE', *, *, #1646, .T. ) ;
#1046 = VECTOR ( 'NONE', #3012, 1000.000000000000000 ) ;
#1047 = CARTESIAN_POINT ( 'NONE',  ( 8.799999999999997200, 3.636698961060964600, 5.363301038939041200 ) ) ;
#1048 = LINE ( 'NONE', #1243, #4072 ) ;
#1049 = ORIENTED_EDGE ( 'NONE', *, *, #4625, .T. ) ;
#1050 = EDGE_LOOP ( 'NONE', ( #4713, #565, #2044, #1457, #5047, #3433 ) ) ;
#1051 = LINE ( 'NONE', #2582, #4204 ) ;
#1052 = CARTESIAN_POINT ( 'NONE',  ( -3.999999999999999100, 5.123994362689034100, -10.00000000000000200 ) ) ;
#1053 = AXIS2_PLACEMENT_3D ( 'NONE', #1155, #1973, #4820 ) ;
#1054 = EDGE_CURVE ( 'NONE', #1983, #1689, #2612, .T. ) ;
#1055 = VERTEX_POINT ( 'NONE', #4480 ) ;
#1056 = LINE ( 'NONE', #5106, #2016 ) ;
#1057 = CIRCLE ( 'NONE', #4794, 1.499999999999999600 ) ;
#1058 = CARTESIAN_POINT ( 'NONE',  ( 8.799999999999997200, 3.636698961060964600, 5.363301038939040300 ) ) ;
#1059 = CARTESIAN_POINT ( 'NONE',  ( -5.970920021408289800, 7.312268092182511000E-016, 8.574287104857958800 ) ) ;
#1060 = ADVANCED_FACE ( 'NONE', ( #1530 ), #4539, .F. ) ;
#1061 = VERTEX_POINT ( 'NONE', #3255 ) ;
#1062 = DIRECTION ( 'NONE',  ( 0.9972646886342374500, 0.05226442768871432400, -0.05226442768871432400 ) ) ;
#1063 = VECTOR ( 'NONE', #1003, 1000.000000000000000 ) ;
#1064 = DIRECTION ( 'NONE',  ( 0.0000000000000000000, 1.000000000000000000, 0.0000000000000000000 ) ) ;
#1065 = FACE_OUTER_BOUND ( 'NONE', #1649, .T. ) ;
#1066 = AXIS2_PLACEMENT_3D ( 'NONE', #2909, #471, #3340 ) ;
#1067 = DIRECTION ( 'NONE',  ( 0.9972646886342374500, -0.05226442768871478200, -0.05226442768871432400 ) ) ;
#1068 = DIRECTION ( 'NONE',  ( -1.000000000000000000, -1.618354829517795600E-016, -2.220446049250312600E-016 ) ) ;
#1069 = CIRCLE ( 'NONE', #5082, 0.2999999999999999300 ) ;
#1070 = ORIENTED_EDGE ( 'NONE', *, *, #5178, .F. ) ;
#1071 = DIRECTION ( 'NONE',  ( -0.9972646886342373400, 0.05226442768871338000, -0.05226442768871401200 ) ) ;
#1072 = CARTESIAN_POINT ( 'NONE',  ( 4.000000000000002700, -6.876005637311005000, -10.00000000000000000 ) ) ;
#1073 = VECTOR ( 'NONE', #2806, 1000.000000000000100 ) ;
#1074 = DIRECTION ( 'NONE',  ( 0.0000000000000000000, 0.0000000000000000000, 1.000000000000000000 ) ) ;
#1075 = VECTOR ( 'NONE', #1815, 1000.000000000000000 ) ;
#1076 = EDGE_CURVE ( 'NONE', #482, #3544, #4874, .T. ) ;
#1077 = CARTESIAN_POINT ( 'NONE',  ( 12.49999999999999800, -9.068980551792384000, 1.520015985077602700 ) ) ;
#1078 = EDGE_LOOP ( 'NONE', ( #3368, #3903, #3647, #2609 ) ) ;
#1079 = AXIS2_PLACEMENT_3D ( 'NONE', #460, #2880, #2503 ) ;
#1080 = ORIENTED_EDGE ( 'NONE', *, *, #2796, .T. ) ;
#1081 = VECTOR ( 'NONE', #2737, 1000.000000000000000 ) ;
#1082 = CARTESIAN_POINT ( 'NONE',  ( 3.636698961060974800, 7.000000000000003600, -8.799999999999997200 ) ) ;
#1083 = DIRECTION ( 'NONE',  ( -1.000000000000000000, 0.0000000000000000000, 1.550466012510000700E-017 ) ) ;
#1084 = VERTEX_POINT ( 'NONE', #2856 ) ;
#1085 = ORIENTED_EDGE ( 'NONE', *, *, #922, .F. ) ;
#1086 = ORIENTED_EDGE ( 'NONE', *, *, #2353, .F. ) ;
#1087 = DIRECTION ( 'NONE',  ( -4.440892098500625700E-016, 1.734723475976805900E-016, 1.000000000000000000 ) ) ;
#1088 = PRODUCT_DEFINITION ( 'UNKNOWN', '', #1366, #2868 ) ;
#1089 = DIRECTION ( 'NONE',  ( 0.0000000000000000000, 0.0000000000000000000, -1.000000000000000000 ) ) ;
#1090 = DIRECTION ( 'NONE',  ( -0.05226442768871419200, 0.05226442768871453200, 0.9972646886342372300 ) ) ;
#1091 = CARTESIAN_POINT ( 'NONE',  ( -3.636698961060973900, 6.636698961060974800, -8.799999999999998900 ) ) ;
#1092 = ADVANCED_FACE ( 'NONE', ( #1398 ), #2830, .T. ) ;
#1093 = DIRECTION ( 'NONE',  ( 2.891205793294679000E-015, 1.000000000000000000, 0.0000000000000000000 ) ) ;
#1094 = EDGE_CURVE ( 'NONE', #3498, #4817, #4777, .T. ) ;
#1095 = ORIENTED_EDGE ( 'NONE', *, *, #4062, .T. ) ;
#1096 = DIRECTION ( 'NONE',  ( 1.550466012510000700E-017, -0.0000000000000000000, 1.000000000000000000 ) ) ;
#1097 = DIRECTION ( 'NONE',  ( 1.734723475976807300E-016, -1.000000000000000000, 1.734723475976807100E-016 ) ) ;
#1098 = ORIENTED_EDGE ( 'NONE', *, *, #19, .T. ) ;
#1099 = DIRECTION ( 'NONE',  ( 1.000000000000000000, 0.0000000000000000000, 0.0000000000000000000 ) ) ;
#1100 = AXIS2_PLACEMENT_3D ( 'NONE', #224, #1032, #3906 ) ;
#1101 = DIRECTION ( 'NONE',  ( 0.9986295347545739400, 7.404181985857883100E-017, 0.05233595624294417500 ) ) ;
#1102 = CARTESIAN_POINT ( 'NONE',  ( 3.636698961060975700, -7.000000000000026600, -8.799999999999997200 ) ) ;
#1103 = ORIENTED_EDGE ( 'NONE', *, *, #3162, .F. ) ;
#1104 = DIRECTION ( 'NONE',  ( -1.000000000000000000, 0.0000000000000000000, 1.570766203209640700E-017 ) ) ;
#1105 = CARTESIAN_POINT ( 'NONE',  ( -9.068980551792403600, -1.520015985077474400, -12.50000000000000000 ) ) ;
#1106 = EDGE_CURVE ( 'NONE', #4808, #1297, #654, .T. ) ;
#1107 = DIRECTION ( 'NONE',  ( 1.000000000000000000, 7.668899499503142400E-017, 2.220446049250312600E-016 ) ) ;
#1108 = CARTESIAN_POINT ( 'NONE',  ( 9.999999999999998200, -7.000000000000025800, -3.999999999999998200 ) ) ;
#1109 = CARTESIAN_POINT ( 'NONE',  ( 9.999999999999996400, -4.000000000000009800, 7.000000000000015100 ) ) ;
#1110 = DIRECTION ( 'NONE',  ( -0.05233595624294373100, 0.0000000000000000000, -0.9986295347545739400 ) ) ;
#1111 = VECTOR ( 'NONE', #60, 1000.000000000000100 ) ;
#1112 = ORIENTED_EDGE ( 'NONE', *, *, #3347, .F. ) ;
#1113 = ORIENTED_EDGE ( 'NONE', *, *, #3200, .T. ) ;
#1114 = DIRECTION ( 'NONE',  ( 7.228014483236698300E-015, 1.000000000000000000, 0.0000000000000000000 ) ) ;
#1115 = AXIS2_PLACEMENT_3D ( 'NONE', #4413, #1947, #4799 ) ;
#1116 = DIRECTION ( 'NONE',  ( 0.9972646886342373400, -0.05226442768871381700, 0.05226442768871428200 ) ) ;
#1117 = ADVANCED_FACE ( 'NONE', ( #3452 ), #2228, .F. ) ;
#1118 = CARTESIAN_POINT ( 'NONE',  ( -10.00000000000000900, 0.0000000000000000000, 0.0000000000000000000 ) ) ;
#1119 = CIRCLE ( 'NONE', #3409, 5.971233832142132800 ) ;
#1120 = EDGE_LOOP ( 'NONE', ( #1224, #2151, #346, #486 ) ) ;
#1121 = VERTEX_POINT ( 'NONE', #4126 ) ;
#1122 = LINE ( 'NONE', #744, #991 ) ;
#1123 = ORIENTED_EDGE ( 'NONE', *, *, #4531, .F. ) ;
#1124 = LINE ( 'NONE', #598, #4268 ) ;
#1125 = DIRECTION ( 'NONE',  ( -0.9996573249755574800, 3.205751595667438900E-018, -0.02617694830786646300 ) ) ;
#1126 = DIRECTION ( 'NONE',  ( -1.000000000000000000, 0.0000000000000000000, 0.0000000000000000000 ) ) ;
#1127 = DIRECTION ( 'NONE',  ( 0.0000000000000000000, 0.0000000000000000000, -1.000000000000000000 ) ) ;
#1128 = CARTESIAN_POINT ( 'NONE',  ( 8.784299213127111400, 6.936287821487350200, 3.636698961060974800 ) ) ;
#1129 = ORIENTED_EDGE ( 'NONE', *, *, #3808, .T. ) ;
#1130 = DIRECTION ( 'NONE',  ( 0.0000000000000000000, -0.0000000000000000000, 1.000000000000000000 ) ) ;
#1131 = PLANE ( 'NONE',  #1115 ) ;
#1132 = ORIENTED_EDGE ( 'NONE', *, *, #1551, .F. ) ;
#1133 = SPHERICAL_SURFACE ( 'NONE', #1672, 0.2999999999999999900 ) ;
#1134 = VERTEX_POINT ( 'NONE', #1258 ) ;
#1135 = FACE_OUTER_BOUND ( 'NONE', #3871, .T. ) ;
#1136 = EDGE_CURVE ( 'NONE', #3236, #2437, #4419, .T. ) ;
#1137 = FACE_OUTER_BOUND ( 'NONE', #2052, .T. ) ;
#1138 = DIRECTION ( 'NONE',  ( 0.0000000000000000000, 1.000000000000000000, 0.0000000000000000000 ) ) ;
#1139 = VERTEX_POINT ( 'NONE', #4926 ) ;
#1140 = VECTOR ( 'NONE', #975, 1000.000000000000000 ) ;
#1141 =( BOUNDED_CURVE ( )  B_SPLINE_CURVE ( 3, ( #766, #2794, #4044, #1586 ),
 .UNSPECIFIED., .F., .F. ) 
 B_SPLINE_CURVE_WITH_KNOTS ( ( 4, 4 ),
 ( 3.141592653589794400, 4.660029102824860400 ),
 .UNSPECIFIED. ) 
 CURVE ( )  GEOMETRIC_REPRESENTATION_ITEM ( )  RATIONAL_B_SPLINE_CURVE ( ( 1.000000000000000000, 0.8169162473415252400, 0.8169162473415252400, 1.000000000000000000 ) ) 
 REPRESENTATION_ITEM ( '' )  );
#1142 = LINE ( 'NONE', #815, #4284 ) ;
#1143 = ORIENTED_EDGE ( 'NONE', *, *, #519, .T. ) ;
#1144 = EDGE_CURVE ( 'NONE', #3664, #320, #4775, .T. ) ;
#1145 = FACE_OUTER_BOUND ( 'NONE', #3945, .T. ) ;
#1146 = AXIS2_PLACEMENT_3D ( 'NONE', #1238, #4125, #1670 ) ;
#1147 = CARTESIAN_POINT ( 'NONE',  ( 10.01561501126347100, -3.701229487637437200, 4.999181651936217100 ) ) ;
#1148 = CARTESIAN_POINT ( 'NONE',  ( 9.999999999999998200, -3.876005637310977900, 7.000000000000020400 ) ) ;
#1149 = DIRECTION ( 'NONE',  ( -0.0000000000000000000, 1.000000000000000000, -9.265000383057950300E-015 ) ) ;
#1150 = CARTESIAN_POINT ( 'NONE',  ( 6.499999999999995600, -3.149999999999999900, -6.500000000000000900 ) ) ;
#1151 = ADVANCED_FACE ( 'NONE', ( #1145 ), #4287, .F. ) ;
#1152 = CARTESIAN_POINT ( 'NONE',  ( -7.131019448207596600, 1.520015985077549600, -12.50000000000000000 ) ) ;
#1153 = ORIENTED_EDGE ( 'NONE', *, *, #3247, .F. ) ;
#1154 = CIRCLE ( 'NONE', #75, 0.2999999999999999300 ) ;
#1155 = CARTESIAN_POINT ( 'NONE',  ( -7.000000000000013300, 3.999999999999988000, -8.500000000000000000 ) ) ;
#1156 = DIRECTION ( 'NONE',  ( -0.0000000000000000000, -0.0000000000000000000, 1.000000000000000000 ) ) ;
#1157 = DIRECTION ( 'NONE',  ( -0.0000000000000000000, 1.000000000000000000, -0.0000000000000000000 ) ) ;
#1158 = EDGE_CURVE ( 'NONE', #3421, #3709, #69, .T. ) ;
#1159 = PLANE ( 'NONE',  #4910 ) ;
#1160 = DIRECTION ( 'NONE',  ( 0.05226442768871334500, -0.05226442768871451800, 0.9972646886342373400 ) ) ;
#1161 = EDGE_LOOP ( 'NONE', ( #2085, #2529, #4140, #4791 ) ) ;
#1162 = CARTESIAN_POINT ( 'NONE',  ( -6.970577346383847400, 0.0000000000000000000, 8.548110156550093200 ) ) ;
#1163 = EDGE_LOOP ( 'NONE', ( #207, #4582, #651, #5108 ) ) ;
#1164 = PLANE ( 'NONE',  #3734 ) ;
#1165 = DIRECTION ( 'NONE',  ( -1.000000000000000000, 0.0000000000000000000, 0.0000000000000000000 ) ) ;
#1166 = CARTESIAN_POINT ( 'NONE',  ( 8.799999999999995400, 5.363301038939029700, -3.636698961060975200 ) ) ;
#1167 = EDGE_CURVE ( 'NONE', #4557, #4834, #4662, .T. ) ;
#1168 = ORIENTED_EDGE ( 'NONE', *, *, #3874, .T. ) ;
#1169 = CARTESIAN_POINT ( 'NONE',  ( 3.700411139573631700, -5.000000000000025800, -9.999999999999994700 ) ) ;
#1170 = DIRECTION ( 'NONE',  ( 0.0000000000000000000, 0.0000000000000000000, 1.000000000000000000 ) ) ;
#1171 = ADVANCED_FACE ( 'NONE', ( #3192 ), #3047, .F. ) ;
#1172 = DIRECTION ( 'NONE',  ( 0.0000000000000000000, 0.05233595624294395300, -0.9986295347545739400 ) ) ;
#1173 = AXIS2_PLACEMENT_3D ( 'NONE', #1118, #1533, #1921 ) ;
#1174 = DIRECTION ( 'NONE',  ( 0.05233595624294422300, 0.0000000000000000000, -0.9986295347545737200 ) ) ;
#1175 = ORIENTED_EDGE ( 'NONE', *, *, #3407, .T. ) ;
#1177 = EDGE_LOOP ( 'NONE', ( #1566, #1132, #2632, #2093 ) ) ;
#1176 = DIRECTION ( 'NONE',  ( 0.05233595624294422300, 0.0000000000000000000, -0.9986295347545737200 ) ) ;
#1178 = ORIENTED_EDGE ( 'NONE', *, *, #3463, .T. ) ;
#1179 = EDGE_CURVE ( 'NONE', #3782, #3999, #1182, .T. ) ;
#1180 = CARTESIAN_POINT ( 'NONE',  ( 8.499999999999996400, -3.636698961060985000, 5.078611668924577500 ) ) ;
#1181 = CARTESIAN_POINT ( 'NONE',  ( 7.499999999999996400, 0.0000000000000000000, 0.0000000000000000000 ) ) ;
#1182 =( BOUNDED_CURVE ( )  B_SPLINE_CURVE ( 3, ( #2520, #4965, #2107, #81 ),
 .UNSPECIFIED., .F., .F. ) 
 B_SPLINE_CURVE_WITH_KNOTS ( ( 4, 4 ),
 ( 5.499156671652524900, 7.067213942706643200 ),
 .UNSPECIFIED. ) 
 CURVE ( )  GEOMETRIC_REPRESENTATION_ITEM ( )  RATIONAL_B_SPLINE_CURVE ( ( 1.000000000000000000, 0.8053830134673566300, 0.8053830134673566300, 1.000000000000000000 ) ) 
 REPRESENTATION_ITEM ( '' )  );
#1183 = LINE ( 'NONE', #1147, #2133 ) ;
#1184 = AXIS2_PLACEMENT_3D ( 'NONE', #5166, #3546, #1089 ) ;
#1185 = VERTEX_POINT ( 'NONE', #4559 ) ;
#1186 = ORIENTED_EDGE ( 'NONE', *, *, #5290, .F. ) ;
#1187 = EDGE_LOOP ( 'NONE', ( #2843, #4424, #2319, #535 ) ) ;
#1188 = VECTOR ( 'NONE', #179, 1000.000000000000000 ) ;
#1189 = CARTESIAN_POINT ( 'NONE',  ( -7.131019448207591300, 2.600000000000032500, -12.50000000000000000 ) ) ;
#1190 = CONICAL_SURFACE ( 'NONE', #4338, 7.035495700303544100, 0.8115781021773536000 ) ;
#1191 = VERTEX_POINT ( 'NONE', #1306 ) ;
#1192 = DIRECTION ( 'NONE',  ( 0.0000000000000000000, 0.9986295347545737200, -0.05233595624294414700 ) ) ;
#1193 = EDGE_LOOP ( 'NONE', ( #862, #1374, #3307, #2128, #2627, #1949 ) ) ;
#1194 = CARTESIAN_POINT ( 'NONE',  ( 0.0000000000000000000, 0.0000000000000000000, 0.0000000000000000000 ) ) ;
#1195 = VECTOR ( 'NONE', #3431, 1000.000000000000000 ) ;
#1196 = AXIS2_PLACEMENT_3D ( 'NONE', #3557, #1099, #3967 ) ;
#1197 = CARTESIAN_POINT ( 'NONE',  ( 9.999999999999996400, -4.000000000000011500, 5.000000000000016000 ) ) ;
#1198 = DIRECTION ( 'NONE',  ( 0.05233595624294422300, 0.0000000000000000000, -0.9986295347545737200 ) ) ;
#1199 = ORIENTED_EDGE ( 'NONE', *, *, #699, .T. ) ;
#1200 = LINE ( 'NONE', #4660, #2148 ) ;
#1201 = VECTOR ( 'NONE', #703, 1000.000000000000000 ) ;
#1202 = DIRECTION ( 'NONE',  ( -0.0000000000000000000, 1.000000000000000000, 4.336808689942017700E-016 ) ) ;
#1203 = EDGE_CURVE ( 'NONE', #842, #4339, #892, .T. ) ;
#1204 = ORIENTED_EDGE ( 'NONE', *, *, #2702, .T. ) ;
#1205 = ADVANCED_FACE ( 'NONE', ( #4165 ), #3364, .T. ) ;
#1206 = FACE_OUTER_BOUND ( 'NONE', #4482, .T. ) ;
#1207 = CARTESIAN_POINT ( 'NONE',  ( 2.600000000000000100, 0.0000000000000000000, -9.999999999999998200 ) ) ;
#1208 = ADVANCED_FACE ( 'NONE', ( #1013 ), #2921, .F. ) ;
#1209 = LINE ( 'NONE', #334, #3381 ) ;
#1210 = VECTOR ( 'NONE', #3028, 1000.000000000000000 ) ;
#1211 = LINE ( 'NONE', #2762, #5295 ) ;
#1212 = AXIS2_PLACEMENT_3D ( 'NONE', #804, #5292, #3254 ) ;
#1213 = LINE ( 'NONE', #2624, #256 ) ;
#1214 = DIRECTION ( 'NONE',  ( 0.0000000000000000000, 1.000000000000000000, 0.0000000000000000000 ) ) ;
#1215 = APPLICATION_PROTOCOL_DEFINITION ( 'draft international standard', 'automotive_design', 1998, #3666 ) ;
#1216 = DIRECTION ( 'NONE',  ( -2.891205793294680200E-015, -1.000000000000000000, -1.515216750768387900E-016 ) ) ;
#1217 = EDGE_LOOP ( 'NONE', ( #3226, #667, #4497 ) ) ;
#1218 = VECTOR ( 'NONE', #1603, 1000.000000000000000 ) ;
#1219 = EDGE_CURVE ( 'NONE', #2202, #4808, #5107, .T. ) ;
#1220 = AXIS2_PLACEMENT_3D ( 'NONE', #2068, #4929, #2496 ) ;
#1221 = CARTESIAN_POINT ( 'NONE',  ( 9.999999999999994700, 10.00000000000000500, -10.00000000000000000 ) ) ;
#1222 = VERTEX_POINT ( 'NONE', #2139 ) ;
#1223 = EDGE_LOOP ( 'NONE', ( #5128, #498, #3888, #2862 ) ) ;
#1224 = ORIENTED_EDGE ( 'NONE', *, *, #4392, .T. ) ;
#1225 = DIRECTION ( 'NONE',  ( 1.445602896647339700E-015, -1.000000000000000000, 4.418521129529823600E-015 ) ) ;
#1226 = CARTESIAN_POINT ( 'NONE',  ( 3.636698961060976100, -6.636698961061010300, -8.799999999999997200 ) ) ;
#1227 = AXIS2_PLACEMENT_3D ( 'NONE', #2954, #524, #3392 ) ;
#1228 = ORIENTED_EDGE ( 'NONE', *, *, #587, .F. ) ;
#1229 = ADVANCED_FACE ( 'NONE', ( #1847 ), #1737, .F. ) ;
#1230 = CARTESIAN_POINT ( 'NONE',  ( 3.636698961060976100, 5.078611668924565100, -8.499999999999996400 ) ) ;
#1231 = ADVANCED_FACE ( 'NONE', ( #763 ), #2804, .T. ) ;
#1232 = CARTESIAN_POINT ( 'NONE',  ( 3.876005637310969500, 5.000000000000003600, -10.00000000000000000 ) ) ;
#1233 = VERTEX_POINT ( 'NONE', #166 ) ;
#1234 = DIRECTION ( 'NONE',  ( 0.0000000000000000000, -0.05233595624294395300, -0.9986295347545739400 ) ) ;
#1235 = CARTESIAN_POINT ( 'NONE',  ( -8.560094104986101000, -2.393042822290325200E-016, 0.0000000000000000000 ) ) ;
#1236 = CARTESIAN_POINT ( 'NONE',  ( 2.216582553000239700, -5.358562585362302700, 1.915839506511295200 ) ) ;
#1237 = ORIENTED_EDGE ( 'NONE', *, *, #1525, .T. ) ;
#1238 = CARTESIAN_POINT ( 'NONE',  ( 12.49999999999999800, -9.199999999999978000, 2.600000000000086700 ) ) ;
#1239 = DIRECTION ( 'NONE',  ( 0.05233595624294422300, 0.0000000000000000000, 0.9986295347545737200 ) ) ;
#1240 = EDGE_CURVE ( 'NONE', #4103, #2262, #4032, .T. ) ;
#1241 =( BOUNDED_CURVE ( )  B_SPLINE_CURVE ( 3, ( #4609, #1744, #4199, #5001 ),
 .UNSPECIFIED., .F., .F. ) 
 B_SPLINE_CURVE_WITH_KNOTS ( ( 4, 4 ),
 ( 4.764748857944519900, 6.283185307179588000 ),
 .UNSPECIFIED. ) 
 CURVE ( )  GEOMETRIC_REPRESENTATION_ITEM ( )  RATIONAL_B_SPLINE_CURVE ( ( 1.000000000000000000, 0.8169162473415246800, 0.8169162473415246800, 1.000000000000000000 ) ) 
 REPRESENTATION_ITEM ( '' )  );
#1242 = CARTESIAN_POINT ( 'NONE',  ( -2.600000000000082700, -9.199999999999979700, -9.999999999999998200 ) ) ;
#1243 = CARTESIAN_POINT ( 'NONE',  ( -7.131019448207615200, -2.518645519832058500, -11.55233595624294400 ) ) ;
#1244 = EDGE_CURVE ( 'NONE', #2686, #930, #4978, .T. ) ;
#1245 = CARTESIAN_POINT ( 'NONE',  ( 12.11331652343349500, -9.089245774084718100, -2.489245774084607500 ) ) ;
#1246 = CARTESIAN_POINT ( 'NONE',  ( 5.549999999999999800, 0.0000000000000000000, -7.500000000000000000 ) ) ;
#1247 = VECTOR ( 'NONE', #4521, 1000.000000000000200 ) ;
#1248 = ORIENTED_EDGE ( 'NONE', *, *, #559, .T. ) ;
#1249 = AXIS2_PLACEMENT_3D ( 'NONE', #260, #3097, #656 ) ;
#1250 = EDGE_LOOP ( 'NONE', ( #4270, #3161, #5265, #4449 ) ) ;
#1251 = LINE ( 'NONE', #3007, #4138 ) ;
#1252 = ADVANCED_FACE ( 'NONE', ( #3896 ), #4846, .F. ) ;
#1253 = EDGE_LOOP ( 'NONE', ( #4150, #3376, #3451, #4618, #4518, #4174, #3240, #5009, #229, #3304, #138, #1425 ) ) ;
#1254 = EDGE_CURVE ( 'NONE', #920, #1647, #2674, .T. ) ;
#1255 = CARTESIAN_POINT ( 'NONE',  ( 5.466066031171505000, -2.182356893462538100, 5.165322984682549500 ) ) ;
#1256 = FACE_OUTER_BOUND ( 'NONE', #2958, .T. ) ;
#1257 = PLANE ( 'NONE',  #1146 ) ;
#1258 = CARTESIAN_POINT ( 'NONE',  ( 3.636698961060975200, 6.936287821487349300, -8.784299213127113100 ) ) ;
#1259 = VERTEX_POINT ( 'NONE', #572 ) ;
#1260 = ADVANCED_FACE ( 'NONE', ( #633 ), #190, .T. ) ;
#1261 = AXIS2_PLACEMENT_3D ( 'NONE', #4501, #2041, #4899 ) ;
#1262 = VECTOR ( 'NONE', #2333, 1000.000000000000000 ) ;
#1263 = ORIENTED_EDGE ( 'NONE', *, *, #3264, .T. ) ;
#1264 = CIRCLE ( 'NONE', #3049, 2.600000000000001000 ) ;
#1265 = DIRECTION ( 'NONE',  ( -0.9986295347545739400, 2.689307558546164800E-016, 0.05233595624294373100 ) ) ;
#1266 = VERTEX_POINT ( 'NONE', #5067 ) ;
#1267 = EDGE_CURVE ( 'NONE', #1385, #2955, #3001, .T. ) ;
#1268 = ORIENTED_EDGE ( 'NONE', *, *, #1267, .F. ) ;
#1269 = LINE ( 'NONE', #2370, #4524 ) ;
#1270 = EDGE_LOOP ( 'NONE', ( #649, #952, #3560, #5126, #5039 ) ) ;
#1271 = CARTESIAN_POINT ( 'NONE',  ( 6.499999999999995600, -3.149999999999999900, -10.00000000000000200 ) ) ;
#1272 = LINE ( 'NONE', #88, #2216 ) ;
#1273 = CARTESIAN_POINT ( 'NONE',  ( 3.636698961060976600, -6.636698961061011200, -8.799999999999997200 ) ) ;
#1274 = LINE ( 'NONE', #2000, #4410 ) ;
#1275 = CARTESIAN_POINT ( 'NONE',  ( 11.55233595624294200, -2.518645519832055400, 7.081354480167923300 ) ) ;
#1276 = ORIENTED_EDGE ( 'NONE', *, *, #2257, .F. ) ;
#1277 = DIRECTION ( 'NONE',  ( 0.0000000000000000000, 0.05233595624294395300, 0.9986295347545739400 ) ) ;
#1278 = LINE ( 'NONE', #567, #3317 ) ;
#1279 = AXIS2_PLACEMENT_3D ( 'NONE', #323, #3181, #732 ) ;
#1280 = EDGE_CURVE ( 'NONE', #1318, #5025, #3648, .T. ) ;
#1281 = CARTESIAN_POINT ( 'NONE',  ( -10.00000000000000700, 4.128514106687783000E-017, 0.0000000000000000000 ) ) ;
#1282 = CARTESIAN_POINT ( 'NONE',  ( 9.999999999999996400, -3.700411139573636500, 7.000000000000015100 ) ) ;
#1283 = VECTOR ( 'NONE', #4489, 1000.000000000000200 ) ;
#1284 = ORIENTED_EDGE ( 'NONE', *, *, #5262, .F. ) ;
#1285 = ORIENTED_EDGE ( 'NONE', *, *, #539, .T. ) ;
#1286 = CARTESIAN_POINT ( 'NONE',  ( 8.499999999999996400, 3.636698961060964600, 5.363301038939041200 ) ) ;
#1287 = ORIENTED_EDGE ( 'NONE', *, *, #2631, .T. ) ;
#1288 = CARTESIAN_POINT ( 'NONE',  ( 8.799999999999998900, -6.636698961060941000, 3.636698961060976100 ) ) ;
#1289 = ADVANCED_FACE ( 'NONE', ( #1460 ), #3960, .F. ) ;
#1290 = CARTESIAN_POINT ( 'NONE',  ( 9.999999999999994700, 7.000000000000004400, 3.700411139573628500 ) ) ;
#1291 = EDGE_CURVE ( 'NONE', #4578, #53, #4599, .T. ) ;
#1292 = CARTESIAN_POINT ( 'NONE',  ( -6.700411139573611200, 3.999999999999988000, -10.00000000000000000 ) ) ;
#1293 = ORIENTED_EDGE ( 'NONE', *, *, #240, .T. ) ;
#1294 = CARTESIAN_POINT ( 'NONE',  ( 0.2273946368549105700, 5.736452422633917100, -0.2273946368739180000 ) ) ;
#1295 = CARTESIAN_POINT ( 'NONE',  ( 4.000818348063799800, 6.701229487637428800, -10.01561501126346900 ) ) ;
#1296 = DIRECTION ( 'NONE',  ( -0.9972646886342373400, 0.05226442768871391400, 0.05226442768871403200 ) ) ;
#1297 = VERTEX_POINT ( 'NONE', #3569 ) ;
#1298 = AXIS2_PLACEMENT_3D ( 'NONE', #4184, #2132, #4591 ) ;
#1299 = CARTESIAN_POINT ( 'NONE',  ( 3.922206679139237800, 5.377382181287139000, -8.515615011263472300 ) ) ;
#1300 = ORIENTED_EDGE ( 'NONE', *, *, #4621, .F. ) ;
#1301 = CARTESIAN_POINT ( 'NONE',  ( 8.799999999999995400, 5.363301038939029700, 3.636698961060974800 ) ) ;
#1302 = EDGE_CURVE ( 'NONE', #2910, #5240, #3779, .T. ) ;
#1303 = DIRECTION ( 'NONE',  ( 0.0000000000000000000, 1.000000000000000000, 0.0000000000000000000 ) ) ;
#1304 = CARTESIAN_POINT ( 'NONE',  ( -0.1734739108393477100, -5.731922681810790900, -0.4742169573283829800 ) ) ;
#1305 = CARTESIAN_POINT ( 'NONE',  ( 2.573270610257718100, 5.073695729314525100, -2.573270610257725600 ) ) ;
#1306 = CARTESIAN_POINT ( 'NONE',  ( -3.999999999999999100, -5.299588860426399400, -9.999999999999998200 ) ) ;
#1307 = ADVANCED_FACE ( 'NONE', ( #254 ), #3978, .F. ) ;
#1308 = FACE_OUTER_BOUND ( 'NONE', #1023, .T. ) ;
#1309 = AXIS2_PLACEMENT_3D ( 'NONE', #148, #2988, #548 ) ;
#1310 = EDGE_CURVE ( 'NONE', #86, #4894, #4474, .T. ) ;
#1311 = VERTEX_POINT ( 'NONE', #5200 ) ;
#1312 = ORIENTED_EDGE ( 'NONE', *, *, #2482, .F. ) ;
#1313 = DIRECTION ( 'NONE',  ( -1.000000000000000000, 0.0000000000000000000, 0.0000000000000000000 ) ) ;
#1314 = FACE_OUTER_BOUND ( 'NONE', #181, .T. ) ;
#1315 = ORIENTED_EDGE ( 'NONE', *, *, #1471, .F. ) ;
#1316 = DIRECTION ( 'NONE',  ( 0.0000000000000000000, 0.0000000000000000000, 1.000000000000000000 ) ) ;
#1317 = VERTEX_POINT ( 'NONE', #4389 ) ;
#1318 = VERTEX_POINT ( 'NONE', #3592 ) ;
#1319 = VECTOR ( 'NONE', #971, 999.9999999999998900 ) ;
#1320 = EDGE_CURVE ( 'NONE', #2783, #1134, #3386, .T. ) ;
#1321 = CARTESIAN_POINT ( 'NONE',  ( -4.000818348063797100, -6.701229487637394100, -10.01561501126347600 ) ) ;
#1322 = AXIS2_PLACEMENT_3D ( 'NONE', #1405, #3058, #626 ) ;
#1323 = CYLINDRICAL_SURFACE ( 'NONE', #4870, 0.3000000000000003800 ) ;
#1324 = EDGE_LOOP ( 'NONE', ( #666, #3492, #3819 ) ) ;
#1325 = VERTEX_POINT ( 'NONE', #718 ) ;
#1326 = VECTOR ( 'NONE', #1765, 1000.000000000000200 ) ;
#1327 = DIRECTION ( 'NONE',  ( 1.230905935573329800E-032, -1.000000000000000000, 1.301042606982604700E-015 ) ) ;
#1328 = ORIENTED_EDGE ( 'NONE', *, *, #1244, .F. ) ;
#1329 = LINE ( 'NONE', #3567, #1201 ) ;
#1330 = CARTESIAN_POINT ( 'NONE',  ( -4.085261555341025600, -3.895962224944704600, -4.386004601829993600 ) ) ;
#1331 = CARTESIAN_POINT ( 'NONE',  ( 5.499120604105802300, 1.092138152622592800, -5.499120604105804100 ) ) ;
#1332 = CARTESIAN_POINT ( 'NONE',  ( -3.636698961060973900, 7.000000000000001800, -8.799999999999998900 ) ) ;
#1333 = VERTEX_POINT ( 'NONE', #1128 ) ;
#1334 = CYLINDRICAL_SURFACE ( 'NONE', #1489, 0.2999999999999999300 ) ;
#1335 = EDGE_CURVE ( 'NONE', #3865, #1872, #3515, .T. ) ;
#1336 = VECTOR ( 'NONE', #319, 1000.000000000000000 ) ;
#1337 = DIRECTION ( 'NONE',  ( 0.0000000000000000000, -1.000000000000000000, 4.670409358399096100E-015 ) ) ;
#1338 = FACE_OUTER_BOUND ( 'NONE', #769, .T. ) ;
#1339 = VERTEX_POINT ( 'NONE', #2749 ) ;
#1340 = CARTESIAN_POINT ( 'NONE',  ( -0.1864474284383389500, 5.750702003513387300, 0.1864474284384097800 ) ) ;
#1341 = DIRECTION ( 'NONE',  ( 0.0000000000000000000, 0.0000000000000000000, 1.000000000000000000 ) ) ;
#1342 = VECTOR ( 'NONE', #4012, 1000.000000000000000 ) ;
#1343 = CYLINDRICAL_SURFACE ( 'NONE', #2406, 0.2999999999999999300 ) ;
#1344 = CARTESIAN_POINT ( 'NONE',  ( 8.499999999999996400, -3.921388331075445200, 6.636698961060995200 ) ) ;
#1345 = ORIENTED_EDGE ( 'NONE', *, *, #2676, .F. ) ;
#1346 = FACE_OUTER_BOUND ( 'NONE', #2774, .T. ) ;
#1347 = AXIS2_PLACEMENT_3D ( 'NONE', #5259, #2813, #369 ) ;
#1348 = EDGE_CURVE ( 'NONE', #2838, #2571, #2292, .T. ) ;
#1349 = CARTESIAN_POINT ( 'NONE',  ( 7.500000000000005300, 0.0000000000000000000, -2.600000000000001000 ) ) ;
#1350 = DIRECTION ( 'NONE',  ( 0.0000000000000000000, 0.0000000000000000000, -1.000000000000000000 ) ) ;
#1351 = DIRECTION ( 'NONE',  ( 9.847247484586638400E-032, -1.000000000000000000, 9.265000383057948700E-015 ) ) ;
#1352 = ORIENTED_EDGE ( 'NONE', *, *, #4323, .F. ) ;
#1353 = CARTESIAN_POINT ( 'NONE',  ( -4.456472030882022900, 3.432569905119264900, -4.757215077370985600 ) ) ;
#1354 = EDGE_CURVE ( 'NONE', #3840, #2212, #4347, .T. ) ;
#1355 = CARTESIAN_POINT ( 'NONE',  ( 19.27879200441636700, 0.0000000000000000000, 0.0000000000000000000 ) ) ;
#1356 = CARTESIAN_POINT ( 'NONE',  ( -4.684011717210288400, 3.541948185837345200, 4.684011717210296400 ) ) ;
#1357 = CARTESIAN_POINT ( 'NONE',  ( -3.999999999999999100, 5.000000000000001800, -9.999999999999998200 ) ) ;
#1358 = ORIENTED_EDGE ( 'NONE', *, *, #1076, .F. ) ;
#1359 = EDGE_CURVE ( 'NONE', #2196, #1639, #1211, .T. ) ;
#1360 = CARTESIAN_POINT ( 'NONE',  ( 8.799999999999995400, 5.363301038939029700, 3.636698961060974800 ) ) ;
#1361 = CARTESIAN_POINT ( 'NONE',  ( -9.199999999999988600, 2.600000000000041400, -10.00000000000000000 ) ) ;
#1362 = EDGE_LOOP ( 'NONE', ( #3797, #4937, #2545, #4776 ) ) ;
#1363 = PLANE ( 'NONE',  #4439 ) ;
#1364 = CARTESIAN_POINT ( 'NONE',  ( -0.01166354521037676400, 5.738774194151127400, -0.3124065916994966400 ) ) ;
#1365 = VERTEX_POINT ( 'NONE', #2382 ) ;
#1366 = PRODUCT_DEFINITION_FORMATION_WITH_SPECIFIED_SOURCE ( 'ANY', '', #2974, .NOT_KNOWN. ) ;
#1367 = CARTESIAN_POINT ( 'NONE',  ( -9.118645519832080400, 2.518645519832132300, -11.55233595624294400 ) ) ;
#1368 = CARTESIAN_POINT ( 'NONE',  ( 9.999999999999996400, -2.599999999999955200, 9.200000000000015300 ) ) ;
#1369 = EDGE_CURVE ( 'NONE', #4957, #59, #2161, .T. ) ;
#1370 = VECTOR ( 'NONE', #4903, 1000.000000000000000 ) ;
#1371 = ORIENTED_EDGE ( 'NONE', *, *, #5042, .F. ) ;
#1372 = ORIENTED_EDGE ( 'NONE', *, *, #432, .F. ) ;
#1373 = DIRECTION ( 'NONE',  ( 0.9986295347545739400, 0.0000000000000000000, 0.05233595624294395300 ) ) ;
#1374 = ORIENTED_EDGE ( 'NONE', *, *, #2767, .T. ) ;
#1375 = DIRECTION ( 'NONE',  ( 1.000000000000000000, -0.0000000000000000000, -0.0000000000000000000 ) ) ;
#1376 = ORIENTED_EDGE ( 'NONE', *, *, #4365, .F. ) ;
#1377 = ORIENTED_EDGE ( 'NONE', *, *, #5189, .F. ) ;
#1378 = CIRCLE ( 'NONE', #644, 0.2999999999999998800 ) ;
#1379 = ORIENTED_EDGE ( 'NONE', *, *, #4699, .T. ) ;
#1380 = CARTESIAN_POINT ( 'NONE',  ( 4.756326019092676400, 3.433678190356942700, 4.455582972603722600 ) ) ;
#1381 = LINE ( 'NONE', #3798, #4519 ) ;
#1382 = EDGE_CURVE ( 'NONE', #4106, #1233, #4220, .T. ) ;
#1383 = ORIENTED_EDGE ( 'NONE', *, *, #4905, .T. ) ;
#1384 = CARTESIAN_POINT ( 'NONE',  ( 9.999999999999998200, -8.499999999999996400, 10.00000000000000000 ) ) ;
#1385 = VERTEX_POINT ( 'NONE', #1573 ) ;
#1386 = CIRCLE ( 'NONE', #5053, 0.3000000000000003800 ) ;
#1387 = VERTEX_POINT ( 'NONE', #1981 ) ;
#1388 = CARTESIAN_POINT ( 'NONE',  ( 6.970577346383854500, 8.536495235458034200E-016, 8.548110156550093200 ) ) ;
#1389 = DIRECTION ( 'NONE',  ( 0.0000000000000000000, 1.000000000000000000, 0.0000000000000000000 ) ) ;
#1390 = CARTESIAN_POINT ( 'NONE',  ( 8.784299213127111400, 7.000000000000004400, -3.936287821487346200 ) ) ;
#1391 = CARTESIAN_POINT ( 'NONE',  ( -10.00000000000000500, 8.500000000000005300, -10.00000000000000000 ) ) ;
#1392 = LINE ( 'NONE', #742, #305 ) ;
#1393 = VECTOR ( 'NONE', #4640, 1000.000000000000000 ) ;
#1394 = CARTESIAN_POINT ( 'NONE',  ( 9.999999999999998200, -9.999999999999994700, 8.500000000000000000 ) ) ;
#1395 = CIRCLE ( 'NONE', #974, 0.2999999999999999300 ) ;
#1396 = VERTEX_POINT ( 'NONE', #4838 ) ;
#1397 = ORIENTED_EDGE ( 'NONE', *, *, #3874, .F. ) ;
#1398 = FACE_OUTER_BOUND ( 'NONE', #4377, .T. ) ;
#1399 = CARTESIAN_POINT ( 'NONE',  ( 0.3123064195350249700, 5.738775079207723500, 0.01156337304656237900 ) ) ;
#1400 = DIRECTION ( 'NONE',  ( 0.0000000000000000000, -0.0000000000000000000, 1.000000000000000000 ) ) ;
#1401 = ORIENTED_EDGE ( 'NONE', *, *, #782, .F. ) ;
#1402 = EDGE_CURVE ( 'NONE', #5145, #1317, #3107, .T. ) ;
#1403 = CARTESIAN_POINT ( 'NONE',  ( 1.520015985077517700, 9.200000000000002800, -11.50000000000000000 ) ) ;
#1404 = CARTESIAN_POINT ( 'NONE',  ( 9.999999999999996400, 2.600000000000035200, 6.999999999999990200 ) ) ;
#1405 = CARTESIAN_POINT ( 'NONE',  ( -2.599999999999999200, 7.000000000000001800, -9.999999999999998200 ) ) ;
#1406 = ORIENTED_EDGE ( 'NONE', *, *, #4036, .F. ) ;
#1407 = CARTESIAN_POINT ( 'NONE',  ( -5.828151467651272500, -0.9414796118992123700, 5.828151467651278700 ) ) ;
#1408 = EDGE_CURVE ( 'NONE', #1012, #4697, #948, .T. ) ;
#1409 = CARTESIAN_POINT ( 'NONE',  ( 5.353565323204097800, -1.718335915459440600, -5.353565323204098700 ) ) ;
#1410 = PLANE ( 'NONE',  #3415 ) ;
#1411 = AXIS2_PLACEMENT_3D ( 'NONE', #2119, #4984, #2543 ) ;
#1412 = ORIENTED_EDGE ( 'NONE', *, *, #145, .T. ) ;
#1413 = CARTESIAN_POINT ( 'NONE',  ( 9.999999999999994700, 10.00000000000000500, 10.00000000000000000 ) ) ;
#1414 = CARTESIAN_POINT ( 'NONE',  ( 9.999999999999994700, 7.000000000000004400, 2.600000000000000100 ) ) ;
#1415 = ORIENTED_EDGE ( 'NONE', *, *, #321, .T. ) ;
#1416 = AXIS2_PLACEMENT_3D ( 'NONE', #4289, #1021, #3891 ) ;
#1417 = DIRECTION ( 'NONE',  ( 0.9986295347545739400, 0.0000000000000000000, -0.05233595624294395300 ) ) ;
#1418 = DIRECTION ( 'NONE',  ( 1.000000000000000000, 0.0000000000000000000, 0.0000000000000000000 ) ) ;
#1419 = CARTESIAN_POINT ( 'NONE',  ( 2.489245774084630500, -7.110754225915333600, -12.11331652343349100 ) ) ;
#1420 = EDGE_CURVE ( 'NONE', #5025, #1061, #692, .T. ) ;
#1421 = CARTESIAN_POINT ( 'NONE',  ( -2.493468077268701200, -5.252515257844584600, 2.493468077268717200 ) ) ;
#1422 = CARTESIAN_POINT ( 'NONE',  ( 0.7720078389358835400, -5.676054971434593800, -0.7720078389359142900 ) ) ;
#1423 = CYLINDRICAL_SURFACE ( 'NONE', #4380, 1.499999999999999600 ) ;
#1424 = ORIENTED_EDGE ( 'NONE', *, *, #2122, .T. ) ;
#1425 = ORIENTED_EDGE ( 'NONE', *, *, #822, .T. ) ;
#1426 = VERTEX_POINT ( 'NONE', #4456 ) ;
#1427 = CARTESIAN_POINT ( 'NONE',  ( 12.49999999999999600, 1.520015985077562300, 9.068980551792392900 ) ) ;
#1428 = DIRECTION ( 'NONE',  ( -0.05226442768871431700, -0.05226442768871404600, 0.9972646886342373400 ) ) ;
#1429 = LINE ( 'NONE', #2346, #2400 ) ;
#1430 = EDGE_CURVE ( 'NONE', #17, #3664, #4094, .T. ) ;
#1431 = ORIENTED_EDGE ( 'NONE', *, *, #2230, .T. ) ;
#1432 = ORIENTED_EDGE ( 'NONE', *, *, #2257, .T. ) ;
#1433 = EDGE_LOOP ( 'NONE', ( #3262, #2524, #743, #1401 ) ) ;
#1434 = VECTOR ( 'NONE', #5060, 1000.000000000000100 ) ;
#1435 = FACE_OUTER_BOUND ( 'NONE', #4225, .T. ) ;
#1436 = EDGE_LOOP ( 'NONE', ( #2457, #1871, #3629 ) ) ;
#1437 = DIRECTION ( 'NONE',  ( 1.000000000000000000, -9.155709504554611400E-015, 2.220446049250327900E-016 ) ) ;
#1438 = DIRECTION ( 'NONE',  ( -0.9986295347545739400, -5.972422930166616900E-016, 0.05233595624294373100 ) ) ;
#1439 = ORIENTED_EDGE ( 'NONE', *, *, #5219, .F. ) ;
#1440 = CIRCLE ( 'NONE', #3678, 5.550000000000001600 ) ;
#1441 = ORIENTED_EDGE ( 'NONE', *, *, #432, .T. ) ;
#1442 = VECTOR ( 'NONE', #4636, 1000.000000000000000 ) ;
#1443 = AXIS2_PLACEMENT_3D ( 'NONE', #713, #3149, #4773 ) ;
#1444 = FACE_OUTER_BOUND ( 'NONE', #173, .T. ) ;
#1445 = CARTESIAN_POINT ( 'NONE',  ( 9.999999999999994700, 7.000000000000004400, 2.600000000000000100 ) ) ;
#1446 = CARTESIAN_POINT ( 'NONE',  ( 12.11331652343349500, -7.110754225915286500, 2.489245774084759800 ) ) ;
#1447 = DIRECTION ( 'NONE',  ( -0.05226442768871426100, 0.05226442768871406700, 0.9972646886342372300 ) ) ;
#1448 = ORIENTED_EDGE ( 'NONE', *, *, #4684, .F. ) ;
#1449 = ORIENTED_EDGE ( 'NONE', *, *, #2747, .T. ) ;
#1450 = CONICAL_SURFACE ( 'NONE', #4346, 6.008253627460651300, 0.02617993877990825900 ) ;
#1451 = EDGE_CURVE ( 'NONE', #1333, #5182, #1903, .T. ) ;
#1452 = CARTESIAN_POINT ( 'NONE',  ( 6.499999999999995600, 3.149999999999999900, -10.00000000000000200 ) ) ;
#1453 = DIRECTION ( 'NONE',  ( 1.000000000000000000, 0.0000000000000000000, 0.0000000000000000000 ) ) ;
#1454 = AXIS2_PLACEMENT_3D ( 'NONE', #1496, #3566, #1104 ) ;
#1455 = FACE_OUTER_BOUND ( 'NONE', #4404, .T. ) ;
#1456 = VECTOR ( 'NONE', #4630, 1000.000000000000000 ) ;
#1457 = ORIENTED_EDGE ( 'NONE', *, *, #3284, .F. ) ;
#1458 = VERTEX_POINT ( 'NONE', #3662 ) ;
#1459 = DIRECTION ( 'NONE',  ( 1.591066393909280600E-017, 0.0000000000000000000, 1.000000000000000000 ) ) ;
#1460 = FACE_OUTER_BOUND ( 'NONE', #1187, .T. ) ;
#1461 = CARTESIAN_POINT ( 'NONE',  ( 9.999999999999994700, 3.149999999999999900, -6.500000000000000900 ) ) ;
#1462 = LINE ( 'NONE', #3413, #3780 ) ;
#1463 = DIRECTION ( 'NONE',  ( 1.000000000000000000, 0.0000000000000000000, 0.0000000000000000000 ) ) ;
#1464 =( GEOMETRIC_REPRESENTATION_CONTEXT ( 3 ) GLOBAL_UNCERTAINTY_ASSIGNED_CONTEXT ( ( #1924 ) ) GLOBAL_UNIT_ASSIGNED_CONTEXT ( ( #2795, #348, #3209 ) ) REPRESENTATION_CONTEXT ( 'NONE', 'WORKASPACE' ) );
#1465 = ORIENTED_EDGE ( 'NONE', *, *, #722, .T. ) ;
#1466 = LINE ( 'NONE', #3608, #3521 ) ;
#1467 = DIRECTION ( 'NONE',  ( -0.05233595624294395300, -4.330865244356391300E-016, 0.9986295347545739400 ) ) ;
#1468 = CARTESIAN_POINT ( 'NONE',  ( 12.49999999999999800, -7.131019448207617900, -1.520015985077446600 ) ) ;
#1469 = ADVANCED_FACE ( 'NONE', ( #3961 ), #5034, .F. ) ;
#1470 = DIRECTION ( 'NONE',  ( -0.05233595624294414700, 0.0000000000000000000, -0.9986295347545737200 ) ) ;
#1471 = EDGE_CURVE ( 'NONE', #23, #4957, #2858, .T. ) ;
#1472 = VERTEX_POINT ( 'NONE', #3674 ) ;
#1473 = CARTESIAN_POINT ( 'NONE',  ( 9.999999999999996400, -4.000000000000009800, 7.000000000000015100 ) ) ;
#1474 = CARTESIAN_POINT ( 'NONE',  ( -4.000000000000000000, 5.299588860426374600, -9.999999999999998200 ) ) ;
#1475 = DIRECTION ( 'NONE',  ( 1.000000000000000000, 0.0000000000000000000, -2.891205793294679000E-015 ) ) ;
#1476 = B_SPLINE_CURVE_WITH_KNOTS ( 'NONE', 3,
 ( #4556, #1294, #4963, #2519, #79, #2916, #481, #3343, #897, #3765, #1305, #4176, #1721, #4571, #2117, #4983, #2542, #93, #2934, #503, #3360, #911, #3785, #1331, #4187, #1736, #4594, #2137 ),
 .UNSPECIFIED., .F., .F.,
 ( 4, 2, 2, 2, 2, 2, 2, 2, 2, 2, 2, 2, 2, 4 ),
 ( -1.515840244891690400E-005, 0.0003118470736750164700, 0.0006388525497989498300, 0.001292863502046816400, 0.002600885406542549500, 0.003908907311038283300, 0.005216929215534017200, 0.005870940167781883700, 0.006524951120029750200, 0.007832973024525484100, 0.008486983976773351500, 0.009140994929021218800, 0.009795005881269087900, 0.01044901683351695500 ),
 .UNSPECIFIED. ) ;
#1477 = AXIS2_PLACEMENT_3D ( 'NONE', #4253, #1389, #5065 ) ;
#1478 = DIRECTION ( 'NONE',  ( 1.000000000000000000, -0.0000000000000000000, -0.0000000000000000000 ) ) ;
#1479 = CARTESIAN_POINT ( 'NONE',  ( -3.876005637310967700, -6.999999999999966200, -10.00000000000000200 ) ) ;
#1480 = ORIENTED_EDGE ( 'NONE', *, *, #2164, .T. ) ;
#1481 = DIRECTION ( 'NONE',  ( -2.891205793294679000E-015, 1.515216750768387400E-016, -1.000000000000000000 ) ) ;
#1482 = DIRECTION ( 'NONE',  ( 1.000000000000000000, 0.0000000000000000000, 0.0000000000000000000 ) ) ;
#1483 = ORIENTED_EDGE ( 'NONE', *, *, #5273, .F. ) ;
#1484 = EDGE_CURVE ( 'NONE', #825, #2932, #171, .T. ) ;
#1485 = DIRECTION ( 'NONE',  ( 0.9986295347545739400, 0.0000000000000000000, -0.05233595624294395300 ) ) ;
#1486 = ORIENTED_EDGE ( 'NONE', *, *, #1583, .F. ) ;
#1487 = CARTESIAN_POINT ( 'NONE',  ( -9.068980551792403600, -1.520015985077476200, -12.50000000000000000 ) ) ;
#1488 = DIRECTION ( 'NONE',  ( -1.000000000000000000, 0.0000000000000000000, 0.0000000000000000000 ) ) ;
#1489 = AXIS2_PLACEMENT_3D ( 'NONE', #918, #1337, #4989 ) ;
#1490 = CARTESIAN_POINT ( 'NONE',  ( 9.999999999999998200, -9.200000000000025900, -2.599999999999913000 ) ) ;
#1491 = ADVANCED_FACE ( 'NONE', ( #2138 ), #1974, .F. ) ;
#1492 = CARTESIAN_POINT ( 'NONE',  ( 3.921388331075436700, 5.063712178512656900, -8.784299213127113100 ) ) ;
#1493 = CARTESIAN_POINT ( 'NONE',  ( 2.600000000000000500, 9.200000000000004600, -9.999999999999994700 ) ) ;
#1494 = FACE_OUTER_BOUND ( 'NONE', #5099, .T. ) ;
#1495 = ORIENTED_EDGE ( 'NONE', *, *, #978, .F. ) ;
#1496 = CARTESIAN_POINT ( 'NONE',  ( 3.535994121415854000E-015, 0.0000000000000000000, 8.548110156550093200 ) ) ;
#1497 = ORIENTED_EDGE ( 'NONE', *, *, #617, .T. ) ;
#1498 = DIRECTION ( 'NONE',  ( -1.000000000000000000, 0.0000000000000000000, 0.0000000000000000000 ) ) ;
#1499 = DIRECTION ( 'NONE',  ( 1.000000000000000000, -2.891205793294679000E-015, 0.0000000000000000000 ) ) ;
#1500 = CARTESIAN_POINT ( 'NONE',  ( 9.687314107979185400, 3.683201122986667000, 6.683201122986661200 ) ) ;
#1501 = VERTEX_POINT ( 'NONE', #1282 ) ;
#1502 = FACE_BOUND ( 'NONE', #1253, .T. ) ;
#1503 = CARTESIAN_POINT ( 'NONE',  ( -7.000000000000012400, -2.599999999999968100, -10.00000000000000000 ) ) ;
#1504 = EDGE_CURVE ( 'NONE', #4604, #564, #4168, .T. ) ;
#1505 = ORIENTED_EDGE ( 'NONE', *, *, #3987, .T. ) ;
#1506 = CYLINDRICAL_SURFACE ( 'NONE', #917, 0.2999999999999999300 ) ;
#1507 = LINE ( 'NONE', #507, #2474 ) ;
#1508 = ORIENTED_EDGE ( 'NONE', *, *, #240, .F. ) ;
#1509 = DIRECTION ( 'NONE',  ( 1.000000000000000000, -8.673617379884037000E-015, 0.0000000000000000000 ) ) ;
#1510 = CARTESIAN_POINT ( 'NONE',  ( 9.999999999999998200, 3.876005637310959300, 5.000000000000015100 ) ) ;
#1511 = VERTEX_POINT ( 'NONE', #4544 ) ;
#1512 = LINE ( 'NONE', #1523, #430 ) ;
#1513 = ORIENTED_EDGE ( 'NONE', *, *, #3902, .T. ) ;
#1514 = EDGE_CURVE ( 'NONE', #2066, #554, #4035, .T. ) ;
#1515 = AXIS2_PLACEMENT_3D ( 'NONE', #3918, #1467, #4334 ) ;
#1516 = PLANE ( 'NONE',  #1996 ) ;
#1517 = DIRECTION ( 'NONE',  ( 0.0000000000000000000, 8.673617379884040400E-016, 1.000000000000000000 ) ) ;
#1518 = CIRCLE ( 'NONE', #233, 0.3000000000000003200 ) ;
#1519 = ORIENTED_EDGE ( 'NONE', *, *, #3591, .T. ) ;
#1520 = DIRECTION ( 'NONE',  ( 0.9972646886342374500, 0.05226442768871432400, 0.05226442768871394200 ) ) ;
#1521 = CARTESIAN_POINT ( 'NONE',  ( 8.499999999999998200, -7.000000000000024900, 4.000000000000001800 ) ) ;
#1522 = ADVANCED_FACE ( 'NONE', ( #5110 ), #63, .F. ) ;
#1523 = CARTESIAN_POINT ( 'NONE',  ( 9.999999999999998200, -7.000000000000025800, -3.999999999999998200 ) ) ;
#1524 = LINE ( 'NONE', #530, #4655 ) ;
#1525 = EDGE_CURVE ( 'NONE', #1905, #1660, #765, .T. ) ;
#1526 = EDGE_LOOP ( 'NONE', ( #83, #761, #2073, #856 ) ) ;
#1527 = DIRECTION ( 'NONE',  ( -1.734723475976807100E-016, -1.000000000000000000, 0.0000000000000000000 ) ) ;
#1528 = AXIS2_PLACEMENT_3D ( 'NONE', #422, #3281, #836 ) ;
#1529 = ORIENTED_EDGE ( 'NONE', *, *, #4890, .F. ) ;
#1530 = FACE_OUTER_BOUND ( 'NONE', #4076, .T. ) ;
#1531 = CARTESIAN_POINT ( 'NONE',  ( 8.499999999999996400, 3.921388331075427800, 5.363301038939041200 ) ) ;
#1532 = EDGE_CURVE ( 'NONE', #2079, #4255, #1476, .T. ) ;
#1533 = DIRECTION ( 'NONE',  ( -1.000000000000000000, 0.0000000000000000000, 0.0000000000000000000 ) ) ;
#1534 = ORIENTED_EDGE ( 'NONE', *, *, #4167, .F. ) ;
#1535 =( BOUNDED_CURVE ( )  B_SPLINE_CURVE ( 3, ( #2879, #849, #3718, #1275 ),
 .UNSPECIFIED., .F., .F. ) 
 B_SPLINE_CURVE_WITH_KNOTS ( ( 4, 4 ),
 ( 0.0000000000000000000, 1.518436449235067000 ),
 .UNSPECIFIED. ) 
 CURVE ( )  GEOMETRIC_REPRESENTATION_ITEM ( )  RATIONAL_B_SPLINE_CURVE ( ( 1.000000000000000000, 0.8169162473415250100, 0.8169162473415250100, 1.000000000000000000 ) ) 
 REPRESENTATION_ITEM ( '' )  );
#1536 = CARTESIAN_POINT ( 'NONE',  ( -3.636698961060973500, -6.636698961060942800, -8.499999999999998200 ) ) ;
#1537 = DIRECTION ( 'NONE',  ( -1.000000000000000000, 0.0000000000000000000, 0.0000000000000000000 ) ) ;
#1538 = CARTESIAN_POINT ( 'NONE',  ( -6.636698961060990800, -3.936287821487358200, -8.784299213127114900 ) ) ;
#1539 = DIRECTION ( 'NONE',  ( 0.05226442768871405300, 0.05226442768871381000, 0.9972646886342373400 ) ) ;
#1540 = AXIS2_PLACEMENT_3D ( 'NONE', #3201, #4811, #3617 ) ;
#1541 = EDGE_CURVE ( 'NONE', #4568, #3190, #890, .T. ) ;
#1542 = ORIENTED_EDGE ( 'NONE', *, *, #1897, .T. ) ;
#1543 = DIRECTION ( 'NONE',  ( 0.0000000000000000000, 0.0000000000000000000, -1.000000000000000000 ) ) ;
#1544 = ORIENTED_EDGE ( 'NONE', *, *, #2420, .F. ) ;
#1545 = DIRECTION ( 'NONE',  ( -2.602085213965211100E-016, -1.000000000000000000, 1.734723475976805900E-016 ) ) ;
#1546 = ADVANCED_FACE ( 'NONE', ( #3899 ), #2946, .T. ) ;
#1547 = PLANE ( 'NONE',  #2266 ) ;
#1548 = CARTESIAN_POINT ( 'NONE',  ( -2.518645519832090100, 9.118645519832094600, -11.55233595624294400 ) ) ;
#1549 = ORIENTED_EDGE ( 'NONE', *, *, #2509, .F. ) ;
#1550 = DIRECTION ( 'NONE',  ( 0.9972646886342372300, -0.05226442768871390800, -0.05226442768871401900 ) ) ;
#1551 = EDGE_CURVE ( 'NONE', #4500, #3827, #2805, .T. ) ;
#1552 = CARTESIAN_POINT ( 'NONE',  ( -9.118645519832080400, 2.518645519832132300, -11.55233595624294400 ) ) ;
#1553 = DIRECTION ( 'NONE',  ( 0.0000000000000000000, -2.895173527994265400E-015, 1.000000000000000000 ) ) ;
#1554 = AXIS2_PLACEMENT_3D ( 'NONE', #1702, #4560, #4969 ) ;
#1555 = VECTOR ( 'NONE', #1545, 1000.000000000000000 ) ;
#1556 = ORIENTED_EDGE ( 'NONE', *, *, #211, .T. ) ;
#1557 = ORIENTED_EDGE ( 'NONE', *, *, #1348, .F. ) ;
#1558 = DIRECTION ( 'NONE',  ( 0.0000000000000000000, 1.000000000000000000, 4.336808689942018200E-016 ) ) ;
#1559 = AXIS2_PLACEMENT_3D ( 'NONE', #2944, #3379, #1734 ) ;
#1560 = CARTESIAN_POINT ( 'NONE',  ( 3.286149905664755300E-015, 0.0000000000000000000, -7.500000000000000000 ) ) ;
#1561 = CARTESIAN_POINT ( 'NONE',  ( 12.49999999999999600, 1.520015985077553400, 7.131019448207599300 ) ) ;
#1562 = VECTOR ( 'NONE', #2710, 1000.000000000000000 ) ;
#1563 = ORIENTED_EDGE ( 'NONE', *, *, #126, .F. ) ;
#1564 = DIRECTION ( 'NONE',  ( 0.0000000000000000000, 0.0000000000000000000, -1.000000000000000000 ) ) ;
#1565 = ORIENTED_EDGE ( 'NONE', *, *, #2449, .T. ) ;
#1566 = ORIENTED_EDGE ( 'NONE', *, *, #2010, .F. ) ;
#1567 = FACE_BOUND ( 'NONE', #4328, .T. ) ;
#1568 = CIRCLE ( 'NONE', #3794, 0.2999999999999999300 ) ;
#1569 = DIRECTION ( 'NONE',  ( 1.000000000000000000, -4.557591677793610100E-015, 4.440892098500633100E-016 ) ) ;
#1570 = ORIENTED_EDGE ( 'NONE', *, *, #5101, .T. ) ;
#1571 = EDGE_CURVE ( 'NONE', #1872, #3190, #1848, .T. ) ;
#1572 = CARTESIAN_POINT ( 'NONE',  ( -7.081354480167920700, -2.518645519832059000, -11.55233595624294400 ) ) ;
#1573 = CARTESIAN_POINT ( 'NONE',  ( 3.700411139573628100, -7.000000000000026600, -9.999999999999994700 ) ) ;
#1574 = ORIENTED_EDGE ( 'NONE', *, *, #4607, .T. ) ;
#1575 = LINE ( 'NONE', #62, #4580 ) ;
#1576 = DIRECTION ( 'NONE',  ( 0.0000000000000000000, -1.000000000000000000, 1.445602896647339500E-015 ) ) ;
#1577 = ADVANCED_FACE ( 'NONE', ( #635 ), #510, .F. ) ;
#1578 = VERTEX_POINT ( 'NONE', #945 ) ;
#1579 = CYLINDRICAL_SURFACE ( 'NONE', #1298, 0.2999999999999998800 ) ;
#1580 = LINE ( 'NONE', #3547, #1833 ) ;
#1581 = DIRECTION ( 'NONE',  ( -1.000000000000000000, -1.618354829517795600E-016, -2.220446049250312300E-016 ) ) ;
#1582 = AXIS2_PLACEMENT_3D ( 'NONE', #2158, #531, #3737 ) ;
#1583 = EDGE_CURVE ( 'NONE', #623, #2816, #1598, .T. ) ;
#1584 = ORIENTED_EDGE ( 'NONE', *, *, #3338, .F. ) ;
#1585 = LINE ( 'NONE', #491, #3640 ) ;
#1586 = CARTESIAN_POINT ( 'NONE',  ( -2.518645519832153100, -7.081354480167887800, -11.55233595624294400 ) ) ;
#1587 = FILL_AREA_STYLE_COLOUR ( '', #607 ) ;
#1588 = DIRECTION ( 'NONE',  ( 0.0000000000000000000, 1.000000000000000000, 0.0000000000000000000 ) ) ;
#1589 = DIRECTION ( 'NONE',  ( 0.9986295347545737200, 0.0000000000000000000, 0.05233595624294414700 ) ) ;
#1590 = CIRCLE ( 'NONE', #4831, 2.600000000000001000 ) ;
#1591 = TOROIDAL_SURFACE ( 'NONE', #4275, 6.970577346383851000, 1.000000000000000000 ) ;
#1592 = ORIENTED_EDGE ( 'NONE', *, *, #1354, .F. ) ;
#1593 = ORIENTED_EDGE ( 'NONE', *, *, #5242, .F. ) ;
#1594 = EDGE_CURVE ( 'NONE', #2504, #4103, #2678, .T. ) ;
#1595 = VECTOR ( 'NONE', #584, 1000.000000000000000 ) ;
#1596 = AXIS2_PLACEMENT_3D ( 'NONE', #236, #3069, #643 ) ;
#1597 = CARTESIAN_POINT ( 'NONE',  ( 8.515615011263472300, -3.922206679139247600, 5.377382181287151400 ) ) ;
#1598 = LINE ( 'NONE', #2968, #4724 ) ;
#1599 = DIRECTION ( 'NONE',  ( 0.0000000000000000000, 0.0000000000000000000, -1.000000000000000000 ) ) ;
#1600 = CARTESIAN_POINT ( 'NONE',  ( 6.008253627460654800, 0.0000000000000000000, 10.00000000000000000 ) ) ;
#1601 = EDGE_LOOP ( 'NONE', ( #2251, #1486, #419, #3115 ) ) ;
#1602 = CYLINDRICAL_SURFACE ( 'NONE', #4460, 1.000000000000000000 ) ;
#1603 = DIRECTION ( 'NONE',  ( 0.0000000000000000000, 0.0000000000000000000, -1.000000000000000000 ) ) ;
#1604 = ADVANCED_FACE ( 'NONE', ( #3649 ), #381, .F. ) ;
#1605 = ORIENTED_EDGE ( 'NONE', *, *, #1179, .T. ) ;
#1606 = DIRECTION ( 'NONE',  ( 1.000000000000000000, 0.0000000000000000000, 0.0000000000000000000 ) ) ;
#1607 = EDGE_CURVE ( 'NONE', #973, #543, #1462, .T. ) ;
#1608 = CARTESIAN_POINT ( 'NONE',  ( 8.799999999999997200, -3.636698961060984600, 6.636698961060993400 ) ) ;
#1609 = ADVANCED_FACE ( 'NONE', ( #3518 ), #1343, .F. ) ;
#1610 = CARTESIAN_POINT ( 'NONE',  ( 8.515615011263472300, -3.622617818712873500, 6.922206679139256000 ) ) ;
#1611 = DIRECTION ( 'NONE',  ( -0.0000000000000000000, 0.0000000000000000000, 1.000000000000000000 ) ) ;
#1612 = CARTESIAN_POINT ( 'NONE',  ( -2.518645519832153100, -7.081354480167887800, -11.55233595624294400 ) ) ;
#1613 = AXIS2_PLACEMENT_3D ( 'NONE', #4021, #343, #3206 ) ;
#1614 = EDGE_CURVE ( 'NONE', #2729, #2417, #4602, .T. ) ;
#1615 = ORIENTED_EDGE ( 'NONE', *, *, #802, .F. ) ;
#1616 = CARTESIAN_POINT ( 'NONE',  ( -6.876005637310985500, -4.000000000000012400, -10.00000000000000400 ) ) ;
#1617 = APPLICATION_CONTEXT ( 'automotive_design' ) ;
#1618 = EDGE_CURVE ( 'NONE', #2816, #2783, #1728, .T. ) ;
#1619 = CARTESIAN_POINT ( 'NONE',  ( 3.701229487637427900, 4.999181651936204700, -10.01561501126346900 ) ) ;
#1621 = EDGE_LOOP ( 'NONE', ( #4597, #5038, #4136, #3419 ) ) ;
#1620 = PLANE ( 'NONE',  #4737 ) ;
#1622 = ADVANCED_FACE ( 'NONE', ( #2293 ), #976, .T. ) ;
#1623 = EDGE_CURVE ( 'NONE', #2760, #1578, #1213, .T. ) ;
#1624 = CARTESIAN_POINT ( 'NONE',  ( 8.784299213127111400, 5.063712178512657800, 3.636698961060974800 ) ) ;
#1625 = CARTESIAN_POINT ( 'NONE',  ( -10.00000000000000900, -8.499999999999994700, 8.500000000000000000 ) ) ;
#1626 = DIRECTION ( 'NONE',  ( 0.0000000000000000000, 0.0000000000000000000, 1.000000000000000000 ) ) ;
#1627 = DIRECTION ( 'NONE',  ( -1.000000000000000000, 2.891205793294679000E-015, 0.0000000000000000000 ) ) ;
#1628 = CARTESIAN_POINT ( 'NONE',  ( 9.999999999999998200, -5.000000000000024000, 3.876005637310970400 ) ) ;
#1629 = ADVANCED_FACE ( 'NONE', ( #3387 ), #2162, .F. ) ;
#1630 = FACE_OUTER_BOUND ( 'NONE', #3027, .T. ) ;
#1631 = AXIS2_PLACEMENT_3D ( 'NONE', #2703, #2301, #1083 ) ;
#1632 = ORIENTED_EDGE ( 'NONE', *, *, #4815, .T. ) ;
#1633 = VERTEX_POINT ( 'NONE', #994 ) ;
#1634 = PRESENTATION_STYLE_ASSIGNMENT (( #466 ) ) ;
#1635 = DIRECTION ( 'NONE',  ( 1.127570259384924000E-015, 1.000000000000000000, -1.734723475976801400E-016 ) ) ;
#1636 = ORIENTED_EDGE ( 'NONE', *, *, #3218, .T. ) ;
#1637 = VECTOR ( 'NONE', #357, 1000.000000000000000 ) ;
#1638 = PRODUCT_RELATED_PRODUCT_CATEGORY ( 'part', '', ( #2974 ) ) ;
#1639 = VERTEX_POINT ( 'NONE', #1404 ) ;
#1640 = CARTESIAN_POINT ( 'NONE',  ( -7.000000000000014200, 3.700411139573617400, -10.00000000000000200 ) ) ;
#1641 = DIRECTION ( 'NONE',  ( 0.0000000000000000000, -0.0000000000000000000, -1.000000000000000000 ) ) ;
#1642 = ORIENTED_EDGE ( 'NONE', *, *, #1618, .T. ) ;
#1643 = LINE ( 'NONE', #2298, #544 ) ;
#1644 = VECTOR ( 'NONE', #4964, 1000.000000000000200 ) ;
#1645 = CARTESIAN_POINT ( 'NONE',  ( 9.999999999999994700, 3.149999999999999900, -10.00000000000000000 ) ) ;
#1646 = EDGE_CURVE ( 'NONE', #100, #2948, #4351, .T. ) ;
#1647 = VERTEX_POINT ( 'NONE', #1391 ) ;
#1648 = VECTOR ( 'NONE', #4743, 1000.000000000000000 ) ;
#1649 = EDGE_LOOP ( 'NONE', ( #427, #2564, #1045, #478 ) ) ;
#1650 = DIRECTION ( 'NONE',  ( -1.000000000000000000, 4.545954813147709200E-015, -2.220446049250321000E-016 ) ) ;
#1651 = CARTESIAN_POINT ( 'NONE',  ( 2.679645235561638500, -5.156448986534291700, 2.378902189072690000 ) ) ;
#1652 = CARTESIAN_POINT ( 'NONE',  ( 2.599999999999937500, -6.936287821487373300, -8.784299213127113100 ) ) ;
#1653 = CARTESIAN_POINT ( 'NONE',  ( -2.600000000000082700, -9.199999999999979700, -9.999999999999998200 ) ) ;
#1654 = CIRCLE ( 'NONE', #1066, 0.2999999999999999300 ) ;
#1655 = LINE ( 'NONE', #4378, #2603 ) ;
#1656 = DIRECTION ( 'NONE',  ( 1.000000000000000000, -4.545954813147710000E-015, 2.220446049250320000E-016 ) ) ;
#1657 = VECTOR ( 'NONE', #3540, 1000.000000000000000 ) ;
#1658 = ADVANCED_FACE ( 'NONE', ( #3252 ), #5086, .F. ) ;
#1659 = DIRECTION ( 'NONE',  ( -0.05233595624294414700, 0.9986295347545737200, 0.0000000000000000000 ) ) ;
#1660 = VERTEX_POINT ( 'NONE', #581 ) ;
#1661 = CARTESIAN_POINT ( 'NONE',  ( 12.49999999999999800, -9.068980551792410700, -1.520015985077429300 ) ) ;
#1662 = ADVANCED_FACE ( 'NONE', ( #3111, #130, #2433, #4221, #2031 ), #597, .F. ) ;
#1663 = CARTESIAN_POINT ( 'NONE',  ( 8.784299213127113100, 3.936287821487336500, 5.078611668924577500 ) ) ;
#1664 = ORIENTED_EDGE ( 'NONE', *, *, #3475, .F. ) ;
#1665 = LINE ( 'NONE', #2807, #566 ) ;
#1666 = EDGE_CURVE ( 'NONE', #2832, #2513, #5173, .T. ) ;
#1667 = EDGE_LOOP ( 'NONE', ( #5275, #4694, #4429, #1328 ) ) ;
#1668 = DIRECTION ( 'NONE',  ( -0.0000000000000000000, 8.673617379884039400E-016, 1.000000000000000000 ) ) ;
#1669 = CARTESIAN_POINT ( 'NONE',  ( 5.679310149007004100, -1.566845292442747800, 5.378567102518052100 ) ) ;
#1670 = DIRECTION ( 'NONE',  ( 0.0000000000000000000, 0.0000000000000000000, 1.000000000000000000 ) ) ;
#1671 = DIRECTION ( 'NONE',  ( 0.0000000000000000000, 1.000000000000000000, -5.204170427930421300E-015 ) ) ;
#1672 = AXIS2_PLACEMENT_3D ( 'NONE', #4812, #2384, #2786 ) ;
#1673 = VERTEX_POINT ( 'NONE', #4676 ) ;
#1674 = DIRECTION ( 'NONE',  ( 0.05226442768871383100, 0.05226442768871404600, 0.9972646886342373400 ) ) ;
#1675 = DIRECTION ( 'NONE',  ( -8.673617379884037000E-015, -1.000000000000000000, 0.0000000000000000000 ) ) ;
#1676 = VERTEX_POINT ( 'NONE', #2245 ) ;
#1677 = CARTESIAN_POINT ( 'NONE',  ( 9.999999999999994700, 7.000000000000004400, 4.000000000000000000 ) ) ;
#1678 = ADVANCED_FACE ( 'NONE', ( #821 ), #5036, .F. ) ;
#1679 = DIRECTION ( 'NONE',  ( 2.465673422132804300E-016, 1.000000000000000000, 0.0000000000000000000 ) ) ;
#1680 = ORIENTED_EDGE ( 'NONE', *, *, #2465, .F. ) ;
#1681 = CARTESIAN_POINT ( 'NONE',  ( -2.599999999999999600, 9.200000000000002800, -9.999999999999998200 ) ) ;
#1682 = ADVANCED_FACE ( 'NONE', ( #949 ), #3900, .F. ) ;
#1683 = EDGE_CURVE ( 'NONE', #1738, #4152, #3962, .T. ) ;
#1684 = EDGE_CURVE ( 'NONE', #320, #543, #2979, .T. ) ;
#1685 = DIRECTION ( 'NONE',  ( 0.0000000000000000000, 1.000000000000000000, -1.011922027653137700E-014 ) ) ;
#1686 = FACE_OUTER_BOUND ( 'NONE', #45, .T. ) ;
#1687 = ORIENTED_EDGE ( 'NONE', *, *, #4975, .F. ) ;
#1688 = AXIS2_PLACEMENT_3D ( 'NONE', #3363, #914, #3786 ) ;
#1689 = VERTEX_POINT ( 'NONE', #3068 ) ;
#1690 = DIRECTION ( 'NONE',  ( 0.0000000000000000000, 1.000000000000000000, 0.0000000000000000000 ) ) ;
#1691 = LINE ( 'NONE', #2307, #1562 ) ;
#1692 = VERTEX_POINT ( 'NONE', #3505 ) ;
#1693 = ORIENTED_EDGE ( 'NONE', *, *, #4234, .T. ) ;
#1694 = DIRECTION ( 'NONE',  ( 1.000000000000000000, -0.0000000000000000000, -0.0000000000000000000 ) ) ;
#1695 = EDGE_LOOP ( 'NONE', ( #2616, #5048, #2463, #5008 ) ) ;
#1696 =( BOUNDED_CURVE ( )  B_SPLINE_CURVE ( 3, ( #2414, #4850, #2815, #373 ),
 .UNSPECIFIED., .F., .F. ) 
 B_SPLINE_CURVE_WITH_KNOTS ( ( 4, 4 ),
 ( 2.357564018062738000, 3.925621289116847400 ),
 .UNSPECIFIED. ) 
 CURVE ( )  GEOMETRIC_REPRESENTATION_ITEM ( )  RATIONAL_B_SPLINE_CURVE ( ( 1.000000000000000000, 0.8053830134673588500, 0.8053830134673588500, 1.000000000000000000 ) ) 
 REPRESENTATION_ITEM ( '' )  );
#1697 = LINE ( 'NONE', #4455, #605 ) ;
#1698 = CARTESIAN_POINT ( 'NONE',  ( -2.599999999999999600, 9.200000000000002800, -9.999999999999998200 ) ) ;
#1699 = ORIENTED_EDGE ( 'NONE', *, *, #4898, .T. ) ;
#1700 = FACE_OUTER_BOUND ( 'NONE', #3464, .T. ) ;
#1701 = ORIENTED_EDGE ( 'NONE', *, *, #1430, .F. ) ;
#1702 = CARTESIAN_POINT ( 'NONE',  ( 9.927072861725092100, -5.304233653165855600, 3.695766346834171000 ) ) ;
#1703 = ORIENTED_EDGE ( 'NONE', *, *, #277, .T. ) ;
#1704 = FACE_OUTER_BOUND ( 'NONE', #1770, .T. ) ;
#1705 = EDGE_CURVE ( 'NONE', #5221, #3169, #696, .T. ) ;
#1706 = ORIENTED_EDGE ( 'NONE', *, *, #4504, .T. ) ;
#1707 = LINE ( 'NONE', #2931, #619 ) ;
#1708 = DIRECTION ( 'NONE',  ( 1.000000000000000000, 0.0000000000000000000, 0.0000000000000000000 ) ) ;
#1709 = VECTOR ( 'NONE', #645, 1000.000000000000000 ) ;
#1710 = CARTESIAN_POINT ( 'NONE',  ( -7.000000000000013300, 3.999999999999988000, -10.00000000000000000 ) ) ;
#1711 = ADVANCED_FACE ( 'NONE', ( #4904 ), #562, .F. ) ;
#1712 = DIRECTION ( 'NONE',  ( -1.000000000000000000, 0.0000000000000000000, 1.445602896647339500E-015 ) ) ;
#1713 = ORIENTED_EDGE ( 'NONE', *, *, #1219, .T. ) ;
#1714 = VERTEX_POINT ( 'NONE', #5142 ) ;
#1715 = FACE_OUTER_BOUND ( 'NONE', #3564, .T. ) ;
#1716 = CARTESIAN_POINT ( 'NONE',  ( 3.636698961060976100, -6.636698961061011200, -8.799999999999997200 ) ) ;
#1717 = CIRCLE ( 'NONE', #3401, 0.2999999999999999300 ) ;
#1718 = AXIS2_PLACEMENT_3D ( 'NONE', #1414, #3497, #1035 ) ;
#1719 = EDGE_CURVE ( 'NONE', #2754, #1984, #1904, .T. ) ;
#1720 = CARTESIAN_POINT ( 'NONE',  ( -0.4954166620709405400, -5.706355133654151100, -0.7961597085599325700 ) ) ;
#1721 = CARTESIAN_POINT ( 'NONE',  ( 3.421259860714037000, 4.518633225395201500, -3.421259860714040500 ) ) ;
#1722 = VECTOR ( 'NONE', #903, 1000.000000000000000 ) ;
#1723 = VERTEX_POINT ( 'NONE', #4730 ) ;
#1724 = ORIENTED_EDGE ( 'NONE', *, *, #617, .F. ) ;
#1725 = CARTESIAN_POINT ( 'NONE',  ( -5.549999999999993600, 6.915342608957812800E-016, -7.500000000000000000 ) ) ;
#1726 = DIRECTION ( 'NONE',  ( 1.000000000000000000, 0.0000000000000000000, 0.0000000000000000000 ) ) ;
#1727 = VECTOR ( 'NONE', #4649, 1000.000000000000200 ) ;
#1728 = LINE ( 'NONE', #2190, #4475 ) ;
#1729 = CARTESIAN_POINT ( 'NONE',  ( -5.592085271610449700, 1.512686646019621200E-015, -5.892828318099413200 ) ) ;
#1730 = EDGE_LOOP ( 'NONE', ( #3983, #4928, #457, #212 ) ) ;
#1731 = FACE_OUTER_BOUND ( 'NONE', #932, .T. ) ;
#1732 = PLANE ( 'NONE',  #2976 ) ;
#1733 = EDGE_CURVE ( 'NONE', #3810, #4681, #5264, .T. ) ;
#1734 = DIRECTION ( 'NONE',  ( 0.0000000000000000000, 0.9986295347545737200, 0.05233595624294414700 ) ) ;
#1735 = CARTESIAN_POINT ( 'NONE',  ( -4.795147298734248900, -2.947407473645938600, -5.095890345223214300 ) ) ;
#1736 = CARTESIAN_POINT ( 'NONE',  ( 5.587228129952004400, 0.4381871476046054200, -5.587228129952007900 ) ) ;
#1737 = PLANE ( 'NONE',  #5063 ) ;
#1738 = VERTEX_POINT ( 'NONE', #4352 ) ;
#1739 = DIRECTION ( 'NONE',  ( 2.210860322791539000E-032, 1.224646799147353200E-016, 1.000000000000000000 ) ) ;
#1740 = AXIS2_PLACEMENT_3D ( 'NONE', #3146, #5194, #2355 ) ;
#1741 = PLANE ( 'NONE',  #2037 ) ;
#1742 = ORIENTED_EDGE ( 'NONE', *, *, #3151, .T. ) ;
#1743 = CARTESIAN_POINT ( 'NONE',  ( -0.6891913929667473600, 5.725559027016805300, 0.6891913929667852200 ) ) ;
#1744 = CARTESIAN_POINT ( 'NONE',  ( 12.11331652343349100, 7.110754225915311400, -2.489245774084694100 ) ) ;
#1745 = EDGE_CURVE ( 'NONE', #554, #4339, #3832, .T. ) ;
#1746 = DIRECTION ( 'NONE',  ( 0.9972646886342372300, 0.05226442768871422000, 0.05226442768871400500 ) ) ;
#1747 = CARTESIAN_POINT ( 'NONE',  ( -6.636698961060956100, 3.999999999999986200, -8.500000000000000000 ) ) ;
#1748 = CARTESIAN_POINT ( 'NONE',  ( 8.799999999999998900, -6.636698961061010300, -3.636698961060973500 ) ) ;
#1749 = AXIS2_PLACEMENT_3D ( 'NONE', #3036, #593, #3465 ) ;
#1750 = AXIS2_PLACEMENT_3D ( 'NONE', #21, #2865, #433 ) ;
#1751 = ORIENTED_EDGE ( 'NONE', *, *, #2454, .T. ) ;
#1752 = CARTESIAN_POINT ( 'NONE',  ( -3.830719154368888500, 4.152804490949229400, -4.131462200857853900 ) ) ;
#1753 = VECTOR ( 'NONE', #1202, 1000.000000000000000 ) ;
#1754 = ORIENTED_EDGE ( 'NONE', *, *, #4537, .T. ) ;
#1755 = ORIENTED_EDGE ( 'NONE', *, *, #1348, .T. ) ;
#1756 = EDGE_CURVE ( 'NONE', #2473, #2832, #3706, .T. ) ;
#1757 = CARTESIAN_POINT ( 'NONE',  ( -5.038169074394375000, 3.035565217739614900, 5.038169074394384800 ) ) ;
#1758 = COLOUR_RGB ( '',0.8901960784313725000, 0.8901960784313725000, 0.9137254901960784000 ) ;
#1759 = ORIENTED_EDGE ( 'NONE', *, *, #3842, .T. ) ;
#1760 = LINE ( 'NONE', #3858, #2840 ) ;
#1761 = ORIENTED_EDGE ( 'NONE', *, *, #2308, .T. ) ;
#1762 = SPHERICAL_SURFACE ( 'NONE', #97, 0.2999999999999999900 ) ;
#1763 = DIRECTION ( 'NONE',  ( -1.000000000000000000, 4.360464010068973200E-015, -4.440892098500633100E-016 ) ) ;
#1764 = LINE ( 'NONE', #67, #678 ) ;
#1765 = DIRECTION ( 'NONE',  ( -0.9972646886342372300, -0.05226442768871422000, 0.05226442768871403200 ) ) ;
#1766 = DIRECTION ( 'NONE',  ( 2.602085213965211100E-016, 1.000000000000000000, -1.734723475976805600E-016 ) ) ;
#1767 = AXIS2_PLACEMENT_3D ( 'NONE', #2218, #1773, #5072 ) ;
#1768 = ORIENTED_EDGE ( 'NONE', *, *, #2601, .F. ) ;
#1769 = CIRCLE ( 'NONE', #4243, 0.2999999999999999300 ) ;
#1770 = EDGE_LOOP ( 'NONE', ( #402, #112, #296 ) ) ;
#1771 = CARTESIAN_POINT ( 'NONE',  ( 0.1503715232444808000, 5.740487648777997400, -0.1503715232444774500 ) ) ;
#1772 = FACE_OUTER_BOUND ( 'NONE', #2860, .T. ) ;
#1773 = DIRECTION ( 'NONE',  ( 1.000000000000000000, -1.805304455399569900E-016, -0.0000000000000000000 ) ) ;
#1774 = CYLINDRICAL_SURFACE ( 'NONE', #3055, 1.000000000000000000 ) ;
#1775 = CARTESIAN_POINT ( 'NONE',  ( -9.200000000000011700, -2.599999999999958300, -10.00000000000000000 ) ) ;
#1776 = CARTESIAN_POINT ( 'NONE',  ( -5.299588860426384300, -4.000000000000013300, -10.00000000000000000 ) ) ;
#1777 = VECTOR ( 'NONE', #1437, 1000.000000000000000 ) ;
#1778 = ORIENTED_EDGE ( 'NONE', *, *, #3781, .T. ) ;
#1779 = DIRECTION ( 'NONE',  ( 0.0000000000000000000, 0.9986295347545737200, -0.05233595624294414700 ) ) ;
#1780 = VERTEX_POINT ( 'NONE', #3951 ) ;
#1781 = LINE ( 'NONE', #1150, #701 ) ;
#1782 = EDGE_CURVE ( 'NONE', #3156, #1968, #1524, .T. ) ;
#1783 = CARTESIAN_POINT ( 'NONE',  ( 9.999999999999994700, 10.00000000000000500, -10.00000000000000000 ) ) ;
#1784 = DIRECTION ( 'NONE',  ( 0.0000000000000000000, 0.0000000000000000000, -1.000000000000000000 ) ) ;
#1785 = CARTESIAN_POINT ( 'NONE',  ( 12.49999999999999600, 9.068980551792401800, -2.081766411704359500 ) ) ;
#1786 = EDGE_LOOP ( 'NONE', ( #2990, #3972, #285 ) ) ;
#1787 = EDGE_LOOP ( 'NONE', ( #4007, #2477, #3008, #3443 ) ) ;
#1788 = DIRECTION ( 'NONE',  ( -0.0000000000000000000, -0.0000000000000000000, -1.000000000000000000 ) ) ;
#1789 = EDGE_CURVE ( 'NONE', #2212, #2640, #2738, .T. ) ;
#1790 = CARTESIAN_POINT ( 'NONE',  ( 4.133175938378425200, 4.151467542859563800, 3.832432891889474600 ) ) ;
#1791 = AXIS2_PLACEMENT_3D ( 'NONE', #716, #3590, #1126 ) ;
#1792 = PLANE ( 'NONE',  #68 ) ;
#1793 = DIRECTION ( 'NONE',  ( 0.0000000000000000000, -8.673617379884035500E-015, -1.000000000000000000 ) ) ;
#1794 = DIRECTION ( 'NONE',  ( 1.000000000000000000, -7.055262550366243800E-016, 2.220446049250314100E-016 ) ) ;
#1795 = EDGE_CURVE ( 'NONE', #4568, #72, #3583, .T. ) ;
#1796 = DIRECTION ( 'NONE',  ( -1.000000000000000000, -1.224646799147353500E-016, 0.0000000000000000000 ) ) ;
#1797 = AXIS2_PLACEMENT_3D ( 'NONE', #2887, #455, #3321 ) ;
#1798 = DIRECTION ( 'NONE',  ( 0.05226442768871420600, -0.05226442768871451800, -0.9972646886342372300 ) ) ;
#1799 = DIRECTION ( 'NONE',  ( 0.0000000000000000000, -0.0000000000000000000, 1.000000000000000000 ) ) ;
#1800 = ORIENTED_EDGE ( 'NONE', *, *, #1335, .T. ) ;
#1801 = EDGE_CURVE ( 'NONE', #4834, #893, #4320, .T. ) ;
#1802 = CARTESIAN_POINT ( 'NONE',  ( 9.999999999999994700, 9.200000000000004600, 2.600000000000000100 ) ) ;
#1803 = CARTESIAN_POINT ( 'NONE',  ( 12.49999999999999600, 2.081766411704398600, 7.131019448207599300 ) ) ;
#1804 = EDGE_LOOP ( 'NONE', ( #2296, #4162, #3189, #1040 ) ) ;
#1805 = CARTESIAN_POINT ( 'NONE',  ( 0.1503715232444808000, 5.740487648777997400, -0.1503715232444774500 ) ) ;
#1806 = DIRECTION ( 'NONE',  ( 0.0000000000000000000, 0.0000000000000000000, -1.000000000000000000 ) ) ;
#1807 = CARTESIAN_POINT ( 'NONE',  ( -9.285468475998381900, -2.167042476938383400E-016, 0.0000000000000000000 ) ) ;
#1808 = EDGE_CURVE ( 'NONE', #3709, #3403, #436, .T. ) ;
#1809 = CARTESIAN_POINT ( 'NONE',  ( 8.799999999999998900, -5.363301038939051000, 3.636698961060976600 ) ) ;
#1810 = FACE_OUTER_BOUND ( 'NONE', #4822, .T. ) ;
#1811 = CARTESIAN_POINT ( 'NONE',  ( 9.999999999999994700, 8.500000000000007100, 8.500000000000000000 ) ) ;
#1812 = ORIENTED_EDGE ( 'NONE', *, *, #4587, .F. ) ;
#1813 = EDGE_LOOP ( 'NONE', ( #5233, #5015, #1345 ) ) ;
#1814 = DIRECTION ( 'NONE',  ( -0.6883545756937612400, -0.7253743710122808600, 0.0000000000000000000 ) ) ;
#1815 = DIRECTION ( 'NONE',  ( 0.05226442768871358100, -0.05226442768871427500, 0.9972646886342373400 ) ) ;
#1816 = DIRECTION ( 'NONE',  ( -0.0000000000000000000, -0.0000000000000000000, 1.000000000000000000 ) ) ;
#1817 = FACE_OUTER_BOUND ( 'NONE', #846, .T. ) ;
#1818 = ORIENTED_EDGE ( 'NONE', *, *, #855, .F. ) ;
#1819 = CARTESIAN_POINT ( 'NONE',  ( -5.614044396501032700, -1.852487541968062000, 5.614044396501040700 ) ) ;
#1820 = ORIENTED_EDGE ( 'NONE', *, *, #652, .F. ) ;
#1821 = ORIENTED_EDGE ( 'NONE', *, *, #2100, .T. ) ;
#1822 = CARTESIAN_POINT ( 'NONE',  ( 4.860718572340912800, -2.848001225646835000, -4.860718572340917200 ) ) ;
#1823 = ORIENTED_EDGE ( 'NONE', *, *, #3886, .T. ) ;
#1824 = SPHERICAL_SURFACE ( 'NONE', #3231, 0.2999999999999999900 ) ;
#1825 = EDGE_CURVE ( 'NONE', #3709, #4116, #2360, .T. ) ;
#1826 = EDGE_LOOP ( 'NONE', ( #958, #4748, #2005, #3756 ) ) ;
#1827 = CARTESIAN_POINT ( 'NONE',  ( 10.00000000000000200, -5.000000000000024900, -3.876005637310968600 ) ) ;
#1828 = VECTOR ( 'NONE', #4885, 1000.000000000000100 ) ;
#1829 = PLANE ( 'NONE',  #895 ) ;
#1830 = AXIS2_PLACEMENT_3D ( 'NONE', #2923, #84, #1313 ) ;
#1831 = ORIENTED_EDGE ( 'NONE', *, *, #4504, .F. ) ;
#1832 = FACE_OUTER_BOUND ( 'NONE', #3094, .T. ) ;
#1833 = VECTOR ( 'NONE', #1090, 1000.000000000000200 ) ;
#1834 = CARTESIAN_POINT ( 'NONE',  ( -5.363301038939039400, -3.636698961060987700, -8.799999999999998900 ) ) ;
#1835 = CARTESIAN_POINT ( 'NONE',  ( -2.600000000000082700, -9.199999999999979700, -9.999999999999998200 ) ) ;
#1836 = VERTEX_POINT ( 'NONE', #3002 ) ;
#1837 = CARTESIAN_POINT ( 'NONE',  ( 10.03131579813635300, 6.701229487637429600, 3.701229487637426500 ) ) ;
#1838 = CYLINDRICAL_SURFACE ( 'NONE', #3522, 0.3000000000000003200 ) ;
#1839 = CARTESIAN_POINT ( 'NONE',  ( 1.520015985077451100, -7.131019448207620600, -12.49999999999999600 ) ) ;
#1840 = ORIENTED_EDGE ( 'NONE', *, *, #3503, .F. ) ;
#1841 = LINE ( 'NONE', #5109, #758 ) ;
#1842 = CARTESIAN_POINT ( 'NONE',  ( -2.007103489070203300, -5.443214795980705600, 2.007103489070221100 ) ) ;
#1843 = FACE_OUTER_BOUND ( 'NONE', #431, .T. ) ;
#1844 = ORIENTED_EDGE ( 'NONE', *, *, #1975, .F. ) ;
#1845 = EDGE_LOOP ( 'NONE', ( #4747, #4387, #2902, #2015, #3406, #1043, #778, #10, #3811, #4786, #3171, #3133 ) ) ;
#1846 = CARTESIAN_POINT ( 'NONE',  ( 0.4616994719159666100, -5.716220714614325800, -0.4616994719160443200 ) ) ;
#1847 = FACE_OUTER_BOUND ( 'NONE', #2551, .T. ) ;
#1848 = LINE ( 'NONE', #1747, #4847 ) ;
#1849 = EDGE_CURVE ( 'NONE', #4681, #3498, #1278, .T. ) ;
#1850 = CARTESIAN_POINT ( 'NONE',  ( 9.999999999999998200, -5.000000000000024900, -3.700411139573628500 ) ) ;
#1851 = DIRECTION ( 'NONE',  ( 1.734723475976807100E-016, 1.000000000000000000, -0.0000000000000000000 ) ) ;
#1852 = ORIENTED_EDGE ( 'NONE', *, *, #4861, .F. ) ;
#1853 = CYLINDRICAL_SURFACE ( 'NONE', #2256, 0.2999999999999998800 ) ;
#1854 = EDGE_CURVE ( 'NONE', #1633, #842, #4414, .T. ) ;
#1855 = DIRECTION ( 'NONE',  ( 1.000000000000000000, 0.0000000000000000000, 0.0000000000000000000 ) ) ;
#1856 = CARTESIAN_POINT ( 'NONE',  ( -2.600000000000080900, -9.068980551792376900, -12.49999999999999800 ) ) ;
#1857 = ORIENTED_EDGE ( 'NONE', *, *, #2827, .T. ) ;
#1858 = DIRECTION ( 'NONE',  ( -1.000000000000000000, 3.610608910799139800E-016, -0.0000000000000000000 ) ) ;
#1859 =( BOUNDED_CURVE ( )  B_SPLINE_CURVE ( 3, ( #1015, #1419, #4296, #1839 ),
 .UNSPECIFIED., .F., .F. ) 
 B_SPLINE_CURVE_WITH_KNOTS ( ( 4, 4 ),
 ( 4.764748857944523400, 6.283185307179593300 ),
 .UNSPECIFIED. ) 
 CURVE ( )  GEOMETRIC_REPRESENTATION_ITEM ( )  RATIONAL_B_SPLINE_CURVE ( ( 1.000000000000000000, 0.8169162473415243500, 0.8169162473415243500, 1.000000000000000000 ) ) 
 REPRESENTATION_ITEM ( '' )  );
#1860 = EDGE_CURVE ( 'NONE', #2932, #2964, #3445, .T. ) ;
#1861 = AXIS2_PLACEMENT_3D ( 'NONE', #3879, #1438, #4306 ) ;
#1862 = CARTESIAN_POINT ( 'NONE',  ( 11.55233595624294400, -9.199999999999978000, 2.518645519832177100 ) ) ;
#1863 = ORIENTED_EDGE ( 'NONE', *, *, #1646, .F. ) ;
#1864 = CARTESIAN_POINT ( 'NONE',  ( 11.55233595624294200, 9.118645519832096400, -2.518645519832091000 ) ) ;
#1865 = ADVANCED_FACE ( 'NONE', ( #61 ), #3186, .F. ) ;
#1866 = DIRECTION ( 'NONE',  ( 0.0000000000000000000, 1.000000000000000000, 4.336808689942018200E-016 ) ) ;
#1867 = DIRECTION ( 'NONE',  ( 1.000000000000000000, 0.0000000000000000000, 0.0000000000000000000 ) ) ;
#1868 = EDGE_CURVE ( 'NONE', #4579, #59, #1009, .T. ) ;
#1869 = DIRECTION ( 'NONE',  ( -0.9986295347545737200, 0.0000000000000000000, -0.05233595624294422300 ) ) ;
#1870 = DIRECTION ( 'NONE',  ( 0.0000000000000000000, 0.0000000000000000000, -1.000000000000000000 ) ) ;
#1871 = ORIENTED_EDGE ( 'NONE', *, *, #3247, .T. ) ;
#1872 = VERTEX_POINT ( 'NONE', #3014 ) ;
#1873 = CARTESIAN_POINT ( 'NONE',  ( 12.49999999999999500, 9.068980551792401800, 1.520015985077517500 ) ) ;
#1874 = VECTOR ( 'NONE', #5255, 1000.000000000000200 ) ;
#1875 = AXIS2_PLACEMENT_3D ( 'NONE', #3594, #1130, #3993 ) ;
#1876 = EDGE_CURVE ( 'NONE', #3721, #3088, #2222, .T. ) ;
#1877 = VERTEX_POINT ( 'NONE', #2622 ) ;
#1878 = ORIENTED_EDGE ( 'NONE', *, *, #4760, .T. ) ;
#1879 = DIRECTION ( 'NONE',  ( -0.0000000000000000000, 1.000000000000000000, -4.336808689942017700E-016 ) ) ;
#1880 = DIRECTION ( 'NONE',  ( -0.9972646886342373400, -0.05226442768871421300, 0.05226442768871404600 ) ) ;
#1881 = LINE ( 'NONE', #452, #3940 ) ;
#1882 = EDGE_LOOP ( 'NONE', ( #729, #3577, #3021, #4178 ) ) ;
#1883 = CARTESIAN_POINT ( 'NONE',  ( -3.700411139573629400, -7.000000000000026600, -9.999999999999998200 ) ) ;
#1884 = DIRECTION ( 'NONE',  ( 1.000000000000000000, 0.0000000000000000000, 0.0000000000000000000 ) ) ;
#1885 = EDGE_LOOP ( 'NONE', ( #3075, #1574, #4290, #1519 ) ) ;
#1886 = LINE ( 'NONE', #1390, #1195 ) ;
#1887 = EDGE_CURVE ( 'NONE', #2665, #2182, #2094, .T. ) ;
#1888 = VERTEX_POINT ( 'NONE', #4276 ) ;
#1889 = CIRCLE ( 'NONE', #5127, 0.2999999999999998800 ) ;
#1890 = AXIS2_PLACEMENT_3D ( 'NONE', #1301, #4173, #1712 ) ;
#1891 = CIRCLE ( 'NONE', #867, 0.2999999999999998800 ) ;
#1892 = DIRECTION ( 'NONE',  ( -1.000000000000000000, 0.0000000000000000000, 0.0000000000000000000 ) ) ;
#1893 = CARTESIAN_POINT ( 'NONE',  ( 2.518645519832091400, 9.200000000000002800, -11.55233595624294200 ) ) ;
#1894 = ADVANCED_FACE ( 'NONE', ( #4157 ), #3857, .T. ) ;
#1895 = ORIENTED_EDGE ( 'NONE', *, *, #287, .F. ) ;
#1896 = CIRCLE ( 'NONE', #3968, 0.3000000000000003200 ) ;
#1897 = EDGE_CURVE ( 'NONE', #2964, #3627, #882, .T. ) ;
#1898 = CARTESIAN_POINT ( 'NONE',  ( 11.55233595624294400, -9.118645519832067900, 2.518645519832177100 ) ) ;
#1899 =( BOUNDED_CURVE ( )  B_SPLINE_CURVE ( 3, ( #1572, #4037, #1980, #4837 ),
 .UNSPECIFIED., .F., .F. ) 
 B_SPLINE_CURVE_WITH_KNOTS ( ( 4, 4 ),
 ( 4.764748857944519900, 6.283185307179587100 ),
 .UNSPECIFIED. ) 
 CURVE ( )  GEOMETRIC_REPRESENTATION_ITEM ( )  RATIONAL_B_SPLINE_CURVE ( ( 1.000000000000000000, 0.8169162473415250100, 0.8169162473415250100, 1.000000000000000000 ) ) 
 REPRESENTATION_ITEM ( '' )  );
#1900 = VECTOR ( 'NONE', #4082, 1000.000000000000200 ) ;
#1901 = VECTOR ( 'NONE', #1034, 1000.000000000000000 ) ;
#1902 = DIRECTION ( 'NONE',  ( -0.05226442768871431700, 0.05226442768871409500, -0.9972646886342374500 ) ) ;
#1903 = CIRCLE ( 'NONE', #3333, 0.2999999999999999300 ) ;
#1904 = CIRCLE ( 'NONE', #5135, 0.2999999999999998800 ) ;
#1905 = VERTEX_POINT ( 'NONE', #5083 ) ;
#1906 = PRODUCT_DEFINITION_FORMATION_WITH_SPECIFIED_SOURCE ( 'ANY', '', #3405, .NOT_KNOWN. ) ;
#1907 = VERTEX_POINT ( 'NONE', #2244 ) ;
#1908 = LINE ( 'NONE', #4798, #5040 ) ;
#1909 = CARTESIAN_POINT ( 'NONE',  ( 8.799999999999998900, -6.636698961061010300, -3.636698961060973500 ) ) ;
#1910 = CARTESIAN_POINT ( 'NONE',  ( 9.999999999999994700, 3.149999999999999900, -6.500000000000000900 ) ) ;
#1911 = DIRECTION ( 'NONE',  ( -0.9972646886342372300, -0.05226442768871419900, -0.05226442768871401900 ) ) ;
#1912 = VERTEX_POINT ( 'NONE', #622 ) ;
#1913 = EDGE_CURVE ( 'NONE', #3827, #2430, #1841, .T. ) ;
#1914 = ORIENTED_EDGE ( 'NONE', *, *, #987, .F. ) ;
#1915 = EDGE_LOOP ( 'NONE', ( #4120, #5084, #3950, #2993 ) ) ;
#1916 = ORIENTED_EDGE ( 'NONE', *, *, #3529, .F. ) ;
#1917 = PLANE ( 'NONE',  #4986 ) ;
#1918 = DIRECTION ( 'NONE',  ( 1.000000000000000000, 0.0000000000000000000, 0.0000000000000000000 ) ) ;
#1919 = CARTESIAN_POINT ( 'NONE',  ( 4.000000000000001800, -7.000000000000026600, -9.999999999999994700 ) ) ;
#1920 = ADVANCED_FACE ( 'NONE', ( #5100 ), #4970, .F. ) ;
#1921 = DIRECTION ( 'NONE',  ( 0.0000000000000000000, 0.0000000000000000000, 1.000000000000000000 ) ) ;
#1922 = ORIENTED_EDGE ( 'NONE', *, *, #5090, .F. ) ;
#1923 = DIRECTION ( 'NONE',  ( -1.000000000000000000, 3.610608910799139800E-016, -0.0000000000000000000 ) ) ;
#1924 = UNCERTAINTY_MEASURE_WITH_UNIT (LENGTH_MEASURE( 1.000000000000000100E-005 ), #2795, 'distance_accuracy_value', 'NONE');
#1925 = DIRECTION ( 'NONE',  ( 0.9986295347545739400, -9.088147253453088400E-015, -0.05233595624294373100 ) ) ;
#1926 = DIRECTION ( 'NONE',  ( 0.9986295347545739400, 1.641557685810226500E-016, -0.05233595624294373100 ) ) ;
#1927 = ORIENTED_EDGE ( 'NONE', *, *, #5136, .F. ) ;
#1928 = EDGE_CURVE ( 'NONE', #3664, #4817, #1969, .T. ) ;
#1929 = CARTESIAN_POINT ( 'NONE',  ( -10.00000000000000900, 0.0000000000000000000, 0.0000000000000000000 ) ) ;
#1930 = DIRECTION ( 'NONE',  ( -1.000000000000000000, 0.0000000000000000000, 0.0000000000000000000 ) ) ;
#1931 = CARTESIAN_POINT ( 'NONE',  ( 9.999999999999998200, -7.000000000000024900, 3.700411139573633000 ) ) ;
#1932 = ORIENTED_EDGE ( 'NONE', *, *, #4788, .F. ) ;
#1933 = CARTESIAN_POINT ( 'NONE',  ( 12.49999999999999500, 7.131019448207608100, 1.520015985077517500 ) ) ;
#1934 = DIRECTION ( 'NONE',  ( 0.9972646886342374500, 0.05226442768871424800, 0.05226442768871432400 ) ) ;
#1935 = DIRECTION ( 'NONE',  ( 0.05233595624294417500, 0.0000000000000000000, -0.9986295347545739400 ) ) ;
#1936 = CARTESIAN_POINT ( 'NONE',  ( 11.55233595624294000, 2.518645519832135800, 9.118645519832082200 ) ) ;
#1937 = CARTESIAN_POINT ( 'NONE',  ( 5.892828318099415900, -9.146385479652300000E-016, 5.592085271610462100 ) ) ;
#1938 = FACE_OUTER_BOUND ( 'NONE', #4896, .T. ) ;
#1939 = VERTEX_POINT ( 'NONE', #2677 ) ;
#1940 = CARTESIAN_POINT ( 'NONE',  ( -3.700411139573627700, -5.000000000000026600, -9.999999999999998200 ) ) ;
#1941 = EDGE_LOOP ( 'NONE', ( #3542, #3410, #2186, #1932 ) ) ;
#1942 = PLANE ( 'NONE',  #3989 ) ;
#1943 = CARTESIAN_POINT ( 'NONE',  ( -3.999999999999999100, 5.363301038939027900, -8.799999999999998900 ) ) ;
#1944 = CARTESIAN_POINT ( 'NONE',  ( 3.636698961060975200, 6.636698961060976600, -8.799999999999997200 ) ) ;
#1945 = CARTESIAN_POINT ( 'NONE',  ( 8.515615011263470500, 6.622617818712868100, -3.922206679139236500 ) ) ;
#1946 = ADVANCED_FACE ( 'NONE', ( #2799 ), #627, .T. ) ;
#1947 = DIRECTION ( 'NONE',  ( -1.499927763195791700E-016, 0.9986295347545739400, -0.05233595624294395300 ) ) ;
#1948 = FACE_OUTER_BOUND ( 'NONE', #5280, .T. ) ;
#1949 = ORIENTED_EDGE ( 'NONE', *, *, #3035, .T. ) ;
#1950 = VERTEX_POINT ( 'NONE', #3913 ) ;
#1951 = ORIENTED_EDGE ( 'NONE', *, *, #929, .T. ) ;
#1952 = CIRCLE ( 'NONE', #1279, 5.971233832142132800 ) ;
#1953 = AXIS2_PLACEMENT_3D ( 'NONE', #1910, #4762, #2323 ) ;
#1954 = EDGE_CURVE ( 'NONE', #3114, #86, #1717, .T. ) ;
#1955 = CYLINDRICAL_SURFACE ( 'NONE', #2823, 0.2999999999999999300 ) ;
#1956 = ORIENTED_EDGE ( 'NONE', *, *, #2353, .T. ) ;
#1957 = FACE_OUTER_BOUND ( 'NONE', #77, .T. ) ;
#1958 = ORIENTED_EDGE ( 'NONE', *, *, #1607, .F. ) ;
#1959 = CARTESIAN_POINT ( 'NONE',  ( -1.520015985077599400, -9.199999999999988600, -11.50000000000000000 ) ) ;
#1960 = LINE ( 'NONE', #4493, #1828 ) ;
#1961 = DIRECTION ( 'NONE',  ( 0.0000000000000000000, -1.000000000000000000, 0.0000000000000000000 ) ) ;
#1962 = VERTEX_POINT ( 'NONE', #4324 ) ;
#1963 = CYLINDRICAL_SURFACE ( 'NONE', #4678, 0.2999999999999999300 ) ;
#1964 = EDGE_CURVE ( 'NONE', #577, #4868, #2428, .T. ) ;
#1965 = CARTESIAN_POINT ( 'NONE',  ( -5.363301038939040300, 3.636698961060962800, -8.800000000000000700 ) ) ;
#1966 = LINE ( 'NONE', #4130, #2793 ) ;
#1967 = DIRECTION ( 'NONE',  ( -0.9972646886342373400, 0.05226442768871363000, -0.05226442768871428200 ) ) ;
#1968 = VERTEX_POINT ( 'NONE', #1461 ) ;
#1969 = LINE ( 'NONE', #1835, #3040 ) ;
#1970 = LINE ( 'NONE', #3750, #2801 ) ;
#1971 = VERTEX_POINT ( 'NONE', #4350 ) ;
#1972 = ORIENTED_EDGE ( 'NONE', *, *, #4222, .T. ) ;
#1973 = DIRECTION ( 'NONE',  ( -4.440892098500625700E-016, 1.734723475976805900E-016, 1.000000000000000000 ) ) ;
#1974 = CONICAL_SURFACE ( 'NONE', #4689, 6.008253627460651300, 0.02617993877990825900 ) ;
#1975 = EDGE_CURVE ( 'NONE', #3621, #623, #3772, .T. ) ;
#1976 = DIRECTION ( 'NONE',  ( 1.000000000000000000, 0.0000000000000000000, 0.0000000000000000000 ) ) ;
#1977 = ADVANCED_FACE ( 'NONE', ( #4841 ), #501, .F. ) ;
#1978 = EDGE_LOOP ( 'NONE', ( #2247, #3063, #2401, #98 ) ) ;
#1979 = CARTESIAN_POINT ( 'NONE',  ( 9.999999999999994700, -3.149999999999999900, -10.00000000000000000 ) ) ;
#1980 = CARTESIAN_POINT ( 'NONE',  ( -7.131019448207613500, -2.081766411704328000, -12.50000000000000500 ) ) ;
#1981 = CARTESIAN_POINT ( 'NONE',  ( 9.999999999999994700, 5.299588860426377200, -4.000000000000000900 ) ) ;
#1982 = EDGE_CURVE ( 'NONE', #487, #1660, #1590, .T. ) ;
#1983 = VERTEX_POINT ( 'NONE', #4368 ) ;
#1984 = VERTEX_POINT ( 'NONE', #3539 ) ;
#1985 = SURFACE_SIDE_STYLE ('',( #4821 ) ) ;
#1986 = CARTESIAN_POINT ( 'NONE',  ( 9.999999999999998200, -6.700411139573664500, -3.999999999999998200 ) ) ;
#1987 = DIRECTION ( 'NONE',  ( -0.05226442768871429600, 0.05226442768871403200, 0.9972646886342373400 ) ) ;
#1988 = AXIS2_PLACEMENT_3D ( 'NONE', #726, #5210, #3599 ) ;
#1989 = ORIENTED_EDGE ( 'NONE', *, *, #2846, .T. ) ;
#1990 = DIRECTION ( 'NONE',  ( 0.0000000000000000000, 1.000000000000000000, 0.0000000000000000000 ) ) ;
#1991 = EDGE_CURVE ( 'NONE', #3621, #1888, #2669, .T. ) ;
#1992 = CARTESIAN_POINT ( 'NONE',  ( 9.999999999999998200, -5.299588860426396800, 4.000000000000002700 ) ) ;
#1993 = CARTESIAN_POINT ( 'NONE',  ( 2.081766411704362200, 9.068980551792400000, -12.50000000000000200 ) ) ;
#1994 = DIRECTION ( 'NONE',  ( 4.342760291991404000E-015, 1.000000000000000000, -1.255581371509564000E-029 ) ) ;
#1995 = ADVANCED_FACE ( 'NONE', ( #2914 ), #3558, .F. ) ;
#1996 = AXIS2_PLACEMENT_3D ( 'NONE', #4758, #1925, #4778 ) ;
#1997 = ORIENTED_EDGE ( 'NONE', *, *, #782, .T. ) ;
#1998 = ORIENTED_EDGE ( 'NONE', *, *, #1451, .F. ) ;
#1999 = ORIENTED_EDGE ( 'NONE', *, *, #3338, .T. ) ;
#2000 = CARTESIAN_POINT ( 'NONE',  ( -2.585795833911592300, -7.014204166088448200, -10.27103163466928300 ) ) ;
#2001 =( NAMED_UNIT ( * ) PLANE_ANGLE_UNIT ( ) SI_UNIT ( $, .RADIAN. ) );
#2002 = AXIS2_PLACEMENT_3D ( 'NONE', #3630, #1170, #4045 ) ;
#2003 = DIRECTION ( 'NONE',  ( 4.440892098500625700E-016, -1.734723475976805900E-016, -1.000000000000000000 ) ) ;
#2004 = VECTOR ( 'NONE', #1569, 1000.000000000000000 ) ;
#2005 = ORIENTED_EDGE ( 'NONE', *, *, #4252, .F. ) ;
#2006 = ORIENTED_EDGE ( 'NONE', *, *, #1897, .F. ) ;
#2007 = VECTOR ( 'NONE', #416, 1000.000000000000000 ) ;
#2008 = CARTESIAN_POINT ( 'NONE',  ( 12.49999999999999600, 2.600000000000036100, 7.131019448207593900 ) ) ;
#2009 = EDGE_LOOP ( 'NONE', ( #4511, #2709, #2409, #1642 ) ) ;
#2010 = EDGE_CURVE ( 'NONE', #3827, #4525, #4867, .T. ) ;
#2011 = CARTESIAN_POINT ( 'NONE',  ( 8.799999999999995400, 6.636698961060978300, 3.636698961060974800 ) ) ;
#2012 = ORIENTED_EDGE ( 'NONE', *, *, #4554, .T. ) ;
#2013 = VECTOR ( 'NONE', #4643, 1000.000000000000200 ) ;
#2014 = CARTESIAN_POINT ( 'NONE',  ( -10.00000000000000900, 0.0000000000000000000, 0.0000000000000000000 ) ) ;
#2015 = ORIENTED_EDGE ( 'NONE', *, *, #1801, .T. ) ;
#2016 = VECTOR ( 'NONE', #2652, 1000.000000000000000 ) ;
#2017 = VECTOR ( 'NONE', #4528, 1000.000000000000000 ) ;
#2018 =( BOUNDED_CURVE ( )  B_SPLINE_CURVE ( 3, ( #392, #3224, #5283, #3248 ),
 .UNSPECIFIED., .F., .F. ) 
 B_SPLINE_CURVE_WITH_KNOTS ( ( 4, 4 ),
 ( 6.700209448517760100E-016, 1.518436449235066200 ),
 .UNSPECIFIED. ) 
 CURVE ( )  GEOMETRIC_REPRESENTATION_ITEM ( )  RATIONAL_B_SPLINE_CURVE ( ( 1.000000000000000000, 0.8169162473415252400, 0.8169162473415252400, 1.000000000000000000 ) ) 
 REPRESENTATION_ITEM ( '' )  );
#2019 = AXIS2_PLACEMENT_3D ( 'NONE', #2032, #2853, #406 ) ;
#2020 = EDGE_LOOP ( 'NONE', ( #2173, #2261, #3880, #3457 ) ) ;
#2021 = ADVANCED_FACE ( 'NONE', ( #1455 ), #3508, .F. ) ;
#2022 = LINE ( 'NONE', #2271, #5026 ) ;
#2023 = APPLICATION_PROTOCOL_DEFINITION ( 'draft international standard', 'automotive_design', 1998, #390 ) ;
#2024 = CARTESIAN_POINT ( 'NONE',  ( -5.363301038939039400, -3.636698961060988100, -8.799999999999998900 ) ) ;
#2025 = ADVANCED_FACE ( 'NONE', ( #4718 ), #4472, .F. ) ;
#2026 = CIRCLE ( 'NONE', #3372, 0.2999999999999998800 ) ;
#2027 = FACE_OUTER_BOUND ( 'NONE', #120, .T. ) ;
#2028 = EDGE_CURVE ( 'NONE', #2417, #5182, #375, .T. ) ;
#2029 = VECTOR ( 'NONE', #756, 1000.000000000000000 ) ;
#2030 = PRESENTATION_LAYER_ASSIGNMENT (  '', '', ( #2309 ) ) ;
#2031 = FACE_BOUND ( 'NONE', #1845, .T. ) ;
#2032 = CARTESIAN_POINT ( 'NONE',  ( 9.999999999999996400, -4.000000000000011500, 5.000000000000016000 ) ) ;
#2033 = CARTESIAN_POINT ( 'NONE',  ( 0.2304624066380310800, -5.740487546377854900, -0.07028454901352469700 ) ) ;
#2034 = ORIENTED_EDGE ( 'NONE', *, *, #3729, .T. ) ;
#2035 = ORIENTED_EDGE ( 'NONE', *, *, #4861, .T. ) ;
#2036 = LINE ( 'NONE', #339, #3838 ) ;
#2037 = AXIS2_PLACEMENT_3D ( 'NONE', #124, #936, #3802 ) ;
#2038 = ORIENTED_EDGE ( 'NONE', *, *, #2069, .F. ) ;
#2039 = VERTEX_POINT ( 'NONE', #4403 ) ;
#2040 = VERTEX_POINT ( 'NONE', #1936 ) ;
#2041 = DIRECTION ( 'NONE',  ( 1.550466012510000700E-017, -0.0000000000000000000, 1.000000000000000000 ) ) ;
#2042 = CARTESIAN_POINT ( 'NONE',  ( 4.000000000000001800, 5.299588860426375400, -9.999999999999994700 ) ) ;
#2043 = CARTESIAN_POINT ( 'NONE',  ( 9.999999999999998200, -5.000000000000024000, 3.700411139573630300 ) ) ;
#2044 = ORIENTED_EDGE ( 'NONE', *, *, #2056, .T. ) ;
#2045 = ADVANCED_FACE ( 'NONE', ( #3892 ), #2287, .T. ) ;
#2046 = CARTESIAN_POINT ( 'NONE',  ( 3.284365361471651500, -4.822602184861183100, 2.983622314983224400 ) ) ;
#2047 = DIRECTION ( 'NONE',  ( 0.0000000000000000000, -0.0000000000000000000, -1.000000000000000000 ) ) ;
#2048 = CARTESIAN_POINT ( 'NONE',  ( -7.110754225915295400, 2.489245774084724700, -12.11331652343349500 ) ) ;
#2049 = ADVANCED_FACE ( 'NONE', ( #249 ), #1547, .F. ) ;
#2050 = EDGE_CURVE ( 'NONE', #4703, #4647, #1209, .T. ) ;
#2051 = CARTESIAN_POINT ( 'NONE',  ( 9.999999999999994700, 5.000000000000004400, 3.700411139573629000 ) ) ;
#2052 = EDGE_LOOP ( 'NONE', ( #901, #3000, #1751, #5267 ) ) ;
#2053 = CARTESIAN_POINT ( 'NONE',  ( 12.49999999999999600, 9.068980551792400000, 2.081766411704361300 ) ) ;
#2054 = CARTESIAN_POINT ( 'NONE',  ( -10.00000000000000700, 4.128514106687783000E-017, 0.0000000000000000000 ) ) ;
#2055 = VERTEX_POINT ( 'NONE', #2772 ) ;
#2056 = EDGE_CURVE ( 'NONE', #5104, #1458, #4342, .T. ) ;
#2057 = AXIS2_PLACEMENT_3D ( 'NONE', #1226, #4090, #1627 ) ;
#2058 = CARTESIAN_POINT ( 'NONE',  ( -9.199999999999988600, 2.600000000000041400, -10.00000000000000000 ) ) ;
#2059 = EDGE_CURVE ( 'NONE', #5078, #23, #4592, .T. ) ;
#2060 = CARTESIAN_POINT ( 'NONE',  ( -8.500000000000008900, -8.499999999999994700, 8.500000000000000000 ) ) ;
#2061 = CARTESIAN_POINT ( 'NONE',  ( 5.825373141938562100, -0.9061915046970504500, 5.524630095449608400 ) ) ;
#2062 = CARTESIAN_POINT ( 'NONE',  ( 9.999999999999998200, -7.000000000000025800, -3.999999999999998200 ) ) ;
#2063 = DIRECTION ( 'NONE',  ( -1.000000000000000000, 0.0000000000000000000, -4.956352788505164300E-016 ) ) ;
#2064 = CYLINDRICAL_SURFACE ( 'NONE', #1079, 0.2999999999999999300 ) ;
#2065 = ORIENTED_EDGE ( 'NONE', *, *, #5254, .T. ) ;
#2066 = VERTEX_POINT ( 'NONE', #1561 ) ;
#2067 = CARTESIAN_POINT ( 'NONE',  ( 9.999999999999998200, 3.876005637310958400, 6.999999999999984000 ) ) ;
#2068 = CARTESIAN_POINT ( 'NONE',  ( -8.500000000000005300, 8.500000000000005300, -10.00000000000000000 ) ) ;
#2069 = EDGE_CURVE ( 'NONE', #3555, #4646, #123, .T. ) ;
#2070 = FACE_OUTER_BOUND ( 'NONE', #4650, .T. ) ;
#2071 = ADVANCED_FACE ( 'NONE', ( #1065 ), #748, .T. ) ;
#2072 = ORIENTED_EDGE ( 'NONE', *, *, #4092, .T. ) ;
#2073 = ORIENTED_EDGE ( 'NONE', *, *, #2050, .T. ) ;
#2074 = SPHERICAL_SURFACE ( 'NONE', #1540, 0.2999999999999999900 ) ;
#2075 = ADVANCED_FACE ( 'NONE', ( #2155 ), #944, .F. ) ;
#2076 = DIRECTION ( 'NONE',  ( -0.0000000000000000000, 0.0000000000000000000, -1.000000000000000000 ) ) ;
#2077 = EDGE_LOOP ( 'NONE', ( #3044, #3043, #4066, #4441 ) ) ;
#2078 = CYLINDRICAL_SURFACE ( 'NONE', #226, 0.2999999999999999300 ) ;
#2079 = VERTEX_POINT ( 'NONE', #4851 ) ;
#2080 = ORIENTED_EDGE ( 'NONE', *, *, #4988, .F. ) ;
#2081 = DIRECTION ( 'NONE',  ( -1.000000000000000000, 0.0000000000000000000, 0.0000000000000000000 ) ) ;
#2082 = EDGE_CURVE ( 'NONE', #3256, #3468, #2026, .T. ) ;
#2083 = EDGE_LOOP ( 'NONE', ( #3730, #1999, #1415, #4437, #3214 ) ) ;
#2084 = FACE_OUTER_BOUND ( 'NONE', #5079, .T. ) ;
#2085 = ORIENTED_EDGE ( 'NONE', *, *, #2146, .F. ) ;
#2086 = LINE ( 'NONE', #3394, #1001 ) ;
#2087 = DIRECTION ( 'NONE',  ( 0.0000000000000000000, -1.000000000000000000, 0.0000000000000000000 ) ) ;
#2088 = CARTESIAN_POINT ( 'NONE',  ( 12.49999999999999600, 1.520015985077562500, 9.199999999999995700 ) ) ;
#2089 =( BOUNDED_CURVE ( )  B_SPLINE_CURVE ( 3, ( #3665, #4075, #1616, #4486 ),
 .UNSPECIFIED., .F., .F. ) 
 B_SPLINE_CURVE_WITH_KNOTS ( ( 4, 4 ),
 ( 5.499156671652528400, 7.067213942706642300 ),
 .UNSPECIFIED. ) 
 CURVE ( )  GEOMETRIC_REPRESENTATION_ITEM ( )  RATIONAL_B_SPLINE_CURVE ( ( 1.000000000000000000, 0.8053830134673578600, 0.8053830134673578600, 1.000000000000000000 ) ) 
 REPRESENTATION_ITEM ( '' )  );
#2090 = DIRECTION ( 'NONE',  ( -0.9972646886342373400, 0.05226442768871386600, 0.05226442768871406000 ) ) ;
#2091 = VECTOR ( 'NONE', #2837, 1000.000000000000000 ) ;
#2092 = FILL_AREA_STYLE_COLOUR ( '', #1758 ) ;
#2093 = ORIENTED_EDGE ( 'NONE', *, *, #158, .F. ) ;
#2094 = CIRCLE ( 'NONE', #1749, 5.549999999999997200 ) ;
#2095 = VECTOR ( 'NONE', #3715, 1000.000000000000000 ) ;
#2096 = EDGE_LOOP ( 'NONE', ( #1857, #4466, #4538, #3915 ) ) ;
#2097 = ORIENTED_EDGE ( 'NONE', *, *, #475, .T. ) ;
#2098 = CARTESIAN_POINT ( 'NONE',  ( -9.285468475998383700, -6.282536581423928000, 0.0000000000000000000 ) ) ;
#2099 = VECTOR ( 'NONE', #3332, 1000.000000000000200 ) ;
#2100 = EDGE_CURVE ( 'NONE', #2262, #4647, #5294, .T. ) ;
#2101 = CARTESIAN_POINT ( 'NONE',  ( -6.999999999999983100, 3.876005637310956200, -9.999999999999998200 ) ) ;
#2102 = ORIENTED_EDGE ( 'NONE', *, *, #2980, .T. ) ;
#2103 = FACE_OUTER_BOUND ( 'NONE', #2380, .T. ) ;
#2104 = CARTESIAN_POINT ( 'NONE',  ( -2.599999999999998800, 7.131019448207605500, -12.49999999999999800 ) ) ;
#2105 = CARTESIAN_POINT ( 'NONE',  ( 12.49999999999999500, 7.000000000000004400, 2.600000000000000100 ) ) ;
#2106 = DIRECTION ( 'NONE',  ( 1.734723475976806600E-016, -1.000000000000000000, 1.734723475976807100E-016 ) ) ;
#2107 = CARTESIAN_POINT ( 'NONE',  ( 9.999999999999998200, -7.000000000000038200, -3.876005637310965500 ) ) ;
#2108 = ADVANCED_FACE ( 'NONE', ( #4215 ), #4471, .T. ) ;
#2109 = DIRECTION ( 'NONE',  ( 0.9972646886342372300, 0.05226442768871422000, 0.05226442768871404600 ) ) ;
#2110 = AXIS2_PLACEMENT_3D ( 'NONE', #1360, #2569, #4224 ) ;
#2111 = ORIENTED_EDGE ( 'NONE', *, *, #5068, .T. ) ;
#2112 = DIRECTION ( 'NONE',  ( 0.05226442768871382400, -0.05226442768871403200, 0.9972646886342373400 ) ) ;
#2113 = DIRECTION ( 'NONE',  ( 1.000000000000000000, 1.851092122435818300E-016, 2.220446049250312300E-016 ) ) ;
#2114 = EDGE_CURVE ( 'NONE', #3120, #2949, #2018, .T. ) ;
#2115 = EDGE_LOOP ( 'NONE', ( #3486, #2893, #453, #3761 ) ) ;
#2116 = CARTESIAN_POINT ( 'NONE',  ( -1.133172950289985900, -5.604564265576491300, -1.433915996778961400 ) ) ;
#2117 = CARTESIAN_POINT ( 'NONE',  ( 3.942249607278249400, 4.041939609934897400, -3.942249607278253800 ) ) ;
#2118 = ORIENTED_EDGE ( 'NONE', *, *, #2811, .T. ) ;
#2119 = CARTESIAN_POINT ( 'NONE',  ( 3.286149905664754900E-015, 0.0000000000000000000, -7.500000000000013300 ) ) ;
#2120 = CARTESIAN_POINT ( 'NONE',  ( 12.50000000000000000, -2.081766411704316000, 9.068980551792407100 ) ) ;
#2121 = AXIS2_PLACEMENT_3D ( 'NONE', #5031, #2177, #2583 ) ;
#2122 = EDGE_CURVE ( 'NONE', #1501, #1311, #2973, .T. ) ;
#2123 =( BOUNDED_CURVE ( )  B_SPLINE_CURVE ( 3, ( #1474, #1052, #3519, #4341 ),
 .UNSPECIFIED., .F., .F. ) 
 B_SPLINE_CURVE_WITH_KNOTS ( ( 4, 4 ),
 ( 2.357564018062735700, 3.925621289116843800 ),
 .UNSPECIFIED. ) 
 CURVE ( )  GEOMETRIC_REPRESENTATION_ITEM ( )  RATIONAL_B_SPLINE_CURVE ( ( 1.000000000000000000, 0.8053830134673591900, 0.8053830134673591900, 1.000000000000000000 ) ) 
 REPRESENTATION_ITEM ( '' )  );
#2124 = CARTESIAN_POINT ( 'NONE',  ( 12.49999999999999600, 2.600000000000045400, 9.199999999999990400 ) ) ;
#2125 = EDGE_CURVE ( 'NONE', #3840, #2310, #817, .T. ) ;
#2126 = ADVANCED_FACE ( 'NONE', ( #1772 ), #2451, .T. ) ;
#2127 = DIRECTION ( 'NONE',  ( -0.9986295347545739400, -0.05233595624294412600, 0.0000000000000000000 ) ) ;
#2128 = ORIENTED_EDGE ( 'NONE', *, *, #9, .T. ) ;
#2129 = AXIS2_PLACEMENT_3D ( 'NONE', #3113, #673, #3541 ) ;
#2130 = ORIENTED_EDGE ( 'NONE', *, *, #4936, .T. ) ;
#2131 = EDGE_LOOP ( 'NONE', ( #2072, #479, #4273, #4563 ) ) ;
#2132 = DIRECTION ( 'NONE',  ( 0.9972646886342373400, -0.05226442768871336600, 0.05226442768871401900 ) ) ;
#2133 = VECTOR ( 'NONE', #1550, 1000.000000000000200 ) ;
#2134 = VERTEX_POINT ( 'NONE', #4099 ) ;
#2135 = ORIENTED_EDGE ( 'NONE', *, *, #3187, .F. ) ;
#2136 = CARTESIAN_POINT ( 'NONE',  ( -5.163232172060092200, -2.187562761698297100, -5.463975218549050400 ) ) ;
#2137 = CARTESIAN_POINT ( 'NONE',  ( 5.599759547452980400, -6.181800408053395300E-016, -5.599759547452982200 ) ) ;
#2138 = FACE_OUTER_BOUND ( 'NONE', #4060, .T. ) ;
#2139 = CARTESIAN_POINT ( 'NONE',  ( 9.999999999999994700, 6.700411139573631700, -4.000000000000000000 ) ) ;
#2140 = AXIS2_PLACEMENT_3D ( 'NONE', #403, #1214, #3263 ) ;
#2141 = LINE ( 'NONE', #3198, #4200 ) ;
#2142 = ORIENTED_EDGE ( 'NONE', *, *, #1594, .F. ) ;
#2143 = CARTESIAN_POINT ( 'NONE',  ( 4.000000000000000900, 6.700411139573629900, -9.999999999999994700 ) ) ;
#2144 = ORIENTED_EDGE ( 'NONE', *, *, #965, .F. ) ;
#2145 = VECTOR ( 'NONE', #547, 1000.000000000000000 ) ;
#2146 = EDGE_CURVE ( 'NONE', #3053, #5221, #3536, .T. ) ;
#2147 = ORIENTED_EDGE ( 'NONE', *, *, #3065, .F. ) ;
#2148 = VECTOR ( 'NONE', #5081, 1000.000000000000200 ) ;
#2149 = CYLINDRICAL_SURFACE ( 'NONE', #3717, 0.2999999999999999300 ) ;
#2150 = CARTESIAN_POINT ( 'NONE',  ( -1.521258937595122900, 5.593320105401635300, 1.521258937595142600 ) ) ;
#2151 = ORIENTED_EDGE ( 'NONE', *, *, #1782, .F. ) ;
#2152 = LINE ( 'NONE', #3460, #1063 ) ;
#2153 =( BOUNDED_CURVE ( )  B_SPLINE_CURVE ( 3, ( #2178, #4227, #549, #3414 ),
 .UNSPECIFIED., .F., .F. ) 
 B_SPLINE_CURVE_WITH_KNOTS ( ( 4, 4 ),
 ( 3.141592653589790500, 4.660029102824857700 ),
 .UNSPECIFIED. ) 
 CURVE ( )  GEOMETRIC_REPRESENTATION_ITEM ( )  RATIONAL_B_SPLINE_CURVE ( ( 1.000000000000000000, 0.8169162473415250100, 0.8169162473415250100, 1.000000000000000000 ) ) 
 REPRESENTATION_ITEM ( '' )  );
#2154 = DIRECTION ( 'NONE',  ( 1.127570259384924000E-015, 1.000000000000000000, -1.734723475976803900E-016 ) ) ;
#2155 = FACE_OUTER_BOUND ( 'NONE', #1161, .T. ) ;
#2156 = EDGE_CURVE ( 'NONE', #1333, #4103, #3104, .T. ) ;
#2157 = CARTESIAN_POINT ( 'NONE',  ( 8.784299213127114900, -6.936287821487310300, 3.921388331075440300 ) ) ;
#2158 = CARTESIAN_POINT ( 'NONE',  ( -3.636698961060973000, -7.000000000000026600, -8.799999999999998900 ) ) ;
#2159 = FACE_OUTER_BOUND ( 'NONE', #3562, .T. ) ;
#2160 = DIRECTION ( 'NONE',  ( 0.0000000000000000000, 0.0000000000000000000, 1.000000000000000000 ) ) ;
#2161 = CIRCLE ( 'NONE', #2766, 1.499999999999999600 ) ;
#2162 = CYLINDRICAL_SURFACE ( 'NONE', #3217, 0.3000000000000003200 ) ;
#2163 = CARTESIAN_POINT ( 'NONE',  ( -2.983924131207114100, 4.822291345396586800, -3.284667177696081600 ) ) ;
#2164 = EDGE_CURVE ( 'NONE', #1012, #2932, #687, .T. ) ;
#2165 = B_SPLINE_CURVE_WITH_KNOTS ( 'NONE', 3,
 ( #5069, #588, #3459, #1002, #3862, #1409, #4286, #1822, #4682, #2238, #5095, #2638, #209, #3046, #606, #3473, #1019, #3887, #1422, #4299, #1846, #4700, #2252, #5116 ),
 .UNSPECIFIED., .F., .F.,
 ( 4, 2, 2, 2, 2, 2, 2, 2, 2, 2, 2, 4 ),
 ( 0.01044901683351695500, 0.01110163290813358100, 0.01175424898275020600, 0.01305948113198345800, 0.01436471328121671100, 0.01566994543044996100, 0.01697517757968321200, 0.01828040972891645900, 0.01958564187814971000, 0.02023825795276633400, 0.02056456599007464700, 0.02089087402738295700 ),
 .UNSPECIFIED. ) ;
#2166 = VERTEX_POINT ( 'NONE', #3282 ) ;
#2167 = LINE ( 'NONE', #1108, #3116 ) ;
#2168 = AXIS2_PLACEMENT_3D ( 'NONE', #3350, #905, #3778 ) ;
#2169 = CARTESIAN_POINT ( 'NONE',  ( -5.348866727671789600, 2.467182839159075800, 5.348866727671799400 ) ) ;
#2170 = DIRECTION ( 'NONE',  ( 0.0000000000000000000, 0.9986295347545737200, 0.05233595624294414700 ) ) ;
#2171 = ORIENTED_EDGE ( 'NONE', *, *, #4803, .F. ) ;
#2172 = EDGE_LOOP ( 'NONE', ( #3425, #354, #998, #336 ) ) ;
#2173 = ORIENTED_EDGE ( 'NONE', *, *, #5004, .F. ) ;
#2174 = EDGE_CURVE ( 'NONE', #860, #1888, #3829, .T. ) ;
#2175 = CARTESIAN_POINT ( 'NONE',  ( 4.000000000000004400, -5.123994362689057200, -10.00000000000000400 ) ) ;
#2176 = DIRECTION ( 'NONE',  ( 0.0000000000000000000, 1.000000000000000000, -1.301042606982604700E-015 ) ) ;
#2177 = DIRECTION ( 'NONE',  ( 1.000000000000000000, 1.851092122435818300E-016, 2.220446049250312600E-016 ) ) ;
#2178 = CARTESIAN_POINT ( 'NONE',  ( -9.068980551792403600, -1.520015985077474400, -12.50000000000000000 ) ) ;
#2179 = ORIENTED_EDGE ( 'NONE', *, *, #528, .F. ) ;
#2180 = PRODUCT_RELATED_PRODUCT_CATEGORY ( 'part', '', ( #3405 ) ) ;
#2181 = CARTESIAN_POINT ( 'NONE',  ( 5.824472692613535500, 0.9120283543025062800, 5.523729646124582600 ) ) ;
#2182 = VERTEX_POINT ( 'NONE', #1246 ) ;
#2183 = DIRECTION ( 'NONE',  ( -0.0000000000000000000, 4.533936357666653900E-015, 1.000000000000000000 ) ) ;
#2184 = CARTESIAN_POINT ( 'NONE',  ( 9.999999999999996400, 7.000000000000004400, -3.876005637310967700 ) ) ;
#2185 = EDGE_CURVE ( 'NONE', #813, #2832, #556, .T. ) ;
#2186 = ORIENTED_EDGE ( 'NONE', *, *, #2767, .F. ) ;
#2187 = PRODUCT_DEFINITION_CONTEXT ( 'detailed design', #2448, 'design' ) ;
#2188 = CARTESIAN_POINT ( 'NONE',  ( 2.518645519832026600, -7.131019448207630300, -11.55233595624294200 ) ) ;
#2189 = CARTESIAN_POINT ( 'NONE',  ( 6.499999999999995600, -3.149999999999999900, -10.00000000000000200 ) ) ;
#2190 = CARTESIAN_POINT ( 'NONE',  ( 3.921388331075437600, 6.636698961060976600, -8.499999999999996400 ) ) ;
#2191 = DIRECTION ( 'NONE',  ( -1.000000000000000000, -1.734723475976806600E-016, -4.440892098500625200E-016 ) ) ;
#2192 =( BOUNDED_CURVE ( )  B_SPLINE_CURVE ( 3, ( #3102, #5134, #5156, #664 ),
 .UNSPECIFIED., .F., .F. ) 
 B_SPLINE_CURVE_WITH_KNOTS ( ( 4, 4 ),
 ( 1.623156204354727000, 3.141592653589792700 ),
 .UNSPECIFIED. ) 
 CURVE ( )  GEOMETRIC_REPRESENTATION_ITEM ( )  RATIONAL_B_SPLINE_CURVE ( ( 1.000000000000000000, 0.8169162473415252400, 0.8169162473415252400, 1.000000000000000000 ) ) 
 REPRESENTATION_ITEM ( '' )  );
#2193 = DIRECTION ( 'NONE',  ( 0.0000000000000000000, 4.731064025391290900E-015, 1.000000000000000000 ) ) ;
#2194 = PLANE ( 'NONE',  #3477 ) ;
#2195 = FACE_OUTER_BOUND ( 'NONE', #3320, .T. ) ;
#2196 = VERTEX_POINT ( 'NONE', #4919 ) ;
#2197 = CARTESIAN_POINT ( 'NONE',  ( 3.284956809618781600, 4.821963932298018600, 2.984213763129831300 ) ) ;
#2198 = ORIENTED_EDGE ( 'NONE', *, *, #1504, .F. ) ;
#2199 = EDGE_CURVE ( 'NONE', #1714, #4500, #3702, .T. ) ;
#2200 = DIRECTION ( 'NONE',  ( -0.05226442768871384500, 0.05226442768871402500, -0.9972646886342373400 ) ) ;
#2201 = FACE_OUTER_BOUND ( 'NONE', #4680, .T. ) ;
#2202 = VERTEX_POINT ( 'NONE', #3298 ) ;
#2203 = ORIENTED_EDGE ( 'NONE', *, *, #3456, .F. ) ;
#2204 = SPHERICAL_SURFACE ( 'NONE', #4656, 0.2999999999999999900 ) ;
#2205 = CARTESIAN_POINT ( 'NONE',  ( 2.518645519832091400, 9.118645519832096400, -11.55233595624294200 ) ) ;
#2206 = FACE_OUTER_BOUND ( 'NONE', #1826, .T. ) ;
#2207 = VERTEX_POINT ( 'NONE', #3716 ) ;
#2208 = VECTOR ( 'NONE', #3432, 1000.000000000000000 ) ;
#2209 = CARTESIAN_POINT ( 'NONE',  ( 3.701229487637426500, -7.000818348063835300, -10.01561501126346900 ) ) ;
#2210 = CARTESIAN_POINT ( 'NONE',  ( 10.03131579813635300, 5.298770512362578300, 3.701229487637427400 ) ) ;
#2211 = ORIENTED_EDGE ( 'NONE', *, *, #1849, .F. ) ;
#2212 = VERTEX_POINT ( 'NONE', #4935 ) ;
#2213 = VECTOR ( 'NONE', #1539, 1000.000000000000000 ) ;
#2214 = DIRECTION ( 'NONE',  ( 1.000000000000000000, 0.0000000000000000000, 0.0000000000000000000 ) ) ;
#2215 = ORIENTED_EDGE ( 'NONE', *, *, #648, .T. ) ;
#2216 = VECTOR ( 'NONE', #2553, 1000.000000000000000 ) ;
#2217 = DIRECTION ( 'NONE',  ( 6.505213034913024100E-017, -1.000000000000000000, 1.734723475976806400E-016 ) ) ;
#2218 = CARTESIAN_POINT ( 'NONE',  ( -8.560094104986101000, -2.393042822290325200E-016, 0.0000000000000000000 ) ) ;
#2219 = LINE ( 'NONE', #1230, #2091 ) ;
#2220 = ORIENTED_EDGE ( 'NONE', *, *, #4293, .F. ) ;
#2221 = DIRECTION ( 'NONE',  ( 2.761183247394055600E-016, 1.000000000000000000, 0.0000000000000000000 ) ) ;
#2222 = CIRCLE ( 'NONE', #3789, 1.499999999999999600 ) ;
#2223 = LINE ( 'NONE', #847, #2095 ) ;
#2224 = VERTEX_POINT ( 'NONE', #2501 ) ;
#2225 = ORIENTED_EDGE ( 'NONE', *, *, #3011, .T. ) ;
#2226 =( BOUNDED_CURVE ( )  B_SPLINE_CURVE ( 3, ( #5220, #3602, #1148, #4011 ),
 .UNSPECIFIED., .F., .F. ) 
 B_SPLINE_CURVE_WITH_KNOTS ( ( 4, 4 ),
 ( 5.499156671652527500, 7.067213942706642300 ),
 .UNSPECIFIED. ) 
 CURVE ( )  GEOMETRIC_REPRESENTATION_ITEM ( )  RATIONAL_B_SPLINE_CURVE ( ( 1.000000000000000000, 0.8053830134673575200, 0.8053830134673575200, 1.000000000000000000 ) ) 
 REPRESENTATION_ITEM ( '' )  );
#2227 = DIRECTION ( 'NONE',  ( 0.0000000000000000000, 0.0000000000000000000, -1.000000000000000000 ) ) ;
#2228 = CONICAL_SURFACE ( 'NONE', #411, 6.008253627460651300, 0.02617993877990825900 ) ;
#2229 = AXIS2_PLACEMENT_3D ( 'NONE', #1944, #4797, #2368 ) ;
#2230 = EDGE_CURVE ( 'NONE', #96, #2437, #3128, .T. ) ;
#2231 = DIRECTION ( 'NONE',  ( 0.0000000000000000000, -1.000000000000000000, 0.0000000000000000000 ) ) ;
#2232 = CARTESIAN_POINT ( 'NONE',  ( -10.00000000000000900, -7.035495700303544100, 0.0000000000000000000 ) ) ;
#2233 = CARTESIAN_POINT ( 'NONE',  ( 10.03131579813635600, -6.701229487637462500, -3.701229487637425200 ) ) ;
#2234 = EDGE_LOOP ( 'NONE', ( #4048, #5284, #2452 ) ) ;
#2235 = VECTOR ( 'NONE', #4725, 1000.000000000000000 ) ;
#2236 = CARTESIAN_POINT ( 'NONE',  ( -5.048156705114840800, -3.043761374812656900, 5.048156705114847900 ) ) ;
#2237 = EDGE_CURVE ( 'NONE', #4330, #2816, #1654, .T. ) ;
#2238 = CARTESIAN_POINT ( 'NONE',  ( 4.196351137649925200, -3.781791839604636200, -4.196351137649928700 ) ) ;
#2239 = DIRECTION ( 'NONE',  ( -0.05226442768871417800, -0.05226442768871424800, -0.9972646886342374500 ) ) ;
#2240 = AXIS2_PLACEMENT_3D ( 'NONE', #1748, #4613, #2160 ) ;
#2241 = ORIENTED_EDGE ( 'NONE', *, *, #2739, .F. ) ;
#2242 = DIRECTION ( 'NONE',  ( 0.0000000000000000000, 0.0000000000000000000, 1.000000000000000000 ) ) ;
#2243 = AXIS2_PLACEMENT_3D ( 'NONE', #2644, #3495, #3908 ) ;
#2244 = CARTESIAN_POINT ( 'NONE',  ( -3.936287821487346200, 5.363301038939027000, -8.784299213127114900 ) ) ;
#2245 = CARTESIAN_POINT ( 'NONE',  ( 9.999999999999998200, -5.299588860426397700, -4.000000000000000900 ) ) ;
#2246 = ORIENTED_EDGE ( 'NONE', *, *, #4477, .F. ) ;
#2247 = ORIENTED_EDGE ( 'NONE', *, *, #3475, .T. ) ;
#2248 = EDGE_CURVE ( 'NONE', #564, #5141, #4770, .T. ) ;
#2249 = CARTESIAN_POINT ( 'NONE',  ( -1.187335392329560000, -5.664067352500031100, 1.187335392329583100 ) ) ;
#2250 =( BOUNDED_CURVE ( )  B_SPLINE_CURVE ( 3, ( #2994, #573, #1803, #4667 ),
 .UNSPECIFIED., .F., .F. ) 
 B_SPLINE_CURVE_WITH_KNOTS ( ( 4, 4 ),
 ( 1.623156204354723200, 3.141592653589790500 ),
 .UNSPECIFIED. ) 
 CURVE ( )  GEOMETRIC_REPRESENTATION_ITEM ( )  RATIONAL_B_SPLINE_CURVE ( ( 1.000000000000000000, 0.8169162473415250100, 0.8169162473415250100, 1.000000000000000000 ) ) 
 REPRESENTATION_ITEM ( '' )  );
#2251 = ORIENTED_EDGE ( 'NONE', *, *, #393, .T. ) ;
#2252 = CARTESIAN_POINT ( 'NONE',  ( 0.2272303615966669000, -5.736461028983188500, -0.2272303616150549700 ) ) ;
#2253 = DIRECTION ( 'NONE',  ( -2.891205793294679400E-015, -1.000000000000000000, 1.515216750768385200E-016 ) ) ;
#2254 = CARTESIAN_POINT ( 'NONE',  ( 6.499999999999999100, 3.149999999999999900, -10.00000000000000000 ) ) ;
#2255 = CARTESIAN_POINT ( 'NONE',  ( -5.363301038939039400, -3.636698961060987700, -8.799999999999998900 ) ) ;
#2256 = AXIS2_PLACEMENT_3D ( 'NONE', #2689, #1428, #3079 ) ;
#2257 = EDGE_CURVE ( 'NONE', #806, #4326, #5276, .T. ) ;
#2258 = CARTESIAN_POINT ( 'NONE',  ( 8.799999999999995400, 5.363301038939029700, -3.636698961060974800 ) ) ;
#2259 = DIRECTION ( 'NONE',  ( 0.0000000000000000000, 0.0000000000000000000, -1.000000000000000000 ) ) ;
#2260 = ORIENTED_EDGE ( 'NONE', *, *, #1254, .T. ) ;
#2261 = ORIENTED_EDGE ( 'NONE', *, *, #3463, .F. ) ;
#2262 = VERTEX_POINT ( 'NONE', #4977 ) ;
#2263 = DIRECTION ( 'NONE',  ( 0.0000000000000000000, 0.0000000000000000000, 1.000000000000000000 ) ) ;
#2264 = VECTOR ( 'NONE', #1125, 1000.000000000000000 ) ;
#2265 = EDGE_LOOP ( 'NONE', ( #2959, #386, #2672, #1284 ) ) ;
#2266 = AXIS2_PLACEMENT_3D ( 'NONE', #3174, #1961, #4806 ) ;
#2267 = ORIENTED_EDGE ( 'NONE', *, *, #1789, .F. ) ;
#2268 = ORIENTED_EDGE ( 'NONE', *, *, #2610, .T. ) ;
#2269 = LINE ( 'NONE', #3854, #3229 ) ;
#2270 = CARTESIAN_POINT ( 'NONE',  ( 12.50000000000000000, -7.131019448207585000, 2.081766411704428300 ) ) ;
#2271 = CARTESIAN_POINT ( 'NONE',  ( -3.936287821487345400, -7.000000000000026600, -8.784299213127114900 ) ) ;
#2272 = CIRCLE ( 'NONE', #5150, 0.2999999999999999300 ) ;
#2273 = VERTEX_POINT ( 'NONE', #2098 ) ;
#2274 = EDGE_CURVE ( 'NONE', #194, #241, #2352, .T. ) ;
#2275 = ORIENTED_EDGE ( 'NONE', *, *, #2274, .T. ) ;
#2276 = LINE ( 'NONE', #2157, #4329 ) ;
#2277 = AXIS2_PLACEMENT_3D ( 'NONE', #1965, #4809, #2379 ) ;
#2278 = ORIENTED_EDGE ( 'NONE', *, *, #2567, .T. ) ;
#2279 = CYLINDRICAL_SURFACE ( 'NONE', #2925, 0.3000000000000003200 ) ;
#2280 = CYLINDRICAL_SURFACE ( 'NONE', #3154, 0.2999999999999999300 ) ;
#2281 = CARTESIAN_POINT ( 'NONE',  ( 8.799999999999997200, 3.636698961060964600, 5.363301038939041200 ) ) ;
#2282 = ORIENTED_EDGE ( 'NONE', *, *, #1684, .F. ) ;
#2283 = CARTESIAN_POINT ( 'NONE',  ( -3.999999999999998200, -6.876005637310935700, -10.00000000000000200 ) ) ;
#2284 = CYLINDRICAL_SURFACE ( 'NONE', #2585, 2.600000000000001000 ) ;
#2285 = DIRECTION ( 'NONE',  ( 1.550466012510000700E-017, -0.0000000000000000000, 1.000000000000000000 ) ) ;
#2286 = AXIS2_PLACEMENT_3D ( 'NONE', #4421, #3596, #1138 ) ;
#2287 = CYLINDRICAL_SURFACE ( 'NONE', #1988, 1.000000000000000000 ) ;
#2288 = CARTESIAN_POINT ( 'NONE',  ( -5.363301038939039400, -3.636698961060987700, -8.799999999999998900 ) ) ;
#2289 = DIRECTION ( 'NONE',  ( -1.000000000000000000, 0.0000000000000000000, 0.0000000000000000000 ) ) ;
#2290 = FACE_OUTER_BOUND ( 'NONE', #1250, .T. ) ;
#2291 = ORIENTED_EDGE ( 'NONE', *, *, #3987, .F. ) ;
#2292 = LINE ( 'NONE', #3182, #3251 ) ;
#2293 = FACE_OUTER_BOUND ( 'NONE', #4191, .T. ) ;
#2294 = EDGE_CURVE ( 'NONE', #3190, #1396, #4407, .T. ) ;
#2295 = CARTESIAN_POINT ( 'NONE',  ( 3.547101115755335700E-015, 0.0000000000000000000, 9.255216937736641100 ) ) ;
#2296 = ORIENTED_EDGE ( 'NONE', *, *, #2237, .F. ) ;
#2297 = FACE_OUTER_BOUND ( 'NONE', #1941, .T. ) ;
#2298 = CARTESIAN_POINT ( 'NONE',  ( -5.000000000000013300, -4.000000000000014200, -9.999999999999998200 ) ) ;
#2299 = AXIS2_PLACEMENT_3D ( 'NONE', #2653, #219, #3056 ) ;
#2300 = AXIS2_PLACEMENT_3D ( 'NONE', #1235, #3271, #4108 ) ;
#2301 = DIRECTION ( 'NONE',  ( -1.550466012510000700E-017, 0.0000000000000000000, -1.000000000000000000 ) ) ;
#2302 = ADVANCED_FACE ( 'NONE', ( #184 ), #1732, .F. ) ;
#2303 = CARTESIAN_POINT ( 'NONE',  ( 9.927072861725090300, 3.695766346834159100, 5.304233653165846700 ) ) ;
#2304 = ORIENTED_EDGE ( 'NONE', *, *, #1745, .F. ) ;
#2305 = ORIENTED_EDGE ( 'NONE', *, *, #880, .F. ) ;
#2306 = ORIENTED_EDGE ( 'NONE', *, *, #3671, .F. ) ;
#2307 = CARTESIAN_POINT ( 'NONE',  ( 2.599999999999917000, -9.200000000000027700, -9.999999999999994700 ) ) ;
#2308 = EDGE_CURVE ( 'NONE', #441, #3697, #1272, .T. ) ;
#2309 = STYLED_ITEM ( 'NONE', ( #1634 ), #3103 ) ;
#2310 = VERTEX_POINT ( 'NONE', #2942 ) ;
#2311 = CARTESIAN_POINT ( 'NONE',  ( -3.636698961060973900, 6.636698961060975700, -8.799999999999998900 ) ) ;
#2312 = DIRECTION ( 'NONE',  ( -1.000000000000000000, 4.372100874714873400E-015, -2.220446049250320000E-016 ) ) ;
#2313 = ORIENTED_EDGE ( 'NONE', *, *, #772, .F. ) ;
#2314 = CARTESIAN_POINT ( 'NONE',  ( 6.499999999999995600, -3.149999999999999900, -6.500000000000000900 ) ) ;
#2315 = AXIS2_PLACEMENT_3D ( 'NONE', #4683, #2239, #5096 ) ;
#2316 = CARTESIAN_POINT ( 'NONE',  ( 3.936287821487347100, 6.636698961060977500, -8.784299213127113100 ) ) ;
#2317 = DIRECTION ( 'NONE',  ( 1.000000000000000000, -0.0000000000000000000, -0.0000000000000000000 ) ) ;
#2318 = DIRECTION ( 'NONE',  ( 1.000000000000000000, 0.0000000000000000000, 0.0000000000000000000 ) ) ;
#2319 = ORIENTED_EDGE ( 'NONE', *, *, #4122, .F. ) ;
#2320 = DIRECTION ( 'NONE',  ( 1.000000000000000000, 0.0000000000000000000, 0.0000000000000000000 ) ) ;
#2321 = DIRECTION ( 'NONE',  ( 0.0000000000000000000, 0.0000000000000000000, -1.000000000000000000 ) ) ;
#2322 = DIRECTION ( 'NONE',  ( 0.0000000000000000000, 0.0000000000000000000, -1.000000000000000000 ) ) ;
#2323 = DIRECTION ( 'NONE',  ( 0.0000000000000000000, -0.0000000000000000000, 1.000000000000000000 ) ) ;
#2324 = CARTESIAN_POINT ( 'NONE',  ( 12.49999999999999600, -1.520015985077479700, 7.131019448207613500 ) ) ;
#2325 = ADVANCED_FACE ( 'NONE', ( #4274, #1135 ), #104, .T. ) ;
#2326 = DIRECTION ( 'NONE',  ( 0.0000000000000000000, -0.0000000000000000000, -1.000000000000000000 ) ) ;
#2327 = DIRECTION ( 'NONE',  ( 1.000000000000000000, 1.734723475976806600E-016, 4.440892098500625200E-016 ) ) ;
#2328 = DIRECTION ( 'NONE',  ( 0.05226442768871417800, 0.05226442768871424800, -0.9972646886342374500 ) ) ;
#2329 = CYLINDRICAL_SURFACE ( 'NONE', #5293, 0.3000000000000003200 ) ;
#2330 = EDGE_CURVE ( 'NONE', #4703, #4326, #1241, .T. ) ;
#2331 = ORIENTED_EDGE ( 'NONE', *, *, #3334, .T. ) ;
#2332 = ORIENTED_EDGE ( 'NONE', *, *, #3982, .T. ) ;
#2333 = DIRECTION ( 'NONE',  ( -1.000000000000000000, -1.734723475976806600E-016, -4.440892098500625200E-016 ) ) ;
#2334 = PLANE ( 'NONE',  #2983 ) ;
#2335 = CARTESIAN_POINT ( 'NONE',  ( 9.999999999999996400, 3.700411139573617900, 5.000000000000015100 ) ) ;
#2336 = VECTOR ( 'NONE', #2109, 1000.000000000000200 ) ;
#2337 = ORIENTED_EDGE ( 'NONE', *, *, #2972, .F. ) ;
#2338 = CARTESIAN_POINT ( 'NONE',  ( -9.285468475998380100, 6.282536581423928000, 8.154942802379336500E-016 ) ) ;
#2339 = FACE_OUTER_BOUND ( 'NONE', #4457, .T. ) ;
#2340 = EDGE_CURVE ( 'NONE', #2207, #3627, #2086, .T. ) ;
#2341 = ORIENTED_EDGE ( 'NONE', *, *, #458, .T. ) ;
#2342 = LINE ( 'NONE', #3611, #4397 ) ;
#2343 = ORIENTED_EDGE ( 'NONE', *, *, #896, .T. ) ;
#2344 = AXIS2_PLACEMENT_3D ( 'NONE', #3935, #1870, #2289 ) ;
#2345 = VECTOR ( 'NONE', #1351, 1000.000000000000000 ) ;
#2346 = CARTESIAN_POINT ( 'NONE',  ( 10.01561501126346900, 4.999181651936205600, 3.701229487637427400 ) ) ;
#2347 = CARTESIAN_POINT ( 'NONE',  ( -5.000000000000014200, 3.876005637310955700, -10.00000000000000000 ) ) ;
#2348 = ORIENTED_EDGE ( 'NONE', *, *, #332, .F. ) ;
#2349 = EDGE_LOOP ( 'NONE', ( #143, #4843, #4229, #919 ) ) ;
#2350 = FACE_OUTER_BOUND ( 'NONE', #2655, .T. ) ;
#2351 = ORIENTED_EDGE ( 'NONE', *, *, #1041, .F. ) ;
#2352 = CIRCLE ( 'NONE', #2168, 0.3000000000000003200 ) ;
#2353 = EDGE_CURVE ( 'NONE', #3167, #3053, #5227, .T. ) ;
#2354 = VECTOR ( 'NONE', #3222, 1000.000000000000000 ) ;
#2355 = DIRECTION ( 'NONE',  ( 1.000000000000000000, 0.0000000000000000000, 0.0000000000000000000 ) ) ;
#2356 = EDGE_CURVE ( 'NONE', #543, #5104, #286, .T. ) ;
#2357 = CARTESIAN_POINT ( 'NONE',  ( -4.000000000000000000, 5.299588860426374600, -9.999999999999998200 ) ) ;
#2358 = ADVANCED_FACE ( 'NONE', ( #5093 ), #2907, .F. ) ;
#2359 = EDGE_LOOP ( 'NONE', ( #1680, #1465, #2012, #3855 ) ) ;
#2360 = LINE ( 'NONE', #2189, #189 ) ;
#2361 = CARTESIAN_POINT ( 'NONE',  ( 8.799999999999998900, -6.636698961060941000, 3.636698961060976100 ) ) ;
#2362 = CIRCLE ( 'NONE', #1261, 2.599999999999997000 ) ;
#2363 = ORIENTED_EDGE ( 'NONE', *, *, #4621, .T. ) ;
#2364 = EDGE_LOOP ( 'NONE', ( #2111, #1199, #4738 ) ) ;
#2365 = ITEM_DEFINED_TRANSFORMATION ( 'NONE', 'NONE', #5017,  #2002 ) ;
#2366 = DIRECTION ( 'NONE',  ( -0.05233595624294373100, 0.0000000000000000000, -0.9986295347545739400 ) ) ;
#2367 = CARTESIAN_POINT ( 'NONE',  ( -3.999999999999999100, 6.700411139573629000, -9.999999999999998200 ) ) ;
#2368 = DIRECTION ( 'NONE',  ( 0.0000000000000000000, 0.0000000000000000000, 1.000000000000000000 ) ) ;
#2369 = DIRECTION ( 'NONE',  ( -0.02617694830786645700, 3.205751595667439700E-018, 0.9996573249755574800 ) ) ;
#2370 = CARTESIAN_POINT ( 'NONE',  ( 12.49999999999999500, 9.068980551792400000, -1.520015985077516600 ) ) ;
#2371 = EDGE_LOOP ( 'NONE', ( #3882, #2118, #3988, #2468, #5176, #4615, #2918, #2826, #94, #4153 ) ) ;
#2372 = EDGE_CURVE ( 'NONE', #1185, #1692, #4020, .T. ) ;
#2373 = CARTESIAN_POINT ( 'NONE',  ( 8.784299213127114900, -5.363301038939051000, 3.936287821487348900 ) ) ;
#2374 = DIRECTION ( 'NONE',  ( 9.288655703184902600E-015, 1.000000000000000000, -1.734723475976785600E-016 ) ) ;
#2375 = DIRECTION ( 'NONE',  ( 0.0000000000000000000, 0.0000000000000000000, 1.000000000000000000 ) ) ;
#2376 = CARTESIAN_POINT ( 'NONE',  ( 2.599999999999917000, -9.200000000000027700, -9.999999999999994700 ) ) ;
#2377 = ORIENTED_EDGE ( 'NONE', *, *, #3172, .T. ) ;
#2378 = CARTESIAN_POINT ( 'NONE',  ( 5.970920021408296000, 0.0000000000000000000, 8.574287104857958800 ) ) ;
#2379 = DIRECTION ( 'NONE',  ( 0.0000000000000000000, 0.0000000000000000000, 1.000000000000000000 ) ) ;
#2380 = EDGE_LOOP ( 'NONE', ( #3295, #329, #1821, #301, #5061, #1276, #108, #4766, #604, #4692 ) ) ;
#2381 = EDGE_CURVE ( 'NONE', #2262, #1222, #3703, .T. ) ;
#2382 = CARTESIAN_POINT ( 'NONE',  ( -3.936287821487346200, -5.363301038939053600, -8.784299213127114900 ) ) ;
#2383 = ADVANCED_FACE ( 'NONE', ( #874 ), #3884, .T. ) ;
#2384 = DIRECTION ( 'NONE',  ( 0.0000000000000000000, 1.000000000000000000, 0.0000000000000000000 ) ) ;
#2385 = AXIS2_PLACEMENT_3D ( 'NONE', #3834, #1375, #4245 ) ;
#2386 = ORIENTED_EDGE ( 'NONE', *, *, #2631, .F. ) ;
#2387 = DIRECTION ( 'NONE',  ( -0.0000000000000000000, -1.447586763997134800E-015, -1.000000000000000000 ) ) ;
#2388 = CARTESIAN_POINT ( 'NONE',  ( 0.0000000000000000000, 0.0000000000000000000, 0.0000000000000000000 ) ) ;
#2389 = AXIS2_PLACEMENT_3D ( 'NONE', #1809, #4673, #2227 ) ;
#2390 = DIRECTION ( 'NONE',  ( -0.9986295347545739400, 0.0000000000000000000, 0.05233595624294395300 ) ) ;
#2391 = CARTESIAN_POINT ( 'NONE',  ( 3.679376924424397000, 5.320623075575607400, -9.614344052491297500 ) ) ;
#2392 = CARTESIAN_POINT ( 'NONE',  ( -3.636698961060974300, 6.636698961060975700, -8.799999999999998900 ) ) ;
#2393 = VECTOR ( 'NONE', #767, 1000.000000000000100 ) ;
#2394 = ORIENTED_EDGE ( 'NONE', *, *, #3729, .F. ) ;
#2395 = DIRECTION ( 'NONE',  ( -0.05226442768871431700, -0.05226442768871403200, 0.9972646886342372300 ) ) ;
#2396 = ORIENTED_EDGE ( 'NONE', *, *, #360, .T. ) ;
#2397 = EDGE_CURVE ( 'NONE', #2310, #4568, #751, .T. ) ;
#2398 = CARTESIAN_POINT ( 'NONE',  ( 10.27103163466928300, 9.185795833911536000, -2.585795833911530100 ) ) ;
#2399 = CARTESIAN_POINT ( 'NONE',  ( -1.520015985077580300, -7.131019448207593000, -12.49999999999999800 ) ) ;
#2400 = VECTOR ( 'NONE', #4386, 1000.000000000000200 ) ;
#2401 = ORIENTED_EDGE ( 'NONE', *, *, #250, .T. ) ;
#2402 = VERTEX_POINT ( 'NONE', #5059 ) ;
#2403 = EDGE_LOOP ( 'NONE', ( #359, #3593, #4105, #2581 ) ) ;
#2404 = LINE ( 'NONE', #4631, #1319 ) ;
#2405 = DIRECTION ( 'NONE',  ( -0.0000000000000000000, 1.000000000000000000, 0.0000000000000000000 ) ) ;
#2406 = AXIS2_PLACEMENT_3D ( 'NONE', #963, #4240, #1784 ) ;
#2407 = EDGE_CURVE ( 'NONE', #5057, #4808, #2789, .T. ) ;
#2408 = LINE ( 'NONE', #4408, #105 ) ;
#2409 = ORIENTED_EDGE ( 'NONE', *, *, #1583, .T. ) ;
#2410 = CARTESIAN_POINT ( 'NONE',  ( -2.518645519832090100, 9.200000000000002800, -11.55233595624294400 ) ) ;
#2411 = ORIENTED_EDGE ( 'NONE', *, *, #1005, .T. ) ;
#2412 =( LENGTH_UNIT ( ) NAMED_UNIT ( * ) SI_UNIT ( .MILLI., .METRE. ) );
#2413 = VECTOR ( 'NONE', #4555, 1000.000000000000000 ) ;
#2414 = CARTESIAN_POINT ( 'NONE',  ( 9.999999999999994700, 5.299588860426377200, -4.000000000000000900 ) ) ;
#2415 = ADVANCED_FACE ( 'NONE', ( #4962 ), #3072, .F. ) ;
#2416 = CARTESIAN_POINT ( 'NONE',  ( 9.999999999999994700, 7.000000000000004400, 4.000000000000000000 ) ) ;
#2417 = VERTEX_POINT ( 'NONE', #178 ) ;
#2418 = VECTOR ( 'NONE', #960, 1000.000000000000200 ) ;
#2419 = FACE_OUTER_BOUND ( 'NONE', #4818, .T. ) ;
#2420 = EDGE_CURVE ( 'NONE', #3627, #2964, #620, .T. ) ;
#2421 = AXIS2_PLACEMENT_3D ( 'NONE', #4327, #4716, #1867 ) ;
#2422 = CARTESIAN_POINT ( 'NONE',  ( 8.784299213127114900, -6.936287821487312900, 3.636698961060979200 ) ) ;
#2423 = ORIENTED_EDGE ( 'NONE', *, *, #1291, .F. ) ;
#2424 = FACE_OUTER_BOUND ( 'NONE', #314, .T. ) ;
#2425 = DIRECTION ( 'NONE',  ( -0.9996573249755574800, 3.205751595667438900E-018, -0.02617694830786646300 ) ) ;
#2426 = CARTESIAN_POINT ( 'NONE',  ( -3.700411139573626800, 7.000000000000001800, -9.999999999999998200 ) ) ;
#2427 = VECTOR ( 'NONE', #4436, 1000.000000000000000 ) ;
#2428 =( BOUNDED_CURVE ( )  B_SPLINE_CURVE ( 3, ( #255, #3086, #653, #3524 ),
 .UNSPECIFIED., .F., .F. ) 
 B_SPLINE_CURVE_WITH_KNOTS ( ( 4, 4 ),
 ( 2.357564018062738400, 3.925621289116843800 ),
 .UNSPECIFIED. ) 
 CURVE ( )  GEOMETRIC_REPRESENTATION_ITEM ( )  RATIONAL_B_SPLINE_CURVE ( ( 1.000000000000000000, 0.8053830134673597400, 0.8053830134673597400, 1.000000000000000000 ) ) 
 REPRESENTATION_ITEM ( '' )  );
#2429 = VECTOR ( 'NONE', #2200, 1000.000000000000100 ) ;
#2430 = VERTEX_POINT ( 'NONE', #5146 ) ;
#2431 = AXIS2_PLACEMENT_3D ( 'NONE', #2054, #4917, #2480 ) ;
#2432 = VECTOR ( 'NONE', #2736, 1000.000000000000200 ) ;
#2433 = FACE_BOUND ( 'NONE', #3039, .T. ) ;
#2434 = CARTESIAN_POINT ( 'NONE',  ( -8.586271053293986100, 0.0000000000000000000, 0.0000000000000000000 ) ) ;
#2435 = EDGE_CURVE ( 'NONE', #1061, #3120, #3763, .T. ) ;
#2436 = DIRECTION ( 'NONE',  ( 1.000000000000000000, 0.0000000000000000000, 0.0000000000000000000 ) ) ;
#2437 = VERTEX_POINT ( 'NONE', #3531 ) ;
#2438 = FACE_OUTER_BOUND ( 'NONE', #2889, .T. ) ;
#2439 = CARTESIAN_POINT ( 'NONE',  ( -1.520015985077515500, 7.000000000000001800, -12.49999999999999800 ) ) ;
#2440 = ADVANCED_FACE ( 'NONE', ( #3178 ), #4708, .F. ) ;
#2441 = ORIENTED_EDGE ( 'NONE', *, *, #76, .F. ) ;
#2442 = DIRECTION ( 'NONE',  ( -1.000000000000000000, 0.0000000000000000000, 0.0000000000000000000 ) ) ;
#2443 = DIRECTION ( 'NONE',  ( 0.0000000000000000000, 0.0000000000000000000, 1.000000000000000000 ) ) ;
#2444 = ADVANCED_FACE ( 'NONE', ( #4832 ), #2540, .T. ) ;
#2445 = AXIS2_PLACEMENT_3D ( 'NONE', #762, #2405, #4845 ) ;
#2446 = EDGE_CURVE ( 'NONE', #2955, #5018, #1580, .T. ) ;
#2447 = ORIENTED_EDGE ( 'NONE', *, *, #43, .F. ) ;
#2448 = APPLICATION_CONTEXT ( 'automotive_design' ) ;
#2449 = EDGE_CURVE ( 'NONE', #4339, #907, #492, .T. ) ;
#2450 = DIRECTION ( 'NONE',  ( 0.0000000000000000000, 0.0000000000000000000, 1.000000000000000000 ) ) ;
#2451 = PLANE ( 'NONE',  #5286 ) ;
#2452 = ORIENTED_EDGE ( 'NONE', *, *, #4601, .F. ) ;
#2453 = CARTESIAN_POINT ( 'NONE',  ( -3.999999999999999100, 5.000000000000001800, -9.999999999999998200 ) ) ;
#2454 = EDGE_CURVE ( 'NONE', #2402, #3544, #3636, .T. ) ;
#2455 = DIRECTION ( 'NONE',  ( -5.204170427930421300E-015, -1.000000000000000000, 0.0000000000000000000 ) ) ;
#2456 = CARTESIAN_POINT ( 'NONE',  ( 0.3125149353827990600, -5.738768869968975400, 0.01177188889398149900 ) ) ;
#2457 = ORIENTED_EDGE ( 'NONE', *, *, #978, .T. ) ;
#2458 = CARTESIAN_POINT ( 'NONE',  ( 8.799999999999995400, 6.636698961060978300, -3.636698961060974800 ) ) ;
#2459 = ADVANCED_FACE ( 'NONE', ( #4584 ), #4464, .F. ) ;
#2460 = ADVANCED_FACE ( 'NONE', ( #1444 ), #2280, .F. ) ;
#2461 = LINE ( 'NONE', #3705, #1247 ) ;
#2462 = VERTEX_POINT ( 'NONE', #1105 ) ;
#2463 = ORIENTED_EDGE ( 'NONE', *, *, #1420, .F. ) ;
#2464 = CARTESIAN_POINT ( 'NONE',  ( 7.008253627460669000, 0.0000000000000000000, 10.00000000000000000 ) ) ;
#2465 = EDGE_CURVE ( 'NONE', #4100, #4006, #1329, .T. ) ;
#2466 = CARTESIAN_POINT ( 'NONE',  ( 8.784299213127113100, -3.936287821487356500, 6.921388331075453600 ) ) ;
#2467 = CARTESIAN_POINT ( 'NONE',  ( 3.989272005490411400, -4.273042716215318400, 3.688528959001460300 ) ) ;
#2468 = ORIENTED_EDGE ( 'NONE', *, *, #5064, .T. ) ;
#2469 = FACE_BOUND ( 'NONE', #594, .T. ) ;
#2470 = CARTESIAN_POINT ( 'NONE',  ( -7.081354480167897600, 2.518645519832123800, -11.55233595624294400 ) ) ;
#2471 = ORIENTED_EDGE ( 'NONE', *, *, #2514, .T. ) ;
#2472 = FACE_OUTER_BOUND ( 'NONE', #3185, .T. ) ;
#2473 = VERTEX_POINT ( 'NONE', #4779 ) ;
#2474 = VECTOR ( 'NONE', #4995, 1000.000000000000000 ) ;
#2475 = CARTESIAN_POINT ( 'NONE',  ( 9.999999999999996400, 5.123994362689036700, 4.000000000000000900 ) ) ;
#2476 = VERTEX_POINT ( 'NONE', #3976 ) ;
#2477 = ORIENTED_EDGE ( 'NONE', *, *, #4625, .F. ) ;
#2478 = FACE_OUTER_BOUND ( 'NONE', #2349, .T. ) ;
#2479 = ORIENTED_EDGE ( 'NONE', *, *, #4554, .F. ) ;
#2480 = DIRECTION ( 'NONE',  ( 2.465673422132804300E-016, 1.000000000000000000, 0.0000000000000000000 ) ) ;
#2481 = DIRECTION ( 'NONE',  ( -0.05226442768871426800, 0.05226442768871402500, 0.9972646886342372300 ) ) ;
#2482 = EDGE_CURVE ( 'NONE', #1939, #2910, #114, .T. ) ;
#2483 = DIRECTION ( 'NONE',  ( 1.000000000000000000, -0.0000000000000000000, -0.0000000000000000000 ) ) ;
#2484 = VECTOR ( 'NONE', #1763, 1000.000000000000000 ) ;
#2485 = ADVANCED_FACE ( 'NONE', ( #3373 ), #2149, .F. ) ;
#2486 = CARTESIAN_POINT ( 'NONE',  ( -6.700411139573611200, 3.999999999999988000, -10.00000000000000000 ) ) ;
#2487 = CARTESIAN_POINT ( 'NONE',  ( 5.892828318099416800, -0.2284167182182070800, 5.592085271610461200 ) ) ;
#2488 =( BOUNDED_CURVE ( )  B_SPLINE_CURVE ( 3, ( #1292, #871, #2101, #4959 ),
 .UNSPECIFIED., .F., .F. ) 
 B_SPLINE_CURVE_WITH_KNOTS ( ( 4, 4 ),
 ( 5.499156671652534600, 7.067213942706638700 ),
 .UNSPECIFIED. ) 
 CURVE ( )  GEOMETRIC_REPRESENTATION_ITEM ( )  RATIONAL_B_SPLINE_CURVE ( ( 1.000000000000000000, 0.8053830134673601900, 0.8053830134673601900, 1.000000000000000000 ) ) 
 REPRESENTATION_ITEM ( '' )  );
#2489 = FACE_OUTER_BOUND ( 'NONE', #4009, .T. ) ;
#2490 = ORIENTED_EDGE ( 'NONE', *, *, #4793, .T. ) ;
#2491 = CARTESIAN_POINT ( 'NONE',  ( -8.500000000000008900, -9.999999999999994700, -10.00000000000000000 ) ) ;
#2492 = DIRECTION ( 'NONE',  ( -0.0000000000000000000, -0.0000000000000000000, 1.000000000000000000 ) ) ;
#2493 = ADVANCED_FACE ( 'NONE', ( #2419 ), #1942, .T. ) ;
#2494 = ORIENTED_EDGE ( 'NONE', *, *, #3792, .T. ) ;
#2495 = CARTESIAN_POINT ( 'NONE',  ( 9.999999999999998200, 3.999999999999990700, 6.876005637310951700 ) ) ;
#2496 = DIRECTION ( 'NONE',  ( 1.000000000000000000, 0.0000000000000000000, 0.0000000000000000000 ) ) ;
#2497 = AXIS2_PLACEMENT_3D ( 'NONE', #3305, #2081, #4938 ) ;
#2498 = ORIENTED_EDGE ( 'NONE', *, *, #3551, .T. ) ;
#2499 = DIRECTION ( 'NONE',  ( -1.515216750768387600E-016, 1.000000000000000000, -2.891205793294679400E-015 ) ) ;
#2500 = DIRECTION ( 'NONE',  ( -1.000000000000000000, 9.345783568074951700E-015, -2.220446049250328400E-016 ) ) ;
#2501 = CARTESIAN_POINT ( 'NONE',  ( 9.999999999999994700, 5.000000000000004400, -3.700411139573628500 ) ) ;
#2502 = CARTESIAN_POINT ( 'NONE',  ( -2.599999999999999600, 6.636698961060975700, -8.799999999999998900 ) ) ;
#2503 = DIRECTION ( 'NONE',  ( 0.0000000000000000000, 1.000000000000000000, -8.673617379884037000E-015 ) ) ;
#2504 = VERTEX_POINT ( 'NONE', #400 ) ;
#2505 = DIRECTION ( 'NONE',  ( 1.000000000000000000, -0.0000000000000000000, -0.0000000000000000000 ) ) ;
#2506 = DIRECTION ( 'NONE',  ( -0.0000000000000000000, 4.533936357666654700E-015, 1.000000000000000000 ) ) ;
#2507 = CARTESIAN_POINT ( 'NONE',  ( 4.000818348063802400, -5.298770512362599700, -10.01561501126346900 ) ) ;
#2508 = AXIS2_PLACEMENT_3D ( 'NONE', #1521, #1930, #4781 ) ;
#2509 = EDGE_CURVE ( 'NONE', #5018, #2832, #3242, .T. ) ;
#2510 = ORIENTED_EDGE ( 'NONE', *, *, #3612, .F. ) ;
#2511 = CARTESIAN_POINT ( 'NONE',  ( -1.520015985077516300, 9.068980551792400000, -12.49999999999999800 ) ) ;
#2512 = DIRECTION ( 'NONE',  ( -0.05226442768871428900, 0.05226442768871402500, 0.9972646886342372300 ) ) ;
#2513 = VERTEX_POINT ( 'NONE', #1536 ) ;
#2514 = EDGE_CURVE ( 'NONE', #2417, #2504, #4332, .T. ) ;
#2515 = DIRECTION ( 'NONE',  ( 1.000000000000000000, -4.336808689942022700E-017, 4.440892098500625700E-016 ) ) ;
#2516 = ADVANCED_FACE ( 'NONE', ( #243 ), #4795, .F. ) ;
#2517 = AXIS2_PLACEMENT_3D ( 'NONE', #2562, #2947, #522 ) ;
#2518 = CARTESIAN_POINT ( 'NONE',  ( 7.499999999999996400, 0.0000000000000000000, 0.0000000000000000000 ) ) ;
#2519 = CARTESIAN_POINT ( 'NONE',  ( 0.4615992652602166600, 5.716229887698570000, -0.4615992652603034800 ) ) ;
#2520 = CARTESIAN_POINT ( 'NONE',  ( 9.999999999999998200, -6.700411139573664500, -3.999999999999998200 ) ) ;
#2521 = VECTOR ( 'NONE', #2770, 1000.000000000000000 ) ;
#2522 = AXIS2_PLACEMENT_3D ( 'NONE', #2687, #4314, #247 ) ;
#2523 = EDGE_LOOP ( 'NONE', ( #4462, #2241, #3744, #2696 ) ) ;
#2524 = ORIENTED_EDGE ( 'NONE', *, *, #2407, .F. ) ;
#2525 = ORIENTED_EDGE ( 'NONE', *, *, #865, .T. ) ;
#2526 = EDGE_CURVE ( 'NONE', #2611, #5078, #1057, .T. ) ;
#2527 = CYLINDRICAL_SURFACE ( 'NONE', #1184, 0.2999999999999999300 ) ;
#2528 = ORIENTED_EDGE ( 'NONE', *, *, #107, .F. ) ;
#2529 = ORIENTED_EDGE ( 'NONE', *, *, #3801, .F. ) ;
#2530 = ORIENTED_EDGE ( 'NONE', *, *, #3660, .T. ) ;
#2531 = VECTOR ( 'NONE', #4067, 1000.000000000000000 ) ;
#2532 = DIRECTION ( 'NONE',  ( -0.05226442768871378300, -0.05226442768871356100, -0.9972646886342373400 ) ) ;
#2533 = FACE_OUTER_BOUND ( 'NONE', #3520, .T. ) ;
#2534 = ORIENTED_EDGE ( 'NONE', *, *, #1041, .T. ) ;
#2535 = ORIENTED_EDGE ( 'NONE', *, *, #4354, .F. ) ;
#2536 = VECTOR ( 'NONE', #1746, 1000.000000000000200 ) ;
#2537 = EDGE_CURVE ( 'NONE', #806, #2787, #3302, .T. ) ;
#2538 = ORIENTED_EDGE ( 'NONE', *, *, #2397, .T. ) ;
#2539 = SPHERICAL_SURFACE ( 'NONE', #2110, 0.2999999999999999900 ) ;
#2540 = CYLINDRICAL_SURFACE ( 'NONE', #2614, 1.499999999999999600 ) ;
#2541 = CARTESIAN_POINT ( 'NONE',  ( -1.915991264645067000, -5.358504518793822100, -2.216734311134038700 ) ) ;
#2542 = CARTESIAN_POINT ( 'NONE',  ( 4.311347598445296500, 3.631002188486872800, -4.311347598445300000 ) ) ;
#2543 = DIRECTION ( 'NONE',  ( 1.000000000000000000, 0.0000000000000000000, 0.0000000000000000000 ) ) ;
#2544 = ADVANCED_FACE ( 'NONE', ( #937 ), #1257, .F. ) ;
#2545 = ORIENTED_EDGE ( 'NONE', *, *, #699, .F. ) ;
#2546 = CIRCLE ( 'NONE', #1227, 0.2999999999999999300 ) ;
#2547 = CARTESIAN_POINT ( 'NONE',  ( 9.999999999999994700, -3.149999999999999900, -6.500000000000000900 ) ) ;
#2548 = CARTESIAN_POINT ( 'NONE',  ( -5.363301038939040300, 3.636698961060962800, -8.800000000000000700 ) ) ;
#2549 = VECTOR ( 'NONE', #2183, 1000.000000000000000 ) ;
#2550 = ORIENTED_EDGE ( 'NONE', *, *, #2100, .F. ) ;
#2551 = EDGE_LOOP ( 'NONE', ( #275, #717, #3728, #1412 ) ) ;
#2552 = CARTESIAN_POINT ( 'NONE',  ( 3.535994121415854000E-015, 0.0000000000000000000, 8.548110156550093200 ) ) ;
#2553 = DIRECTION ( 'NONE',  ( -2.602085213965211100E-016, -1.000000000000000000, 1.734723475976805100E-016 ) ) ;
#2554 = VECTOR ( 'NONE', #704, 1000.000000000000000 ) ;
#2555 = VECTOR ( 'NONE', #569, 1000.000000000000000 ) ;
#2556 = EDGE_CURVE ( 'NONE', #1339, #3999, #3096, .T. ) ;
#2557 = DIRECTION ( 'NONE',  ( 1.000000000000000000, -0.0000000000000000000, -0.0000000000000000000 ) ) ;
#2558 = AXIS2_PLACEMENT_3D ( 'NONE', #3589, #5199, #715 ) ;
#2559 = EDGE_LOOP ( 'NONE', ( #3361, #4018, #3344, #5133 ) ) ;
#2560 = FACE_OUTER_BOUND ( 'NONE', #3277, .T. ) ;
#2561 = CARTESIAN_POINT ( 'NONE',  ( -5.377781670260166200, -1.569507728327096600, -5.678524716749127100 ) ) ;
#2562 = CARTESIAN_POINT ( 'NONE',  ( 2.599999999999937000, -7.000000000000026600, -9.999999999999994700 ) ) ;
#2563 = DIRECTION ( 'NONE',  ( 0.02617694830786648400, 0.0000000000000000000, 0.9996573249755574800 ) ) ;
#2564 = ORIENTED_EDGE ( 'NONE', *, *, #3045, .T. ) ;
#2565 = AXIS2_PLACEMENT_3D ( 'NONE', #1959, #2374, #3170 ) ;
#2566 = CARTESIAN_POINT ( 'NONE',  ( -2.502850031312297700, 5.257267596264228800, 2.502850031312311900 ) ) ;
#2567 = EDGE_CURVE ( 'NONE', #194, #813, #5159, .T. ) ;
#2568 = ORIENTED_EDGE ( 'NONE', *, *, #4411, .T. ) ;
#2569 = DIRECTION ( 'NONE',  ( 0.0000000000000000000, 1.000000000000000000, 0.0000000000000000000 ) ) ;
#2570 = CARTESIAN_POINT ( 'NONE',  ( 2.489245774084695400, 7.110754225915312300, -12.11331652343349500 ) ) ;
#2571 = VERTEX_POINT ( 'NONE', #449 ) ;
#2572 = AXIS2_PLACEMENT_3D ( 'NONE', #203, #3875, #1417 ) ;
#2573 = AXIS2_PLACEMENT_3D ( 'NONE', #2060, #4526, #4923 ) ;
#2574 = CARTESIAN_POINT ( 'NONE',  ( -2.079827564478953200, 5.300151108149070600, -2.380570610967925200 ) ) ;
#2575 = EDGE_CURVE ( 'NONE', #347, #1387, #4208, .T. ) ;
#2576 = CARTESIAN_POINT ( 'NONE',  ( -5.600360579604637400, 1.847779116588299700, 5.600360579604647200 ) ) ;
#2577 = CARTESIAN_POINT ( 'NONE',  ( 2.489245774084611900, -9.089245774084721700, -12.11331652343349100 ) ) ;
#2578 = AXIS2_PLACEMENT_3D ( 'NONE', #3315, #858, #1671 ) ;
#2579 = CYLINDRICAL_SURFACE ( 'NONE', #4205, 0.3000000000000003800 ) ;
#2580 = ORIENTED_EDGE ( 'NONE', *, *, #2707, .T. ) ;
#2581 = ORIENTED_EDGE ( 'NONE', *, *, #4301, .F. ) ;
#2582 = CARTESIAN_POINT ( 'NONE',  ( 10.27103163466928300, 2.585795833911575400, 9.185795833911521800 ) ) ;
#2583 = DIRECTION ( 'NONE',  ( 0.0000000000000000000, 0.0000000000000000000, -1.000000000000000000 ) ) ;
#2584 = DIRECTION ( 'NONE',  ( 1.000000000000000000, -0.0000000000000000000, -0.0000000000000000000 ) ) ;
#2585 = AXIS2_PLACEMENT_3D ( 'NONE', #1355, #4998, #4606 ) ;
#2586 = DIRECTION ( 'NONE',  ( -0.9986295347545739400, 0.05233595624294377900, 0.0000000000000000000 ) ) ;
#2587 = VERTEX_POINT ( 'NONE', #1681 ) ;
#2588 = VECTOR ( 'NONE', #2217, 1000.000000000000000 ) ;
#2589 = ORIENTED_EDGE ( 'NONE', *, *, #961, .F. ) ;
#2590 = LINE ( 'NONE', #2314, #4756 ) ;
#2591 = CARTESIAN_POINT ( 'NONE',  ( 5.679621997232812800, 1.565581247595425200, 5.378878950743864400 ) ) ;
#2592 = FACE_OUTER_BOUND ( 'NONE', #3448, .T. ) ;
#2593 = CARTESIAN_POINT ( 'NONE',  ( 3.547101115755335700E-015, 0.0000000000000000000, 9.255216937736641100 ) ) ;
#2594 = CARTESIAN_POINT ( 'NONE',  ( -9.285468475998381900, -2.167042476938383400E-016, 0.0000000000000000000 ) ) ;
#2595 = ORIENTED_EDGE ( 'NONE', *, *, #4137, .F. ) ;
#2596 = VECTOR ( 'NONE', #1911, 1000.000000000000200 ) ;
#2597 = ORIENTED_EDGE ( 'NONE', *, *, #965, .T. ) ;
#2598 = CARTESIAN_POINT ( 'NONE',  ( 9.999999999999998200, -6.999999999999963600, 3.876005637310972100 ) ) ;
#2599 = VECTOR ( 'NONE', #2076, 1000.000000000000000 ) ;
#2600 = AXIS2_PLACEMENT_3D ( 'NONE', #3314, #2090, #1239 ) ;
#2601 = EDGE_CURVE ( 'NONE', #4588, #881, #4085, .T. ) ;
#2602 = DIRECTION ( 'NONE',  ( 1.000000000000000000, -4.336808689942022700E-017, 4.440892098500625700E-016 ) ) ;
#2603 = VECTOR ( 'NONE', #3578, 1000.000000000000000 ) ;
#2604 = VERTEX_POINT ( 'NONE', #851 ) ;
#2605 = CARTESIAN_POINT ( 'NONE',  ( -2.518645519832089600, 7.081354480167910900, -11.55233595624294400 ) ) ;
#2606 = VECTOR ( 'NONE', #3112, 1000.000000000000000 ) ;
#2607 = CARTESIAN_POINT ( 'NONE',  ( 10.01561501126346900, 7.000818348063803300, -3.701229487637426500 ) ) ;
#2608 = DIRECTION ( 'NONE',  ( 0.0000000000000000000, 1.000000000000000000, 0.0000000000000000000 ) ) ;
#2609 = ORIENTED_EDGE ( 'NONE', *, *, #2028, .F. ) ;
#2610 = EDGE_CURVE ( 'NONE', #1134, #3669, #1891, .T. ) ;
#2611 = VERTEX_POINT ( 'NONE', #2491 ) ;
#2612 = LINE ( 'NONE', #3238, #442 ) ;
#2613 = CARTESIAN_POINT ( 'NONE',  ( 2.384276938635324000, 5.298730915680028600, 2.083533892146770300 ) ) ;
#2614 = AXIS2_PLACEMENT_3D ( 'NONE', #4741, #5167, #1892 ) ;
#2615 = DIRECTION ( 'NONE',  ( 0.9986295347545739400, 0.0000000000000000000, -0.05233595624294395300 ) ) ;
#2616 = ORIENTED_EDGE ( 'NONE', *, *, #153, .F. ) ;
#2617 = CARTESIAN_POINT ( 'NONE',  ( 12.49999999999999800, -7.131019448207579700, 2.600000000000067100 ) ) ;
#2618 = ORIENTED_EDGE ( 'NONE', *, *, #5248, .F. ) ;
#2619 = EDGE_CURVE ( 'NONE', #3999, #3595, #1764, .T. ) ;
#2620 = CARTESIAN_POINT ( 'NONE',  ( 9.999999999999998200, -6.700411139573592600, 4.000000000000001800 ) ) ;
#2621 = AXIS2_PLACEMENT_3D ( 'NONE', #1288, #4154, #1685 ) ;
#2622 = CARTESIAN_POINT ( 'NONE',  ( 8.499999999999996400, -3.636698961060984600, 5.363301038939042100 ) ) ;
#2623 = CARTESIAN_POINT ( 'NONE',  ( -2.600000000000082700, -9.199999999999979700, -9.999999999999998200 ) ) ;
#2624 = CARTESIAN_POINT ( 'NONE',  ( -2.593990545116415400, 7.006009454883585600, -10.11466723005238900 ) ) ;
#2625 = CARTESIAN_POINT ( 'NONE',  ( -8.500000000000005300, 10.00000000000000500, 10.00000000000000000 ) ) ;
#2626 = EDGE_CURVE ( 'NONE', #2587, #1578, #2845, .T. ) ;
#2627 = ORIENTED_EDGE ( 'NONE', *, *, #1054, .F. ) ;
#2628 = EDGE_LOOP ( 'NONE', ( #3196, #5245, #1852, #4852 ) ) ;
#2629 = PLANE ( 'NONE',  #877 ) ;
#2630 = AXIS2_PLACEMENT_3D ( 'NONE', #1943, #5243, #1127 ) ;
#2631 = EDGE_CURVE ( 'NONE', #3669, #3169, #5021, .T. ) ;
#2632 = ORIENTED_EDGE ( 'NONE', *, *, #4632, .F. ) ;
#2633 = CARTESIAN_POINT ( 'NONE',  ( 8.499999999999994700, 5.000000000000004400, 3.636698961060975200 ) ) ;
#2634 = DIRECTION ( 'NONE',  ( 0.9986295347545739400, 6.153999754031277500E-016, 0.05233595624294417500 ) ) ;
#2635 = CARTESIAN_POINT ( 'NONE',  ( -3.636698961060973900, 6.636698961060974800, -8.499999999999998200 ) ) ;
#2636 = CARTESIAN_POINT ( 'NONE',  ( -4.429244040356551600, -3.845690031139489500, 4.429244040356561400 ) ) ;
#2637 =( BOUNDED_CURVE ( )  B_SPLINE_CURVE ( 3, ( #3699, #1245, #4118, #1661 ),
 .UNSPECIFIED., .F., .F. ) 
 B_SPLINE_CURVE_WITH_KNOTS ( ( 4, 4 ),
 ( 1.623156204354725900, 3.141592653589793100 ),
 .UNSPECIFIED. ) 
 CURVE ( )  GEOMETRIC_REPRESENTATION_ITEM ( )  RATIONAL_B_SPLINE_CURVE ( ( 1.000000000000000000, 0.8169162473415250100, 0.8169162473415250100, 1.000000000000000000 ) ) 
 REPRESENTATION_ITEM ( '' )  );
#2638 = CARTESIAN_POINT ( 'NONE',  ( 3.424258113121866100, -4.516336966103776400, -3.424258113121871000 ) ) ;
#2639 = CYLINDRICAL_SURFACE ( 'NONE', #4113, 0.3000000000000003200 ) ;
#2640 = VERTEX_POINT ( 'NONE', #80 ) ;
#2641 = CARTESIAN_POINT ( 'NONE',  ( -8.500000000000005300, 8.500000000000007100, 10.00000000000000000 ) ) ;
#2642 = ORIENTED_EDGE ( 'NONE', *, *, #5189, .T. ) ;
#2643 = EDGE_CURVE ( 'NONE', #1325, #1950, #4757, .T. ) ;
#2644 = CARTESIAN_POINT ( 'NONE',  ( -3.636698961060973900, -5.363301038939052700, -8.799999999999998900 ) ) ;
#2645 = CARTESIAN_POINT ( 'NONE',  ( 2.599999999999917000, -9.200000000000027700, -9.999999999999994700 ) ) ;
#2646 = CIRCLE ( 'NONE', #4840, 2.599999999999997000 ) ;
#2647 = AXIS2_PLACEMENT_3D ( 'NONE', #4987, #5037, #2586 ) ;
#2648 = ORIENTED_EDGE ( 'NONE', *, *, #1982, .F. ) ;
#2649 = VERTEX_POINT ( 'NONE', #2920 ) ;
#2650 = EDGE_LOOP ( 'NONE', ( #3526, #1383 ) ) ;
#2651 = VECTOR ( 'NONE', #2425, 1000.000000000000000 ) ;
#2652 = DIRECTION ( 'NONE',  ( -1.000000000000000000, 0.0000000000000000000, -0.0000000000000000000 ) ) ;
#2653 = CARTESIAN_POINT ( 'NONE',  ( 3.536405300072906000E-015, 0.0000000000000000000, 8.574287104857958800 ) ) ;
#2654 = CIRCLE ( 'NONE', #2129, 0.3000000000000003800 ) ;
#2655 = EDGE_LOOP ( 'NONE', ( #3688, #6, #4031, #4161, #921, #2394 ) ) ;
#2656 = ORIENTED_EDGE ( 'NONE', *, *, #2575, .F. ) ;
#2657 = SPHERICAL_SURFACE ( 'NONE', #2573, 1.500000000000000000 ) ;
#2658 = AXIS2_PLACEMENT_3D ( 'NONE', #1388, #4249, #1796 ) ;
#2659 = ORIENTED_EDGE ( 'NONE', *, *, #1991, .F. ) ;
#2660 = VECTOR ( 'NONE', #1068, 1000.000000000000000 ) ;
#2661 = CARTESIAN_POINT ( 'NONE',  ( -0.5218926783527823000, -5.738817016892021200, 0.5218926783528244900 ) ) ;
#2662 = CARTESIAN_POINT ( 'NONE',  ( -5.363301038939040300, 3.999999999999988000, -8.500000000000000000 ) ) ;
#2663 = CARTESIAN_POINT ( 'NONE',  ( 8.784299213127111400, 5.063712178512657800, -3.636698961060974800 ) ) ;
#2664 = EDGE_CURVE ( 'NONE', #1472, #2055, #2724, .T. ) ;
#2665 = VERTEX_POINT ( 'NONE', #1725 ) ;
#2666 = VECTOR ( 'NONE', #2512, 1000.000000000000200 ) ;
#2667 = CARTESIAN_POINT ( 'NONE',  ( 9.999999999999998200, -5.299588860426397700, -4.000000000000000900 ) ) ;
#2668 = DIRECTION ( 'NONE',  ( -0.9986295347545737200, 0.0000000000000000000, -0.05233595624294414700 ) ) ;
#2669 = LINE ( 'NONE', #1492, #3642 ) ;
#2670 = VECTOR ( 'NONE', #2532, 1000.000000000000100 ) ;
#2671 = ORIENTED_EDGE ( 'NONE', *, *, #5004, .T. ) ;
#2672 = ORIENTED_EDGE ( 'NONE', *, *, #1954, .F. ) ;
#2673 = DIRECTION ( 'NONE',  ( 0.0000000000000000000, 0.0000000000000000000, 1.000000000000000000 ) ) ;
#2674 = LINE ( 'NONE', #3019, #1595 ) ;
#2675 = AXIS2_PLACEMENT_3D ( 'NONE', #3845, #4256, #1799 ) ;
#2676 = EDGE_CURVE ( 'NONE', #2473, #4557, #546, .T. ) ;
#2677 = CARTESIAN_POINT ( 'NONE',  ( -8.586271053293984300, 5.971233832142132800, 0.0000000000000000000 ) ) ;
#2678 = CIRCLE ( 'NONE', #1309, 0.2999999999999998800 ) ;
#2679 = DIRECTION ( 'NONE',  ( -0.0000000000000000000, -0.0000000000000000000, 1.000000000000000000 ) ) ;
#2680 = VERTEX_POINT ( 'NONE', #2935 ) ;
#2681 = LINE ( 'NONE', #2742, #4853 ) ;
#2682 = CARTESIAN_POINT ( 'NONE',  ( -3.921388331075437600, 6.936287821487347600, -8.784299213127114900 ) ) ;
#2683 = EDGE_CURVE ( 'NONE', #3398, #2473, #426, .T. ) ;
#2684 = DIRECTION ( 'NONE',  ( 6.071532165918823800E-016, -1.000000000000000000, 1.734723475976807800E-016 ) ) ;
#2685 = AXIS2_PLACEMENT_3D ( 'NONE', #3929, #1481, #4353 ) ;
#2686 = VERTEX_POINT ( 'NONE', #4574 ) ;
#2687 = CARTESIAN_POINT ( 'NONE',  ( 8.799999999999998900, -5.363301038939051900, -3.636698961060974800 ) ) ;
#2688 =( BOUNDED_CURVE ( )  B_SPLINE_CURVE ( 3, ( #134, #5010, #2570, #2967 ),
 .UNSPECIFIED., .F., .T. ) 
 B_SPLINE_CURVE_WITH_KNOTS ( ( 4, 4 ),
 ( 0.0000000000000000000, 1.518436449235067000 ),
 .UNSPECIFIED. ) 
 CURVE ( )  GEOMETRIC_REPRESENTATION_ITEM ( )  RATIONAL_B_SPLINE_CURVE ( ( 1.000000000000000000, 0.8169162473415250100, 0.8169162473415250100, 1.000000000000000000 ) ) 
 REPRESENTATION_ITEM ( '' )  );
#2689 = CARTESIAN_POINT ( 'NONE',  ( 3.695766346834172400, -5.304233653165857400, -9.927072861725088500 ) ) ;
#2690 = CARTESIAN_POINT ( 'NONE',  ( 8.499999999999994700, 5.363301038939029700, 3.636698961060975200 ) ) ;
#2691 = AXIS2_PLACEMENT_3D ( 'NONE', #5297, #3279, #835 ) ;
#2692 = DIRECTION ( 'NONE',  ( 0.0000000000000000000, 0.0000000000000000000, -1.000000000000000000 ) ) ;
#2693 = CARTESIAN_POINT ( 'NONE',  ( -3.999999999999998200, -6.700411139573595200, -9.999999999999998200 ) ) ;
#2694 = EDGE_CURVE ( 'NONE', #1578, #1038, #1507, .T. ) ;
#2695 = CARTESIAN_POINT ( 'NONE',  ( -2.599999999999999200, 9.068980551792400000, -12.49999999999999800 ) ) ;
#2696 = ORIENTED_EDGE ( 'NONE', *, *, #1982, .T. ) ;
#2697 = ADVANCED_FACE ( 'NONE', ( #2592 ), #117, .T. ) ;
#2698 = CARTESIAN_POINT ( 'NONE',  ( -3.700411139573629400, -7.000000000000026600, -9.999999999999998200 ) ) ;
#2699 = DIRECTION ( 'NONE',  ( 1.000000000000000000, 0.0000000000000000000, 0.0000000000000000000 ) ) ;
#2700 = CARTESIAN_POINT ( 'NONE',  ( 9.999999999999994700, 5.000000000000004400, 4.000000000000000900 ) ) ;
#2701 = AXIS2_PLACEMENT_3D ( 'NONE', #289, #705, #3571 ) ;
#2702 = EDGE_CURVE ( 'NONE', #3336, #4881, #4893, .T. ) ;
#2703 = CARTESIAN_POINT ( 'NONE',  ( 5.549999999999999800, 0.0000000000000000000, -7.500000000000007100 ) ) ;
#2704 = DIRECTION ( 'NONE',  ( 0.05233595624294422300, -0.9986295347545737200, 0.0000000000000000000 ) ) ;
#2705 = ORIENTED_EDGE ( 'NONE', *, *, #3151, .F. ) ;
#2706 = PLANE ( 'NONE',  #4064 ) ;
#2707 = EDGE_CURVE ( 'NONE', #2686, #577, #1381, .T. ) ;
#2708 = VECTOR ( 'NONE', #5287, 1000.000000000000000 ) ;
#2709 = ORIENTED_EDGE ( 'NONE', *, *, #855, .T. ) ;
#2710 = DIRECTION ( 'NONE',  ( 1.000000000000000000, -9.167346369200511600E-015, 4.440892098500641000E-016 ) ) ;
#2711 = ORIENTED_EDGE ( 'NONE', *, *, #539, .F. ) ;
#2712 = DIRECTION ( 'NONE',  ( -0.0000000000000000000, -4.731064025391290900E-015, -1.000000000000000000 ) ) ;
#2713 = CARTESIAN_POINT ( 'NONE',  ( -6.636698961060990800, -3.636698961060986300, -8.799999999999998900 ) ) ;
#2714 = CARTESIAN_POINT ( 'NONE',  ( 4.000000000000001800, -6.700411139573665400, -9.999999999999994700 ) ) ;
#2715 = CARTESIAN_POINT ( 'NONE',  ( 8.515615011263470500, 6.922206679139240900, 3.622617818712864600 ) ) ;
#2716 = FACE_OUTER_BOUND ( 'NONE', #1039, .T. ) ;
#2717 = EDGE_CURVE ( 'NONE', #3876, #1971, #3565, .T. ) ;
#2718 = ORIENTED_EDGE ( 'NONE', *, *, #2811, .F. ) ;
#2719 = FACE_BOUND ( 'NONE', #474, .T. ) ;
#2720 = DIRECTION ( 'NONE',  ( -0.05233595624294377900, -0.9986295347545739400, 0.0000000000000000000 ) ) ;
#2721 = AXIS2_PLACEMENT_3D ( 'NONE', #2726, #267, #1509 ) ;
#2722 = EDGE_LOOP ( 'NONE', ( #3124, #297, #5139, #3746 ) ) ;
#2723 = FACE_OUTER_BOUND ( 'NONE', #2924, .T. ) ;
#2724 = CIRCLE ( 'NONE', #1411, 2.599999999999997000 ) ;
#2725 = DIRECTION ( 'NONE',  ( -0.7071067811865487900, 8.659560562354948900E-017, 0.7071067811865463500 ) ) ;
#2726 = CARTESIAN_POINT ( 'NONE',  ( 1.520015985077434400, -9.200000000000018800, -11.50000000000000000 ) ) ;
#2727 = ADVANCED_FACE ( 'NONE', ( #3430 ), #3301, .F. ) ;
#2728 = CARTESIAN_POINT ( 'NONE',  ( -5.000000000000013300, -4.000000000000014200, -9.999999999999998200 ) ) ;
#2729 = VERTEX_POINT ( 'NONE', #3813 ) ;
#2730 = CIRCLE ( 'NONE', #28, 1.499999999999999600 ) ;
#2731 = ORIENTED_EDGE ( 'NONE', *, *, #5242, .T. ) ;
#2732 = VECTOR ( 'NONE', #4119, 1000.000000000000000 ) ;
#2733 = CARTESIAN_POINT ( 'NONE',  ( -6.636698961060986300, -2.599999999999969400, -8.799999999999998900 ) ) ;
#2734 = VECTOR ( 'NONE', #686, 1000.000000000000000 ) ;
#2735 = DIRECTION ( 'NONE',  ( -0.05233595624294417500, 0.0000000000000000000, 0.9986295347545739400 ) ) ;
#2736 = DIRECTION ( 'NONE',  ( -0.6883545756937606800, 0.7253743710122811900, 8.883274016437145200E-017 ) ) ;
#2737 = DIRECTION ( 'NONE',  ( 0.0000000000000000000, -8.673617379884039400E-016, -1.000000000000000000 ) ) ;
#2738 = LINE ( 'NONE', #1361, #2484 ) ;
#2739 = EDGE_CURVE ( 'NONE', #132, #1905, #1264, .T. ) ;
#2740 = DIRECTION ( 'NONE',  ( -0.0000000000000000000, -1.000000000000000000, -0.0000000000000000000 ) ) ;
#2741 = ORIENTED_EDGE ( 'NONE', *, *, #3644, .F. ) ;
#2742 = CARTESIAN_POINT ( 'NONE',  ( -10.00000000000000500, 10.00000000000000500, -10.00000000000000000 ) ) ;
#2743 = ORIENTED_EDGE ( 'NONE', *, *, #107, .T. ) ;
#2744 = DIRECTION ( 'NONE',  ( 0.05233595624294412600, -0.9986295347545739400, 4.724580266570606200E-015 ) ) ;
#2745 = ORIENTED_EDGE ( 'NONE', *, *, #722, .F. ) ;
#2746 = CARTESIAN_POINT ( 'NONE',  ( 8.799999999999997200, -3.636698961060983200, 7.000000000000022200 ) ) ;
#2747 = EDGE_CURVE ( 'NONE', #2462, #1325, #2153, .T. ) ;
#2748 = CARTESIAN_POINT ( 'NONE',  ( -5.000000000000014200, 3.700411139573615700, -10.00000000000000000 ) ) ;
#2749 = CARTESIAN_POINT ( 'NONE',  ( 9.999999999999998200, -7.000000000000025800, -2.599999999999933500 ) ) ;
#2750 = CARTESIAN_POINT ( 'NONE',  ( -6.008253627460647700, 7.357988573335159900E-016, 10.00000000000000000 ) ) ;
#2751 = ADVANCED_FACE ( 'NONE', ( #175 ), #1363, .F. ) ;
#2752 = DIRECTION ( 'NONE',  ( 0.0000000000000000000, 1.000000000000000000, -1.156482317317871700E-015 ) ) ;
#2753 = DIRECTION ( 'NONE',  ( -1.000000000000000000, 0.0000000000000000000, 0.0000000000000000000 ) ) ;
#2754 = VERTEX_POINT ( 'NONE', #2989 ) ;
#2755 = CARTESIAN_POINT ( 'NONE',  ( 8.499999999999998200, -5.363301038939051000, 3.636698961060977000 ) ) ;
#2756 = AXIS2_PLACEMENT_3D ( 'NONE', #841, #1265, #4127 ) ;
#2757 = CARTESIAN_POINT ( 'NONE',  ( -3.936287821487346200, 5.078611668924563300, -8.784299213127114900 ) ) ;
#2758 = CARTESIAN_POINT ( 'NONE',  ( 8.499999999999994700, 6.636698961060978300, 4.000000000000000900 ) ) ;
#2759 = DIRECTION ( 'NONE',  ( 0.0000000000000000000, 0.0000000000000000000, 1.000000000000000000 ) ) ;
#2760 = VERTEX_POINT ( 'NONE', #2605 ) ;
#2761 = CARTESIAN_POINT ( 'NONE',  ( -4.000000000000000000, -5.123994362689059800, -10.00000000000000000 ) ) ;
#2762 = CARTESIAN_POINT ( 'NONE',  ( 10.11466723005238700, 2.593990545116451800, 7.006009454883574100 ) ) ;
#2763 = DIRECTION ( 'NONE',  ( -6.071532165918824800E-016, 1.000000000000000000, -1.734723475976807300E-016 ) ) ;
#2764 = CARTESIAN_POINT ( 'NONE',  ( 11.55233595624294200, -2.518645519832045700, 9.118645519832105300 ) ) ;
#2765 = FACE_OUTER_BOUND ( 'NONE', #4484, .T. ) ;
#2766 = AXIS2_PLACEMENT_3D ( 'NONE', #3618, #1165, #4038 ) ;
#2767 = EDGE_CURVE ( 'NONE', #1738, #5145, #912, .T. ) ;
#2768 = ORIENTED_EDGE ( 'NONE', *, *, #1354, .T. ) ;
#2769 = ORIENTED_EDGE ( 'NONE', *, *, #5273, .T. ) ;
#2770 = DIRECTION ( 'NONE',  ( -1.000000000000000000, -1.734723475976806600E-016, -4.440892098500625200E-016 ) ) ;
#2771 = ADVANCED_FACE ( 'NONE', ( #46 ), #2078, .F. ) ;
#2772 = CARTESIAN_POINT ( 'NONE',  ( -2.599999999999993400, 3.184081677783114200E-016, -7.500000000000013300 ) ) ;
#2773 = FACE_OUTER_BOUND ( 'NONE', #2364, .T. ) ;
#2774 = EDGE_LOOP ( 'NONE', ( #3690, #1800, #4954, #683 ) ) ;
#2775 = DIRECTION ( 'NONE',  ( 1.000000000000000000, -1.515216750768385200E-016, -2.891205793294679400E-015 ) ) ;
#2776 = EDGE_LOOP ( 'NONE', ( #1529, #1448, #4596, #1922 ) ) ;
#2777 = ORIENTED_EDGE ( 'NONE', *, *, #2567, .F. ) ;
#2778 = FACE_OUTER_BOUND ( 'NONE', #2131, .T. ) ;
#2779 = EDGE_CURVE ( 'NONE', #8, #1472, #3168, .T. ) ;
#2780 = VERTEX_POINT ( 'NONE', #187 ) ;
#2781 = SPHERICAL_SURFACE ( 'NONE', #2421, 1.500000000000000000 ) ;
#2782 = DIRECTION ( 'NONE',  ( 0.0000000000000000000, -8.673617379884040400E-016, -1.000000000000000000 ) ) ;
#2783 = VERTEX_POINT ( 'NONE', #583 ) ;
#2784 = LINE ( 'NONE', #3723, #3631 ) ;
#2785 = CARTESIAN_POINT ( 'NONE',  ( 1.520015985077451100, -7.131019448207620600, -12.49999999999999600 ) ) ;
#2786 = DIRECTION ( 'NONE',  ( 1.000000000000000000, 0.0000000000000000000, 0.0000000000000000000 ) ) ;
#2787 = VERTEX_POINT ( 'NONE', #995 ) ;
#2788 = FACE_OUTER_BOUND ( 'NONE', #1223, .T. ) ;
#2789 = LINE ( 'NONE', #575, #1709 ) ;
#2790 = CARTESIAN_POINT ( 'NONE',  ( 3.936287821487348000, 5.363301038939028800, -8.784299213127113100 ) ) ;
#2791 = AXIS2_PLACEMENT_3D ( 'NONE', #2295, #5154, #2699 ) ;
#2792 = ORIENTED_EDGE ( 'NONE', *, *, #2454, .F. ) ;
#2793 = VECTOR ( 'NONE', #861, 1000.000000000000000 ) ;
#2794 = CARTESIAN_POINT ( 'NONE',  ( -2.081766411704424300, -7.131019448207588600, -12.50000000000000200 ) ) ;
#2795 =( LENGTH_UNIT ( ) NAMED_UNIT ( * ) SI_UNIT ( .MILLI., .METRE. ) );
#2796 = EDGE_CURVE ( 'NONE', #4246, #1673, #5217, .T. ) ;
#2797 = CARTESIAN_POINT ( 'NONE',  ( -7.000818348063815800, -3.701229487637437200, -10.01561501126347400 ) ) ;
#2798 = CARTESIAN_POINT ( 'NONE',  ( -9.200000000000011700, -2.599999999999958300, -10.00000000000000000 ) ) ;
#2799 = FACE_OUTER_BOUND ( 'NONE', #3694, .T. ) ;
#2800 = DIRECTION ( 'NONE',  ( 0.0000000000000000000, 0.9986295347545737200, 0.05233595624294414700 ) ) ;
#2801 = VECTOR ( 'NONE', #2515, 1000.000000000000000 ) ;
#2802 = ORIENTED_EDGE ( 'NONE', *, *, #972, .T. ) ;
#2803 = ORIENTED_EDGE ( 'NONE', *, *, #4975, .T. ) ;
#2804 = CYLINDRICAL_SURFACE ( 'NONE', #315, 1.000000000000000000 ) ;
#2805 = LINE ( 'NONE', #4210, #4979 ) ;
#2806 = DIRECTION ( 'NONE',  ( -0.9972646886342372300, 0.05226442768871385900, -0.05226442768871403200 ) ) ;
#2807 = CARTESIAN_POINT ( 'NONE',  ( -6.936287821487358200, -2.599999999999968100, -8.784299213127114900 ) ) ;
#2808 = ADVANCED_FACE ( 'NONE', ( #3026 ), #868, .F. ) ;
#2809 = EDGE_LOOP ( 'NONE', ( #5144, #1632, #4627, #2331 ) ) ;
#2810 = LINE ( 'NONE', #3127, #3904 ) ;
#2811 = EDGE_CURVE ( 'NONE', #1055, #1134, #1124, .T. ) ;
#2812 =( BOUNDED_CURVE ( )  B_SPLINE_CURVE ( 3, ( #3213, #3278, #2053, #4913 ),
 .UNSPECIFIED., .F., .F. ) 
 B_SPLINE_CURVE_WITH_KNOTS ( ( 4, 4 ),
 ( 4.764748857944520700, 6.283185307179586200 ),
 .UNSPECIFIED. ) 
 CURVE ( )  GEOMETRIC_REPRESENTATION_ITEM ( )  RATIONAL_B_SPLINE_CURVE ( ( 1.000000000000000000, 0.8169162473415252400, 0.8169162473415252400, 1.000000000000000000 ) ) 
 REPRESENTATION_ITEM ( '' )  );
#2813 = DIRECTION ( 'NONE',  ( 0.9972646886342373400, -0.05226442768871431000, -0.05226442768871439300 ) ) ;
#2814 =( NAMED_UNIT ( * ) SI_UNIT ( $, .STERADIAN. ) SOLID_ANGLE_UNIT ( ) );
#2815 = CARTESIAN_POINT ( 'NONE',  ( 9.999999999999994700, 5.000000000000003600, -3.876005637310969000 ) ) ;
#2816 = VERTEX_POINT ( 'NONE', #2635 ) ;
#2817 = EDGE_CURVE ( 'NONE', #4578, #973, #1859, .T. ) ;
#2818 = CARTESIAN_POINT ( 'NONE',  ( -3.876005637310966400, 7.000000000000001800, -10.00000000000000000 ) ) ;
#2819 = ORIENTED_EDGE ( 'NONE', *, *, #4890, .T. ) ;
#2820 = ADVANCED_FACE ( 'NONE', ( #2900 ), #221, .T. ) ;
#2821 = DIRECTION ( 'NONE',  ( 2.905134055610226800E-016, 1.000000000000000000, 0.0000000000000000000 ) ) ;
#2822 = DIRECTION ( 'NONE',  ( 1.000000000000000000, 0.0000000000000000000, 0.0000000000000000000 ) ) ;
#2823 = AXIS2_PLACEMENT_3D ( 'NONE', #4025, #1558, #4434 ) ;
#2824 = ADVANCED_FACE ( 'NONE', ( #1957 ), #5087, .F. ) ;
#2825 = EDGE_LOOP ( 'NONE', ( #3655, #1397, #2306, #11 ) ) ;
#2826 = ORIENTED_EDGE ( 'NONE', *, *, #119, .T. ) ;
#2827 = EDGE_CURVE ( 'NONE', #23, #59, #5085, .T. ) ;
#2828 = DIRECTION ( 'NONE',  ( -1.000000000000000000, 0.0000000000000000000, 0.0000000000000000000 ) ) ;
#2829 = DIRECTION ( 'NONE',  ( 1.000000000000000000, 0.0000000000000000000, 0.0000000000000000000 ) ) ;
#2830 = PLANE ( 'NONE',  #688 ) ;
#2831 = VECTOR ( 'NONE', #4065, 1000.000000000000100 ) ;
#2832 = VERTEX_POINT ( 'NONE', #3901 ) ;
#2833 = ORIENTED_EDGE ( 'NONE', *, *, #3264, .F. ) ;
#2834 = AXIS2_PLACEMENT_3D ( 'NONE', #269, #3110, #670 ) ;
#2835 = AXIS2_PLACEMENT_3D ( 'NONE', #1281, #4142, #1679 ) ;
#2836 = LINE ( 'NONE', #3770, #4514 ) ;
#2837 = DIRECTION ( 'NONE',  ( 6.071532165918825800E-016, -1.000000000000000000, 1.734723475976807300E-016 ) ) ;
#2838 = VERTEX_POINT ( 'NONE', #3482 ) ;
#2839 =( REPRESENTATION_RELATIONSHIP ('NONE','NONE', #4488, #3528 ) REPRESENTATION_RELATIONSHIP_WITH_TRANSFORMATION ( #2365 )SHAPE_REPRESENTATION_RELATIONSHIP( ) );
#2840 = VECTOR ( 'NONE', #3017, 1000.000000000000000 ) ;
#2841 = CARTESIAN_POINT ( 'NONE',  ( 8.499999999999994700, 5.363301038939029700, 4.000000000000000900 ) ) ;
#2842 = CARTESIAN_POINT ( 'NONE',  ( 9.999999999999996400, -2.599999999999965000, 7.000000000000015100 ) ) ;
#2843 = ORIENTED_EDGE ( 'NONE', *, *, #3145, .F. ) ;
#2844 = FACE_OUTER_BOUND ( 'NONE', #4363, .T. ) ;
#2845 = LINE ( 'NONE', #1698, #3822 ) ;
#2846 = EDGE_CURVE ( 'NONE', #5057, #2462, #4955, .T. ) ;
#2847 = MECHANICAL_DESIGN_GEOMETRIC_PRESENTATION_REPRESENTATION (  '', ( #2309 ), #3122 ) ;
#2848 = DIRECTION ( 'NONE',  ( 1.550466012510000700E-017, -0.0000000000000000000, 1.000000000000000000 ) ) ;
#2849 = ORIENTED_EDGE ( 'NONE', *, *, #587, .T. ) ;
#2850 = ADVANCED_FACE ( 'NONE', ( #741 ), #2781, .T. ) ;
#2851 = VECTOR ( 'NONE', #262, 1000.000000000000000 ) ;
#2852 = EDGE_LOOP ( 'NONE', ( #1103, #2705, #237, #4980, #4417 ) ) ;
#2853 = DIRECTION ( 'NONE',  ( -0.05233595624294395300, -1.082716311089097600E-016, -0.9986295347545739400 ) ) ;
#2854 = CARTESIAN_POINT ( 'NONE',  ( 0.5548256797350150600, -5.726799996017828900, 0.2540826332461329500 ) ) ;
#2855 = DIRECTION ( 'NONE',  ( 0.0000000000000000000, 0.0000000000000000000, -1.000000000000000000 ) ) ;
#2856 = CARTESIAN_POINT ( 'NONE',  ( 1.520015985077517000, 7.131019448207606400, -12.49999999999999600 ) ) ;
#2857 = ADVANCED_FACE ( 'NONE', ( #610 ), #3755, .F. ) ;
#2858 = CIRCLE ( 'NONE', #4166, 1.499999999999999600 ) ;
#2859 = VECTOR ( 'NONE', #642, 1000.000000000000000 ) ;
#2860 = EDGE_LOOP ( 'NONE', ( #2215, #1424, #5268, #1011, #1972, #4355, #1636, #1840, #2035, #4633 ) ) ;
#2861 = CARTESIAN_POINT ( 'NONE',  ( 11.55233595624294400, -7.081354480167934900, -2.518645519832023900 ) ) ;
#2862 = ORIENTED_EDGE ( 'NONE', *, *, #2125, .F. ) ;
#2863 = CARTESIAN_POINT ( 'NONE',  ( 10.03131579813635600, -5.298770512362598800, -3.701229487637427000 ) ) ;
#2864 = ORIENTED_EDGE ( 'NONE', *, *, #3270, .F. ) ;
#2865 = DIRECTION ( 'NONE',  ( 1.515216750768385200E-016, 1.000000000000000000, -2.891205793294679400E-015 ) ) ;
#2866 = CARTESIAN_POINT ( 'NONE',  ( 4.387672263518257200, -3.878942556116838700, 4.086929217029306100 ) ) ;
#2867 = ADVANCED_BREP_SHAPE_REPRESENTATION ( '', ( #3103, #2002 ), #1464 ) ;
#2868 = PRODUCT_DEFINITION_CONTEXT ( 'detailed design', #1617, 'design' ) ;
#2869 = CARTESIAN_POINT ( 'NONE',  ( 11.55233595624294200, 7.081354480167913600, 2.518645519832090500 ) ) ;
#2870 = AXIS2_PLACEMENT_3D ( 'NONE', #3739, #1296, #464 ) ;
#2871 = EDGE_CURVE ( 'NONE', #5112, #2134, #4010, .T. ) ;
#2872 = ADVANCED_FACE ( 'NONE', ( #1700 ), #1824, .F. ) ;
#2873 = DIRECTION ( 'NONE',  ( -0.0000000000000000000, 1.000000000000000000, -0.0000000000000000000 ) ) ;
#2874 = EDGE_CURVE ( 'NONE', #3932, #2754, #2654, .T. ) ;
#2875 = ADVANCED_FACE ( 'NONE', ( #4823 ), #2706, .F. ) ;
#2876 = DIRECTION ( 'NONE',  ( 0.05226442768871432400, -0.05226442768871432400, -0.9972646886342374500 ) ) ;
#2877 = AXIS2_PLACEMENT_3D ( 'NONE', #4759, #2321, #1498 ) ;
#2878 = ORIENTED_EDGE ( 'NONE', *, *, #3334, .F. ) ;
#2879 = CARTESIAN_POINT ( 'NONE',  ( 12.49999999999999600, -1.520015985077479700, 7.131019448207613500 ) ) ;
#2880 = DIRECTION ( 'NONE',  ( 0.0000000000000000000, -9.507619051026732300E-015, -1.000000000000000000 ) ) ;
#2881 = EDGE_CURVE ( 'NONE', #5025, #1233, #4702, .T. ) ;
#2882 = ORIENTED_EDGE ( 'NONE', *, *, #475, .F. ) ;
#2883 = CARTESIAN_POINT ( 'NONE',  ( -2.489245774084773500, -9.089245774084673700, -12.11331652343349500 ) ) ;
#2884 = CARTESIAN_POINT ( 'NONE',  ( 8.499999999999998200, -6.636698961061013000, -3.921388331075437600 ) ) ;
#2885 = EDGE_CURVE ( 'NONE', #241, #2513, #1568, .T. ) ;
#2886 = DIRECTION ( 'NONE',  ( -1.000000000000000000, 0.0000000000000000000, 0.0000000000000000000 ) ) ;
#2887 = CARTESIAN_POINT ( 'NONE',  ( 8.799999999999997200, -3.636698961060984600, 6.636698961060993400 ) ) ;
#2888 = ORIENTED_EDGE ( 'NONE', *, *, #4869, .T. ) ;
#2889 = EDGE_LOOP ( 'NONE', ( #3870, #183, #1556, #1178, #4281, #2479, #3864, #1724, #2396, #2363 ) ) ;
#2890 = DIRECTION ( 'NONE',  ( 1.000000000000000000, 1.851092122435818300E-016, 2.220446049250312600E-016 ) ) ;
#2891 = CYLINDRICAL_SURFACE ( 'NONE', #4567, 0.3000000000000003200 ) ;
#2892 = EDGE_CURVE ( 'NONE', #5145, #4703, #3626, .T. ) ;
#2893 = ORIENTED_EDGE ( 'NONE', *, *, #4438, .T. ) ;
#2894 = ORIENTED_EDGE ( 'NONE', *, *, #3162, .T. ) ;
#2895 = CARTESIAN_POINT ( 'NONE',  ( 9.999999999999994700, 6.700411139573630800, 4.000000000000000000 ) ) ;
#2896 = EDGE_LOOP ( 'NONE', ( #3926, #1544, #4143, #2595 ) ) ;
#2897 = CYLINDRICAL_SURFACE ( 'NONE', #2630, 0.2999999999999999300 ) ;
#2898 = ADVANCED_FACE ( 'NONE', ( #1435 ), #1323, .F. ) ;
#2899 = ORIENTED_EDGE ( 'NONE', *, *, #1244, .T. ) ;
#2900 = FACE_OUTER_BOUND ( 'NONE', #2371, .T. ) ;
#2901 = SURFACE_SIDE_STYLE ('',( #5013 ) ) ;
#2902 = ORIENTED_EDGE ( 'NONE', *, *, #4354, .T. ) ;
#2903 = CONICAL_SURFACE ( 'NONE', #1212, 5.981363564820176400, 0.7853981633974499400 ) ;
#2904 = EDGE_LOOP ( 'NONE', ( #4223, #5169 ) ) ;
#2905 = CONICAL_SURFACE ( 'NONE', #2497, 6.008253627460656600, 0.02617993877990825200 ) ;
#2906 = CARTESIAN_POINT ( 'NONE',  ( -3.636698961060974300, -5.363301038939053600, -8.799999999999998900 ) ) ;
#2907 = CYLINDRICAL_SURFACE ( 'NONE', #5185, 0.3000000000000003200 ) ;
#2908 = DIRECTION ( 'NONE',  ( 8.673617379884037000E-015, 1.000000000000000000, 0.0000000000000000000 ) ) ;
#2909 = CARTESIAN_POINT ( 'NONE',  ( -3.636698961060973500, 6.636698961060975700, -8.799999999999998900 ) ) ;
#2910 = VERTEX_POINT ( 'NONE', #2338 ) ;
#2911 = CIRCLE ( 'NONE', #3243, 0.2999999999999999300 ) ;
#2912 = EDGE_CURVE ( 'NONE', #3595, #4881, #3491, .T. ) ;
#2913 = ORIENTED_EDGE ( 'NONE', *, *, #2610, .F. ) ;
#2914 = FACE_OUTER_BOUND ( 'NONE', #1885, .T. ) ;
#2915 = DIRECTION ( 'NONE',  ( 0.0000000000000000000, 0.0000000000000000000, -1.000000000000000000 ) ) ;
#2916 = CARTESIAN_POINT ( 'NONE',  ( 0.7706585781790522600, 5.676255008906930600, -0.7706585781790965500 ) ) ;
#2917 = VECTOR ( 'NONE', #2500, 1000.000000000000000 ) ;
#2918 = ORIENTED_EDGE ( 'NONE', *, *, #764, .T. ) ;
#2919 = ORIENTED_EDGE ( 'NONE', *, *, #2509, .T. ) ;
#2920 = CARTESIAN_POINT ( 'NONE',  ( 9.999999999999994700, 5.000000000000004400, 3.700411139573629000 ) ) ;
#2921 = CYLINDRICAL_SURFACE ( 'NONE', #4787, 0.2999999999999999300 ) ;
#2922 = VECTOR ( 'NONE', #2506, 1000.000000000000000 ) ;
#2923 = CARTESIAN_POINT ( 'NONE',  ( -8.500000000000008900, -8.499999999999994700, 10.00000000000000000 ) ) ;
#2924 = EDGE_LOOP ( 'NONE', ( #1706, #1030, #4933, #1376 ) ) ;
#2925 = AXIS2_PLACEMENT_3D ( 'NONE', #4620, #4238, #1779 ) ;
#2926 = ORIENTED_EDGE ( 'NONE', *, *, #1733, .F. ) ;
#2927 = VECTOR ( 'NONE', #4745, 1000.000000000000000 ) ;
#2928 = PLANE ( 'NONE',  #136 ) ;
#2929 = ADVANCED_FACE ( 'NONE', ( #2533 ), #1190, .F. ) ;
#2930 = EDGE_CURVE ( 'NONE', #3256, #65, #2272, .T. ) ;
#2931 = CARTESIAN_POINT ( 'NONE',  ( 8.784299213127114900, -6.921388331075464300, -3.936287821487344500 ) ) ;
#2932 = VERTEX_POINT ( 'NONE', #1937 ) ;
#2933 = CARTESIAN_POINT ( 'NONE',  ( -2.379086727720639300, -5.156359002276289500, -2.679829774209607800 ) ) ;
#2934 = CARTESIAN_POINT ( 'NONE',  ( 4.859301177784886700, 2.850829376320785700, -4.859301177784888500 ) ) ;
#2935 = CARTESIAN_POINT ( 'NONE',  ( -3.636698961060974300, -5.063712178512680000, -8.784299213127114900 ) ) ;
#2936 = EDGE_CURVE ( 'NONE', #1984, #2402, #234, .T. ) ;
#2937 = CARTESIAN_POINT ( 'NONE',  ( -8.586271053293986100, 0.0000000000000000000, 0.0000000000000000000 ) ) ;
#2938 = DIRECTION ( 'NONE',  ( -0.9986295347545737200, 0.0000000000000000000, -0.05233595624294414700 ) ) ;
#2939 = ORIENTED_EDGE ( 'NONE', *, *, #493, .T. ) ;
#2940 = EDGE_CURVE ( 'NONE', #3544, #225, #2408, .T. ) ;
#2941 = CARTESIAN_POINT ( 'NONE',  ( 9.999999999999998200, -9.199999999999978000, 2.600000000000086700 ) ) ;
#2942 = CARTESIAN_POINT ( 'NONE',  ( -6.936287821487330700, 3.636698961060963200, -8.784299213127116700 ) ) ;
#2943 = AXIS2_PLACEMENT_3D ( 'NONE', #4732, #2285, #1463 ) ;
#2944 = CARTESIAN_POINT ( 'NONE',  ( -6.701229487637410100, 3.701229487637414100, -10.03131579813636000 ) ) ;
#2945 = CARTESIAN_POINT ( 'NONE',  ( -5.523926010769172600, -0.9111069804596461100, -5.824669057258134300 ) ) ;
#2946 = PLANE ( 'NONE',  #1025 ) ;
#2947 = DIRECTION ( 'NONE',  ( 9.344596413230972600E-015, 0.9986295347545739400, -0.05233595624294395300 ) ) ;
#2948 = VERTEX_POINT ( 'NONE', #3179 ) ;
#2949 = VERTEX_POINT ( 'NONE', #1548 ) ;
#2950 = CARTESIAN_POINT ( 'NONE',  ( -5.326217937174942700, 1.782907558143954200, -5.626960983663905400 ) ) ;
#2951 = EDGE_CURVE ( 'NONE', #1511, #1888, #3232, .T. ) ;
#2952 = LINE ( 'NONE', #3215, #1753 ) ;
#2953 = ORIENTED_EDGE ( 'NONE', *, *, #4122, .T. ) ;
#2954 = CARTESIAN_POINT ( 'NONE',  ( 3.636698961060974800, 6.636698961060977500, -8.799999999999997200 ) ) ;
#2955 = VERTEX_POINT ( 'NONE', #4005 ) ;
#2956 = CARTESIAN_POINT ( 'NONE',  ( -3.432413144104719600, 4.735055757366764000, 3.432413144104730800 ) ) ;
#2957 = FACE_OUTER_BOUND ( 'NONE', #2825, .T. ) ;
#2958 = EDGE_LOOP ( 'NONE', ( #1300, #5091, #231, #167 ) ) ;
#2959 = ORIENTED_EDGE ( 'NONE', *, *, #4587, .T. ) ;
#2960 = FACE_OUTER_BOUND ( 'NONE', #2096, .T. ) ;
#2961 = CARTESIAN_POINT ( 'NONE',  ( 3.700411139573629400, 7.000000000000003600, -9.999999999999994700 ) ) ;
#2962 = AXIS2_PLACEMENT_3D ( 'NONE', #1166, #4040, #1576 ) ;
#2963 = EDGE_CURVE ( 'NONE', #3627, #1185, #3365, .T. ) ;
#2964 = VERTEX_POINT ( 'NONE', #2378 ) ;
#2965 = LINE ( 'NONE', #4710, #811 ) ;
#2966 = VECTOR ( 'NONE', #42, 1000.000000000000000 ) ;
#2967 = CARTESIAN_POINT ( 'NONE',  ( 2.518645519832092300, 7.081354480167911800, -11.55233595624294200 ) ) ;
#2968 = CARTESIAN_POINT ( 'NONE',  ( -3.636698961060973900, 6.921388331075440300, -8.499999999999998200 ) ) ;
#2969 = EDGE_LOOP ( 'NONE', ( #5208, #4510, #2142, #2589 ) ) ;
#2970 = VECTOR ( 'NONE', #1447, 1000.000000000000200 ) ;
#2971 = CARTESIAN_POINT ( 'NONE',  ( -1.141473136988688400, 5.602853121377825700, -1.442216183477665700 ) ) ;
#2972 = EDGE_CURVE ( 'NONE', #1121, #4330, #4577, .T. ) ;
#2973 = LINE ( 'NONE', #1610, #1900 ) ;
#2974 = PRODUCT ( '093ww201n05', '093ww201n05', '', ( #4077 ) ) ;
#2975 = CARTESIAN_POINT ( 'NONE',  ( 9.999999999999994700, 10.00000000000000500, 10.00000000000000000 ) ) ;
#2976 = AXIS2_PLACEMENT_3D ( 'NONE', #495, #4586, #2127 ) ;
#2977 = FACE_OUTER_BOUND ( 'NONE', #3142, .T. ) ;
#2978 = CARTESIAN_POINT ( 'NONE',  ( -5.783696232585565000, 1.177773416489940100, 5.783696232585573000 ) ) ;
#2979 = LINE ( 'NONE', #1856, #1777 ) ;
#2980 = EDGE_CURVE ( 'NONE', #881, #564, #4325, .T. ) ;
#2981 = ORIENTED_EDGE ( 'NONE', *, *, #4670, .F. ) ;
#2982 = DIRECTION ( 'NONE',  ( -0.0000000000000000000, -1.000000000000000000, 1.447586763997134800E-015 ) ) ;
#2983 = AXIS2_PLACEMENT_3D ( 'NONE', #4382, #2744, #300 ) ;
#2984 = ORIENTED_EDGE ( 'NONE', *, *, #4565, .T. ) ;
#2985 = VECTOR ( 'NONE', #2369, 1000.000000000000000 ) ;
#2986 = CARTESIAN_POINT ( 'NONE',  ( 6.499999999999995600, -3.149999999999999900, -10.00000000000000200 ) ) ;
#2987 = DIRECTION ( 'NONE',  ( -0.0000000000000000000, 9.507619051026732300E-015, 1.000000000000000000 ) ) ;
#2988 = DIRECTION ( 'NONE',  ( 0.9972646886342374500, 0.05226442768871424800, -0.05226442768871432400 ) ) ;
#2989 = CARTESIAN_POINT ( 'NONE',  ( 8.784299213127114900, -5.363301038939051900, -3.936287821487347100 ) ) ;
#2990 = ORIENTED_EDGE ( 'NONE', *, *, #4252, .T. ) ;
#2991 = ORIENTED_EDGE ( 'NONE', *, *, #1532, .T. ) ;
#2992 = EDGE_LOOP ( 'NONE', ( #631, #1143, #3221 ) ) ;
#2993 = ORIENTED_EDGE ( 'NONE', *, *, #4263, .F. ) ;
#2994 = CARTESIAN_POINT ( 'NONE',  ( 11.55233595624294000, 2.518645519832126500, 7.081354480167900300 ) ) ;
#2995 = CARTESIAN_POINT ( 'NONE',  ( 5.464598717987374100, 2.186024078040258000, 5.163855671498421200 ) ) ;
#2996 = DIRECTION ( 'NONE',  ( -0.05233595624294417500, 0.0000000000000000000, 0.9986295347545739400 ) ) ;
#2997 = DIRECTION ( 'NONE',  ( 1.000000000000000000, 0.0000000000000000000, 0.0000000000000000000 ) ) ;
#2998 = DIRECTION ( 'NONE',  ( 2.761183247394055600E-016, 1.000000000000000000, 0.0000000000000000000 ) ) ;
#2999 = EDGE_CURVE ( 'NONE', #225, #1984, #2141, .T. ) ;
#3000 = ORIENTED_EDGE ( 'NONE', *, *, #2936, .T. ) ;
#3001 =( BOUNDED_CURVE ( )  B_SPLINE_CURVE ( 3, ( #5170, #4742, #1072, #2714 ),
 .UNSPECIFIED., .F., .F. ) 
 B_SPLINE_CURVE_WITH_KNOTS ( ( 4, 4 ),
 ( 5.499156671652526600, 7.067213942706644900 ),
 .UNSPECIFIED. ) 
 CURVE ( )  GEOMETRIC_REPRESENTATION_ITEM ( )  RATIONAL_B_SPLINE_CURVE ( ( 1.000000000000000000, 0.8053830134673566300, 0.8053830134673566300, 1.000000000000000000 ) ) 
 REPRESENTATION_ITEM ( '' )  );
#3002 = CARTESIAN_POINT ( 'NONE',  ( 11.55233595624294400, -7.081354480167886000, 2.518645519832157100 ) ) ;
#3003 = CARTESIAN_POINT ( 'NONE',  ( -8.500000000000008900, -9.999999999999994700, 8.500000000000000000 ) ) ;
#3004 = CARTESIAN_POINT ( 'NONE',  ( 8.499999999999994700, 5.000000000000008000, -3.636698961060975200 ) ) ;
#3005 = ORIENTED_EDGE ( 'NONE', *, *, #2707, .F. ) ;
#3006 = DIRECTION ( 'NONE',  ( 0.0000000000000000000, 1.000000000000000000, 0.0000000000000000000 ) ) ;
#3007 = CARTESIAN_POINT ( 'NONE',  ( 9.999999999999998200, -9.999999999999994700, 10.00000000000000000 ) ) ;
#3008 = ORIENTED_EDGE ( 'NONE', *, *, #4444, .F. ) ;
#3009 = ORIENTED_EDGE ( 'NONE', *, *, #4531, .T. ) ;
#3010 = CARTESIAN_POINT ( 'NONE',  ( 1.438013244397798700, 5.603742379039419000, 1.137270197908857300 ) ) ;
#3011 = EDGE_CURVE ( 'NONE', #3256, #4228, #5277, .T. ) ;
#3012 = DIRECTION ( 'NONE',  ( 5.725425418183040500E-032, 1.000000000000000000, -4.670409358399096100E-015 ) ) ;
#3013 = FACE_OUTER_BOUND ( 'NONE', #292, .T. ) ;
#3014 = CARTESIAN_POINT ( 'NONE',  ( -6.636698961060989900, -3.636698961060986300, -8.499999999999998200 ) ) ;
#3015 = ORIENTED_EDGE ( 'NONE', *, *, #2028, .T. ) ;
#3016 = ORIENTED_EDGE ( 'NONE', *, *, #2717, .F. ) ;
#3017 = DIRECTION ( 'NONE',  ( -6.071532165918824800E-016, 1.000000000000000000, -1.734723475976807800E-016 ) ) ;
#3018 = DIRECTION ( 'NONE',  ( -0.9972646886342373400, 0.05226442768871386600, -0.05226442768871406000 ) ) ;
#3019 = CARTESIAN_POINT ( 'NONE',  ( -10.00000000000000500, 8.500000000000005300, 10.00000000000000000 ) ) ;
#3020 = VERTEX_POINT ( 'NONE', #4115 ) ;
#3021 = ORIENTED_EDGE ( 'NONE', *, *, #689, .F. ) ;
#3022 = EDGE_LOOP ( 'NONE', ( #34, #3016, #4945, #1557 ) ) ;
#3023 = B_SPLINE_CURVE_WITH_KNOTS ( 'NONE', 3,
 ( #4233, #954, #4628, #2181, #5041, #2591, #154, #2995, #557, #3420, #966, #3839, #1380, #4247, #1790, #4652, #2197, #5056, #2613, #174, #3010, #574, #3440, #981, #3849, #1399, #4266, #1805 ),
 .UNSPECIFIED., .F., .F.,
 ( 4, 2, 2, 2, 2, 2, 2, 2, 2, 2, 2, 2, 2, 4 ),
 ( 0.01085807277293099000, 0.01153592914044440600, 0.01221378550795782300, 0.01289164187547123900, 0.01356949824298465800, 0.01424735461049807400, 0.01492521097801149100, 0.01628092371303832200, 0.01763663644806515500, 0.01899234918309199200, 0.02034806191811882100, 0.02102591828563223800, 0.02136484646938894800, 0.02170377465314565400 ),
 .UNSPECIFIED. ) ;
#3024 = FACE_OUTER_BOUND ( 'NONE', #934, .T. ) ;
#3025 = ORIENTED_EDGE ( 'NONE', *, *, #1158, .T. ) ;
#3026 = FACE_OUTER_BOUND ( 'NONE', #4254, .T. ) ;
#3027 = EDGE_LOOP ( 'NONE', ( #1379, #245, #2494, #1228 ) ) ;
#3028 = DIRECTION ( 'NONE',  ( -1.000000000000000000, -0.0000000000000000000, -0.0000000000000000000 ) ) ;
#3029 = FACE_OUTER_BOUND ( 'NONE', #3091, .T. ) ;
#3030 = ORIENTED_EDGE ( 'NONE', *, *, #4936, .F. ) ;
#3031 = FACE_OUTER_BOUND ( 'NONE', #2020, .T. ) ;
#3032 = VECTOR ( 'NONE', #4219, 1000.000000000000000 ) ;
#3033 = DIRECTION ( 'NONE',  ( -0.05226442768871381000, 0.05226442768871402500, -0.9972646886342373400 ) ) ;
#3034 = AXIS2_PLACEMENT_3D ( 'NONE', #1181, #4052, #1599 ) ;
#3035 = EDGE_CURVE ( 'NONE', #1983, #4152, #2812, .T. ) ;
#3036 = CARTESIAN_POINT ( 'NONE',  ( 3.286149905664755300E-015, 0.0000000000000000000, -7.500000000000000000 ) ) ;
#3037 = DIRECTION ( 'NONE',  ( 0.0000000000000000000, 1.000000000000000000, 0.0000000000000000000 ) ) ;
#3038 = CIRCLE ( 'NONE', #2431, 7.035495700303544100 ) ;
#3039 = EDGE_LOOP ( 'NONE', ( #833, #4629 ) ) ;
#3040 = VECTOR ( 'NONE', #4712, 1000.000000000000100 ) ;
#3041 = CARTESIAN_POINT ( 'NONE',  ( -4.014899502060528000, -4.261303010766328100, 4.014899502060540500 ) ) ;
#3042 = VECTOR ( 'NONE', #2112, 1000.000000000000000 ) ;
#3043 = ORIENTED_EDGE ( 'NONE', *, *, #5101, .F. ) ;
#3044 = ORIENTED_EDGE ( 'NONE', *, *, #753, .F. ) ;
#3045 = EDGE_CURVE ( 'NONE', #1325, #100, #1048, .T. ) ;
#3046 = CARTESIAN_POINT ( 'NONE',  ( 2.578255800030407200, -5.070802426979423800, -2.578255800030416100 ) ) ;
#3047 = CYLINDRICAL_SURFACE ( 'NONE', #2870, 0.3000000000000003200 ) ;
#3048 = DIRECTION ( 'NONE',  ( 1.734723475976807100E-016, 1.000000000000000000, 0.0000000000000000000 ) ) ;
#3049 = AXIS2_PLACEMENT_3D ( 'NONE', #5033, #2584, #150 ) ;
#3050 = VECTOR ( 'NONE', #1694, 1000.000000000000000 ) ;
#3051 = DIRECTION ( 'NONE',  ( 1.445602896647339700E-015, 7.576083753841925900E-017, -1.000000000000000000 ) ) ;
#3052 = DIRECTION ( 'NONE',  ( -1.000000000000000000, 0.0000000000000000000, 0.0000000000000000000 ) ) ;
#3053 = VERTEX_POINT ( 'NONE', #3292 ) ;
#3054 = LINE ( 'NONE', #1862, #2235 ) ;
#3055 = AXIS2_PLACEMENT_3D ( 'NONE', #3078, #650, #5132 ) ;
#3056 = DIRECTION ( 'NONE',  ( 1.000000000000000000, 0.0000000000000000000, 0.0000000000000000000 ) ) ;
#3057 = DIRECTION ( 'NONE',  ( -0.05233595624294414700, 0.9986295347545737200, 0.0000000000000000000 ) ) ;
#3058 = DIRECTION ( 'NONE',  ( 1.964764432289320400E-016, -0.9986295347545739400, -0.05233595624294395300 ) ) ;
#3059 = EDGE_CURVE ( 'NONE', #1647, #4246, #3087, .T. ) ;
#3060 = ORIENTED_EDGE ( 'NONE', *, *, #1291, .T. ) ;
#3061 = CARTESIAN_POINT ( 'NONE',  ( -0.01729189847580820500, -5.749271503273330800, 0.01729189851719623000 ) ) ;
#3062 = CARTESIAN_POINT ( 'NONE',  ( -5.077793320860776800, -3.622617818712877900, -8.515615011263474100 ) ) ;
#3063 = ORIENTED_EDGE ( 'NONE', *, *, #961, .T. ) ;
#3064 = PLANE ( 'NONE',  #1718 ) ;
#3065 = EDGE_CURVE ( 'NONE', #1458, #53, #5151, .T. ) ;
#3066 = ORIENTED_EDGE ( 'NONE', *, *, #126, .T. ) ;
#3067 = CARTESIAN_POINT ( 'NONE',  ( 3.543988332867116300E-015, 0.0000000000000000000, 8.973109937359515300 ) ) ;
#3068 = CARTESIAN_POINT ( 'NONE',  ( 9.999999999999994700, 9.200000000000004600, 2.600000000000000100 ) ) ;
#3069 = DIRECTION ( 'NONE',  ( -0.0000000000000000000, 1.000000000000000000, -0.0000000000000000000 ) ) ;
#3070 = AXIS2_PLACEMENT_3D ( 'NONE', #2798, #3633, #1172 ) ;
#3071 = CARTESIAN_POINT ( 'NONE',  ( 3.701229487637427900, 6.701229487637428800, -10.03131579813635300 ) ) ;
#3072 = PLANE ( 'NONE',  #1515 ) ;
#3073 = ORIENTED_EDGE ( 'NONE', *, *, #1158, .F. ) ;
#3074 = CARTESIAN_POINT ( 'NONE',  ( 9.999999999999994700, 7.000000000000004400, -2.600000000000000100 ) ) ;
#3075 = ORIENTED_EDGE ( 'NONE', *, *, #5184, .F. ) ;
#3076 = ORIENTED_EDGE ( 'NONE', *, *, #5090, .T. ) ;
#3077 = EDGE_CURVE ( 'NONE', #489, #1339, #1881, .T. ) ;
#3078 = CARTESIAN_POINT ( 'NONE',  ( -9.199999999999994000, 1.520015985077558500, -11.50000000000000000 ) ) ;
#3079 = DIRECTION ( 'NONE',  ( 0.9986295347545737200, 0.0000000000000000000, 0.05233595624294422300 ) ) ;
#3080 = LINE ( 'NONE', #4034, #5143 ) ;
#3081 = AXIS2_PLACEMENT_3D ( 'NONE', #773, #3638, #1176 ) ;
#3082 = ORIENTED_EDGE ( 'NONE', *, *, #1031, .F. ) ;
#3083 = ORIENTED_EDGE ( 'NONE', *, *, #1136, .F. ) ;
#3084 = CARTESIAN_POINT ( 'NONE',  ( 8.784299213127111400, 7.000000000000004400, 3.936287821487346200 ) ) ;
#3085 = ADVANCED_FACE ( 'NONE', ( #2957 ), #4882, .T. ) ;
#3086 = CARTESIAN_POINT ( 'NONE',  ( -5.123994362689045600, -4.000000000000012400, -10.00000000000000000 ) ) ;
#3087 = CIRCLE ( 'NONE', #1220, 1.499999999999999600 ) ;
#3088 = VERTEX_POINT ( 'NONE', #4149 ) ;
#3089 = CARTESIAN_POINT ( 'NONE',  ( 12.49999999999999600, 2.600000000000044900, 9.068980551792389400 ) ) ;
#3090 = CARTESIAN_POINT ( 'NONE',  ( -3.636698961060973500, -6.636698961060942800, -8.799999999999998900 ) ) ;
#3091 = EDGE_LOOP ( 'NONE', ( #5157, #2313, #4265, #4212 ) ) ;
#3092 = LINE ( 'NONE', #1783, #5155 ) ;
#3093 = STYLED_ITEM ( 'NONE', ( #3753 ), #2867 ) ;
#3094 = EDGE_LOOP ( 'NONE', ( #37, #2268, #1831 ) ) ;
#3095 = LINE ( 'NONE', #3856, #5158 ) ;
#3096 = LINE ( 'NONE', #2062, #2017 ) ;
#3097 = DIRECTION ( 'NONE',  ( 1.550466012510000700E-017, -0.0000000000000000000, 1.000000000000000000 ) ) ;
#3098 = EDGE_CURVE ( 'NONE', #65, #4881, #671, .T. ) ;
#3099 = ORIENTED_EDGE ( 'NONE', *, *, #211, .F. ) ;
#3100 = VECTOR ( 'NONE', #4310, 1000.000000000000000 ) ;
#3101 = DIRECTION ( 'NONE',  ( -0.05233595624294377900, -0.9986295347545739400, 8.661730488712786600E-016 ) ) ;
#3102 = CARTESIAN_POINT ( 'NONE',  ( -2.518645519832089600, 7.081354480167910900, -11.55233595624294400 ) ) ;
#3103 = MANIFOLD_SOLID_BREP ( 'Spiegeln1', #4914 ) ;
#3104 = LINE ( 'NONE', #404, #5029 ) ;
#3105 = LINE ( 'NONE', #1452, #1901 ) ;
#3106 = DIRECTION ( 'NONE',  ( 1.000000000000000000, 0.0000000000000000000, 0.0000000000000000000 ) ) ;
#3107 = LINE ( 'NONE', #2398, #1073 ) ;
#3108 = AXIS2_PLACEMENT_3D ( 'NONE', #3898, #3479, #1855 ) ;
#3109 = AXIS2_PLACEMENT_3D ( 'NONE', #4505, #1650, #2455 ) ;
#3110 = DIRECTION ( 'NONE',  ( -1.000000000000000000, -0.0000000000000000000, 0.0000000000000000000 ) ) ;
#3111 = FACE_BOUND ( 'NONE', #3816, .T. ) ;
#3112 = DIRECTION ( 'NONE',  ( -1.127570259384924000E-015, -1.000000000000000000, 1.734723475976803600E-016 ) ) ;
#3113 = CARTESIAN_POINT ( 'NONE',  ( 8.799999999999998900, -5.363301038939051900, -3.636698961060974300 ) ) ;
#3114 = VERTEX_POINT ( 'NONE', #1286 ) ;
#3115 = ORIENTED_EDGE ( 'NONE', *, *, #3712, .F. ) ;
#3116 = VECTOR ( 'NONE', #4783, 1000.000000000000000 ) ;
#3117 = DIRECTION ( 'NONE',  ( 1.550466012510000700E-017, -0.0000000000000000000, 1.000000000000000000 ) ) ;
#3118 = EDGE_CURVE ( 'NONE', #4228, #482, #3424, .T. ) ;
#3119 = DIRECTION ( 'NONE',  ( -0.9986295347545737200, 0.0000000000000000000, 0.05233595624294414700 ) ) ;
#3120 = VERTEX_POINT ( 'NONE', #2511 ) ;
#3121 = ADVANCED_FACE ( 'NONE', ( #2716 ), #4391, .F. ) ;
#3122 =( GEOMETRIC_REPRESENTATION_CONTEXT ( 3 ) GLOBAL_UNCERTAINTY_ASSIGNED_CONTEXT ( ( #4709 ) ) GLOBAL_UNIT_ASSIGNED_CONTEXT ( ( #3335, #879, #3743 ) ) REPRESENTATION_CONTEXT ( 'NONE', 'WORKASPACE' ) );
#3123 = ORIENTED_EDGE ( 'NONE', *, *, #4736, .F. ) ;
#3124 = ORIENTED_EDGE ( 'NONE', *, *, #4107, .F. ) ;
#3125 = ORIENTED_EDGE ( 'NONE', *, *, #1808, .T. ) ;
#3126 = CARTESIAN_POINT ( 'NONE',  ( -3.999999999999998200, -7.000000000000026600, -9.999999999999998200 ) ) ;
#3127 = CARTESIAN_POINT ( 'NONE',  ( -9.068980551792385800, 2.518645519832131800, -11.55233595624294400 ) ) ;
#3128 =( BOUNDED_CURVE ( )  B_SPLINE_CURVE ( 3, ( #57, #456, #3732, #1290 ),
 .UNSPECIFIED., .F., .F. ) 
 B_SPLINE_CURVE_WITH_KNOTS ( ( 4, 4 ),
 ( 5.499156671652530200, 7.067213942706638700 ),
 .UNSPECIFIED. ) 
 CURVE ( )  GEOMETRIC_REPRESENTATION_ITEM ( )  RATIONAL_B_SPLINE_CURVE ( ( 1.000000000000000000, 0.8053830134673589700, 0.8053830134673589700, 1.000000000000000000 ) ) 
 REPRESENTATION_ITEM ( '' )  );
#3129 = CARTESIAN_POINT ( 'NONE',  ( -5.981363564820172800, 7.325057744193631900E-016, 8.973109937359515300 ) ) ;
#3130 = AXIS2_PLACEMENT_3D ( 'NONE', #4701, #2253, #5117 ) ;
#3131 = CARTESIAN_POINT ( 'NONE',  ( 12.11331652343348800, 2.489245774084738900, 9.089245774084684400 ) ) ;
#3132 = DIRECTION ( 'NONE',  ( 1.000000000000000000, 1.618354829517795400E-016, 2.220446049250312300E-016 ) ) ;
#3133 = ORIENTED_EDGE ( 'NONE', *, *, #3065, .T. ) ;
#3134 = CARTESIAN_POINT ( 'NONE',  ( -3.636698961060973500, -6.636698961060942800, -8.799999999999998900 ) ) ;
#3135 = CARTESIAN_POINT ( 'NONE',  ( -3.999999999999999100, 7.000000000000001800, -9.999999999999998200 ) ) ;
#3136 = DIRECTION ( 'NONE',  ( -4.496937010801416200E-015, -1.000000000000000000, 1.734723475976796700E-016 ) ) ;
#3137 = ORIENTED_EDGE ( 'NONE', *, *, #753, .T. ) ;
#3138 = CARTESIAN_POINT ( 'NONE',  ( 4.000000000000004400, -5.363301038939052700, -8.799999999999997200 ) ) ;
#3139 = CARTESIAN_POINT ( 'NONE',  ( 2.593990545116353600, -7.006009454883610500, -10.11466723005238700 ) ) ;
#3140 = PLANE ( 'NONE',  #2701 ) ;
#3141 = DIRECTION ( 'NONE',  ( 0.9972646886342373400, 0.05226442768871421300, 0.05226442768871379700 ) ) ;
#3142 = EDGE_LOOP ( 'NONE', ( #3600, #2597, #2343, #188 ) ) ;
#3143 = CARTESIAN_POINT ( 'NONE',  ( 19.27879200441636700, 0.0000000000000000000, -2.600000000000001000 ) ) ;
#3144 = PLANE ( 'NONE',  #4727 ) ;
#3145 = EDGE_CURVE ( 'NONE', #1968, #1723, #2836, .T. ) ;
#3146 = CARTESIAN_POINT ( 'NONE',  ( -6.636698961060957900, 3.636698961060962400, -8.800000000000000700 ) ) ;
#3147 = CARTESIAN_POINT ( 'NONE',  ( -5.063712178512666600, -4.000000000000014200, -8.784299213127114900 ) ) ;
#3148 = ADVANCED_FACE ( 'NONE', ( #2201 ), #35, .T. ) ;
#3149 = DIRECTION ( 'NONE',  ( 1.550466012510000700E-017, -0.0000000000000000000, 1.000000000000000000 ) ) ;
#3150 = CARTESIAN_POINT ( 'NONE',  ( 8.799999999999998900, -6.636698961061010300, -3.636698961060972600 ) ) ;
#3151 = EDGE_CURVE ( 'NONE', #2604, #1962, #1119, .T. ) ;
#3152 = VECTOR ( 'NONE', #4348, 1000.000000000000100 ) ;
#3153 = ORIENTED_EDGE ( 'NONE', *, *, #1054, .T. ) ;
#3154 = AXIS2_PLACEMENT_3D ( 'NONE', #2733, #3136, #680 ) ;
#3155 = CARTESIAN_POINT ( 'NONE',  ( -10.00000000000000900, 7.357988573335166800E-016, -6.008253627460656600 ) ) ;
#3156 = VERTEX_POINT ( 'NONE', #2547 ) ;
#3157 = DIRECTION ( 'NONE',  ( 0.0000000000000000000, -1.000000000000000000, 0.0000000000000000000 ) ) ;
#3158 = DIRECTION ( 'NONE',  ( -1.055768021563217200E-036, -1.000000000000000000, 1.084202172485504200E-016 ) ) ;
#3159 = DIRECTION ( 'NONE',  ( -0.0000000000000000000, -9.340818716798192300E-015, -1.000000000000000000 ) ) ;
#3160 = CIRCLE ( 'NONE', #2385, 2.600000000000001000 ) ;
#3161 = ORIENTED_EDGE ( 'NONE', *, *, #4898, .F. ) ;
#3162 = EDGE_CURVE ( 'NONE', #1962, #2273, #3293, .T. ) ;
#3163 = ORIENTED_EDGE ( 'NONE', *, *, #2199, .T. ) ;
#3164 = FACE_OUTER_BOUND ( 'NONE', #736, .T. ) ;
#3165 = CARTESIAN_POINT ( 'NONE',  ( 9.999999999999996400, -4.000000000000011500, 5.123994362689047400 ) ) ;
#3166 = CYLINDRICAL_SURFACE ( 'NONE', #2565, 1.000000000000000000 ) ;
#3167 = VERTEX_POINT ( 'NONE', #916 ) ;
#3168 = LINE ( 'NONE', #5066, #2208 ) ;
#3169 = VERTEX_POINT ( 'NONE', #2143 ) ;
#3170 = DIRECTION ( 'NONE',  ( -1.000000000000000000, 8.673617379884035500E-015, 0.0000000000000000000 ) ) ;
#3171 = ORIENTED_EDGE ( 'NONE', *, *, #3284, .T. ) ;
#3172 = EDGE_CURVE ( 'NONE', #1780, #2079, #355, .T. ) ;
#3173 = CARTESIAN_POINT ( 'NONE',  ( 6.499999999999995600, -3.149999999999999900, -10.00000000000000200 ) ) ;
#3174 = CARTESIAN_POINT ( 'NONE',  ( -10.00000000000000500, 10.00000000000000500, 10.00000000000000000 ) ) ;
#3175 = ORIENTED_EDGE ( 'NONE', *, *, #2465, .T. ) ;
#3176 = VECTOR ( 'NONE', #5244, 1000.000000000000200 ) ;
#3177 = ORIENTED_EDGE ( 'NONE', *, *, #3941, .F. ) ;
#3178 = FACE_OUTER_BOUND ( 'NONE', #1078, .T. ) ;
#3179 = CARTESIAN_POINT ( 'NONE',  ( -7.000000000000013300, -2.599999999999968100, -10.00000000000000000 ) ) ;
#3180 = LINE ( 'NONE', #4499, #5229 ) ;
#3181 = DIRECTION ( 'NONE',  ( -1.000000000000000000, 1.805304455399569900E-016, 0.0000000000000000000 ) ) ;
#3182 = CARTESIAN_POINT ( 'NONE',  ( 12.49999999999999800, -9.200000000000015300, -1.520015985077429700 ) ) ;
#3183 = DIRECTION ( 'NONE',  ( 0.9972646886342372300, -0.05226442768871380300, 0.05226442768871428200 ) ) ;
#3184 = ADVANCED_FACE ( 'NONE', ( #165 ), #4624, .T. ) ;
#3185 = EDGE_LOOP ( 'NONE', ( #4206, #3300, #4665, #5088 ) ) ;
#3186 = SPHERICAL_SURFACE ( 'NONE', #1477, 0.2999999999999999900 ) ;
#3187 = EDGE_CURVE ( 'NONE', #1660, #487, #3160, .T. ) ;
#3188 = LINE ( 'NONE', #4131, #5236 ) ;
#3189 = ORIENTED_EDGE ( 'NONE', *, *, #1320, .F. ) ;
#3190 = VERTEX_POINT ( 'NONE', #3417 ) ;
#3191 = PLANE ( 'NONE',  #1613 ) ;
#3192 = FACE_OUTER_BOUND ( 'NONE', #270, .T. ) ;
#3193 = CARTESIAN_POINT ( 'NONE',  ( 5.599759547452980400, -6.181800408053395300E-016, -5.599759547452982200 ) ) ;
#3194 = CARTESIAN_POINT ( 'NONE',  ( 9.999999999999994700, 7.000000000000004400, -4.000000000000000000 ) ) ;
#3195 = DIRECTION ( 'NONE',  ( -0.9972646886342372300, -0.05226442768871420600, -0.05226442768871403200 ) ) ;
#3196 = ORIENTED_EDGE ( 'NONE', *, *, #1203, .F. ) ;
#3197 = CIRCLE ( 'NONE', #616, 0.3000000000000003200 ) ;
#3198 = CARTESIAN_POINT ( 'NONE',  ( 8.784299213127114900, -5.063712178512679100, -3.921388331075435800 ) ) ;
#3199 = CARTESIAN_POINT ( 'NONE',  ( -3.636698961060974300, -5.363301038939053600, -8.499999999999998200 ) ) ;
#3200 = EDGE_CURVE ( 'NONE', #737, #4638, #986, .T. ) ;
#3201 = CARTESIAN_POINT ( 'NONE',  ( 8.799999999999995400, 6.636698961060978300, -3.636698961060974800 ) ) ;
#3202 = DIRECTION ( 'NONE',  ( -0.0000000000000000000, 1.000000000000000000, -0.0000000000000000000 ) ) ;
#3203 = AXIS2_PLACEMENT_3D ( 'NONE', #3509, #1044, #3917 ) ;
#3204 = ORIENTED_EDGE ( 'NONE', *, *, #1094, .F. ) ;
#3205 = B_SPLINE_CURVE_WITH_KNOTS ( 'NONE', 3,
 ( #3458, #191, #3861, #1407, #4283, #1819, #4679, #2236, #5094, #2636, #208, #3041, #602, #3470, #1018, #3885, #1421, #4298, #1842, #4695, #2249, #5115, #2661, #222, #3061, #628 ),
 .UNSPECIFIED., .F., .F.,
 ( 4, 2, 2, 2, 2, 2, 2, 2, 2, 2, 2, 2, 4 ),
 ( 0.01135002649353526900, 0.01206184992523722100, 0.01277367335693917400, 0.01419732022034307800, 0.01562096708374698300, 0.01633279051544893700, 0.01704461394715088600, 0.01846826081055479400, 0.01918008424225674900, 0.01989190767395870200, 0.02131555453736261300, 0.02202737796906456500, 0.02273920140076652100 ),
 .UNSPECIFIED. ) ;
#3206 = DIRECTION ( 'NONE',  ( -0.9986295347545739400, 0.05233595624294377900, 0.0000000000000000000 ) ) ;
#3207 = ORIENTED_EDGE ( 'NONE', *, *, #4956, .F. ) ;
#3208 = DIRECTION ( 'NONE',  ( 0.0000000000000000000, -1.000000000000000000, -4.336808689942018200E-016 ) ) ;
#3209 =( NAMED_UNIT ( * ) SI_UNIT ( $, .STERADIAN. ) SOLID_ANGLE_UNIT ( ) );
#3210 = CARTESIAN_POINT ( 'NONE',  ( 8.799999999999997200, 3.636698961060964600, 5.363301038939041200 ) ) ;
#3211 = ADVANCED_FACE ( 'NONE', ( #2070 ), #2194, .F. ) ;
#3212 = DIRECTION ( 'NONE',  ( 0.0000000000000000000, -0.0000000000000000000, -1.000000000000000000 ) ) ;
#3213 = CARTESIAN_POINT ( 'NONE',  ( 11.55233595624294200, 9.118645519832096400, 2.518645519832090500 ) ) ;
#3214 = ORIENTED_EDGE ( 'NONE', *, *, #2164, .F. ) ;
#3215 = CARTESIAN_POINT ( 'NONE',  ( 9.999999999999994700, 7.000000000000004400, -4.000000000000000000 ) ) ;
#3216 = EDGE_CURVE ( 'NONE', #3227, #2780, #1251, .T. ) ;
#3217 = AXIS2_PLACEMENT_3D ( 'NONE', #2210, #3018, #4663 ) ;
#3218 = EDGE_CURVE ( 'NONE', #2196, #2066, #2250, .T. ) ;
#3219 = VERTEX_POINT ( 'NONE', #3848 ) ;
#3220 = ORIENTED_EDGE ( 'NONE', *, *, #1887, .T. ) ;
#3221 = ORIENTED_EDGE ( 'NONE', *, *, #4234, .F. ) ;
#3222 = DIRECTION ( 'NONE',  ( 1.734723475976806800E-016, -1.000000000000000000, 1.734723475976806800E-016 ) ) ;
#3223 = CARTESIAN_POINT ( 'NONE',  ( 0.0000000000000000000, 0.0000000000000000000, 0.0000000000000000000 ) ) ;
#3224 = CARTESIAN_POINT ( 'NONE',  ( -2.081766411704360400, 9.068980551792398300, -12.50000000000000200 ) ) ;
#3225 = LINE ( 'NONE', #3990, #5272 ) ;
#3226 = ORIENTED_EDGE ( 'NONE', *, *, #922, .T. ) ;
#3227 = VERTEX_POINT ( 'NONE', #1394 ) ;
#3228 = ORIENTED_EDGE ( 'NONE', *, *, #1382, .F. ) ;
#3229 = VECTOR ( 'NONE', #4271, 1000.000000000000000 ) ;
#3230 = EDGE_CURVE ( 'NONE', #2207, #825, #3205, .T. ) ;
#3231 = AXIS2_PLACEMENT_3D ( 'NONE', #3090, #1064, #1884 ) ;
#3232 = CIRCLE ( 'NONE', #129, 0.2999999999999999300 ) ;
#3233 = ORIENTED_EDGE ( 'NONE', *, *, #1310, .T. ) ;
#3234 = ADVANCED_FACE ( 'NONE', ( #4257 ), #2891, .F. ) ;
#3235 = DIRECTION ( 'NONE',  ( 0.0000000000000000000, 1.000000000000000000, 0.0000000000000000000 ) ) ;
#3236 = VERTEX_POINT ( 'NONE', #1445 ) ;
#3237 = LINE ( 'NONE', #147, #2145 ) ;
#3238 = CARTESIAN_POINT ( 'NONE',  ( 9.999999999999994700, 9.200000000000004600, 2.600000000000000100 ) ) ;
#3239 = ADVANCED_FACE ( 'NONE', ( #1817 ), #3868, .F. ) ;
#3240 = ORIENTED_EDGE ( 'NONE', *, *, #4222, .F. ) ;
#3241 = LINE ( 'NONE', #202, #5285 ) ;
#3242 = CIRCLE ( 'NONE', #2057, 0.2999999999999999300 ) ;
#3243 = AXIS2_PLACEMENT_3D ( 'NONE', #4930, #2499, #54 ) ;
#3244 = EDGE_LOOP ( 'NONE', ( #662, #363, #4041, #1070 ) ) ;
#3245 = FACE_OUTER_BOUND ( 'NONE', #3942, .T. ) ;
#3246 = CARTESIAN_POINT ( 'NONE',  ( 12.49999999999999600, -1.520015985077470600, 9.068980551792407100 ) ) ;
#3247 = EDGE_CURVE ( 'NONE', #4604, #347, #4947, .T. ) ;
#3248 = CARTESIAN_POINT ( 'NONE',  ( -2.518645519832090100, 9.118645519832094600, -11.55233595624294400 ) ) ;
#3249 = VECTOR ( 'NONE', #1160, 1000.000000000000000 ) ;
#3250 = VECTOR ( 'NONE', #3866, 1000.000000000000000 ) ;
#3251 = VECTOR ( 'NONE', #1149, 1000.000000000000000 ) ;
#3252 = FACE_OUTER_BOUND ( 'NONE', #4311, .T. ) ;
#3253 = CARTESIAN_POINT ( 'NONE',  ( -1.520015985077579800, -7.131019448207592100, -12.49999999999999800 ) ) ;
#3254 = DIRECTION ( 'NONE',  ( 1.000000000000000000, 0.0000000000000000000, 0.0000000000000000000 ) ) ;
#3255 = CARTESIAN_POINT ( 'NONE',  ( 1.520015985077516600, 9.068980551792400000, -12.49999999999999600 ) ) ;
#3256 = VERTEX_POINT ( 'NONE', #4719 ) ;
#3257 = CIRCLE ( 'NONE', #1875, 1.499999999999999600 ) ;
#3258 = EDGE_CURVE ( 'NONE', #1134, #4330, #4003, .T. ) ;
#3259 = ORIENTED_EDGE ( 'NONE', *, *, #636, .T. ) ;
#3260 = ADVANCED_FACE ( 'NONE', ( #1948 ), #600, .F. ) ;
#3261 = ORIENTED_EDGE ( 'NONE', *, *, #180, .T. ) ;
#3262 = ORIENTED_EDGE ( 'NONE', *, *, #1106, .F. ) ;
#3263 = DIRECTION ( 'NONE',  ( 1.000000000000000000, 0.0000000000000000000, 0.0000000000000000000 ) ) ;
#3264 = EDGE_CURVE ( 'NONE', #3595, #3336, #734, .T. ) ;
#3265 = DIRECTION ( 'NONE',  ( 0.0000000000000000000, 0.0000000000000000000, -1.000000000000000000 ) ) ;
#3266 = ADVANCED_FACE ( 'NONE', ( #2773 ), #5076, .F. ) ;
#3267 = DIRECTION ( 'NONE',  ( 0.05233595624294395300, -4.664008724691497900E-015, -0.9986295347545739400 ) ) ;
#3268 = DIRECTION ( 'NONE',  ( 2.895173527994261000E-015, 1.000000000000000000, -0.0000000000000000000 ) ) ;
#3269 = VERTEX_POINT ( 'NONE', #655 ) ;
#3270 = EDGE_CURVE ( 'NONE', #8, #1139, #2646, .T. ) ;
#3271 = DIRECTION ( 'NONE',  ( 1.000000000000000000, -1.805304455399569900E-016, -0.0000000000000000000 ) ) ;
#3272 = CARTESIAN_POINT ( 'NONE',  ( 0.9561521540557881300, -5.685985579201740400, 0.6554091075668632100 ) ) ;
#3273 = DIRECTION ( 'NONE',  ( 0.0000000000000000000, -0.05233595624294395300, 0.9986295347545739400 ) ) ;
#3274 = DIRECTION ( 'NONE',  ( 1.000000000000000000, 0.0000000000000000000, 0.0000000000000000000 ) ) ;
#3275 = AXIS2_PLACEMENT_3D ( 'NONE', #1560, #4435, #1976 ) ;
#3276 = CARTESIAN_POINT ( 'NONE',  ( 4.000000000000003600, -5.299588860426398500, -9.999999999999994700 ) ) ;
#3277 = EDGE_LOOP ( 'NONE', ( #4691, #4406, #1693, #3294 ) ) ;
#3278 = CARTESIAN_POINT ( 'NONE',  ( 12.11331652343349000, 9.089245774084698600, 2.489245774084692300 ) ) ;
#3279 = DIRECTION ( 'NONE',  ( -0.05233595624294412600, 0.9986295347545739400, -1.082716311089097100E-016 ) ) ;
#3280 = ORIENTED_EDGE ( 'NONE', *, *, #1756, .T. ) ;
#3281 = DIRECTION ( 'NONE',  ( -1.000000000000000000, 1.805304455399569900E-016, 0.0000000000000000000 ) ) ;
#3282 = CARTESIAN_POINT ( 'NONE',  ( -5.363301038939039400, -3.936287821487360000, -8.784299213127114900 ) ) ;
#3283 = DIRECTION ( 'NONE',  ( 0.05233595624294414700, -0.9986295347545737200, 0.0000000000000000000 ) ) ;
#3284 = EDGE_CURVE ( 'NONE', #4817, #1458, #1691, .T. ) ;
#3285 = ADVANCED_FACE ( 'NONE', ( #4693 ), #2527, .F. ) ;
#3286 = CARTESIAN_POINT ( 'NONE',  ( 4.879378375160690100, -3.279611804611282500, 4.578635328671737200 ) ) ;
#3287 = DIRECTION ( 'NONE',  ( 1.550466012510000700E-017, -0.0000000000000000000, 1.000000000000000000 ) ) ;
#3288 = ADVANCED_FACE ( 'NONE', ( #3745 ), #477, .F. ) ;
#3289 = LINE ( 'NONE', #3925, #3152 ) ;
#3290 = ORIENTED_EDGE ( 'NONE', *, *, #3439, .F. ) ;
#3291 = ORIENTED_EDGE ( 'NONE', *, *, #559, .F. ) ;
#3292 = CARTESIAN_POINT ( 'NONE',  ( 3.700411139573629400, 5.000000000000003600, -9.999999999999994700 ) ) ;
#3293 = CIRCLE ( 'NONE', #3685, 1.000000000000000900 ) ;
#3294 = ORIENTED_EDGE ( 'NONE', *, *, #4062, .F. ) ;
#3295 = ORIENTED_EDGE ( 'NONE', *, *, #2156, .T. ) ;
#3296 = CIRCLE ( 'NONE', #4921, 0.2999999999999998800 ) ;
#3297 = CARTESIAN_POINT ( 'NONE',  ( -5.363301038939039400, -3.636698961060987700, -8.499999999999998200 ) ) ;
#3298 = CARTESIAN_POINT ( 'NONE',  ( -7.131019448207609900, -1.520015985077483000, -12.50000000000000000 ) ) ;
#3299 = VECTOR ( 'NONE', #4001, 1000.000000000000000 ) ;
#3300 = ORIENTED_EDGE ( 'NONE', *, *, #3632, .F. ) ;
#3301 = CYLINDRICAL_SURFACE ( 'NONE', #3341, 0.2999999999999998800 ) ;
#3302 =( BOUNDED_CURVE ( )  B_SPLINE_CURVE ( 3, ( #826, #4110, #24, #2869 ),
 .UNSPECIFIED., .F., .F. ) 
 B_SPLINE_CURVE_WITH_KNOTS ( ( 4, 4 ),
 ( 3.141592653589793600, 4.660029102824858600 ),
 .UNSPECIFIED. ) 
 CURVE ( )  GEOMETRIC_REPRESENTATION_ITEM ( )  RATIONAL_B_SPLINE_CURVE ( ( 1.000000000000000000, 0.8169162473415254600, 0.8169162473415254600, 1.000000000000000000 ) ) 
 REPRESENTATION_ITEM ( '' )  );
#3303 = EDGE_CURVE ( 'NONE', #1055, #4106, #3620, .T. ) ;
#3304 = ORIENTED_EDGE ( 'NONE', *, *, #2010, .T. ) ;
#3305 = CARTESIAN_POINT ( 'NONE',  ( -10.00000000000000900, 0.0000000000000000000, 0.0000000000000000000 ) ) ;
#3306 = CARTESIAN_POINT ( 'NONE',  ( 8.784299213127114900, -6.936287821487382200, -3.636698961060970300 ) ) ;
#3307 = ORIENTED_EDGE ( 'NONE', *, *, #1402, .T. ) ;
#3308 = FACE_OUTER_BOUND ( 'NONE', #3747, .T. ) ;
#3309 = ORIENTED_EDGE ( 'NONE', *, *, #2237, .T. ) ;
#3310 = VECTOR ( 'NONE', #2113, 1000.000000000000000 ) ;
#3311 = DIRECTION ( 'NONE',  ( -1.000000000000000000, -6.505213034913026600E-017, -4.440892098500625200E-016 ) ) ;
#3312 = DIRECTION ( 'NONE',  ( -0.0000000000000000000, -0.0000000000000000000, 1.000000000000000000 ) ) ;
#3313 = DIRECTION ( 'NONE',  ( 0.9972646886342372300, -0.05226442768871385900, -0.05226442768871404600 ) ) ;
#3314 = CARTESIAN_POINT ( 'NONE',  ( 9.927072861725088500, 5.304233653165836100, -3.695766346834169700 ) ) ;
#3315 = CARTESIAN_POINT ( 'NONE',  ( 11.49999999999999600, 1.520015985077562500, 9.199999999999995700 ) ) ;
#3316 = ORIENTED_EDGE ( 'NONE', *, *, #446, .F. ) ;
#3317 = VECTOR ( 'NONE', #2602, 1000.000000000000000 ) ;
#3318 = ADVANCED_FACE ( 'NONE', ( #4566 ), #4813, .T. ) ;
#3319 = CARTESIAN_POINT ( 'NONE',  ( 9.999999999999994700, 9.200000000000004600, -2.600000000000000100 ) ) ;
#3320 = EDGE_LOOP ( 'NONE', ( #4300, #4515, #4393, #988, #4004 ) ) ;
#3321 = DIRECTION ( 'NONE',  ( 0.05233595624294414700, 0.0000000000000000000, -0.9986295347545737200 ) ) ;
#3322 = ADVANCED_FACE ( 'NONE', ( #1314 ), #1516, .T. ) ;
#3323 = CARTESIAN_POINT ( 'NONE',  ( -7.000000000000013300, 3.636698961060962400, -8.500000000000000000 ) ) ;
#3324 = VECTOR ( 'NONE', #2063, 1000.000000000000000 ) ;
#3325 = DIRECTION ( 'NONE',  ( 0.0000000000000000000, 0.0000000000000000000, -1.000000000000000000 ) ) ;
#3326 = DIRECTION ( 'NONE',  ( 1.550466012510000700E-017, -0.0000000000000000000, 1.000000000000000000 ) ) ;
#3327 = ORIENTED_EDGE ( 'NONE', *, *, #3303, .T. ) ;
#3328 = FACE_OUTER_BOUND ( 'NONE', #1667, .T. ) ;
#3329 = CARTESIAN_POINT ( 'NONE',  ( -7.081354480167920700, -2.518645519832059000, -11.55233595624294400 ) ) ;
#3330 = DIRECTION ( 'NONE',  ( -1.000000000000000000, -1.734723475976806600E-016, -4.440892098500625200E-016 ) ) ;
#3331 = CARTESIAN_POINT ( 'NONE',  ( 3.636698961060975200, 6.636698961060977500, -8.799999999999997200 ) ) ;
#3332 = DIRECTION ( 'NONE',  ( 0.05226442768871430300, 0.05226442768871403200, -0.9972646886342372300 ) ) ;
#3333 = AXIS2_PLACEMENT_3D ( 'NONE', #2011, #4872, #2442 ) ;
#3334 = EDGE_CURVE ( 'NONE', #564, #2649, #1429, .T. ) ;
#3335 =( LENGTH_UNIT ( ) NAMED_UNIT ( * ) SI_UNIT ( .MILLI., .METRE. ) );
#3336 = VERTEX_POINT ( 'NONE', #3975 ) ;
#3337 = DIRECTION ( 'NONE',  ( 0.0000000000000000000, 0.0000000000000000000, -1.000000000000000000 ) ) ;
#3338 = EDGE_CURVE ( 'NONE', #4697, #4255, #228, .T. ) ;
#3339 = CARTESIAN_POINT ( 'NONE',  ( 8.499999999999998200, -5.363301038939051900, -3.636698961060974300 ) ) ;
#3340 = DIRECTION ( 'NONE',  ( 1.445602896647339500E-015, 0.0000000000000000000, -1.000000000000000000 ) ) ;
#3341 = AXIS2_PLACEMENT_3D ( 'NONE', #135, #3400, #5012 ) ;
#3342 = ORIENTED_EDGE ( 'NONE', *, *, #2185, .F. ) ;
#3343 = CARTESIAN_POINT ( 'NONE',  ( 1.381826153292043900, 5.549281803371363800, -1.381826153292063000 ) ) ;
#3344 = ORIENTED_EDGE ( 'NONE', *, *, #1623, .T. ) ;
#3345 = ADVANCED_FACE ( 'NONE', ( #4447 ), #4316, .F. ) ;
#3346 = AXIS2_PLACEMENT_3D ( 'NONE', #3552, #1096, #3963 ) ;
#3347 = EDGE_CURVE ( 'NONE', #3269, #1191, #5102, .T. ) ;
#3348 = DIRECTION ( 'NONE',  ( -0.05226442768871401900, 0.05226442768871426800, 0.9972646886342372300 ) ) ;
#3349 = DIRECTION ( 'NONE',  ( 0.0000000000000000000, -0.05233595624294395300, 0.9986295347545739400 ) ) ;
#3350 = CARTESIAN_POINT ( 'NONE',  ( -3.636698961060973000, -6.636698961060942800, -8.799999999999998900 ) ) ;
#3351 = ORIENTED_EDGE ( 'NONE', *, *, #1683, .T. ) ;
#3352 = EDGE_LOOP ( 'NONE', ( #1080, #4753, #3009, #4304 ) ) ;
#3353 = DIRECTION ( 'NONE',  ( 1.000000000000000000, 1.734723475976807100E-016, -0.0000000000000000000 ) ) ;
#3354 = LINE ( 'NONE', #1597, #1874 ) ;
#3355 = AXIS2_PLACEMENT_3D ( 'NONE', #4769, #2328, #5191 ) ;
#3356 = EDGE_CURVE ( 'NONE', #1396, #4638, #3483, .T. ) ;
#3357 = ORIENTED_EDGE ( 'NONE', *, *, #2619, .F. ) ;
#3358 = ORIENTED_EDGE ( 'NONE', *, *, #908, .F. ) ;
#3359 = CARTESIAN_POINT ( 'NONE',  ( -2.983435292058256300, -4.822700634581597300, -3.284178338547222500 ) ) ;
#3360 = CARTESIAN_POINT ( 'NONE',  ( 5.203034584427199700, 2.108529292574670600, -5.203034584427201500 ) ) ;
#3361 = ORIENTED_EDGE ( 'NONE', *, *, #3851, .F. ) ;
#3362 = CIRCLE ( 'NONE', #4814, 6.282536581423928000 ) ;
#3363 = CARTESIAN_POINT ( 'NONE',  ( 3.636698961060977500, -5.363301038939051900, -8.799999999999997200 ) ) ;
#3364 = PLANE ( 'NONE',  #4251 ) ;
#3365 = CIRCLE ( 'NONE', #394, 1.000000000000000000 ) ;
#3366 = ORIENTED_EDGE ( 'NONE', *, *, #3808, .F. ) ;
#3367 = DIRECTION ( 'NONE',  ( 2.905134055610226800E-016, 1.000000000000000000, 0.0000000000000000000 ) ) ;
#3368 = ORIENTED_EDGE ( 'NONE', *, *, #4098, .T. ) ;
#3369 = ORIENTED_EDGE ( 'NONE', *, *, #4079, .F. ) ;
#3370 = LINE ( 'NONE', #2188, #1442 ) ;
#3371 = DIRECTION ( 'NONE',  ( -0.0000000000000000000, 0.0000000000000000000, 1.000000000000000000 ) ) ;
#3372 = AXIS2_PLACEMENT_3D ( 'NONE', #783, #3654, #1198 ) ;
#3373 = FACE_OUTER_BOUND ( 'NONE', #444, .T. ) ;
#3374 = CARTESIAN_POINT ( 'NONE',  ( 0.1503715232444808000, 5.740487648777997400, -0.1503715232444774500 ) ) ;
#3375 = DIRECTION ( 'NONE',  ( -0.02617694830786645700, 3.205751595667439700E-018, 0.9996573249755574800 ) ) ;
#3376 = ORIENTED_EDGE ( 'NONE', *, *, #446, .T. ) ;
#3377 = LINE ( 'NONE', #4617, #4340 ) ;
#3378 = EDGE_CURVE ( 'NONE', #4894, #293, #1183, .T. ) ;
#3379 = DIRECTION ( 'NONE',  ( -0.05226442768871358100, 0.05226442768871403200, -0.9972646886342373400 ) ) ;
#3380 = AXIS2_PLACEMENT_3D ( 'NONE', #4453, #1990, #4854 ) ;
#3381 = VECTOR ( 'NONE', #3195, 1000.000000000000100 ) ;
#3382 = CARTESIAN_POINT ( 'NONE',  ( -5.592085271610449700, -0.2282684672869995100, -5.892828318099415900 ) ) ;
#3383 = DIRECTION ( 'NONE',  ( 1.000000000000000000, 1.515216750768387900E-016, -2.891205793294680200E-015 ) ) ;
#3384 = VECTOR ( 'NONE', #1400, 1000.000000000000000 ) ;
#3385 = CARTESIAN_POINT ( 'NONE',  ( 11.55233595624294400, -9.200000000000025900, -2.518645519832003900 ) ) ;
#3386 = CIRCLE ( 'NONE', #2229, 0.2999999999999999300 ) ;
#3387 = FACE_OUTER_BOUND ( 'NONE', #3556, .T. ) ;
#3388 = CARTESIAN_POINT ( 'NONE',  ( -4.892116277839254400, 2.754494585889819500, -5.192859324328218000 ) ) ;
#3389 = PRESENTATION_LAYER_ASSIGNMENT (  '', '', ( #3093 ) ) ;
#3390 = ORIENTED_EDGE ( 'NONE', *, *, #5147, .F. ) ;
#3391 = LINE ( 'NONE', #4056, #1218 ) ;
#3392 = DIRECTION ( 'NONE',  ( 0.0000000000000000000, 2.891205793294679000E-015, -1.000000000000000000 ) ) ;
#3393 = CARTESIAN_POINT ( 'NONE',  ( -4.016832362714330500, 4.259510212699058100, 4.016832362714340300 ) ) ;
#3394 = CARTESIAN_POINT ( 'NONE',  ( -6.008253627460647700, 7.357988573335159900E-016, 10.00000000000000000 ) ) ;
#3395 = ORIENTED_EDGE ( 'NONE', *, *, #3446, .T. ) ;
#3396 = EDGE_CURVE ( 'NONE', #3156, #3421, #3225, .T. ) ;
#3397 = ORIENTED_EDGE ( 'NONE', *, *, #388, .T. ) ;
#3398 = VERTEX_POINT ( 'NONE', #3199 ) ;
#3399 = DIRECTION ( 'NONE',  ( -9.091528035460269600E-015, -1.000000000000000000, 1.734723475976785900E-016 ) ) ;
#3400 = DIRECTION ( 'NONE',  ( -0.05226442768871379000, -0.05226442768871355400, -0.9972646886342373400 ) ) ;
#3401 = AXIS2_PLACEMENT_3D ( 'NONE', #2281, #5138, #2692 ) ;
#3402 = AXIS2_PLACEMENT_3D ( 'NONE', #2311, #3037, #4668 ) ;
#3403 = VERTEX_POINT ( 'NONE', #3615 ) ;
#3404 = CARTESIAN_POINT ( 'NONE',  ( -0.4971800354465681400, 5.706179831740023200, -0.7979230819355633800 ) ) ;
#3405 = PRODUCT ( '093ww201n05_093ww201n05-1', '093ww201n05_093ww201n05-1', '', ( #4876 ) ) ;
#3406 = ORIENTED_EDGE ( 'NONE', *, *, #89, .T. ) ;
#3407 = EDGE_CURVE ( 'NONE', #1950, #2948, #1042, .T. ) ;
#3408 = CARTESIAN_POINT ( 'NONE',  ( -5.885744806190138500, 0.4795114105657381500, 5.885744806190146500 ) ) ;
#3409 = AXIS2_PLACEMENT_3D ( 'NONE', #2937, #511, #3367 ) ;
#3410 = ORIENTED_EDGE ( 'NONE', *, *, #2892, .F. ) ;
#3411 = DIRECTION ( 'NONE',  ( -0.0000000000000000000, -1.000000000000000000, 4.670409358399096100E-015 ) ) ;
#3412 = CARTESIAN_POINT ( 'NONE',  ( 3.700411139573631700, -5.000000000000025800, -9.999999999999994700 ) ) ;
#3413 = CARTESIAN_POINT ( 'NONE',  ( 1.520015985077435700, -9.068980551792414200, -12.49999999999999600 ) ) ;
#3414 = CARTESIAN_POINT ( 'NONE',  ( -9.118645519832103500, -2.518645519832049700, -11.55233595624294400 ) ) ;
#3415 = AXIS2_PLACEMENT_3D ( 'NONE', #4669, #210, #3048 ) ;
#3416 = CARTESIAN_POINT ( 'NONE',  ( 9.999999999999994700, 7.000000000000004400, 4.000000000000000000 ) ) ;
#3417 = CARTESIAN_POINT ( 'NONE',  ( -6.636698961060957000, 3.636698961060962400, -8.500000000000000000 ) ) ;
#3418 = CIRCLE ( 'NONE', #5007, 1.499999999999999600 ) ;
#3419 = ORIENTED_EDGE ( 'NONE', *, *, #4058, .T. ) ;
#3420 = CARTESIAN_POINT ( 'NONE',  ( 5.192965533649498000, 2.754358334129352500, 4.892222487160545100 ) ) ;
#3421 = VERTEX_POINT ( 'NONE', #1979 ) ;
#3422 = CARTESIAN_POINT ( 'NONE',  ( 9.999999999999996400, 6.876005637310973000, -4.000000000000000000 ) ) ;
#3423 = CARTESIAN_POINT ( 'NONE',  ( -3.622617818712865900, -6.922206679139206300, -8.515615011263477600 ) ) ;
#3424 = LINE ( 'NONE', #4169, #2336 ) ;
#3425 = ORIENTED_EDGE ( 'NONE', *, *, #4855, .F. ) ;
#3426 = LINE ( 'NONE', #3936, #294 ) ;
#3427 = EDGE_CURVE ( 'NONE', #893, #5122, #3080, .T. ) ;
#3428 = LINE ( 'NONE', #5209, #1262 ) ;
#3429 = ORIENTED_EDGE ( 'NONE', *, *, #1607, .T. ) ;
#3430 = FACE_OUTER_BOUND ( 'NONE', #3646, .T. ) ;
#3431 = DIRECTION ( 'NONE',  ( -0.0000000000000000000, -1.000000000000000000, -4.336808689942017700E-016 ) ) ;
#3432 = DIRECTION ( 'NONE',  ( 1.550466012510000700E-017, -0.0000000000000000000, 1.000000000000000000 ) ) ;
#3433 = ORIENTED_EDGE ( 'NONE', *, *, #1144, .T. ) ;
#3434 = ORIENTED_EDGE ( 'NONE', *, *, #4793, .F. ) ;
#3435 = CYLINDRICAL_SURFACE ( 'NONE', #843, 0.3000000000000003200 ) ;
#3436 = EDGE_LOOP ( 'NONE', ( #4230, #2711, #4194, #1701 ) ) ;
#3437 = VECTOR ( 'NONE', #3752, 1000.000000000000000 ) ;
#3438 =( BOUNDED_CURVE ( )  B_SPLINE_CURVE ( 3, ( #923, #5005, #131, #2961 ),
 .UNSPECIFIED., .F., .F. ) 
 B_SPLINE_CURVE_WITH_KNOTS ( ( 4, 4 ),
 ( 5.499156671652532000, 7.067213942706642300 ),
 .UNSPECIFIED. ) 
 CURVE ( )  GEOMETRIC_REPRESENTATION_ITEM ( )  RATIONAL_B_SPLINE_CURVE ( ( 1.000000000000000000, 0.8053830134673587400, 0.8053830134673587400, 1.000000000000000000 ) ) 
 REPRESENTATION_ITEM ( '' )  );
#3439 = EDGE_CURVE ( 'NONE', #1333, #3919, #924, .T. ) ;
#3440 = CARTESIAN_POINT ( 'NONE',  ( 0.7966074471248724100, 5.706314629307174300, 0.4958644006359738700 ) ) ;
#3441 = CIRCLE ( 'NONE', #1037, 5.971233832142132800 ) ;
#3442 = CARTESIAN_POINT ( 'NONE',  ( -6.636698961060957900, 3.636698961060961900, -8.800000000000000700 ) ) ;
#3443 = ORIENTED_EDGE ( 'NONE', *, *, #1005, .F. ) ;
#3444 = CARTESIAN_POINT ( 'NONE',  ( -3.636698961060974300, 5.363301038939027900, -8.499999999999998200 ) ) ;
#3445 = LINE ( 'NONE', #4598, #4282 ) ;
#3446 = EDGE_CURVE ( 'NONE', #1511, #860, #4068, .T. ) ;
#3447 = LINE ( 'NONE', #2841, #4415 ) ;
#3448 = EDGE_LOOP ( 'NONE', ( #2278, #525, #4641, #2423, #3587, #906, #3511, #4915, #2211, #4362 ) ) ;
#3449 = CARTESIAN_POINT ( 'NONE',  ( 3.936287821487348900, -6.636698961061011200, -8.784299213127113100 ) ) ;
#3450 = AXIS2_PLACEMENT_3D ( 'NONE', #3731, #1674, #4934 ) ;
#3451 = ORIENTED_EDGE ( 'NONE', *, *, #648, .F. ) ;
#3452 = FACE_OUTER_BOUND ( 'NONE', #5214, .T. ) ;
#3453 = DIRECTION ( 'NONE',  ( -1.734723475976807100E-016, -1.000000000000000000, 0.0000000000000000000 ) ) ;
#3454 = SHAPE_DEFINITION_REPRESENTATION ( #3579, #3528 ) ;
#3455 = DIRECTION ( 'NONE',  ( -0.9986295347545739400, 9.266847082173726000E-015, -0.05233595624294417500 ) ) ;
#3456 = EDGE_CURVE ( 'NONE', #1426, #630, #3354, .T. ) ;
#3457 = ORIENTED_EDGE ( 'NONE', *, *, #382, .F. ) ;
#3458 = CARTESIAN_POINT ( 'NONE',  ( -5.900915317458197900, 6.677850281643789100E-016, 5.900915317458205900 ) ) ;
#3459 = CARTESIAN_POINT ( 'NONE',  ( 5.587147964757403600, -0.4398422602659801100, -5.587147964757406300 ) ) ;
#3460 = CARTESIAN_POINT ( 'NONE',  ( 10.11466723005238900, -7.006009454883559900, 2.593990545116482400 ) ) ;
#3461 = DIRECTION ( 'NONE',  ( 0.05233595624294412600, -0.9986295347545739400, 9.328017449382992600E-015 ) ) ;
#3462 = DIRECTION ( 'NONE',  ( -0.05226442768871405300, -0.05226442768871400500, -0.9972646886342373400 ) ) ;
#3463 = EDGE_CURVE ( 'NONE', #3468, #913, #4193, .T. ) ;
#3464 = EDGE_LOOP ( 'NONE', ( #2275, #638, #1593 ) ) ;
#3465 = DIRECTION ( 'NONE',  ( 1.000000000000000000, 0.0000000000000000000, 0.0000000000000000000 ) ) ;
#3466 = CARTESIAN_POINT ( 'NONE',  ( -1.520015985077598300, -9.068980551792387600, -12.49999999999999800 ) ) ;
#3467 = DIRECTION ( 'NONE',  ( -1.000000000000000000, 9.345783568074951700E-015, -2.220446049250328900E-016 ) ) ;
#3468 = VERTEX_POINT ( 'NONE', #2422 ) ;
#3469 = DIRECTION ( 'NONE',  ( -0.05226442768871422700, -0.05226442768871403200, 0.9972646886342372300 ) ) ;
#3470 = CARTESIAN_POINT ( 'NONE',  ( -3.433278170577970500, -4.734367350507649300, 3.433278170577983800 ) ) ;
#3471 = EDGE_LOOP ( 'NONE', ( #4055, #353 ) ) ;
#3472 = ORIENTED_EDGE ( 'NONE', *, *, #4002, .F. ) ;
#3473 = CARTESIAN_POINT ( 'NONE',  ( 1.693442349860777100, -5.454172598294750400, -1.693442349860790900 ) ) ;
#3474 = CARTESIAN_POINT ( 'NONE',  ( 2.518645519832027000, -7.081354480167935800, -11.55233595624294200 ) ) ;
#3475 = EDGE_CURVE ( 'NONE', #1387, #1222, #2952, .T. ) ;
#3476 = DIRECTION ( 'NONE',  ( -9.131541006154063200E-015, -0.9986295347545739400, -0.05233595624294395300 ) ) ;
#3477 = AXIS2_PLACEMENT_3D ( 'NONE', #151, #2608, #168 ) ;
#3478 = SPHERICAL_SURFACE ( 'NONE', #5192, 0.2999999999999999900 ) ;
#3479 = DIRECTION ( 'NONE',  ( 0.0000000000000000000, 1.000000000000000000, 0.0000000000000000000 ) ) ;
#3480 = ORIENTED_EDGE ( 'NONE', *, *, #4370, .T. ) ;
#3481 = ORIENTED_EDGE ( 'NONE', *, *, #342, .F. ) ;
#3482 = CARTESIAN_POINT ( 'NONE',  ( 12.49999999999999800, -9.068980551792410700, -1.520015985077429300 ) ) ;
#3483 = CIRCLE ( 'NONE', #2277, 0.2999999999999999300 ) ;
#3484 = ORIENTED_EDGE ( 'NONE', *, *, #4699, .F. ) ;
#3485 = DIRECTION ( 'NONE',  ( -2.465673422132804300E-016, -1.000000000000000000, 0.0000000000000000000 ) ) ;
#3486 = ORIENTED_EDGE ( 'NONE', *, *, #2435, .F. ) ;
#3487 = ORIENTED_EDGE ( 'NONE', *, *, #19, .F. ) ;
#3488 = LINE ( 'NONE', #4236, #4451 ) ;
#3489 = PLANE ( 'NONE',  #1100 ) ;
#3490 = DIRECTION ( 'NONE',  ( -1.445602896647339700E-015, -7.576083753841925900E-017, -1.000000000000000000 ) ) ;
#3491 = CIRCLE ( 'NONE', #4610, 0.2999999999999999300 ) ;
#3492 = ORIENTED_EDGE ( 'NONE', *, *, #3910, .T. ) ;
#3493 = EDGE_CURVE ( 'NONE', #3167, #3621, #3931, .T. ) ;
#3494 = EDGE_LOOP ( 'NONE', ( #5140, #1095, #2803, #2097 ) ) ;
#3495 = DIRECTION ( 'NONE',  ( 0.0000000000000000000, 1.000000000000000000, 0.0000000000000000000 ) ) ;
#3496 = LINE ( 'NONE', #2104, #2413 ) ;
#3497 = DIRECTION ( 'NONE',  ( 0.05233595624294412600, -0.9986295347545739400, 0.0000000000000000000 ) ) ;
#3498 = VERTEX_POINT ( 'NONE', #3658 ) ;
#3499 = LINE ( 'NONE', #3805, #2418 ) ;
#3500 = VECTOR ( 'NONE', #4371, 1000.000000000000000 ) ;
#3501 = CARTESIAN_POINT ( 'NONE',  ( -3.636698961060974300, -5.363301038939052700, -8.799999999999998900 ) ) ;
#3502 = AXIS2_PLACEMENT_3D ( 'NONE', #4277, #2634, #205 ) ;
#3503 = EDGE_CURVE ( 'NONE', #907, #2066, #795, .T. ) ;
#3504 = ORIENTED_EDGE ( 'NONE', *, *, #2526, .T. ) ;
#3505 = CARTESIAN_POINT ( 'NONE',  ( 6.263470565197306600, 0.0000000000000000000, 9.255216937736641100 ) ) ;
#3506 = FACE_OUTER_BOUND ( 'NONE', #2523, .T. ) ;
#3507 = CARTESIAN_POINT ( 'NONE',  ( -9.068980551792385800, 2.600000000000040900, -12.50000000000000000 ) ) ;
#3508 = CYLINDRICAL_SURFACE ( 'NONE', #1443, 2.599999999999996500 ) ;
#3509 = CARTESIAN_POINT ( 'NONE',  ( 8.799999999999995400, 5.363301038939029700, -3.636698961060974800 ) ) ;
#3510 = VECTOR ( 'NONE', #560, 1000.000000000000000 ) ;
#3511 = ORIENTED_EDGE ( 'NONE', *, *, #4280, .T. ) ;
#3512 = ORIENTED_EDGE ( 'NONE', *, *, #528, .T. ) ;
#3513 = EDGE_CURVE ( 'NONE', #4796, #3120, #665, .T. ) ;
#3514 = CARTESIAN_POINT ( 'NONE',  ( 8.784299213127111400, 5.363301038939029700, -3.936287821487347100 ) ) ;
#3515 = LINE ( 'NONE', #3992, #128 ) ;
#3516 = ADVANCED_FACE ( 'NONE', ( #1630 ), #2579, .F. ) ;
#3517 = CARTESIAN_POINT ( 'NONE',  ( -7.008253627460661900, 8.582635372482532100E-016, 10.00000000000000000 ) ) ;
#3518 = FACE_OUTER_BOUND ( 'NONE', #3244, .T. ) ;
#3519 = CARTESIAN_POINT ( 'NONE',  ( -3.876005637310967700, 5.000000000000001800, -10.00000000000000200 ) ) ;
#3520 = EDGE_LOOP ( 'NONE', ( #3259, #4810, #4312, #1895 ) ) ;
#3521 = VECTOR ( 'NONE', #739, 1000.000000000000100 ) ;
#3522 = AXIS2_PLACEMENT_3D ( 'NONE', #3698, #845, #1659 ) ;
#3523 = CARTESIAN_POINT ( 'NONE',  ( 9.999999999999994700, 10.00000000000000500, 8.500000000000000000 ) ) ;
#3524 = CARTESIAN_POINT ( 'NONE',  ( -5.000000000000013300, -3.700411139573641400, -9.999999999999998200 ) ) ;
#3525 = CARTESIAN_POINT ( 'NONE',  ( 8.799999999999998900, -5.363301038939051900, -3.636698961060974800 ) ) ;
#3526 = ORIENTED_EDGE ( 'NONE', *, *, #2739, .T. ) ;
#3527 = CARTESIAN_POINT ( 'NONE',  ( -9.199999999999988600, 2.600000000000041400, -12.50000000000000000 ) ) ;
#3528 = SHAPE_REPRESENTATION ( '093ww201n05_093ww201n05-1', ( #2002 ), #1464 ) ;
#3529 = EDGE_CURVE ( 'NONE', #1723, #4285, #3681, .T. ) ;
#3530 = CARTESIAN_POINT ( 'NONE',  ( 8.799999999999998900, -6.636698961061010300, -3.636698961060973500 ) ) ;
#3531 = CARTESIAN_POINT ( 'NONE',  ( 9.999999999999994700, 7.000000000000004400, 3.700411139573628500 ) ) ;
#3532 = DIRECTION ( 'NONE',  ( -0.9986295347545739400, 0.0000000000000000000, -0.05233595624294395300 ) ) ;
#3533 = DIRECTION ( 'NONE',  ( -0.0000000000000000000, -1.000000000000000000, -0.0000000000000000000 ) ) ;
#3534 = CARTESIAN_POINT ( 'NONE',  ( 12.50000000000000200, -9.068980551792378700, 2.081766411704447000 ) ) ;
#3535 = EDGE_CURVE ( 'NONE', #2310, #3190, #534, .T. ) ;
#3536 =( BOUNDED_CURVE ( )  B_SPLINE_CURVE ( 3, ( #4503, #1232, #3680, #2042 ),
 .UNSPECIFIED., .F., .F. ) 
 B_SPLINE_CURVE_WITH_KNOTS ( ( 4, 4 ),
 ( 2.357564018062736600, 3.925621289116843400 ),
 .UNSPECIFIED. ) 
 CURVE ( )  GEOMETRIC_REPRESENTATION_ITEM ( )  RATIONAL_B_SPLINE_CURVE ( ( 1.000000000000000000, 0.8053830134673594100, 0.8053830134673594100, 1.000000000000000000 ) ) 
 REPRESENTATION_ITEM ( '' )  );
#3537 = ORIENTED_EDGE ( 'NONE', *, *, #3922, .F. ) ;
#3538 = ADVANCED_FACE ( 'NONE', ( #1494 ), #1620, .F. ) ;
#3539 = CARTESIAN_POINT ( 'NONE',  ( 8.784299213127114900, -5.063712178512679100, -3.636698961060974800 ) ) ;
#3540 = DIRECTION ( 'NONE',  ( -0.0000000000000000000, -1.000000000000000000, 4.670409358399096100E-015 ) ) ;
#3541 = DIRECTION ( 'NONE',  ( 0.0000000000000000000, 0.0000000000000000000, -1.000000000000000000 ) ) ;
#3542 = ORIENTED_EDGE ( 'NONE', *, *, #2330, .F. ) ;
#3543 = EDGE_CURVE ( 'NONE', #1139, #2055, #4626, .T. ) ;
#3544 = VERTEX_POINT ( 'NONE', #2043 ) ;
#3545 = AXIS2_PLACEMENT_3D ( 'NONE', #4183, #3793, #1341 ) ;
#3546 = DIRECTION ( 'NONE',  ( 0.0000000000000000000, -1.000000000000000000, 1.084202172485504300E-016 ) ) ;
#3547 = CARTESIAN_POINT ( 'NONE',  ( 3.922206679139237800, -6.622617818712901000, -8.515615011263472300 ) ) ;
#3548 = CARTESIAN_POINT ( 'NONE',  ( -2.599999999999999600, 9.200000000000002800, -9.999999999999998200 ) ) ;
#3549 =( BOUNDED_CURVE ( )  B_SPLINE_CURVE ( 3, ( #1552, #3604, #325, #4426 ),
 .UNSPECIFIED., .F., .F. ) 
 B_SPLINE_CURVE_WITH_KNOTS ( ( 4, 4 ),
 ( 4.764748857944522500, 6.283185307179588000 ),
 .UNSPECIFIED. ) 
 CURVE ( )  GEOMETRIC_REPRESENTATION_ITEM ( )  RATIONAL_B_SPLINE_CURVE ( ( 1.000000000000000000, 0.8169162473415252400, 0.8169162473415252400, 1.000000000000000000 ) ) 
 REPRESENTATION_ITEM ( '' )  );
#3550 = DIRECTION ( 'NONE',  ( -1.000000000000000000, 2.895173527994274000E-015, -0.0000000000000000000 ) ) ;
#3551 = EDGE_CURVE ( 'NONE', #1723, #4116, #4746, .T. ) ;
#3552 = CARTESIAN_POINT ( 'NONE',  ( 3.286149905664754900E-015, 0.0000000000000000000, -7.500000000000013300 ) ) ;
#3553 = VECTOR ( 'NONE', #4139, 1000.000000000000000 ) ;
#3554 = AXIS2_PLACEMENT_3D ( 'NONE', #1919, #4401, #1935 ) ;
#3555 = VERTEX_POINT ( 'NONE', #2464 ) ;
#3556 = EDGE_LOOP ( 'NONE', ( #4755, #2878, #740, #1768 ) ) ;
#3557 = CARTESIAN_POINT ( 'NONE',  ( -10.00000000000000900, 8.500000000000007100, 8.500000000000000000 ) ) ;
#3558 = PLANE ( 'NONE',  #352 ) ;
#3559 = DIRECTION ( 'NONE',  ( 0.0000000000000000000, 0.0000000000000000000, 1.000000000000000000 ) ) ;
#3560 = ORIENTED_EDGE ( 'NONE', *, *, #1031, .T. ) ;
#3561 = FACE_BOUND ( 'NONE', #723, .T. ) ;
#3562 = EDGE_LOOP ( 'NONE', ( #257, #1759, #4156, #3607, #3175, #2530 ) ) ;
#3563 = CIRCLE ( 'NONE', #372, 0.2999999999999999300 ) ;
#3564 = EDGE_LOOP ( 'NONE', ( #3395, #4309, #4856 ) ) ;
#3565 = LINE ( 'NONE', #3385, #2345 ) ;
#3566 = DIRECTION ( 'NONE',  ( -1.570766203209640700E-017, -0.0000000000000000000, -1.000000000000000000 ) ) ;
#3567 = CARTESIAN_POINT ( 'NONE',  ( 10.27103163466928500, -9.185795833911507600, 2.585795833911617200 ) ) ;
#3568 = DIRECTION ( 'NONE',  ( 0.0000000000000000000, 0.0000000000000000000, 1.000000000000000000 ) ) ;
#3569 = CARTESIAN_POINT ( 'NONE',  ( -7.081354480167897600, 2.518645519832123800, -11.55233595624294400 ) ) ;
#3570 = ORIENTED_EDGE ( 'NONE', *, *, #1026, .F. ) ;
#3571 = DIRECTION ( 'NONE',  ( -0.9986295347545739400, 0.05233595624294377900, 0.0000000000000000000 ) ) ;
#3572 = ADVANCED_FACE ( 'NONE', ( #282 ), #2329, .F. ) ;
#3573 = AXIS2_PLACEMENT_3D ( 'NONE', #2713, #276, #3119 ) ;
#3574 = EDGE_CURVE ( 'NONE', #1673, #4579, #3418, .T. ) ;
#3575 = EDGE_LOOP ( 'NONE', ( #5152, #760, #3586, #3261 ) ) ;
#3576 = CYLINDRICAL_SURFACE ( 'NONE', #299, 0.2999999999999998800 ) ;
#3577 = ORIENTED_EDGE ( 'NONE', *, *, #4690, .F. ) ;
#3578 = DIRECTION ( 'NONE',  ( -0.0000000000000000000, -1.000000000000000000, 9.462128050782581700E-015 ) ) ;
#3579 = PRODUCT_DEFINITION_SHAPE ( 'NONE', 'NONE',  #533 ) ;
#3580 = DIRECTION ( 'NONE',  ( 0.9986295347545739400, -4.499852956110475800E-015, -0.05233595624294373100 ) ) ;
#3581 = CIRCLE ( 'NONE', #5260, 0.2999999999999999300 ) ;
#3582 = DIRECTION ( 'NONE',  ( -1.000000000000000000, 7.237933819985674800E-015, -0.0000000000000000000 ) ) ;
#3583 = LINE ( 'NONE', #4622, #310 ) ;
#3584 = DIRECTION ( 'NONE',  ( 0.0000000000000000000, -1.000000000000000000, 7.228014483236698300E-015 ) ) ;
#3585 = SPHERICAL_SURFACE ( 'NONE', #710, 0.2999999999999999900 ) ;
#3586 = ORIENTED_EDGE ( 'NONE', *, *, #3098, .T. ) ;
#3587 = ORIENTED_EDGE ( 'NONE', *, *, #2817, .T. ) ;
#3588 = VECTOR ( 'NONE', #4508, 1000.000000000000000 ) ;
#3589 = CARTESIAN_POINT ( 'NONE',  ( -5.304233653165844900, -3.695766346834182100, -9.927072861725093800 ) ) ;
#3590 = DIRECTION ( 'NONE',  ( 0.0000000000000000000, 0.0000000000000000000, -1.000000000000000000 ) ) ;
#3591 = EDGE_CURVE ( 'NONE', #4536, #4997, #2461, .T. ) ;
#3592 = CARTESIAN_POINT ( 'NONE',  ( 2.518645519832092300, 7.081354480167911800, -11.55233595624294200 ) ) ;
#3593 = ORIENTED_EDGE ( 'NONE', *, *, #3513, .F. ) ;
#3594 = CARTESIAN_POINT ( 'NONE',  ( -8.500000000000005300, 8.500000000000005300, 8.500000000000000000 ) ) ;
#3595 = VERTEX_POINT ( 'NONE', #3306 ) ;
#3596 = DIRECTION ( 'NONE',  ( 0.0000000000000000000, -1.084202172485504100E-016, -1.000000000000000000 ) ) ;
#3597 = CARTESIAN_POINT ( 'NONE',  ( -10.00000000000000900, -8.499999999999994700, 8.500000000000000000 ) ) ;
#3598 = ADVANCED_FACE ( 'NONE', ( #159 ), #443, .T. ) ;
#3599 = DIRECTION ( 'NONE',  ( 0.0000000000000000000, 8.673617379884035500E-015, 1.000000000000000000 ) ) ;
#3600 = ORIENTED_EDGE ( 'NONE', *, *, #55, .T. ) ;
#3601 = EDGE_LOOP ( 'NONE', ( #3889, #1823, #1699, #4774 ) ) ;
#3602 = CARTESIAN_POINT ( 'NONE',  ( 9.999999999999998200, -4.000000000000011500, 6.876005637310988100 ) ) ;
#3603 = CARTESIAN_POINT ( 'NONE',  ( 2.518645519832091400, 9.118645519832096400, -11.55233595624294200 ) ) ;
#3604 = CARTESIAN_POINT ( 'NONE',  ( -9.089245774084682600, 2.489245774084734500, -12.11331652343349500 ) ) ;
#3605 = CARTESIAN_POINT ( 'NONE',  ( -1.520015985077515900, 7.131019448207605500, -12.49999999999999800 ) ) ;
#3606 = B_SPLINE_CURVE_WITH_KNOTS ( 'NONE', 3,
 ( #3374, #516, #1340, #4198, #1743, #4608, #2150, #5000, #2566, #127, #2956, #526, #3393, #939, #3803, #1356, #4218, #1757, #4619, #2169, #5022, #2576, #141, #2978, #538, #3408, #955, #3823 ),
 .UNSPECIFIED., .F., .F.,
 ( 4, 2, 2, 2, 2, 2, 2, 2, 2, 2, 2, 2, 2, 4 ),
 ( -1.515840244827126000E-005, 0.0006951656535507001900, 0.001405489709549671400, 0.002826137821547614100, 0.004246785933545556300, 0.005667434045543498500, 0.006377758101542470500, 0.007088082157541441600, 0.007798406213540412700, 0.008508730269539384700, 0.009219054325538355800, 0.009929378381537326900, 0.01063970243753630000, 0.01135002649353526900 ),
 .UNSPECIFIED. ) ;
#3607 = ORIENTED_EDGE ( 'NONE', *, *, #4167, .T. ) ;
#3608 = CARTESIAN_POINT ( 'NONE',  ( 9.999999999999996400, -2.599999999999954800, 9.200000000000015300 ) ) ;
#3609 = EDGE_CURVE ( 'NONE', #96, #4588, #4509, .T. ) ;
#3610 = CARTESIAN_POINT ( 'NONE',  ( 8.799999999999997200, 3.636698961060964600, 6.636698961060959700 ) ) ;
#3611 = CARTESIAN_POINT ( 'NONE',  ( 11.55233595624294200, 9.068980551792400000, 2.518645519832090500 ) ) ;
#3612 = EDGE_CURVE ( 'NONE', #1191, #1365, #4384, .T. ) ;
#3613 = FACE_OUTER_BOUND ( 'NONE', #2776, .T. ) ;
#3614 = ORIENTED_EDGE ( 'NONE', *, *, #2972, .T. ) ;
#3615 = CARTESIAN_POINT ( 'NONE',  ( 6.499999999999995600, -3.149999999999999900, -6.500000000000000900 ) ) ;
#3616 = ORIENTED_EDGE ( 'NONE', *, *, #578, .F. ) ;
#3617 = DIRECTION ( 'NONE',  ( 1.000000000000000000, 0.0000000000000000000, 0.0000000000000000000 ) ) ;
#3618 = CARTESIAN_POINT ( 'NONE',  ( -8.500000000000008900, -8.499999999999994700, 8.500000000000000000 ) ) ;
#3619 = ADVANCED_FACE ( 'NONE', ( #32 ), #2064, .F. ) ;
#3620 = LINE ( 'NONE', #3135, #350 ) ;
#3621 = VERTEX_POINT ( 'NONE', #872 ) ;
#3622 = ORIENTED_EDGE ( 'NONE', *, *, #1280, .T. ) ;
#3623 = ORIENTED_EDGE ( 'NONE', *, *, #4293, .T. ) ;
#3624 = LINE ( 'NONE', #3423, #1434 ) ;
#3625 = AXIS2_PLACEMENT_3D ( 'NONE', #1473, #3101, #663 ) ;
#3626 = LINE ( 'NONE', #281, #358 ) ;
#3627 = VERTEX_POINT ( 'NONE', #1059 ) ;
#3628 = CARTESIAN_POINT ( 'NONE',  ( 9.999999999999994700, 10.00000000000000500, -10.00000000000000000 ) ) ;
#3629 = ORIENTED_EDGE ( 'NONE', *, *, #5118, .F. ) ;
#3630 = CARTESIAN_POINT ( 'NONE',  ( 0.0000000000000000000, 0.0000000000000000000, 0.0000000000000000000 ) ) ;
#3631 = VECTOR ( 'NONE', #2087, 1000.000000000000000 ) ;
#3632 = EDGE_CURVE ( 'NONE', #1673, #3721, #4250, .T. ) ;
#3633 = DIRECTION ( 'NONE',  ( -4.528103823341676000E-015, -0.9986295347545739400, -0.05233595624294395300 ) ) ;
#3634 = ORIENTED_EDGE ( 'NONE', *, *, #4537, .F. ) ;
#3635 = FACE_OUTER_BOUND ( 'NONE', #5238, .T. ) ;
#3636 = LINE ( 'NONE', #274, #3500 ) ;
#3637 = DIRECTION ( 'NONE',  ( 0.9972646886342374500, -0.05226442768871424800, 0.05226442768871432400 ) ) ;
#3638 = DIRECTION ( 'NONE',  ( 0.9972646886342373400, 0.05226442768871423400, 0.05226442768871453200 ) ) ;
#3639 = EDGE_LOOP ( 'NONE', ( #4764, #3280, #4875, #2411 ) ) ;
#3640 = VECTOR ( 'NONE', #3348, 1000.000000000000100 ) ;
#3641 = DIRECTION ( 'NONE',  ( 1.000000000000000000, 0.0000000000000000000, 0.0000000000000000000 ) ) ;
#3642 = VECTOR ( 'NONE', #3132, 1000.000000000000000 ) ;
#3643 = AXIS2_PLACEMENT_3D ( 'NONE', #2700, #2720, #279 ) ;
#3644 = EDGE_CURVE ( 'NONE', #2787, #3236, #3289, .T. ) ;
#3645 = FACE_OUTER_BOUND ( 'NONE', #3683, .T. ) ;
#3646 = EDGE_LOOP ( 'NONE', ( #2926, #2291, #4907, #730 ) ) ;
#3647 = ORIENTED_EDGE ( 'NONE', *, *, #1451, .T. ) ;
#3648 = LINE ( 'NONE', #1893, #509 ) ;
#3649 = FACE_OUTER_BOUND ( 'NONE', #537, .T. ) ;
#3650 = ADVANCED_FACE ( 'NONE', ( #2195 ), #3997, .F. ) ;
#3651 = DIRECTION ( 'NONE',  ( 0.05226442768871432400, -0.05226442768871469900, -0.9972646886342374500 ) ) ;
#3652 = DIRECTION ( 'NONE',  ( 1.000000000000000000, 0.0000000000000000000, 0.0000000000000000000 ) ) ;
#3653 = ADVANCED_FACE ( 'NONE', ( #5206, #3013 ), #669, .F. ) ;
#3654 = DIRECTION ( 'NONE',  ( 0.9972646886342374500, -0.05226442768871364400, 0.05226442768871432400 ) ) ;
#3655 = ORIENTED_EDGE ( 'NONE', *, *, #3218, .F. ) ;
#3656 = FACE_OUTER_BOUND ( 'NONE', #1786, .T. ) ;
#3657 = AXIS2_PLACEMENT_3D ( 'NONE', #2391, #1987, #1589 ) ;
#3658 = CARTESIAN_POINT ( 'NONE',  ( -2.600000000000062300, -7.000000000000026600, -9.999999999999998200 ) ) ;
#3659 = ORIENTED_EDGE ( 'NONE', *, *, #3609, .F. ) ;
#3660 = EDGE_CURVE ( 'NONE', #4006, #489, #5070, .T. ) ;
#3661 = CARTESIAN_POINT ( 'NONE',  ( -10.00000000000000900, -9.999999999999994700, 10.00000000000000000 ) ) ;
#3662 = CARTESIAN_POINT ( 'NONE',  ( 2.599999999999917000, -9.200000000000027700, -9.999999999999994700 ) ) ;
#3663 = CARTESIAN_POINT ( 'NONE',  ( -3.999999999999999100, 6.700411139573629000, -9.999999999999998200 ) ) ;
#3664 = VERTEX_POINT ( 'NONE', #4367 ) ;
#3665 = CARTESIAN_POINT ( 'NONE',  ( -7.000000000000012400, -3.700411139573638800, -10.00000000000000000 ) ) ;
#3666 = APPLICATION_CONTEXT ( 'automotive_design' ) ;
#3667 = MECHANICAL_DESIGN_GEOMETRIC_PRESENTATION_REPRESENTATION (  '', ( #3093 ), #3930 ) ;
#3668 = CARTESIAN_POINT ( 'NONE',  ( 8.799999999999995400, 6.636698961060977500, 3.636698961060974300 ) ) ;
#3669 = VERTEX_POINT ( 'NONE', #2316 ) ;
#3670 = DIRECTION ( 'NONE',  ( -1.000000000000000000, 7.055262550366244800E-016, -2.220446049250314100E-016 ) ) ;
#3671 = EDGE_CURVE ( 'NONE', #554, #2040, #752, .T. ) ;
#3672 = ADVANCED_FACE ( 'NONE', ( #1938 ), #3863, .T. ) ;
#3673 = CARTESIAN_POINT ( 'NONE',  ( 8.799999999999997200, 3.636698961060965000, 6.636698961060959700 ) ) ;
#3674 = CARTESIAN_POINT ( 'NONE',  ( 2.600000000000000500, 0.0000000000000000000, -7.500000000000013300 ) ) ;
#3675 = CARTESIAN_POINT ( 'NONE',  ( 9.999999999999998200, -5.299588860426396800, 4.000000000000002700 ) ) ;
#3676 = ADVANCED_FACE ( 'NONE', ( #1810 ), #2334, .T. ) ;
#3677 = AXIS2_PLACEMENT_3D ( 'NONE', #5124, #641, #2259 ) ;
#3678 = AXIS2_PLACEMENT_3D ( 'NONE', #2518, #78, #2915 ) ;
#3679 = CARTESIAN_POINT ( 'NONE',  ( 9.999999999999996400, 3.999999999999990700, 5.299588860426387000 ) ) ;
#3680 = CARTESIAN_POINT ( 'NONE',  ( 4.000000000000001800, 5.123994362689035000, -10.00000000000000000 ) ) ;
#3681 = LINE ( 'NONE', #1221, #4879 ) ;
#3682 = ORIENTED_EDGE ( 'NONE', *, *, #4335, .T. ) ;
#3683 = EDGE_LOOP ( 'NONE', ( #1989, #1449, #4967, #3965, #2246, #2802 ) ) ;
#3684 = EDGE_CURVE ( 'NONE', #1259, #4536, #728, .T. ) ;
#3685 = AXIS2_PLACEMENT_3D ( 'NONE', #4192, #1739, #4603 ) ;
#3686 = DIRECTION ( 'NONE',  ( 1.499927763195791700E-016, -0.9986295347545739400, 0.05233595624294395300 ) ) ;
#3687 = CARTESIAN_POINT ( 'NONE',  ( 1.749015268642429200, -5.523447255425229400, 1.448272222153488700 ) ) ;
#3688 = ORIENTED_EDGE ( 'NONE', *, *, #2881, .F. ) ;
#3689 = SPHERICAL_SURFACE ( 'NONE', #3402, 0.2999999999999999900 ) ;
#3690 = ORIENTED_EDGE ( 'NONE', *, *, #332, .T. ) ;
#3691 = LINE ( 'NONE', #3129, #4639 ) ;
#3692 = VECTOR ( 'NONE', #898, 1000.000000000000100 ) ;
#3693 = AXIS2_PLACEMENT_3D ( 'NONE', #634, #3490, #1033 ) ;
#3694 = EDGE_LOOP ( 'NONE', ( #463, #1483, #18, #1927 ) ) ;
#3695 = ADVANCED_FACE ( 'NONE', ( #2765 ), #3984, .F. ) ;
#3696 = FACE_OUTER_BOUND ( 'NONE', #2172, .T. ) ;
#3697 = VERTEX_POINT ( 'NONE', #2357 ) ;
#3698 = CARTESIAN_POINT ( 'NONE',  ( 9.687314107979181800, 6.683201122986680800, -3.683201122986675900 ) ) ;
#3699 = CARTESIAN_POINT ( 'NONE',  ( 11.55233595624294400, -9.118645519832115900, -2.518645519832004800 ) ) ;
#3700 = ADVANCED_FACE ( 'NONE', ( #1686 ), #2639, .F. ) ;
#3701 = CARTESIAN_POINT ( 'NONE',  ( -10.00000000000000900, 0.0000000000000000000, 6.008253627460656600 ) ) ;
#3702 = LINE ( 'NONE', #1663, #2599 ) ;
#3703 =( BOUNDED_CURVE ( )  B_SPLINE_CURVE ( 3, ( #3824, #2184, #3422, #970 ),
 .UNSPECIFIED., .F., .F. ) 
 B_SPLINE_CURVE_WITH_KNOTS ( ( 4, 4 ),
 ( 5.499156671652532000, 7.067213942706642300 ),
 .UNSPECIFIED. ) 
 CURVE ( )  GEOMETRIC_REPRESENTATION_ITEM ( )  RATIONAL_B_SPLINE_CURVE ( ( 1.000000000000000000, 0.8053830134673587400, 0.8053830134673587400, 1.000000000000000000 ) ) 
 REPRESENTATION_ITEM ( '' )  );
#3704 = LINE ( 'NONE', #1109, #435 ) ;
#3705 = CARTESIAN_POINT ( 'NONE',  ( -4.999181651936215300, 3.701229487637413700, -10.01561501126347200 ) ) ;
#3706 = LINE ( 'NONE', #672, #2606 ) ;
#3707 = CARTESIAN_POINT ( 'NONE',  ( -8.500000000000008900, -8.499999999999994700, 10.00000000000000000 ) ) ;
#3708 = CARTESIAN_POINT ( 'NONE',  ( 5.380572718617714600, -2.379337890119635800, 5.079829672128759900 ) ) ;
#3709 = VERTEX_POINT ( 'NONE', #3173 ) ;
#3710 = VERTEX_POINT ( 'NONE', #725 ) ;
#3711 = VECTOR ( 'NONE', #4440, 1000.000000000000000 ) ;
#3712 = EDGE_CURVE ( 'NONE', #1121, #1907, #3740, .T. ) ;
#3713 = ORIENTED_EDGE ( 'NONE', *, *, #2817, .F. ) ;
#3714 = EDGE_CURVE ( 'NONE', #2207, #2039, #4943, .T. ) ;
#3715 = DIRECTION ( 'NONE',  ( 4.923623742293319200E-032, -4.533936357666653900E-015, -1.000000000000000000 ) ) ;
#3716 = CARTESIAN_POINT ( 'NONE',  ( -5.900915317458197900, 6.677850281643789100E-016, 5.900915317458205900 ) ) ;
#3717 = AXIS2_PLACEMENT_3D ( 'NONE', #2746, #1517, #3157 ) ;
#3718 = CARTESIAN_POINT ( 'NONE',  ( 12.11331652343349000, -2.489245774084657200, 7.110754225915321100 ) ) ;
#3719 = DIRECTION ( 'NONE',  ( 4.377729979143918900E-015, 0.9986295347545739400, -0.05233595624294395300 ) ) ;
#3720 = ADVANCED_FACE ( 'NONE', ( #3613 ), #1423, .T. ) ;
#3721 = VERTEX_POINT ( 'NONE', #333 ) ;
#3722 = EDGE_CURVE ( 'NONE', #2182, #2665, #472, .T. ) ;
#3723 = CARTESIAN_POINT ( 'NONE',  ( 9.999999999999994700, 9.200000000000004600, 2.600000000000000100 ) ) ;
#3724 = CARTESIAN_POINT ( 'NONE',  ( -3.999999999999998200, -7.000000000000026600, -8.499999999999998200 ) ) ;
#3725 = CARTESIAN_POINT ( 'NONE',  ( -1.520015985077598300, -9.068980551792387600, -12.49999999999999800 ) ) ;
#3726 = ADVANCED_FACE ( 'NONE', ( #4807 ), #1159, .F. ) ;
#3727 = AXIS2_PLACEMENT_3D ( 'NONE', #887, #469, #2908 ) ;
#3728 = ORIENTED_EDGE ( 'NONE', *, *, #5178, .T. ) ;
#3729 = EDGE_CURVE ( 'NONE', #1233, #2587, #344, .T. ) ;
#3730 = ORIENTED_EDGE ( 'NONE', *, *, #1408, .T. ) ;
#3731 = CARTESIAN_POINT ( 'NONE',  ( -3.695766346834168400, 5.304233653165833400, -9.927072861725092100 ) ) ;
#3732 = CARTESIAN_POINT ( 'NONE',  ( 9.999999999999994700, 7.000000000000003600, 3.876005637310969000 ) ) ;
#3733 = CARTESIAN_POINT ( 'NONE',  ( -5.000000000000013300, -3.700411139573641400, -9.999999999999998200 ) ) ;
#3734 = AXIS2_PLACEMENT_3D ( 'NONE', #361, #774, #3641 ) ;
#3735 = EDGE_CURVE ( 'NONE', #4704, #370, #4688, .T. ) ;
#3736 = CARTESIAN_POINT ( 'NONE',  ( -3.636698961060975200, -6.936287821487314700, -8.784299213127114900 ) ) ;
#3737 = DIRECTION ( 'NONE',  ( -1.000000000000000000, 0.0000000000000000000, 0.0000000000000000000 ) ) ;
#3738 = DIRECTION ( 'NONE',  ( -0.9986295347545737200, 0.0000000000000000000, -0.05233595624294422300 ) ) ;
#3739 = CARTESIAN_POINT ( 'NONE',  ( 10.03131579813635500, -3.701229487637437200, 5.298770512362589000 ) ) ;
#3740 = LINE ( 'NONE', #2757, #1555 ) ;
#3741 = ORIENTED_EDGE ( 'NONE', *, *, #4922, .F. ) ;
#3742 = ORIENTED_EDGE ( 'NONE', *, *, #822, .F. ) ;
#3743 =( NAMED_UNIT ( * ) SI_UNIT ( $, .STERADIAN. ) SOLID_ANGLE_UNIT ( ) );
#3744 = ORIENTED_EDGE ( 'NONE', *, *, #4185, .T. ) ;
#3745 = FACE_OUTER_BOUND ( 'NONE', #4880, .T. ) ;
#3746 = ORIENTED_EDGE ( 'NONE', *, *, #3886, .F. ) ;
#3747 = EDGE_LOOP ( 'NONE', ( #1584, #2743, #1480, #4721, #2991 ) ) ;
#3748 = EDGE_LOOP ( 'NONE', ( #3623, #4272, #1549 ) ) ;
#3749 = LINE ( 'NONE', #4051, #2651 ) ;
#3750 = CARTESIAN_POINT ( 'NONE',  ( 4.000000000000001800, -7.000000000000026600, -9.999999999999994700 ) ) ;
#3751 = ADVANCED_FACE ( 'NONE', ( #1308 ), #3478, .F. ) ;
#3752 = DIRECTION ( 'NONE',  ( 0.0000000000000000000, -0.0000000000000000000, -1.000000000000000000 ) ) ;
#3753 = PRESENTATION_STYLE_ASSIGNMENT (( #4848 ) ) ;
#3754 = ORIENTED_EDGE ( 'NONE', *, *, #3612, .T. ) ;
#3755 = CYLINDRICAL_SURFACE ( 'NONE', #2943, 2.599999999999996500 ) ;
#3756 = ORIENTED_EDGE ( 'NONE', *, *, #657, .F. ) ;
#3757 = EDGE_CURVE ( 'NONE', #1387, #2224, #1696, .T. ) ;
#3758 = ORIENTED_EDGE ( 'NONE', *, *, #1382, .T. ) ;
#3759 = VECTOR ( 'NONE', #1668, 1000.000000000000000 ) ;
#3760 = DIRECTION ( 'NONE',  ( 1.000000000000000000, 0.0000000000000000000, 0.0000000000000000000 ) ) ;
#3761 = ORIENTED_EDGE ( 'NONE', *, *, #3513, .T. ) ;
#3762 = VECTOR ( 'NONE', #2154, 1000.000000000000000 ) ;
#3763 = LINE ( 'NONE', #2695, #2660 ) ;
#3764 = CARTESIAN_POINT ( 'NONE',  ( 0.1503715232444807200, -5.740487648777994800, -0.1503715232444773600 ) ) ;
#3765 = CARTESIAN_POINT ( 'NONE',  ( 2.278103967933292800, 5.220319650855526700, -2.278103967933302200 ) ) ;
#3766 = CARTESIAN_POINT ( 'NONE',  ( -3.999999999999998200, -5.363301038939053600, -8.499999999999998200 ) ) ;
#3767 = CARTESIAN_POINT ( 'NONE',  ( 9.999999999999994700, 9.200000000000004600, -2.600000000000000100 ) ) ;
#3768 = ORIENTED_EDGE ( 'NONE', *, *, #3356, .T. ) ;
#3769 = FACE_OUTER_BOUND ( 'NONE', #3494, .T. ) ;
#3770 = CARTESIAN_POINT ( 'NONE',  ( 9.999999999999994700, 3.149999999999999900, -10.00000000000000000 ) ) ;
#3771 = AXIS2_PLACEMENT_3D ( 'NONE', #1834, #4687, #2242 ) ;
#3772 = CIRCLE ( 'NONE', #2834, 0.2999999999999999300 ) ;
#3773 = DIRECTION ( 'NONE',  ( -1.000000000000000000, 0.0000000000000000000, 0.0000000000000000000 ) ) ;
#3774 = FACE_OUTER_BOUND ( 'NONE', #4522, .T. ) ;
#3775 = ORIENTED_EDGE ( 'NONE', *, *, #1913, .T. ) ;
#3776 = ORIENTED_EDGE ( 'NONE', *, *, #731, .T. ) ;
#3777 = CARTESIAN_POINT ( 'NONE',  ( 12.49999999999999800, -9.199999999999986900, 1.520015985077603600 ) ) ;
#3778 = DIRECTION ( 'NONE',  ( -0.9986295347545737200, 0.0000000000000000000, 0.05233595624294414700 ) ) ;
#3779 = LINE ( 'NONE', #288, #2432 ) ;
#3780 = VECTOR ( 'NONE', #3399, 1000.000000000000000 ) ;
#3781 = EDGE_CURVE ( 'NONE', #293, #4525, #4900, .T. ) ;
#3782 = VERTEX_POINT ( 'NONE', #1986 ) ;
#3783 = SPHERICAL_SURFACE ( 'NONE', #3909, 0.2999999999999999900 ) ;
#3784 = CARTESIAN_POINT ( 'NONE',  ( -3.823015675551346700, -4.160016527066073200, -4.123758722040313400 ) ) ;
#3785 = CARTESIAN_POINT ( 'NONE',  ( 5.401677194907682300, 1.511149829374518700, -5.401677194907684100 ) ) ;
#3786 = DIRECTION ( 'NONE',  ( 0.0000000000000000000, 2.891205793294679000E-015, -1.000000000000000000 ) ) ;
#3787 = DIRECTION ( 'NONE',  ( -0.9986295347545739400, 0.0000000000000000000, -0.05233595624294395300 ) ) ;
#3788 = ADVANCED_FACE ( 'NONE', ( #2489 ), #3585, .F. ) ;
#3789 = AXIS2_PLACEMENT_3D ( 'NONE', #1811, #4674, #2231 ) ;
#3790 = EDGE_CURVE ( 'NONE', #3919, #5182, #311, .T. ) ;
#3791 = ORIENTED_EDGE ( 'NONE', *, *, #382, .T. ) ;
#3792 = EDGE_CURVE ( 'NONE', #3865, #2166, #1395, .T. ) ;
#3793 = DIRECTION ( 'NONE',  ( -1.000000000000000000, 0.0000000000000000000, 0.0000000000000000000 ) ) ;
#3794 = AXIS2_PLACEMENT_3D ( 'NONE', #3134, #697, #3559 ) ;
#3795 = CARTESIAN_POINT ( 'NONE',  ( 10.01561501126346900, 6.701229487637429600, 4.000818348063798900 ) ) ;
#3796 = DIRECTION ( 'NONE',  ( 1.000000000000000000, 0.0000000000000000000, 0.0000000000000000000 ) ) ;
#3797 = ORIENTED_EDGE ( 'NONE', *, *, #1964, .F. ) ;
#3798 = CARTESIAN_POINT ( 'NONE',  ( -7.000000000000012400, -4.000000000000012400, -10.00000000000000000 ) ) ;
#3799 = AXIS2_PLACEMENT_3D ( 'NONE', #2906, #468, #3337 ) ;
#3800 = CARTESIAN_POINT ( 'NONE',  ( -4.573341221155277300, 3.270400334469531200, -4.874084267644243500 ) ) ;
#3801 = EDGE_CURVE ( 'NONE', #1888, #3053, #4535, .T. ) ;
#3802 = DIRECTION ( 'NONE',  ( -0.9986295347545739400, 0.0000000000000000000, 0.05233595624294395300 ) ) ;
#3803 = CARTESIAN_POINT ( 'NONE',  ( -4.428070838669770000, 3.846937350936446200, 4.428070838669780700 ) ) ;
#3804 = EDGE_LOOP ( 'NONE', ( #3233, #611, #1778, #4097 ) ) ;
#3805 = CARTESIAN_POINT ( 'NONE',  ( 10.01561501126347200, 3.701229487637418500, 7.000818348063783800 ) ) ;
#3806 = VECTOR ( 'NONE', #4871, 1000.000000000000000 ) ;
#3807 = AXIS2_PLACEMENT_3D ( 'NONE', #4459, #1994, #4859 ) ;
#3808 = EDGE_CURVE ( 'NONE', #5141, #2729, #3447, .T. ) ;
#3809 = DIRECTION ( 'NONE',  ( -0.0000000000000000000, 1.000000000000000000, -0.0000000000000000000 ) ) ;
#3810 = VERTEX_POINT ( 'NONE', #391 ) ;
#3811 = ORIENTED_EDGE ( 'NONE', *, *, #1849, .T. ) ;
#3812 = CARTESIAN_POINT ( 'NONE',  ( 8.515615011263472300, 3.622617818712854800, 5.077793320860778600 ) ) ;
#3813 = CARTESIAN_POINT ( 'NONE',  ( 8.499999999999994700, 5.363301038939029700, -3.636698961060975200 ) ) ;
#3814 = VECTOR ( 'NONE', #4946, 1000.000000000000000 ) ;
#3815 = CARTESIAN_POINT ( 'NONE',  ( -0.1736623076166926600, 5.731914225221012200, -0.4744053541057317000 ) ) ;
#3816 = EDGE_LOOP ( 'NONE', ( #1754, #3682, #2580, #283, #5074, #4385, #2065, #2888, #2768, #473, #3480, #1175 ) ) ;
#3817 = VECTOR ( 'NONE', #1814, 1000.000000000000100 ) ;
#3818 = EDGE_CURVE ( 'NONE', #1139, #8, #2362, .T. ) ;
#3819 = ORIENTED_EDGE ( 'NONE', *, *, #2930, .F. ) ;
#3820 = VECTOR ( 'NONE', #1879, 1000.000000000000000 ) ;
#3821 = DIRECTION ( 'NONE',  ( 1.734723475976806600E-016, -1.000000000000000000, 1.734723475976807100E-016 ) ) ;
#3822 = VECTOR ( 'NONE', #2106, 1000.000000000000000 ) ;
#3823 = CARTESIAN_POINT ( 'NONE',  ( -5.900915317458197900, 6.677850281643789100E-016, 5.900915317458205900 ) ) ;
#3824 = CARTESIAN_POINT ( 'NONE',  ( 9.999999999999994700, 7.000000000000004400, -3.700411139573627700 ) ) ;
#3825 = ORIENTED_EDGE ( 'NONE', *, *, #3543, .F. ) ;
#3826 = LINE ( 'NONE', #5149, #2851 ) ;
#3827 = VERTEX_POINT ( 'NONE', #3679 ) ;
#3828 = EDGE_CURVE ( 'NONE', #1962, #2039, #192, .T. ) ;
#3829 = CIRCLE ( 'NONE', #4999, 0.2999999999999998800 ) ;
#3830 = CARTESIAN_POINT ( 'NONE',  ( -5.298770512362586300, -4.000818348063812200, -10.01561501126347200 ) ) ;
#3831 = FACE_OUTER_BOUND ( 'NONE', #2115, .T. ) ;
#3832 = LINE ( 'NONE', #3089, #1657 ) ;
#3833 = DIRECTION ( 'NONE',  ( -0.05233595624294395300, 4.330865244356391300E-016, 0.9986295347545739400 ) ) ;
#3834 = CARTESIAN_POINT ( 'NONE',  ( 9.999999999999998200, 0.0000000000000000000, 0.0000000000000000000 ) ) ;
#3835 = UNCERTAINTY_MEASURE_WITH_UNIT (LENGTH_MEASURE( 1.000000000000000100E-005 ), #2412, 'distance_accuracy_value', 'NONE');
#3836 = EDGE_LOOP ( 'NONE', ( #3481, #2745, #1534, #200 ) ) ;
#3837 = ORIENTED_EDGE ( 'NONE', *, *, #4490, .T. ) ;
#3838 = VECTOR ( 'NONE', #2763, 1000.000000000000000 ) ;
#3839 = CARTESIAN_POINT ( 'NONE',  ( 4.871621890409144000, 3.274006568162611600, 4.570878843920191900 ) ) ;
#3840 = VERTEX_POINT ( 'NONE', #1640 ) ;
#3841 = AXIS2_PLACEMENT_3D ( 'NONE', #4723, #658, #3532 ) ;
#3842 = EDGE_CURVE ( 'NONE', #1971, #2838, #2637, .T. ) ;
#3843 = CARTESIAN_POINT ( 'NONE',  ( 9.999999999999998200, -7.000000000000024900, 3.700411139573633000 ) ) ;
#3844 = DIRECTION ( 'NONE',  ( 1.734723475976807100E-016, 1.000000000000000000, 0.0000000000000000000 ) ) ;
#3845 = CARTESIAN_POINT ( 'NONE',  ( 9.999999999999994700, -3.149999999999999900, -6.500000000000000900 ) ) ;
#3846 = CARTESIAN_POINT ( 'NONE',  ( 11.55233595624294200, 9.118645519832096400, -2.518645519832091000 ) ) ;
#3847 = CARTESIAN_POINT ( 'NONE',  ( -6.622617818712881500, -3.922206679139248500, -8.515615011263474100 ) ) ;
#3848 = CARTESIAN_POINT ( 'NONE',  ( 9.999999999999996400, 2.600000000000044900, 9.199999999999990400 ) ) ;
#3849 = CARTESIAN_POINT ( 'NONE',  ( 0.4740305682026060800, 5.731933442806160400, 0.1732875217138789800 ) ) ;
#3850 = ORIENTED_EDGE ( 'NONE', *, *, #5118, .T. ) ;
#3851 = EDGE_CURVE ( 'NONE', #2949, #2587, #1142, .T. ) ;
#3852 = CARTESIAN_POINT ( 'NONE',  ( 9.999999999999998200, -9.200000000000025900, -2.599999999999913000 ) ) ;
#3853 = DIRECTION ( 'NONE',  ( 0.0000000000000000000, 0.9986295347545737200, 0.05233595624294422300 ) ) ;
#3854 = CARTESIAN_POINT ( 'NONE',  ( 9.999999999999996400, -4.000000000000009800, 7.000000000000015100 ) ) ;
#3855 = ORIENTED_EDGE ( 'NONE', *, *, #4202, .T. ) ;
#3856 = CARTESIAN_POINT ( 'NONE',  ( -4.000818348063798000, 5.298770512362575700, -10.01561501126347200 ) ) ;
#3857 = PLANE ( 'NONE',  #2572 ) ;
#3858 = CARTESIAN_POINT ( 'NONE',  ( 3.936287821487347100, 6.921388331075441200, -8.784299213127113100 ) ) ;
#3859 = CARTESIAN_POINT ( 'NONE',  ( -7.006009454883595400, -2.593990545116384700, -10.11466723005238900 ) ) ;
#3860 = DIRECTION ( 'NONE',  ( 0.9972646886342373400, -0.05226442768871436600, -0.05226442768871397000 ) ) ;
#3861 = CARTESIAN_POINT ( 'NONE',  ( -5.886147831722667000, -0.4742540596051489900, 5.886147831722675900 ) ) ;
#3862 = CARTESIAN_POINT ( 'NONE',  ( 5.499128042388904600, -1.091954400052257200, -5.499128042388904600 ) ) ;
#3863 = CYLINDRICAL_SURFACE ( 'NONE', #2721, 0.9999999999999997800 ) ;
#3864 = ORIENTED_EDGE ( 'NONE', *, *, #342, .T. ) ;
#3865 = VERTEX_POINT ( 'NONE', #3297 ) ;
#3866 = DIRECTION ( 'NONE',  ( -1.734723475976807100E-016, 1.000000000000000000, -0.0000000000000000000 ) ) ;
#3867 = DIRECTION ( 'NONE',  ( -0.9986295347545737200, 0.0000000000000000000, 0.05233595624294414700 ) ) ;
#3868 = CONICAL_SURFACE ( 'NONE', #4303, 7.035495700303544100, 0.8115781021773536000 ) ;
#3869 = ORIENTED_EDGE ( 'NONE', *, *, #1020, .T. ) ;
#3870 = ORIENTED_EDGE ( 'NONE', *, *, #2556, .T. ) ;
#3871 = EDGE_LOOP ( 'NONE', ( #4196, #2528 ) ) ;
#3872 = CIRCLE ( 'NONE', #4016, 0.2999999999999999300 ) ;
#3873 = CARTESIAN_POINT ( 'NONE',  ( 2.518645519832008800, -9.118645519832117700, -11.55233595624294200 ) ) ;
#3874 = EDGE_CURVE ( 'NONE', #2040, #2196, #2223, .T. ) ;
#3875 = DIRECTION ( 'NONE',  ( 0.05233595624294395300, 9.449160533141215500E-015, 0.9986295347545739400 ) ) ;
#3876 = VERTEX_POINT ( 'NONE', #2861 ) ;
#3877 = VECTOR ( 'NONE', #3916, 1000.000000000000000 ) ;
#3878 = DIRECTION ( 'NONE',  ( -0.0000000000000000000, 0.0000000000000000000, 1.000000000000000000 ) ) ;
#3879 = CARTESIAN_POINT ( 'NONE',  ( -3.999999999999998200, -7.000000000000026600, -9.999999999999998200 ) ) ;
#3880 = ORIENTED_EDGE ( 'NONE', *, *, #2082, .F. ) ;
#3881 = FACE_OUTER_BOUND ( 'NONE', #4974, .T. ) ;
#3882 = ORIENTED_EDGE ( 'NONE', *, *, #3303, .F. ) ;
#3883 = CIRCLE ( 'NONE', #467, 2.600000000000001000 ) ;
#3884 = CYLINDRICAL_SURFACE ( 'NONE', #967, 1.000000000000000000 ) ;
#3885 = CARTESIAN_POINT ( 'NONE',  ( -2.654716307018440100, -5.177741169840333900, 2.654716307018453400 ) ) ;
#3886 = EDGE_CURVE ( 'NONE', #1676, #2754, #3188, .T. ) ;
#3887 = CARTESIAN_POINT ( 'NONE',  ( 0.9266294868629600900, -5.648806028644059100, -0.9266294868629904000 ) ) ;
#3888 = ORIENTED_EDGE ( 'NONE', *, *, #2397, .F. ) ;
#3889 = ORIENTED_EDGE ( 'NONE', *, *, #908, .T. ) ;
#3890 = CIRCLE ( 'NONE', #3799, 0.2999999999999999300 ) ;
#3891 = DIRECTION ( 'NONE',  ( 1.000000000000000000, 0.0000000000000000000, 0.0000000000000000000 ) ) ;
#3892 = FACE_OUTER_BOUND ( 'NONE', #3836, .T. ) ;
#3893 = FACE_OUTER_BOUND ( 'NONE', #5225, .T. ) ;
#3894 = ORIENTED_EDGE ( 'NONE', *, *, #3660, .F. ) ;
#3895 = ORIENTED_EDGE ( 'NONE', *, *, #2248, .T. ) ;
#3896 = FACE_OUTER_BOUND ( 'NONE', #4800, .T. ) ;
#3897 = ORIENTED_EDGE ( 'NONE', *, *, #4092, .F. ) ;
#3898 = CARTESIAN_POINT ( 'NONE',  ( 8.799999999999995400, 6.636698961060978300, 3.636698961060974800 ) ) ;
#3899 = FACE_OUTER_BOUND ( 'NONE', #5207, .T. ) ;
#3900 = PLANE ( 'NONE',  #4860 ) ;
#3901 = CARTESIAN_POINT ( 'NONE',  ( 3.636698961060976100, -6.636698961061010300, -8.499999999999996400 ) ) ;
#3902 = EDGE_CURVE ( 'NONE', #1311, #5112, #1010, .T. ) ;
#3903 = ORIENTED_EDGE ( 'NONE', *, *, #2156, .F. ) ;
#3904 = VECTOR ( 'NONE', #2312, 1000.000000000000000 ) ;
#3905 = CARTESIAN_POINT ( 'NONE',  ( -10.00000000000000700, 4.128514106687783000E-017, 0.0000000000000000000 ) ) ;
#3906 = DIRECTION ( 'NONE',  ( 1.734723475976807100E-016, -1.000000000000000000, 0.0000000000000000000 ) ) ;
#3907 = CARTESIAN_POINT ( 'NONE',  ( 9.999999999999998200, -7.000000000000025800, -2.599999999999933500 ) ) ;
#3908 = DIRECTION ( 'NONE',  ( 1.000000000000000000, 0.0000000000000000000, 0.0000000000000000000 ) ) ;
#3909 = AXIS2_PLACEMENT_3D ( 'NONE', #5228, #4418, #328 ) ;
#3910 = EDGE_CURVE ( 'NONE', #3468, #65, #4160, .T. ) ;
#3911 = DIRECTION ( 'NONE',  ( 0.0000000000000000000, 0.0000000000000000000, -1.000000000000000000 ) ) ;
#3912 = ADVANCED_FACE ( 'NONE', ( #64 ), #4029, .F. ) ;
#3913 = CARTESIAN_POINT ( 'NONE',  ( -9.200000000000011700, -2.599999999999958300, -10.00000000000000000 ) ) ;
#3914 = CARTESIAN_POINT ( 'NONE',  ( 8.799999999999998900, -7.000000000000024900, 3.636698961060976100 ) ) ;
#3915 = ORIENTED_EDGE ( 'NONE', *, *, #707, .F. ) ;
#3916 = DIRECTION ( 'NONE',  ( -4.496937010801416200E-015, -1.000000000000000000, 1.734723475976797000E-016 ) ) ;
#3917 = DIRECTION ( 'NONE',  ( -0.05233595624294422300, 0.0000000000000000000, -0.9986295347545737200 ) ) ;
#3918 = CARTESIAN_POINT ( 'NONE',  ( 9.999999999999998200, -7.000000000000024900, 4.000000000000001800 ) ) ;
#3919 = VERTEX_POINT ( 'NONE', #4953 ) ;
#3920 = CARTESIAN_POINT ( 'NONE',  ( 12.11331652343349100, -7.110754225915330900, -2.489245774084624800 ) ) ;
#3921 = DIRECTION ( 'NONE',  ( 0.9972646886342374500, 0.05226442768871417800, -0.05226442768871424800 ) ) ;
#3922 = EDGE_CURVE ( 'NONE', #973, #1007, #884, .T. ) ;
#3923 = AXIS2_PLACEMENT_3D ( 'NONE', #405, #3268, #820 ) ;
#3924 = DIRECTION ( 'NONE',  ( -2.891205793294679400E-015, -1.515216750768387600E-016, -1.000000000000000000 ) ) ;
#3925 = CARTESIAN_POINT ( 'NONE',  ( 9.999999999999994700, 7.000000000000004400, 2.600000000000000100 ) ) ;
#3926 = ORIENTED_EDGE ( 'NONE', *, *, #4992, .F. ) ;
#3927 = ORIENTED_EDGE ( 'NONE', *, *, #2372, .F. ) ;
#3928 = DIRECTION ( 'NONE',  ( -0.05233595624294422300, 0.0000000000000000000, -0.9986295347545737200 ) ) ;
#3929 = CARTESIAN_POINT ( 'NONE',  ( 8.799999999999997200, -3.636698961060984600, 6.636698961060992600 ) ) ;
#3930 =( GEOMETRIC_REPRESENTATION_CONTEXT ( 3 ) GLOBAL_UNCERTAINTY_ASSIGNED_CONTEXT ( ( #3835 ) ) GLOBAL_UNIT_ASSIGNED_CONTEXT ( ( #2412, #5261, #2814 ) ) REPRESENTATION_CONTEXT ( 'NONE', 'WORKASPACE' ) );
#3931 = LINE ( 'NONE', #785, #2831 ) ;
#3932 = VERTEX_POINT ( 'NONE', #3339 ) ;
#3933 = DIRECTION ( 'NONE',  ( 0.05233595624294414700, 0.9986295347545737200, 0.0000000000000000000 ) ) ;
#3934 = ORIENTED_EDGE ( 'NONE', *, *, #2056, .F. ) ;
#3935 = CARTESIAN_POINT ( 'NONE',  ( 8.799999999999995400, 6.636698961060978300, 4.000000000000000900 ) ) ;
#3936 = CARTESIAN_POINT ( 'NONE',  ( 8.515615011263477600, -6.622617818712830800, 3.922206679139238700 ) ) ;
#3937 = DIRECTION ( 'NONE',  ( 0.05233595624294395300, 0.0000000000000000000, 0.9986295347545739400 ) ) ;
#3938 = ADVANCED_FACE ( 'NONE', ( #1843 ), #4972, .F. ) ;
#3939 = CARTESIAN_POINT ( 'NONE',  ( 11.55233595624294200, 7.081354480167913600, -2.518645519832090500 ) ) ;
#3940 = VECTOR ( 'NONE', #48, 1000.000000000000000 ) ;
#3941 = EDGE_CURVE ( 'NONE', #1318, #4106, #5103, .T. ) ;
#3942 = EDGE_LOOP ( 'NONE', ( #4542, #2894, #3291, #1312, #1372 ) ) ;
#3943 = CARTESIAN_POINT ( 'NONE',  ( -2.599999999999998800, 7.000000000000001800, -12.49999999999999800 ) ) ;
#3944 = VECTOR ( 'NONE', #1798, 1000.000000000000200 ) ;
#3945 = EDGE_LOOP ( 'NONE', ( #4190, #2656, #1153, #4844 ) ) ;
#3946 = FACE_OUTER_BOUND ( 'NONE', #595, .T. ) ;
#3947 = VECTOR ( 'NONE', #4545, 1000.000000000000200 ) ;
#3948 = AXIS2_PLACEMENT_3D ( 'NONE', #4543, #2505, #4940 ) ;
#3949 = DIRECTION ( 'NONE',  ( -0.0000000000000000000, -9.340818716798192300E-015, -1.000000000000000000 ) ) ;
#3950 = ORIENTED_EDGE ( 'NONE', *, *, #2930, .T. ) ;
#3951 = CARTESIAN_POINT ( 'NONE',  ( -5.592085271610449700, 1.512686646019621200E-015, -5.892828318099413200 ) ) ;
#3952 = CIRCLE ( 'NONE', #4772, 7.008253627460665500 ) ;
#3953 = EDGE_LOOP ( 'NONE', ( #3537, #3429, #2282, #1285 ) ) ;
#3954 = DIRECTION ( 'NONE',  ( -1.000000000000000000, -1.734723475976806600E-016, -4.440892098500625200E-016 ) ) ;
#3955 = VECTOR ( 'NONE', #5, 1000.000000000000100 ) ;
#3956 = DIRECTION ( 'NONE',  ( 0.0000000000000000000, 1.000000000000000000, 0.0000000000000000000 ) ) ;
#3957 = FACE_OUTER_BOUND ( 'NONE', #1433, .T. ) ;
#3958 = EDGE_CURVE ( 'NONE', #53, #1385, #1970, .T. ) ;
#3959 = DIRECTION ( 'NONE',  ( 2.895173527994269700E-015, 1.000000000000000000, -0.0000000000000000000 ) ) ;
#3960 = PLANE ( 'NONE',  #1953 ) ;
#3961 = FACE_OUTER_BOUND ( 'NONE', #1813, .T. ) ;
#3962 = LINE ( 'NONE', #5125, #4095 ) ;
#3963 = DIRECTION ( 'NONE',  ( 1.000000000000000000, 0.0000000000000000000, 0.0000000000000000000 ) ) ;
#3964 = ORIENTED_EDGE ( 'NONE', *, *, #4717, .F. ) ;
#3965 = ORIENTED_EDGE ( 'NONE', *, *, #4370, .F. ) ;
#3966 = CIRCLE ( 'NONE', #2962, 0.2999999999999999300 ) ;
#3967 = DIRECTION ( 'NONE',  ( 0.0000000000000000000, 0.0000000000000000000, -1.000000000000000000 ) ) ;
#3968 = AXIS2_PLACEMENT_3D ( 'NONE', #1047, #3921, #1470 ) ;
#3969 = ADVANCED_FACE ( 'NONE', ( #3893 ), #87, .F. ) ;
#3970 = DIRECTION ( 'NONE',  ( 0.05233595624294417500, 0.0000000000000000000, -0.9986295347545739400 ) ) ;
#3971 = ORIENTED_EDGE ( 'NONE', *, *, #5068, .F. ) ;
#3972 = ORIENTED_EDGE ( 'NONE', *, *, #5248, .T. ) ;
#3973 = DIRECTION ( 'NONE',  ( -1.127570259384924000E-015, -1.000000000000000000, 1.734723475976804100E-016 ) ) ;
#3974 =( BOUNDED_CURVE ( )  B_SPLINE_CURVE ( 3, ( #2748, #2347, #4780, #306 ),
 .UNSPECIFIED., .F., .F. ) 
 B_SPLINE_CURVE_WITH_KNOTS ( ( 4, 4 ),
 ( 2.357564018062741100, 3.925621289116847800 ),
 .UNSPECIFIED. ) 
 CURVE ( )  GEOMETRIC_REPRESENTATION_ITEM ( )  RATIONAL_B_SPLINE_CURVE ( ( 1.000000000000000000, 0.8053830134673594100, 0.8053830134673594100, 1.000000000000000000 ) ) 
 REPRESENTATION_ITEM ( '' )  );
#3975 = CARTESIAN_POINT ( 'NONE',  ( 8.784299213127114900, -6.636698961061010300, -3.936287821487345400 ) ) ;
#3976 = CARTESIAN_POINT ( 'NONE',  ( 9.999999999999996400, -2.599999999999965000, 7.000000000000015100 ) ) ;
#3977 = CARTESIAN_POINT ( 'NONE',  ( 8.799999999999997200, 3.636698961060964600, 6.636698961060959700 ) ) ;
#3978 = PLANE ( 'NONE',  #2508 ) ;
#3979 = CARTESIAN_POINT ( 'NONE',  ( -10.00000000000000500, 8.500000000000005300, 8.500000000000000000 ) ) ;
#3980 = DIRECTION ( 'NONE',  ( -0.05226442768871425400, -0.05226442768871404600, 0.9972646886342373400 ) ) ;
#3981 = AXIS2_PLACEMENT_3D ( 'NONE', #4666, #3006, #2214 ) ;
#3982 = EDGE_CURVE ( 'NONE', #137, #4398, #759, .T. ) ;
#3983 = ORIENTED_EDGE ( 'NONE', *, *, #3818, .F. ) ;
#3984 = PLANE ( 'NONE',  #3554 ) ;
#3985 = DIRECTION ( 'NONE',  ( 0.9972646886342372300, 0.05226442768871419200, -0.05226442768871410900 ) ) ;
#3986 = ORIENTED_EDGE ( 'NONE', *, *, #4185, .F. ) ;
#3987 = EDGE_CURVE ( 'NONE', #241, #3810, #4842, .T. ) ;
#3988 = ORIENTED_EDGE ( 'NONE', *, *, #3258, .T. ) ;
#3989 = AXIS2_PLACEMENT_3D ( 'NONE', #3991, #1926, #2366 ) ;
#3990 = CARTESIAN_POINT ( 'NONE',  ( 9.999999999999994700, -3.149999999999999900, -10.00000000000000000 ) ) ;
#3991 = CARTESIAN_POINT ( 'NONE',  ( 2.600000000000000500, 9.200000000000002800, -9.999999999999994700 ) ) ;
#3992 = CARTESIAN_POINT ( 'NONE',  ( -7.000000000000018700, -3.636698961060986800, -8.499999999999998200 ) ) ;
#3993 = DIRECTION ( 'NONE',  ( 1.000000000000000000, 0.0000000000000000000, 0.0000000000000000000 ) ) ;
#3994 = ADVANCED_FACE ( 'NONE', ( #3774 ), #1591, .T. ) ;
#3995 = DIRECTION ( 'NONE',  ( -0.0000000000000000000, 1.000000000000000000, -0.0000000000000000000 ) ) ;
#3996 =( BOUNDED_CURVE ( )  B_SPLINE_CURVE ( 3, ( #2051, #4114, #2475, #27 ),
 .UNSPECIFIED., .F., .F. ) 
 B_SPLINE_CURVE_WITH_KNOTS ( ( 4, 4 ),
 ( 2.357564018062738900, 3.925621289116848700 ),
 .UNSPECIFIED. ) 
 CURVE ( )  GEOMETRIC_REPRESENTATION_ITEM ( )  RATIONAL_B_SPLINE_CURVE ( ( 1.000000000000000000, 0.8053830134673587400, 0.8053830134673587400, 1.000000000000000000 ) ) 
 REPRESENTATION_ITEM ( '' )  );
#3997 = CONICAL_SURFACE ( 'NONE', #809, 6.008253627460651300, 0.02617993877990825900 ) ;
#3998 = AXIS2_PLACEMENT_3D ( 'NONE', #1710, #494, #3349 ) ;
#3999 = VERTEX_POINT ( 'NONE', #4585 ) ;
#4000 = ORIENTED_EDGE ( 'NONE', *, *, #145, .F. ) ;
#4001 = DIRECTION ( 'NONE',  ( 0.0000000000000000000, 1.000000000000000000, -1.084202172485504300E-016 ) ) ;
#4002 = EDGE_CURVE ( 'NONE', #2079, #2207, #3606, .T. ) ;
#4003 = LINE ( 'NONE', #2682, #859 ) ;
#4004 = ORIENTED_EDGE ( 'NONE', *, *, #1484, .F. ) ;
#4005 = CARTESIAN_POINT ( 'NONE',  ( 4.000000000000001800, -6.700411139573665400, -9.999999999999994700 ) ) ;
#4006 = VERTEX_POINT ( 'NONE', #2941 ) ;
#4007 = ORIENTED_EDGE ( 'NONE', *, *, #2885, .F. ) ;
#4008 = VECTOR ( 'NONE', #2782, 1000.000000000000000 ) ;
#4009 = EDGE_LOOP ( 'NONE', ( #1513, #4141, #3207 ) ) ;
#4010 = CIRCLE ( 'NONE', #2685, 0.2999999999999999300 ) ;
#4011 = CARTESIAN_POINT ( 'NONE',  ( 9.999999999999996400, -3.700411139573636500, 7.000000000000015100 ) ) ;
#4012 = DIRECTION ( 'NONE',  ( 1.734723475976806600E-016, -1.000000000000000000, 1.734723475976807100E-016 ) ) ;
#4013 = VERTEX_POINT ( 'NONE', #1368 ) ;
#4014 = FACE_OUTER_BOUND ( 'NONE', #2852, .T. ) ;
#4015 = CARTESIAN_POINT ( 'NONE',  ( 8.799999999999997200, -3.636698961060984600, 5.363301038939042100 ) ) ;
#4016 = AXIS2_PLACEMENT_3D ( 'NONE', #3673, #1225, #4088 ) ;
#4017 = EDGE_CURVE ( 'NONE', #1639, #3219, #629, .T. ) ;
#4018 = ORIENTED_EDGE ( 'NONE', *, *, #4301, .T. ) ;
#4019 = FACE_OUTER_BOUND ( 'NONE', #3748, .T. ) ;
#4020 = CIRCLE ( 'NONE', #4901, 6.263470565197303100 ) ;
#4021 = CARTESIAN_POINT ( 'NONE',  ( 9.999999999999998200, -7.000000000000025800, -2.599999999999933500 ) ) ;
#4022 = ORIENTED_EDGE ( 'NONE', *, *, #484, .F. ) ;
#4023 = FACE_OUTER_BOUND ( 'NONE', #2969, .T. ) ;
#4024 = DIRECTION ( 'NONE',  ( -1.000000000000000000, 0.0000000000000000000, 0.0000000000000000000 ) ) ;
#4025 = CARTESIAN_POINT ( 'NONE',  ( 8.799999999999995400, 5.000000000000008000, -3.636698961060975200 ) ) ;
#4026 = ADVANCED_FACE ( 'NONE', ( #3645 ), #4235, .T. ) ;
#4027 = ORIENTED_EDGE ( 'NONE', *, *, #1954, .T. ) ;
#4028 = DIRECTION ( 'NONE',  ( 0.0000000000000000000, -1.000000000000000000, 0.0000000000000000000 ) ) ;
#4029 = CYLINDRICAL_SURFACE ( 'NONE', #3450, 0.3000000000000003200 ) ;
#4030 = ORIENTED_EDGE ( 'NONE', *, *, #2059, .T. ) ;
#4031 = ORIENTED_EDGE ( 'NONE', *, *, #2435, .T. ) ;
#4032 = LINE ( 'NONE', #2607, #1727 ) ;
#4033 = ORIENTED_EDGE ( 'NONE', *, *, #4313, .T. ) ;
#4034 = CARTESIAN_POINT ( 'NONE',  ( 3.622617818712867700, -5.077793320860790200, -8.515615011263472300 ) ) ;
#4035 = LINE ( 'NONE', #2088, #2922 ) ;
#4036 = EDGE_CURVE ( 'NONE', #2649, #2224, #4720, .T. ) ;
#4037 = CARTESIAN_POINT ( 'NONE',  ( -7.110754225915319400, -2.489245774084660300, -12.11331652343349500 ) ) ;
#4038 = DIRECTION ( 'NONE',  ( 0.0000000000000000000, 0.0000000000000000000, 1.000000000000000000 ) ) ;
#4039 = ORIENTED_EDGE ( 'NONE', *, *, #1825, .F. ) ;
#4040 = DIRECTION ( 'NONE',  ( 0.0000000000000000000, 1.447586763997134800E-015, 1.000000000000000000 ) ) ;
#4041 = ORIENTED_EDGE ( 'NONE', *, *, #3790, .F. ) ;
#4042 = FACE_OUTER_BOUND ( 'NONE', #2809, .T. ) ;
#4043 = CARTESIAN_POINT ( 'NONE',  ( -3.921388331075438500, 5.363301038939027900, -8.499999999999998200 ) ) ;
#4044 = CARTESIAN_POINT ( 'NONE',  ( -2.489245774084756200, -7.110754225915287400, -12.11331652343349500 ) ) ;
#4045 = DIRECTION ( 'NONE',  ( 1.000000000000000000, 0.0000000000000000000, 0.0000000000000000000 ) ) ;
#4046 = AXIS2_PLACEMENT_3D ( 'NONE', #2258, #5123, #2673 ) ;
#4047 = DIRECTION ( 'NONE',  ( -0.0000000000000000000, -0.0000000000000000000, 1.000000000000000000 ) ) ;
#4048 = ORIENTED_EDGE ( 'NONE', *, *, #2874, .T. ) ;
#4049 = CARTESIAN_POINT ( 'NONE',  ( 10.01561501126347600, -7.000818348063765100, 3.701229487637431400 ) ) ;
#4050 = EDGE_CURVE ( 'NONE', #4013, #2476, #376, .T. ) ;
#4051 = CARTESIAN_POINT ( 'NONE',  ( -10.00000000000000900, 7.357988573335166800E-016, -6.008253627460656600 ) ) ;
#4052 = DIRECTION ( 'NONE',  ( 1.000000000000000000, -0.0000000000000000000, -0.0000000000000000000 ) ) ;
#4053 = DIRECTION ( 'NONE',  ( -0.9972646886342372300, 0.05226442768871385900, 0.05226442768871403200 ) ) ;
#4054 = ADVANCED_FACE ( 'NONE', ( #1338 ), #1792, .T. ) ;
#4055 = ORIENTED_EDGE ( 'NONE', *, *, #71, .T. ) ;
#4056 = CARTESIAN_POINT ( 'NONE',  ( -8.500000000000008900, -9.999999999999994700, 10.00000000000000000 ) ) ;
#4057 = AXIS2_PLACEMENT_3D ( 'NONE', #1014, #3878, #1418 ) ;
#4058 = EDGE_CURVE ( 'NONE', #2680, #3269, #4595, .T. ) ;
#4059 = DIRECTION ( 'NONE',  ( 0.0000000000000000000, 0.0000000000000000000, 1.000000000000000000 ) ) ;
#4060 = EDGE_LOOP ( 'NONE', ( #982, #4948, #1563, #4569, #3082 ) ) ;
#4061 = DIRECTION ( 'NONE',  ( 0.0000000000000000000, 1.000000000000000000, -1.084202172485504200E-016 ) ) ;
#4062 = EDGE_CURVE ( 'NONE', #3114, #1266, #251, .T. ) ;
#4063 = ORIENTED_EDGE ( 'NONE', *, *, #4202, .F. ) ;
#4064 = AXIS2_PLACEMENT_3D ( 'NONE', #3527, #1087, #3954 ) ;
#4065 = DIRECTION ( 'NONE',  ( 0.05226442768871383100, 0.05226442768871403900, 0.9972646886342373400 ) ) ;
#4066 = ORIENTED_EDGE ( 'NONE', *, *, #4565, .F. ) ;
#4067 = DIRECTION ( 'NONE',  ( -0.0000000000000000000, -1.000000000000000000, -4.336808689942017700E-016 ) ) ;
#4068 = CIRCLE ( 'NONE', #3380, 0.2999999999999999300 ) ;
#4069 = EDGE_LOOP ( 'NONE', ( #4083, #4372, #992, #3099 ) ) ;
#4070 = ORIENTED_EDGE ( 'NONE', *, *, #1026, .T. ) ;
#4071 = AXIS2_PLACEMENT_3D ( 'NONE', #1271, #2886, #454 ) ;
#4072 = VECTOR ( 'NONE', #1656, 1000.000000000000000 ) ;
#4073 = ORIENTED_EDGE ( 'NONE', *, *, #4728, .F. ) ;
#4074 = ADVANCED_FACE ( 'NONE', ( #2290 ), #4343, .F. ) ;
#4075 = CARTESIAN_POINT ( 'NONE',  ( -7.000000000000019500, -3.876005637310979700, -10.00000000000000400 ) ) ;
#4076 = EDGE_LOOP ( 'NONE', ( #3066, #2939, #1742, #149, #968, #5193 ) ) ;
#4077 = PRODUCT_CONTEXT ( 'NONE', #3666, 'mechanical' ) ;
#4078 = LINE ( 'NONE', #2232, #3817 ) ;
#4079 = EDGE_CURVE ( 'NONE', #4285, #4246, #4473, .T. ) ;
#4080 = DIRECTION ( 'NONE',  ( 1.000000000000000000, -2.891205793294679000E-015, 0.0000000000000000000 ) ) ;
#4081 = ADVANCED_FACE ( 'NONE', ( #2159 ), #2629, .T. ) ;
#4082 = DIRECTION ( 'NONE',  ( -0.9972646886342372300, 0.05226442768871381000, -0.05226442768871427500 ) ) ;
#4083 = ORIENTED_EDGE ( 'NONE', *, *, #2912, .T. ) ;
#4084 = FACE_OUTER_BOUND ( 'NONE', #4611, .T. ) ;
#4085 = LINE ( 'NONE', #4145, #3947 ) ;
#4086 = ORIENTED_EDGE ( 'NONE', *, *, #2146, .T. ) ;
#4087 = LINE ( 'NONE', #3062, #2970 ) ;
#4088 = DIRECTION ( 'NONE',  ( 0.0000000000000000000, -4.336808689942018500E-015, -1.000000000000000000 ) ) ;
#4089 = CARTESIAN_POINT ( 'NONE',  ( -8.500000000000008900, -8.499999999999994700, 8.500000000000000000 ) ) ;
#4090 = DIRECTION ( 'NONE',  ( -2.895173527994269700E-015, -1.000000000000000000, 0.0000000000000000000 ) ) ;
#4091 = AXIS2_PLACEMENT_3D ( 'NONE', #2014, #4873, #2443 ) ;
#4092 = EDGE_CURVE ( 'NONE', #586, #3088, #125, .T. ) ;
#4093 = CIRCLE ( 'NONE', #2791, 6.263470565197303100 ) ;
#4094 = LINE ( 'NONE', #384, #819 ) ;
#4095 = VECTOR ( 'NONE', #2679, 1000.000000000000000 ) ;
#4096 = CARTESIAN_POINT ( 'NONE',  ( 4.000000000000001800, -7.000000000000026600, -9.999999999999994700 ) ) ;
#4097 = ORIENTED_EDGE ( 'NONE', *, *, #158, .T. ) ;
#4098 = EDGE_CURVE ( 'NONE', #2417, #4103, #1069, .T. ) ;
#4099 = CARTESIAN_POINT ( 'NONE',  ( 8.499999999999996400, -3.636698961060983700, 6.636698961060993400 ) ) ;
#4100 = VERTEX_POINT ( 'NONE', #4685 ) ;
#4101 = LINE ( 'NONE', #2750, #2985 ) ;
#4102 = CARTESIAN_POINT ( 'NONE',  ( -2.599999999999993000, 3.184081677783113800E-016, 10.00000000000000200 ) ) ;
#4103 = VERTEX_POINT ( 'NONE', #5098 ) ;
#4104 = ADVANCED_FACE ( 'NONE', ( #2027 ), #4217, .F. ) ;
#4105 = ORIENTED_EDGE ( 'NONE', *, *, #764, .F. ) ;
#4106 = VERTEX_POINT ( 'NONE', #4302 ) ;
#4107 = EDGE_CURVE ( 'NONE', #2402, #1676, #4549, .T. ) ;
#4108 = DIRECTION ( 'NONE',  ( 1.805304455399569900E-016, 1.000000000000000000, 0.0000000000000000000 ) ) ;
#4109 = CARTESIAN_POINT ( 'NONE',  ( 2.371562940767250700, -5.296366377076881600, 2.070819894278303600 ) ) ;
#4110 = CARTESIAN_POINT ( 'NONE',  ( 12.49999999999999500, 7.131019448207610800, 2.081766411704361300 ) ) ;
#4111 = DIRECTION ( 'NONE',  ( 1.000000000000000000, 0.0000000000000000000, 0.0000000000000000000 ) ) ;
#4112 = ADVANCED_FACE ( 'NONE', ( #504 ), #946, .F. ) ;
#4113 = AXIS2_PLACEMENT_3D ( 'NONE', #4790, #1116, #712 ) ;
#4114 = CARTESIAN_POINT ( 'NONE',  ( 9.999999999999996400, 5.000000000000004400, 3.876005637310969900 ) ) ;
#4115 = CARTESIAN_POINT ( 'NONE',  ( 9.999999999999998200, -6.999999999999978700, 2.600000000000066300 ) ) ;
#4116 = VERTEX_POINT ( 'NONE', #2254 ) ;
#4117 = CARTESIAN_POINT ( 'NONE',  ( 6.499999999999995600, 3.149999999999999900, -6.500000000000000900 ) ) ;
#4118 = CARTESIAN_POINT ( 'NONE',  ( 12.50000000000000200, -9.068980551792416000, -2.081766411704274700 ) ) ;
#4119 = DIRECTION ( 'NONE',  ( -0.9996573249755574800, 0.0000000000000000000, 0.02617694830786646300 ) ) ;
#4120 = ORIENTED_EDGE ( 'NONE', *, *, #5024, .T. ) ;
#4121 = AXIS2_PLACEMENT_3D ( 'NONE', #1091, #3959, #1499 ) ;
#4122 = EDGE_CURVE ( 'NONE', #4116, #1912, #3105, .T. ) ;
#4123 = CARTESIAN_POINT ( 'NONE',  ( 5.615177629873596000, -1.776593986863186100, 5.314434583384641400 ) ) ;
#4124 = ORIENTED_EDGE ( 'NONE', *, *, #3790, .T. ) ;
#4125 = DIRECTION ( 'NONE',  ( -1.000000000000000000, 0.0000000000000000000, 0.0000000000000000000 ) ) ;
#4126 = CARTESIAN_POINT ( 'NONE',  ( -3.936287821487346200, 6.636698961060975700, -8.784299213127114900 ) ) ;
#4127 = DIRECTION ( 'NONE',  ( 0.05233595624294373100, 0.0000000000000000000, 0.9986295347545739400 ) ) ;
#4128 = CARTESIAN_POINT ( 'NONE',  ( 2.599999999999917000, -9.200000000000027700, -9.999999999999994700 ) ) ;
#4129 = ADVANCED_FACE ( 'NONE', ( #5168 ), #818, .F. ) ;
#4130 = CARTESIAN_POINT ( 'NONE',  ( 1.520015985077518800, 7.000000000000002700, -12.49999999999999600 ) ) ;
#4131 = CARTESIAN_POINT ( 'NONE',  ( 8.515615011263474100, -5.377382181287161200, -3.922206679139237400 ) ) ;
#4132 = ADVANCED_FACE ( 'NONE', ( #3957 ), #1774, .T. ) ;
#4133 = DIRECTION ( 'NONE',  ( -1.000000000000000000, 8.609759746444389100E-015, -1.445602896647364600E-015 ) ) ;
#4134 = VECTOR ( 'NONE', #3949, 1000.000000000000000 ) ;
#4135 = ORIENTED_EDGE ( 'NONE', *, *, #5131, .F. ) ;
#4136 = ORIENTED_EDGE ( 'NONE', *, *, #4690, .T. ) ;
#4137 = EDGE_CURVE ( 'NONE', #1692, #1185, #4093, .T. ) ;
#4138 = VECTOR ( 'NONE', #1788, 1000.000000000000000 ) ;
#4139 = DIRECTION ( 'NONE',  ( 0.0000000000000000000, -1.000000000000000000, 4.336808689942017700E-016 ) ) ;
#4140 = ORIENTED_EDGE ( 'NONE', *, *, #2174, .F. ) ;
#4141 = ORIENTED_EDGE ( 'NONE', *, *, #2871, .T. ) ;
#4142 = DIRECTION ( 'NONE',  ( 1.000000000000000000, -1.734723475976807100E-016, 0.0000000000000000000 ) ) ;
#4143 = ORIENTED_EDGE ( 'NONE', *, *, #2963, .T. ) ;
#4144 = LINE ( 'NONE', #3253, #356 ) ;
#4145 = CARTESIAN_POINT ( 'NONE',  ( 8.515615011263470500, 5.377382181287139900, 3.922206679139237400 ) ) ;
#4146 = FACE_OUTER_BOUND ( 'NONE', #5274, .T. ) ;
#4147 = EDGE_LOOP ( 'NONE', ( #951, #2198, #1495, #3366 ) ) ;
#4148 = VECTOR ( 'NONE', #1816, 1000.000000000000000 ) ;
#4149 = CARTESIAN_POINT ( 'NONE',  ( 9.999999999999994700, 8.500000000000007100, 10.00000000000000000 ) ) ;
#4150 = ORIENTED_EDGE ( 'NONE', *, *, #896, .F. ) ;
#4151 = FACE_OUTER_BOUND ( 'NONE', #3804, .T. ) ;
#4152 = VERTEX_POINT ( 'NONE', #1873 ) ;
#4153 = ORIENTED_EDGE ( 'NONE', *, *, #3941, .T. ) ;
#4154 = DIRECTION ( 'NONE',  ( -0.0000000000000000000, -1.013310734797994400E-014, -1.000000000000000000 ) ) ;
#4155 = LINE ( 'NONE', #4117, #878 ) ;
#4156 = ORIENTED_EDGE ( 'NONE', *, *, #4760, .F. ) ;
#4157 = FACE_OUTER_BOUND ( 'NONE', #2359, .T. ) ;
#4158 = CARTESIAN_POINT ( 'NONE',  ( -0.01178407176168322500, -5.738768611380082000, -0.3125271182507954900 ) ) ;
#4159 = CARTESIAN_POINT ( 'NONE',  ( 19.27879200441636700, 3.184081677783119700E-016, 2.600000000000001000 ) ) ;
#4160 = CIRCLE ( 'NONE', #2621, 0.2999999999999999300 ) ;
#4161 = ORIENTED_EDGE ( 'NONE', *, *, #2114, .T. ) ;
#4162 = ORIENTED_EDGE ( 'NONE', *, *, #3258, .F. ) ;
#4163 = DIRECTION ( 'NONE',  ( -0.9972646886342372300, 0.05226442768871435200, 0.05226442768871397000 ) ) ;
#4164 = ADVANCED_FACE ( 'NONE', ( #2977 ), #265, .F. ) ;
#4165 = FACE_OUTER_BOUND ( 'NONE', #1526, .T. ) ;
#4166 = AXIS2_PLACEMENT_3D ( 'NONE', #4089, #1626, #4494 ) ;
#4167 = EDGE_CURVE ( 'NONE', #4398, #4100, #201, .T. ) ;
#4168 = LINE ( 'NONE', #850, #5241 ) ;
#4169 = CARTESIAN_POINT ( 'NONE',  ( 10.01561501126347200, -5.298770512362597900, 4.000818348063800700 ) ) ;
#4170 = ORIENTED_EDGE ( 'NONE', *, *, #2372, .T. ) ;
#4171 = CARTESIAN_POINT ( 'NONE',  ( 8.499999999999996400, 3.999999999999990700, 7.000000000000015100 ) ) ;
#4172 = EDGE_CURVE ( 'NONE', #2055, #1472, #4902, .T. ) ;
#4173 = DIRECTION ( 'NONE',  ( -1.445602896647339700E-015, 7.576083753841925900E-017, -1.000000000000000000 ) ) ;
#4174 = ORIENTED_EDGE ( 'NONE', *, *, #4017, .F. ) ;
#4175 = CARTESIAN_POINT ( 'NONE',  ( -0.2541129202978098000, -5.726797943581901900, -0.5548559667868265800 ) ) ;
#4176 = CARTESIAN_POINT ( 'NONE',  ( 3.146152474871765300, 4.721829407774055900, -3.146152474871771100 ) ) ;
#4177 = CARTESIAN_POINT ( 'NONE',  ( 12.11331652343349100, -2.489245774084648300, 9.089245774084707500 ) ) ;
#4178 = ORIENTED_EDGE ( 'NONE', *, *, #2683, .F. ) ;
#4179 = EDGE_CURVE ( 'NONE', #1191, #3810, #690, .T. ) ;
#4180 = ORIENTED_EDGE ( 'NONE', *, *, #4546, .F. ) ;
#4181 = DIRECTION ( 'NONE',  ( -1.570766203209640700E-017, -0.0000000000000000000, -1.000000000000000000 ) ) ;
#4182 = ADVANCED_FACE ( 'NONE', ( #3831 ), #1917, .T. ) ;
#4183 = CARTESIAN_POINT ( 'NONE',  ( 7.500000000000000900, 0.0000000000000000000, 5.550000000000001600 ) ) ;
#4184 = CARTESIAN_POINT ( 'NONE',  ( 9.687314107979192500, -6.683201122986642600, 3.683201122986678600 ) ) ;
#4185 = EDGE_CURVE ( 'NONE', #132, #487, #4771, .T. ) ;
#4186 = CARTESIAN_POINT ( 'NONE',  ( -4.575660694764851000, -3.284317620054898700, -4.876403741253813700 ) ) ;
#4187 = CARTESIAN_POINT ( 'NONE',  ( 5.537118397589639000, 0.8741534499708801800, -5.537118397589640800 ) ) ;
#4188 = DIRECTION ( 'NONE',  ( 1.000000000000000000, 7.668899499503142400E-017, 2.220446049250312300E-016 ) ) ;
#4189 = ORIENTED_EDGE ( 'NONE', *, *, #2556, .F. ) ;
#4190 = ORIENTED_EDGE ( 'NONE', *, *, #3757, .F. ) ;
#4191 = EDGE_LOOP ( 'NONE', ( #5163, #3025, #3125, #4241 ) ) ;
#4192 = CARTESIAN_POINT ( 'NONE',  ( -8.560094104986102800, -6.970891157117690400, 8.536879542768768900E-016 ) ) ;
#4193 = LINE ( 'NONE', #4049, #5006 ) ;
#4194 = ORIENTED_EDGE ( 'NONE', *, *, #1144, .F. ) ;
#4195 = AXIS2_PLACEMENT_3D ( 'NONE', #5263, #2003, #4866 ) ;
#4196 = ORIENTED_EDGE ( 'NONE', *, *, #1408, .F. ) ;
#4197 = VECTOR ( 'NONE', #1008, 1000.000000000000000 ) ;
#4198 = CARTESIAN_POINT ( 'NONE',  ( -0.5219255054924244500, 5.738819981285319100, 0.5219255054924617500 ) ) ;
#4199 = CARTESIAN_POINT ( 'NONE',  ( 12.50000000000000200, 7.131019448207609900, -2.081766411704360400 ) ) ;
#4200 = VECTOR ( 'NONE', #4833, 1000.000000000000000 ) ;
#4201 = ORIENTED_EDGE ( 'NONE', *, *, #287, .T. ) ;
#4202 = EDGE_CURVE ( 'NONE', #3020, #4006, #1655, .T. ) ;
#4203 = ORIENTED_EDGE ( 'NONE', *, *, #2446, .F. ) ;
#4204 = VECTOR ( 'NONE', #962, 1000.000000000000100 ) ;
#4205 = AXIS2_PLACEMENT_3D ( 'NONE', #380, #3670, #395 ) ;
#4206 = ORIENTED_EDGE ( 'NONE', *, *, #1876, .F. ) ;
#4207 = CIRCLE ( 'NONE', #4046, 0.2999999999999999300 ) ;
#4208 = LINE ( 'NONE', #4925, #812 ) ;
#4209 = CARTESIAN_POINT ( 'NONE',  ( 12.49999999999999800, -7.131019448207589500, 1.520015985077584300 ) ) ;
#4210 = CARTESIAN_POINT ( 'NONE',  ( 10.01561501126347100, 4.000818348063789100, 5.298770512362588100 ) ) ;
#4211 = DIRECTION ( 'NONE',  ( 1.000000000000000000, -6.938893903907232300E-016, 4.440892098500627100E-016 ) ) ;
#4212 = ORIENTED_EDGE ( 'NONE', *, *, #3045, .F. ) ;
#4213 = FACE_BOUND ( 'NONE', #3471, .T. ) ;
#4214 = CARTESIAN_POINT ( 'NONE',  ( -4.092185401476015700, 3.888112861945487400, -4.392928447964977500 ) ) ;
#4215 = FACE_OUTER_BOUND ( 'NONE', #2009, .T. ) ;
#4216 = CARTESIAN_POINT ( 'NONE',  ( 9.999999999999996400, 3.700411139573617900, 5.000000000000015100 ) ) ;
#4217 = SPHERICAL_SURFACE ( 'NONE', #1416, 0.2999999999999999900 ) ;
#4218 = CARTESIAN_POINT ( 'NONE',  ( -4.806337177701075300, 3.380176348900351800, 4.806337177701084200 ) ) ;
#4219 = DIRECTION ( 'NONE',  ( 1.000000000000000000, 1.734723475976806600E-016, 4.440892098500625200E-016 ) ) ;
#4220 = LINE ( 'NONE', #338, #2029 ) ;
#4221 = FACE_BOUND ( 'NONE', #4572, .T. ) ;
#4222 = EDGE_CURVE ( 'NONE', #5105, #1639, #3704, .T. ) ;
#4223 = ORIENTED_EDGE ( 'NONE', *, *, #2664, .F. ) ;
#4224 = DIRECTION ( 'NONE',  ( 1.000000000000000000, 0.0000000000000000000, 0.0000000000000000000 ) ) ;
#4225 = EDGE_LOOP ( 'NONE', ( #2919, #193, #4442, #3741 ) ) ;
#4226 = LINE ( 'NONE', #5201, #953 ) ;
#4227 = CARTESIAN_POINT ( 'NONE',  ( -9.068980551792405400, -2.081766411704319100, -12.50000000000000500 ) ) ;
#4228 = VERTEX_POINT ( 'NONE', #2373 ) ;
#4229 = ORIENTED_EDGE ( 'NONE', *, *, #4490, .F. ) ;
#4230 = ORIENTED_EDGE ( 'NONE', *, *, #4280, .F. ) ;
#4231 = EDGE_LOOP ( 'NONE', ( #429, #4124, #1998 ) ) ;
#4232 = CARTESIAN_POINT ( 'NONE',  ( 0.07050104062530906900, 5.740487546653690200, -0.2302459044962977000 ) ) ;
#4233 = CARTESIAN_POINT ( 'NONE',  ( 5.892828318099415900, -9.146385479652300000E-016, 5.592085271610462100 ) ) ;
#4234 = EDGE_CURVE ( 'NONE', #1714, #1266, #558, .T. ) ;
#4235 = PLANE ( 'NONE',  #4802 ) ;
#4236 = CARTESIAN_POINT ( 'NONE',  ( -7.000000000000012400, -3.936287821487358200, -8.784299213127114900 ) ) ;
#4237 = ORIENTED_EDGE ( 'NONE', *, *, #4803, .T. ) ;
#4238 = DIRECTION ( 'NONE',  ( 0.05226442768871420600, -0.05226442768871452500, -0.9972646886342373400 ) ) ;
#4239 = DIRECTION ( 'NONE',  ( -1.734723475976807100E-016, 1.000000000000000000, -0.0000000000000000000 ) ) ;
#4240 = DIRECTION ( 'NONE',  ( 0.0000000000000000000, -1.000000000000000000, 4.336808689942018200E-016 ) ) ;
#4241 = ORIENTED_EDGE ( 'NONE', *, *, #5204, .T. ) ;
#4242 = CARTESIAN_POINT ( 'NONE',  ( -2.600000000000082200, -9.199999999999979700, -12.49999999999999800 ) ) ;
#4243 = AXIS2_PLACEMENT_3D ( 'NONE', #660, #3533, #1074 ) ;
#4244 = CARTESIAN_POINT ( 'NONE',  ( 11.49999999999999600, -1.520015985077471900, 9.200000000000009900 ) ) ;
#4245 = DIRECTION ( 'NONE',  ( 0.0000000000000000000, 0.0000000000000000000, -1.000000000000000000 ) ) ;
#4246 = VERTEX_POINT ( 'NONE', #5230 ) ;
#4247 = CARTESIAN_POINT ( 'NONE',  ( 4.394827994281445000, 3.885744440955877500, 4.094084947792492100 ) ) ;
#4248 = DIRECTION ( 'NONE',  ( 0.0000000000000000000, -1.000000000000000000, 1.301042606982604700E-015 ) ) ;
#4249 = DIRECTION ( 'NONE',  ( -1.224646799147353200E-016, 1.000000000000000000, 1.923633802969527500E-033 ) ) ;
#4250 = LINE ( 'NONE', #3523, #979 ) ;
#4251 = AXIS2_PLACEMENT_3D ( 'NONE', #3767, #915, #3787 ) ;
#4252 = EDGE_CURVE ( 'NONE', #5256, #225, #3581, .T. ) ;
#4253 = CARTESIAN_POINT ( 'NONE',  ( 8.799999999999995400, 5.363301038939029700, -3.636698961060974800 ) ) ;
#4254 = EDGE_LOOP ( 'NONE', ( #4318, #1371, #2833, #3357 ) ) ;
#4255 = VERTEX_POINT ( 'NONE', #3193 ) ;
#4256 = DIRECTION ( 'NONE',  ( 0.0000000000000000000, 1.000000000000000000, 0.0000000000000000000 ) ) ;
#4257 = FACE_OUTER_BOUND ( 'NONE', #989, .T. ) ;
#4258 = DIRECTION ( 'NONE',  ( 0.05226442768871406000, 0.05226442768871400500, 0.9972646886342373400 ) ) ;
#4259 = ORIENTED_EDGE ( 'NONE', *, *, #1745, .T. ) ;
#4260 = DIRECTION ( 'NONE',  ( 0.0000000000000000000, -0.9986295347545737200, -0.05233595624294414700 ) ) ;
#4261 = VERTEX_POINT ( 'NONE', #330 ) ;
#4262 = FACE_OUTER_BOUND ( 'NONE', #2559, .T. ) ;
#4263 = EDGE_CURVE ( 'NONE', #5256, #65, #1392, .T. ) ;
#4264 = SHAPE_REPRESENTATION_RELATIONSHIP ( 'NONE' , 'NONE' ,  #3528, #2867 ) ;
#4265 = ORIENTED_EDGE ( 'NONE', *, *, #458, .F. ) ;
#4266 = CARTESIAN_POINT ( 'NONE',  ( 0.2302596292359067300, 5.740487546637129200, -0.07048731651793072000 ) ) ;
#4267 = AXIS2_PLACEMENT_3D ( 'NONE', #2458, #14, #2855 ) ;
#4268 = VECTOR ( 'NONE', #3469, 1000.000000000000200 ) ;
#4269 = CARTESIAN_POINT ( 'NONE',  ( 8.799999999999998900, -7.000000000000033800, -3.636698961060972100 ) ) ;
#4270 = ORIENTED_EDGE ( 'NONE', *, *, #2702, .F. ) ;
#4271 = DIRECTION ( 'NONE',  ( -0.0000000000000000000, -1.000000000000000000, -0.0000000000000000000 ) ) ;
#4272 = ORIENTED_EDGE ( 'NONE', *, *, #2185, .T. ) ;
#4273 = ORIENTED_EDGE ( 'NONE', *, *, #1868, .T. ) ;
#4274 = FACE_BOUND ( 'NONE', #2650, .T. ) ;
#4275 = AXIS2_PLACEMENT_3D ( 'NONE', #2552, #4181, #103 ) ;
#4276 = CARTESIAN_POINT ( 'NONE',  ( 3.636698961060975200, 5.063712178512656900, -8.784299213127113100 ) ) ;
#4277 = CARTESIAN_POINT ( 'NONE',  ( 4.000000000000000900, 7.000000000000003600, -9.999999999999994700 ) ) ;
#4278 = VECTOR ( 'NONE', #1635, 1000.000000000000000 ) ;
#4279 = DIRECTION ( 'NONE',  ( 0.05233595624294414700, 0.9986295347545737200, 0.0000000000000000000 ) ) ;
#4280 = EDGE_CURVE ( 'NONE', #1007, #17, #1141, .T. ) ;
#4281 = ORIENTED_EDGE ( 'NONE', *, *, #4736, .T. ) ;
#4282 = VECTOR ( 'NONE', #2563, 1000.000000000000000 ) ;
#4283 = CARTESIAN_POINT ( 'NONE',  ( -5.784366357874733700, -1.174797281692520700, 5.784366357874742600 ) ) ;
#4284 = VECTOR ( 'NONE', #2481, 1000.000000000000100 ) ;
#4285 = VERTEX_POINT ( 'NONE', #3628 ) ;
#4286 = CARTESIAN_POINT ( 'NONE',  ( 5.209999878318200200, -2.119172787594448200, -5.209999878318202000 ) ) ;
#4287 = CYLINDRICAL_SURFACE ( 'NONE', #2600, 0.2999999999999998800 ) ;
#4288 = CARTESIAN_POINT ( 'NONE',  ( -6.636698961060957900, 3.936287821487333800, -8.784299213127116700 ) ) ;
#4289 = CARTESIAN_POINT ( 'NONE',  ( -6.636698961060990800, -3.636698961060986800, -8.799999999999998900 ) ) ;
#4290 = ORIENTED_EDGE ( 'NONE', *, *, #3684, .T. ) ;
#4291 = CYLINDRICAL_SURFACE ( 'NONE', #341, 0.3000000000000003200 ) ;
#4292 = AXIS2_PLACEMENT_3D ( 'NONE', #3661, #1611, #4478 ) ;
#4293 = EDGE_CURVE ( 'NONE', #5018, #813, #1518, .T. ) ;
#4294 = CARTESIAN_POINT ( 'NONE',  ( 3.636698961060977500, -5.063712178512680000, -8.784299213127113100 ) ) ;
#4295 = CARTESIAN_POINT ( 'NONE',  ( -3.999999999999994700, -6.636698961060939300, -8.499999999999998200 ) ) ;
#4296 = CARTESIAN_POINT ( 'NONE',  ( 2.081766411704296900, -7.131019448207625900, -12.50000000000000200 ) ) ;
#4297 = ORIENTED_EDGE ( 'NONE', *, *, #3059, .T. ) ;
#4298 = CARTESIAN_POINT ( 'NONE',  ( -2.169746452914154600, -5.385168614421844200, 2.169746452914172300 ) ) ;
#4299 = CARTESIAN_POINT ( 'NONE',  ( 0.5393654258592912600, -5.707375053879618900, -0.5393654258593472100 ) ) ;
#4300 = ORIENTED_EDGE ( 'NONE', *, *, #3230, .F. ) ;
#4301 = EDGE_CURVE ( 'NONE', #2949, #2760, #4653, .T. ) ;
#4302 = CARTESIAN_POINT ( 'NONE',  ( 2.600000000000000500, 7.000000000000002700, -9.999999999999994700 ) ) ;
#4303 = AXIS2_PLACEMENT_3D ( 'NONE', #3905, #1858, #3485 ) ;
#4304 = ORIENTED_EDGE ( 'NONE', *, *, #4079, .T. ) ;
#4305 = DIRECTION ( 'NONE',  ( 0.0000000000000000000, -0.05233595624294395300, -0.9986295347545739400 ) ) ;
#4306 = DIRECTION ( 'NONE',  ( 0.05233595624294373100, 0.0000000000000000000, 0.9986295347545739400 ) ) ;
#4307 = AXIS2_PLACEMENT_3D ( 'NONE', #3501, #1036, #3911 ) ;
#4308 = CARTESIAN_POINT ( 'NONE',  ( 11.55233595624294400, -7.081354480167886000, 2.518645519832157100 ) ) ;
#4309 = ORIENTED_EDGE ( 'NONE', *, *, #2174, .T. ) ;
#4310 = DIRECTION ( 'NONE',  ( -0.9972646886342373400, 0.05226442768871336600, -0.05226442768871452500 ) ) ;
#4311 = EDGE_LOOP ( 'NONE', ( #1703, #1287, #4344, #2 ) ) ;
#4312 = ORIENTED_EDGE ( 'NONE', *, *, #71, .F. ) ;
#4313 = EDGE_CURVE ( 'NONE', #1939, #2604, #3441, .T. ) ;
#4314 = DIRECTION ( 'NONE',  ( 0.0000000000000000000, 1.000000000000000000, 0.0000000000000000000 ) ) ;
#4315 = CARTESIAN_POINT ( 'NONE',  ( -10.00000000000000900, -9.999999999999994700, -10.00000000000000000 ) ) ;
#4316 = CYLINDRICAL_SURFACE ( 'NONE', #2558, 0.3000000000000003200 ) ;
#4317 = EDGE_LOOP ( 'NONE', ( #964, #377, #3971, #2348 ) ) ;
#4318 = ORIENTED_EDGE ( 'NONE', *, *, #1179, .F. ) ;
#4319 = ORIENTED_EDGE ( 'NONE', *, *, #4717, .T. ) ;
#4320 =( BOUNDED_CURVE ( )  B_SPLINE_CURVE ( 3, ( #146, #2175, #545, #3412 ),
 .UNSPECIFIED., .F., .F. ) 
 B_SPLINE_CURVE_WITH_KNOTS ( ( 4, 4 ),
 ( 2.357564018062740200, 3.925621289116850900 ),
 .UNSPECIFIED. ) 
 CURVE ( )  GEOMETRIC_REPRESENTATION_ITEM ( )  RATIONAL_B_SPLINE_CURVE ( ( 1.000000000000000000, 0.8053830134673585200, 0.8053830134673585200, 1.000000000000000000 ) ) 
 REPRESENTATION_ITEM ( '' )  );
#4321 = LINE ( 'NONE', #985, #1046 ) ;
#4322 = DIRECTION ( 'NONE',  ( 1.000000000000000000, 0.0000000000000000000, 0.0000000000000000000 ) ) ;
#4323 = EDGE_CURVE ( 'NONE', #17, #3498, #1274, .T. ) ;
#4324 = CARTESIAN_POINT ( 'NONE',  ( -8.586271053293987900, -5.971233832142132800, 7.503270357230107900E-016 ) ) ;
#4325 = CIRCLE ( 'NONE', #941, 0.2999999999999998800 ) ;
#4326 = VERTEX_POINT ( 'NONE', #4468 ) ;
#4327 = CARTESIAN_POINT ( 'NONE',  ( -8.500000000000005300, 8.500000000000005300, 8.500000000000000000 ) ) ;
#4328 = EDGE_LOOP ( 'NONE', ( #4960, #4319 ) ) ;
#4329 = VECTOR ( 'NONE', #2987, 1000.000000000000000 ) ;
#4330 = VERTEX_POINT ( 'NONE', #793 ) ;
#4331 = CIRCLE ( 'NONE', #2389, 0.2999999999999999300 ) ;
#4332 = CIRCLE ( 'NONE', #4267, 0.2999999999999999300 ) ;
#4333 = DIRECTION ( 'NONE',  ( -1.000000000000000000, -1.851092122435818100E-016, -2.220446049250312300E-016 ) ) ;
#4334 = DIRECTION ( 'NONE',  ( 0.9986295347545739400, 0.0000000000000000000, 0.05233595624294395300 ) ) ;
#4335 = EDGE_CURVE ( 'NONE', #370, #2686, #2089, .T. ) ;
#4336 = CARTESIAN_POINT ( 'NONE',  ( 11.55233595624294400, -7.081354480167934900, -2.518645519832023900 ) ) ;
#4337 = CARTESIAN_POINT ( 'NONE',  ( 9.999999999999996400, -2.599999999999954800, 9.200000000000015300 ) ) ;
#4338 = AXIS2_PLACEMENT_3D ( 'NONE', #304, #1923, #5197 ) ;
#4339 = VERTEX_POINT ( 'NONE', #3246 ) ;
#4340 = VECTOR ( 'NONE', #3821, 1000.000000000000000 ) ;
#4341 = CARTESIAN_POINT ( 'NONE',  ( -3.700411139573627700, 5.000000000000001800, -9.999999999999998200 ) ) ;
#4342 = LINE ( 'NONE', #2376, #3249 ) ;
#4343 = CYLINDRICAL_SURFACE ( 'NONE', #592, 0.2999999999999999300 ) ;
#4344 = ORIENTED_EDGE ( 'NONE', *, *, #1705, .F. ) ;
#4345 = DIRECTION ( 'NONE',  ( 1.000000000000000000, 0.0000000000000000000, 0.0000000000000000000 ) ) ;
#4346 = AXIS2_PLACEMENT_3D ( 'NONE', #4949, #4561, #1708 ) ;
#4347 = LINE ( 'NONE', #733, #1342 ) ;
#4348 = DIRECTION ( 'NONE',  ( -0.9972646886342372300, -0.05226442768871420600, 0.05226442768871403200 ) ) ;
#4349 = ADVANCED_FACE ( 'NONE', ( #186 ), #4532, .F. ) ;
#4350 = CARTESIAN_POINT ( 'NONE',  ( 11.55233595624294400, -9.118645519832115900, -2.518645519832004800 ) ) ;
#4351 = LINE ( 'NONE', #3859, #1075 ) ;
#4352 = CARTESIAN_POINT ( 'NONE',  ( 12.49999999999999500, 9.068980551792401800, -1.520015985077514800 ) ) ;
#4353 = DIRECTION ( 'NONE',  ( -1.000000000000000000, 0.0000000000000000000, 2.891205793294679000E-015 ) ) ;
#4354 = EDGE_CURVE ( 'NONE', #2955, #4834, #58, .T. ) ;
#4355 = ORIENTED_EDGE ( 'NONE', *, *, #1359, .F. ) ;
#4356 = CYLINDRICAL_SURFACE ( 'NONE', #2445, 1.000000000000000000 ) ;
#4357 = CARTESIAN_POINT ( 'NONE',  ( 12.49999999999999600, -1.520015985077471900, 9.200000000000009900 ) ) ;
#4358 = CARTESIAN_POINT ( 'NONE',  ( -3.636698961060974300, 5.363301038939027900, -8.799999999999998900 ) ) ;
#4359 = DIRECTION ( 'NONE',  ( -1.734723475976806600E-016, 1.000000000000000000, -1.734723475976807100E-016 ) ) ;
#4360 = CARTESIAN_POINT ( 'NONE',  ( 4.000000000000004400, -5.063712178512680000, -8.784299213127113100 ) ) ;
#4361 = ORIENTED_EDGE ( 'NONE', *, *, #3077, .F. ) ;
#4362 = ORIENTED_EDGE ( 'NONE', *, *, #599, .T. ) ;
#4363 = EDGE_LOOP ( 'NONE', ( #2490, #2525, #1812 ) ) ;
#4364 = CARTESIAN_POINT ( 'NONE',  ( 12.11331652343349500, -9.089245774084670200, 2.489245774084778400 ) ) ;
#4365 = EDGE_CURVE ( 'NONE', #2783, #1511, #2219, .T. ) ;
#4366 = CARTESIAN_POINT ( 'NONE',  ( -3.636698961060974300, -5.363301038939053600, -8.799999999999998900 ) ) ;
#4367 = CARTESIAN_POINT ( 'NONE',  ( -2.518645519832172700, -9.118645519832071500, -11.55233595624294400 ) ) ;
#4368 = CARTESIAN_POINT ( 'NONE',  ( 11.55233595624294200, 9.118645519832096400, 2.518645519832090500 ) ) ;
#4369 = ORIENTED_EDGE ( 'NONE', *, *, #2381, .T. ) ;
#4370 = EDGE_CURVE ( 'NONE', #2640, #1950, #3180, .T. ) ;
#4371 = DIRECTION ( 'NONE',  ( 0.0000000000000000000, 1.084202172485503900E-016, 1.000000000000000000 ) ) ;
#4372 = ORIENTED_EDGE ( 'NONE', *, *, #3098, .F. ) ;
#4373 = DIRECTION ( 'NONE',  ( 1.000000000000000000, 0.0000000000000000000, 0.0000000000000000000 ) ) ;
#4374 = ADVANCED_FACE ( 'NONE', ( #1137 ), #418, .F. ) ;
#4375 = DIRECTION ( 'NONE',  ( -0.05233595624294422300, 0.9986295347545737200, 0.0000000000000000000 ) ) ;
#4376 = EDGE_CURVE ( 'NONE', #5240, #345, #3038, .T. ) ;
#4377 = EDGE_LOOP ( 'NONE', ( #33, #3015, #4944, #1129 ) ) ;
#4378 = CARTESIAN_POINT ( 'NONE',  ( 9.999999999999998200, -9.199999999999978000, 2.600000000000086700 ) ) ;
#4379 = CARTESIAN_POINT ( 'NONE',  ( -1.520015985077516100, 9.200000000000002800, -11.50000000000000000 ) ) ;
#4380 = AXIS2_PLACEMENT_3D ( 'NONE', #3597, #4804, #2375 ) ;
#4381 = CARTESIAN_POINT ( 'NONE',  ( -10.00000000000000500, 7.035495700303545000, 8.615997289791702900E-016 ) ) ;
#4382 = CARTESIAN_POINT ( 'NONE',  ( 9.999999999999996400, -2.599999999999954800, 9.200000000000015300 ) ) ;
#4383 = CARTESIAN_POINT ( 'NONE',  ( 9.999999999999998200, 3.999999999999990700, 5.123994362689047400 ) ) ;
#4384 = LINE ( 'NONE', #4939, #1111 ) ;
#4385 = ORIENTED_EDGE ( 'NONE', *, *, #421, .T. ) ;
#4386 = DIRECTION ( 'NONE',  ( 0.9972646886342372300, -0.05226442768871385200, 0.05226442768871404600 ) ) ;
#4387 = ORIENTED_EDGE ( 'NONE', *, *, #1267, .T. ) ;
#4388 = DIRECTION ( 'NONE',  ( -0.05233595624294422300, 0.9986295347545737200, 0.0000000000000000000 ) ) ;
#4389 = CARTESIAN_POINT ( 'NONE',  ( 9.999999999999994700, 9.200000000000004600, -2.600000000000000100 ) ) ;
#4390 = DIRECTION ( 'NONE',  ( -0.0000000000000000000, -2.168404344971008900E-016, -1.000000000000000000 ) ) ;
#4391 = CYLINDRICAL_SURFACE ( 'NONE', #1554, 0.3000000000000003200 ) ;
#4392 = EDGE_CURVE ( 'NONE', #1912, #1968, #4155, .T. ) ;
#4393 = ORIENTED_EDGE ( 'NONE', *, *, #2420, .T. ) ;
#4394 = EDGE_LOOP ( 'NONE', ( #2741, #2769, #3153, #5027 ) ) ;
#4395 = CIRCLE ( 'NONE', #4121, 0.2999999999999999300 ) ;
#4396 = CARTESIAN_POINT ( 'NONE',  ( 8.799999999999997200, 3.636698961060964600, 7.000000000000015100 ) ) ;
#4397 = VECTOR ( 'NONE', #1157, 1000.000000000000000 ) ;
#4398 = VERTEX_POINT ( 'NONE', #29 ) ;
#4399 = CARTESIAN_POINT ( 'NONE',  ( 8.799999999999998900, -5.363301038939051000, 3.636698961060976600 ) ) ;
#4400 = VERTEX_POINT ( 'NONE', #437 ) ;
#4401 = DIRECTION ( 'NONE',  ( 0.9986295347545739400, -1.116946122339428000E-015, 0.05233595624294417500 ) ) ;
#4402 = ADVANCED_FACE ( 'NONE', ( #4023 ), #1838, .F. ) ;
#4403 = CARTESIAN_POINT ( 'NONE',  ( -8.586271053293986100, 0.0000000000000000000, 5.971233832142132800 ) ) ;
#4404 = EDGE_LOOP ( 'NONE', ( #3825, #2864, #235, #162 ) ) ;
#4405 = LINE ( 'NONE', #326, #2213 ) ;
#4406 = ORIENTED_EDGE ( 'NONE', *, *, #2199, .F. ) ;
#4407 = LINE ( 'NONE', #3323, #3310 ) ;
#4408 = CARTESIAN_POINT ( 'NONE',  ( 8.515615011263474100, -5.077793320860788400, 3.622617818712866800 ) ) ;
#4409 = CARTESIAN_POINT ( 'NONE',  ( -3.876005637310967700, -5.000000000000026600, -10.00000000000000000 ) ) ;
#4410 = VECTOR ( 'NONE', #4863, 1000.000000000000100 ) ;
#4411 = EDGE_CURVE ( 'NONE', #1907, #623, #2911, .T. ) ;
#4412 = EDGE_LOOP ( 'NONE', ( #139, #5288, #4661, #706, #1123, #497, #3897, #2819, #366, #1293 ) ) ;
#4413 = CARTESIAN_POINT ( 'NONE',  ( -2.599999999999999600, 9.200000000000002800, -9.999999999999998200 ) ) ;
#4414 = LINE ( 'NONE', #160, #1140 ) ;
#4415 = VECTOR ( 'NONE', #3265, 1000.000000000000000 ) ;
#4416 = ORIENTED_EDGE ( 'NONE', *, *, #3503, .T. ) ;
#4417 = ORIENTED_EDGE ( 'NONE', *, *, #636, .F. ) ;
#4418 = DIRECTION ( 'NONE',  ( 0.0000000000000000000, 1.000000000000000000, 0.0000000000000000000 ) ) ;
#4419 = LINE ( 'NONE', #4529, #195 ) ;
#4420 = CONTEXT_DEPENDENT_SHAPE_REPRESENTATION ( #2839, #5190 ) ;
#4421 = CARTESIAN_POINT ( 'NONE',  ( 8.799999999999998900, -5.363301038939051000, 4.000000000000001800 ) ) ;
#4422 = AXIS2_PLACEMENT_3D ( 'NONE', #500, #3353, #909 ) ;
#4423 = CARTESIAN_POINT ( 'NONE',  ( -10.00000000000000900, 0.0000000000000000000, 6.008253627460656600 ) ) ;
#4424 = ORIENTED_EDGE ( 'NONE', *, *, #4392, .F. ) ;
#4425 = FACE_OUTER_BOUND ( 'NONE', #1050, .T. ) ;
#4426 = CARTESIAN_POINT ( 'NONE',  ( -9.068980551792391200, 1.520015985077558100, -12.50000000000000000 ) ) ;
#4427 = ADVANCED_FACE ( 'NONE', ( #1004 ), #4534, .F. ) ;
#4428 = DIRECTION ( 'NONE',  ( 0.0000000000000000000, -1.000000000000000000, -2.891205793294674700E-015 ) ) ;
#4429 = ORIENTED_EDGE ( 'NONE', *, *, #388, .F. ) ;
#4430 = PLANE ( 'NONE',  #1053 ) ;
#4431 = AXIS2_PLACEMENT_3D ( 'NONE', #4479, #3235, #2829 ) ;
#4432 = EDGE_CURVE ( 'NONE', #4647, #1317, #755, .T. ) ;
#4433 = ORIENTED_EDGE ( 'NONE', *, *, #2871, .F. ) ;
#4434 = DIRECTION ( 'NONE',  ( 0.0000000000000000000, 0.0000000000000000000, 1.000000000000000000 ) ) ;
#4435 = DIRECTION ( 'NONE',  ( 1.550466012510000700E-017, -0.0000000000000000000, 1.000000000000000000 ) ) ;
#4436 = DIRECTION ( 'NONE',  ( -0.0000000000000000000, -0.0000000000000000000, 1.000000000000000000 ) ) ;
#4437 = ORIENTED_EDGE ( 'NONE', *, *, #1484, .T. ) ;
#4438 = EDGE_CURVE ( 'NONE', #1061, #1084, #1966, .T. ) ;
#4439 = AXIS2_PLACEMENT_3D ( 'NONE', #4242, #4645, #2191 ) ;
#4440 = DIRECTION ( 'NONE',  ( 0.02617694830786648400, 0.0000000000000000000, 0.9996573249755574800 ) ) ;
#4441 = ORIENTED_EDGE ( 'NONE', *, *, #3493, .F. ) ;
#4442 = ORIENTED_EDGE ( 'NONE', *, *, #2676, .T. ) ;
#4443 = FILL_AREA_STYLE ('',( #1587 ) ) ;
#4444 = EDGE_CURVE ( 'NONE', #3398, #1365, #3890, .T. ) ;
#4445 = DIRECTION ( 'NONE',  ( 1.000000000000000000, 0.0000000000000000000, 0.0000000000000000000 ) ) ;
#4446 = ADVANCED_FACE ( 'NONE', ( #1715 ), #625, .F. ) ;
#4447 = FACE_OUTER_BOUND ( 'NONE', #1362, .T. ) ;
#4448 = ORIENTED_EDGE ( 'NONE', *, *, #4988, .T. ) ;
#4449 = ORIENTED_EDGE ( 'NONE', *, *, #180, .F. ) ;
#4450 = EDGE_LOOP ( 'NONE', ( #4696, #676, #2038, #3616 ) ) ;
#4451 = VECTOR ( 'NONE', #1794, 1000.000000000000000 ) ;
#4452 = VECTOR ( 'NONE', #3985, 1000.000000000000200 ) ;
#4453 = CARTESIAN_POINT ( 'NONE',  ( 3.636698961060976100, 5.363301038939028800, -8.799999999999997200 ) ) ;
#4454 = ORIENTED_EDGE ( 'NONE', *, *, #3118, .T. ) ;
#4455 = CARTESIAN_POINT ( 'NONE',  ( 9.999999999999996400, -2.599999999999965000, 7.000000000000015100 ) ) ;
#4456 = CARTESIAN_POINT ( 'NONE',  ( 9.999999999999996400, -4.000000000000011500, 5.299588860426387000 ) ) ;
#4457 = EDGE_LOOP ( 'NONE', ( #2984, #2568, #1844 ) ) ;
#4458 = LINE ( 'NONE', #3812, #1326 ) ;
#4459 = CARTESIAN_POINT ( 'NONE',  ( -6.636698961060990800, -3.636698961060986300, -8.799999999999998900 ) ) ;
#4460 = AXIS2_PLACEMENT_3D ( 'NONE', #4379, #1097, #1918 ) ;
#4461 = EDGE_CURVE ( 'NONE', #5221, #860, #4968, .T. ) ;
#4462 = ORIENTED_EDGE ( 'NONE', *, *, #1525, .F. ) ;
#4463 = FACE_OUTER_BOUND ( 'NONE', #540, .T. ) ;
#4464 = CYLINDRICAL_SURFACE ( 'NONE', #2877, 0.2999999999999999300 ) ;
#4465 = CARTESIAN_POINT ( 'NONE',  ( 9.999999999999996400, -4.000000000000009800, 7.000000000000015100 ) ) ;
#4466 = ORIENTED_EDGE ( 'NONE', *, *, #1868, .F. ) ;
#4467 = LINE ( 'NONE', #2975, #4715 ) ;
#4468 = CARTESIAN_POINT ( 'NONE',  ( 12.49999999999999500, 7.131019448207608100, -1.520015985077514800 ) ) ;
#4469 =( LENGTH_UNIT ( ) NAMED_UNIT ( * ) SI_UNIT ( .MILLI., .METRE. ) );
#4470 = DIRECTION ( 'NONE',  ( 0.0000000000000000000, 1.000000000000000000, 0.0000000000000000000 ) ) ;
#4471 = PLANE ( 'NONE',  #4195 ) ;
#4472 = CONICAL_SURFACE ( 'NONE', #1173, 6.008253627460656600, 0.02617993877990825200 ) ;
#4473 = LINE ( 'NONE', #199, #1210 ) ;
#4474 = LINE ( 'NONE', #307, #379 ) ;
#4475 = VECTOR ( 'NONE', #4644, 1000.000000000000000 ) ;
#4476 = ADVANCED_FACE ( 'NONE', ( #4835 ), #1450, .F. ) ;
#4477 = EDGE_CURVE ( 'NONE', #4552, #2640, #1585, .T. ) ;
#4478 = DIRECTION ( 'NONE',  ( 1.000000000000000000, 0.0000000000000000000, 0.0000000000000000000 ) ) ;
#4479 = CARTESIAN_POINT ( 'NONE',  ( 3.636698961060977500, -5.363301038939052700, -8.799999999999997200 ) ) ;
#4480 = CARTESIAN_POINT ( 'NONE',  ( 3.700411139573629400, 7.000000000000003600, -9.999999999999994700 ) ) ;
#4481 = ADVANCED_FACE ( 'NONE', ( #3769 ), #2928, .F. ) ;
#4482 = EDGE_LOOP ( 'NONE', ( #5226, #2260, #5003, #4030 ) ) ;
#4483 = LINE ( 'NONE', #4043, #514 ) ;
#4484 = EDGE_LOOP ( 'NONE', ( #278, #5002, #2535, #1016 ) ) ;
#4485 = ORIENTED_EDGE ( 'NONE', *, *, #2912, .F. ) ;
#4486 = CARTESIAN_POINT ( 'NONE',  ( -6.700411139573645000, -4.000000000000012400, -10.00000000000000000 ) ) ;
#4487 = APPLICATION_PROTOCOL_DEFINITION ( 'draft international standard', 'automotive_design', 1998, #1617 ) ;
#4488 = SHAPE_REPRESENTATION ( '093ww201n05', ( #271, #5017 ), #3 ) ;
#4489 = DIRECTION ( 'NONE',  ( 0.05226442768871429600, -0.05226442768871401900, -0.9972646886342372300 ) ) ;
#4490 = EDGE_CURVE ( 'NONE', #4638, #4536, #499, .T. ) ;
#4491 = ORIENTED_EDGE ( 'NONE', *, *, #2356, .F. ) ;
#4492 = DIRECTION ( 'NONE',  ( 9.288655703184902600E-015, 1.000000000000000000, -1.734723475976785400E-016 ) ) ;
#4493 = CARTESIAN_POINT ( 'NONE',  ( -3.922206679139236500, 6.622617818712865500, -8.515615011263474100 ) ) ;
#4494 = DIRECTION ( 'NONE',  ( 1.000000000000000000, 0.0000000000000000000, 0.0000000000000000000 ) ) ;
#4495 = CARTESIAN_POINT ( 'NONE',  ( 4.000000000000004400, -5.000000000000025800, -9.999999999999994700 ) ) ;
#4496 = CARTESIAN_POINT ( 'NONE',  ( 9.999999999999998200, -5.000000000000024000, 3.700411139573630300 ) ) ;
#4497 = ORIENTED_EDGE ( 'NONE', *, *, #3574, .F. ) ;
#4498 = ADVANCED_FACE ( 'NONE', ( #371 ), #4971, .F. ) ;
#4499 = CARTESIAN_POINT ( 'NONE',  ( -9.200000000000011700, -2.599999999999958300, -10.00000000000000000 ) ) ;
#4500 = VERTEX_POINT ( 'NONE', #902 ) ;
#4501 = CARTESIAN_POINT ( 'NONE',  ( 3.247388255352005500E-015, 0.0000000000000000000, -9.999999999999998200 ) ) ;
#4502 = ADVANCED_FACE ( 'NONE', ( #2424 ), #1334, .F. ) ;
#4503 = CARTESIAN_POINT ( 'NONE',  ( 3.700411139573629400, 5.000000000000003600, -9.999999999999994700 ) ) ;
#4504 = EDGE_CURVE ( 'NONE', #2783, #3669, #2546, .T. ) ;
#4505 = CARTESIAN_POINT ( 'NONE',  ( -9.200000000000006400, -1.520015985077475300, -11.50000000000000000 ) ) ;
#4506 = CARTESIAN_POINT ( 'NONE',  ( 2.833231533043628400, -5.078411669357390900, 2.532488486555297200 ) ) ;
#4507 = CARTESIAN_POINT ( 'NONE',  ( -8.500000000000008900, -8.499999999999994700, -10.00000000000000000 ) ) ;
#4508 = DIRECTION ( 'NONE',  ( -9.288655703184901000E-015, -1.000000000000000000, 1.734723475976765200E-016 ) ) ;
#4509 = LINE ( 'NONE', #1677, #3553 ) ;
#4510 = ORIENTED_EDGE ( 'NONE', *, *, #1240, .F. ) ;
#4511 = ORIENTED_EDGE ( 'NONE', *, *, #4365, .T. ) ;
#4512 = PLANE ( 'NONE',  #2756 ) ;
#4513 = AXIS2_PLACEMENT_3D ( 'NONE', #682, #3550, #1093 ) ;
#4514 = VECTOR ( 'NONE', #900, 1000.000000000000000 ) ;
#4515 = ORIENTED_EDGE ( 'NONE', *, *, #2340, .T. ) ;
#4516 = DIRECTION ( 'NONE',  ( 1.000000000000000000, 0.0000000000000000000, 0.0000000000000000000 ) ) ;
#4517 = SPHERICAL_SURFACE ( 'NONE', #1740, 0.2999999999999999900 ) ;
#4518 = ORIENTED_EDGE ( 'NONE', *, *, #4657, .F. ) ;
#4519 = VECTOR ( 'NONE', #4211, 1000.000000000000000 ) ;
#4520 = ORIENTED_EDGE ( 'NONE', *, *, #9, .F. ) ;
#4521 = DIRECTION ( 'NONE',  ( 0.05226442768871424800, 0.05226442768871403900, -0.9972646886342372300 ) ) ;
#4522 = EDGE_LOOP ( 'NONE', ( #2006, #866, #3927, #4824 ) ) ;
#4523 = ADVANCED_FACE ( 'NONE', ( #4590 ), #1741, .F. ) ;
#4524 = VECTOR ( 'NONE', #3995, 1000.000000000000000 ) ;
#4525 = VERTEX_POINT ( 'NONE', #4216 ) ;
#4526 = DIRECTION ( 'NONE',  ( 0.0000000000000000000, 1.000000000000000000, 0.0000000000000000000 ) ) ;
#4527 = CARTESIAN_POINT ( 'NONE',  ( 5.784485525214811300, -1.132135583348996100, 5.483742478725857500 ) ) ;
#4528 = DIRECTION ( 'NONE',  ( -0.0000000000000000000, -2.168404344971008900E-016, -1.000000000000000000 ) ) ;
#4529 = CARTESIAN_POINT ( 'NONE',  ( 9.999999999999994700, 7.000000000000004400, 4.000000000000000000 ) ) ;
#4530 = ADVANCED_FACE ( 'NONE', ( #3506 ), #2284, .F. ) ;
#4531 = EDGE_CURVE ( 'NONE', #3721, #4285, #4467, .T. ) ;
#4532 = SPHERICAL_SURFACE ( 'NONE', #2140, 0.2999999999999999900 ) ;
#4533 = DIRECTION ( 'NONE',  ( 9.091528035460268000E-015, 1.000000000000000000, -1.734723475976765900E-016 ) ) ;
#4534 = PLANE ( 'NONE',  #4071 ) ;
#4535 = LINE ( 'NONE', #1619, #1283 ) ;
#4536 = VERTEX_POINT ( 'NONE', #5020 ) ;
#4537 = EDGE_CURVE ( 'NONE', #2948, #370, #3377, .T. ) ;
#4538 = ORIENTED_EDGE ( 'NONE', *, *, #4744, .F. ) ;
#4539 = CONICAL_SURFACE ( 'NONE', #4091, 6.008253627460656600, 0.02617993877990825200 ) ;
#4540 = SHAPE_DEFINITION_REPRESENTATION ( #563, #4488 ) ;
#4541 = CARTESIAN_POINT ( 'NONE',  ( 3.557481457854005800E-015, 0.0000000000000000000, 10.00000000000000000 ) ) ;
#4542 = ORIENTED_EDGE ( 'NONE', *, *, #3828, .F. ) ;
#4543 = CARTESIAN_POINT ( 'NONE',  ( 19.27879200441636700, 0.0000000000000000000, 0.0000000000000000000 ) ) ;
#4544 = CARTESIAN_POINT ( 'NONE',  ( 3.636698961060976100, 5.363301038939028800, -8.499999999999996400 ) ) ;
#4545 = DIRECTION ( 'NONE',  ( -0.9972646886342372300, 0.05226442768871385900, -0.05226442768871404600 ) ) ;
#4546 = EDGE_CURVE ( 'NONE', #2932, #2079, #3023, .T. ) ;
#4547 = ORIENTED_EDGE ( 'NONE', *, *, #2294, .F. ) ;
#4548 = CARTESIAN_POINT ( 'NONE',  ( 3.636698961060975700, 5.363301038939028800, -8.799999999999997200 ) ) ;
#4549 =( BOUNDED_CURVE ( )  B_SPLINE_CURVE ( 3, ( #1850, #1827, #5119, #2667 ),
 .UNSPECIFIED., .F., .F. ) 
 B_SPLINE_CURVE_WITH_KNOTS ( ( 4, 4 ),
 ( 2.357564018062739700, 3.925621289116847800 ),
 .UNSPECIFIED. ) 
 CURVE ( )  GEOMETRIC_REPRESENTATION_ITEM ( )  RATIONAL_B_SPLINE_CURVE ( ( 1.000000000000000000, 0.8053830134673591900, 0.8053830134673591900, 1.000000000000000000 ) ) 
 REPRESENTATION_ITEM ( '' )  );
#4550 = CARTESIAN_POINT ( 'NONE',  ( -2.600000000000062700, -7.131019448207582400, -12.49999999999999800 ) ) ;
#4551 = ADVANCED_FACE ( 'NONE', ( #3245 ), #246, .T. ) ;
#4552 = VERTEX_POINT ( 'NONE', #1367 ) ;
#4553 = AXIS2_PLACEMENT_3D ( 'NONE', #2594, #157, #2998 ) ;
#4554 = EDGE_CURVE ( 'NONE', #1836, #3020, #2152, .T. ) ;
#4555 = DIRECTION ( 'NONE',  ( 1.000000000000000000, 1.851092122435818300E-016, 2.220446049250312600E-016 ) ) ;
#4556 = CARTESIAN_POINT ( 'NONE',  ( 0.1503715232444808000, 5.740487648777997400, -0.1503715232444774500 ) ) ;
#4557 = VERTEX_POINT ( 'NONE', #196 ) ;
#4558 = CARTESIAN_POINT ( 'NONE',  ( -9.200000000000011700, -2.599999999999958300, -10.00000000000000000 ) ) ;
#4559 = CARTESIAN_POINT ( 'NONE',  ( -6.263470565197299500, 8.126587275852536900E-016, 9.255216937736641100 ) ) ;
#4560 = DIRECTION ( 'NONE',  ( -0.9972646886342373400, -0.05226442768871422000, -0.05226442768871406000 ) ) ;
#4561 = DIRECTION ( 'NONE',  ( 1.550466012510000700E-017, -0.0000000000000000000, 1.000000000000000000 ) ) ;
#4562 = CARTESIAN_POINT ( 'NONE',  ( 2.585795833911531000, 7.014204166088472200, -10.27103163466928500 ) ) ;
#4563 = ORIENTED_EDGE ( 'NONE', *, *, #4684, .T. ) ;
#4564 = ORIENTED_EDGE ( 'NONE', *, *, #3427, .F. ) ;
#4565 = EDGE_CURVE ( 'NONE', #3621, #1907, #121, .T. ) ;
#4566 = FACE_OUTER_BOUND ( 'NONE', #2896, .T. ) ;
#4567 = AXIS2_PLACEMENT_3D ( 'NONE', #585, #1029, #4260 ) ;
#4568 = VERTEX_POINT ( 'NONE', #4288 ) ;
#4569 = ORIENTED_EDGE ( 'NONE', *, *, #321, .F. ) ;
#4570 = CARTESIAN_POINT ( 'NONE',  ( -0.6554691908131986500, -5.685977417569854500, -0.9562122373021865200 ) ) ;
#4571 = CARTESIAN_POINT ( 'NONE',  ( 3.814451612962336000, 4.167005185261661600, -3.814451612962338300 ) ) ;
#4572 = EDGE_LOOP ( 'NONE', ( #796, #2534, #1761, #3137, #1956, #4086, #959, #2130, #3327, #3758, #2034, #66 ) ) ;
#4573 = CIRCLE ( 'NONE', #4553, 6.282536581423928000 ) ;
#4574 = CARTESIAN_POINT ( 'NONE',  ( -6.700411139573645000, -4.000000000000012400, -10.00000000000000000 ) ) ;
#4575 = DIRECTION ( 'NONE',  ( -2.602085213965211100E-016, -1.000000000000000000, 1.734723475976806100E-016 ) ) ;
#4576 = ADVANCED_FACE ( 'NONE', ( #4213, #1206 ), #1410, .F. ) ;
#4577 = CIRCLE ( 'NONE', #661, 0.3000000000000003200 ) ;
#4578 = VERTEX_POINT ( 'NONE', #3474 ) ;
#4579 = VERTEX_POINT ( 'NONE', #2641 ) ;
#4580 = VECTOR ( 'NONE', #3311, 1000.000000000000000 ) ;
#4581 = AXIS2_PLACEMENT_3D ( 'NONE', #3067, #1459, #4322 ) ;
#4582 = ORIENTED_EDGE ( 'NONE', *, *, #772, .T. ) ;
#4583 = LINE ( 'NONE', #1344, #367 ) ;
#4584 = FACE_OUTER_BOUND ( 'NONE', #4147, .T. ) ;
#4585 = CARTESIAN_POINT ( 'NONE',  ( 9.999999999999998200, -7.000000000000025800, -3.700411139573623700 ) ) ;
#4586 = DIRECTION ( 'NONE',  ( -0.05233595624294412600, 0.9986295347545739400, 0.0000000000000000000 ) ) ;
#4587 = EDGE_CURVE ( 'NONE', #1877, #4894, #943, .T. ) ;
#4588 = VERTEX_POINT ( 'NONE', #609 ) ;
#4589 = ORIENTED_EDGE ( 'NONE', *, *, #4107, .T. ) ;
#4590 = FACE_OUTER_BOUND ( 'NONE', #3601, .T. ) ;
#4591 = DIRECTION ( 'NONE',  ( 0.05233595624294422300, 0.0000000000000000000, -0.9986295347545737200 ) ) ;
#4592 = LINE ( 'NONE', #5232, #2427 ) ;
#4593 = CARTESIAN_POINT ( 'NONE',  ( -5.076822167073898700, -2.385839441578914100, -5.377565213562863100 ) ) ;
#4594 = CARTESIAN_POINT ( 'NONE',  ( 5.599759547452983100, 0.2194638716587827800, -5.599759547452983100 ) ) ;
#4595 = LINE ( 'NONE', #176, #2429 ) ;
#4596 = ORIENTED_EDGE ( 'NONE', *, *, #1369, .F. ) ;
#4597 = ORIENTED_EDGE ( 'NONE', *, *, #89, .F. ) ;
#4598 = CARTESIAN_POINT ( 'NONE',  ( 6.008253627460654800, 0.0000000000000000000, 10.00000000000000000 ) ) ;
#4599 = LINE ( 'NONE', #3139, #2554 ) ;
#4600 = AXIS2_PLACEMENT_3D ( 'NONE', #1837, #220, #3057 ) ;
#4601 = EDGE_CURVE ( 'NONE', #3932, #1984, #5289, .T. ) ;
#4602 = LINE ( 'NONE', #3004, #2555 ) ;
#4603 = DIRECTION ( 'NONE',  ( 0.0000000000000000000, -1.000000000000000000, 1.224646799147352500E-016 ) ) ;
#4604 = VERTEX_POINT ( 'NONE', #2663 ) ;
#4605 = LINE ( 'NONE', #4465, #1081 ) ;
#4606 = DIRECTION ( 'NONE',  ( 0.0000000000000000000, 0.0000000000000000000, -1.000000000000000000 ) ) ;
#4607 = EDGE_CURVE ( 'NONE', #4868, #1259, #4087, .T. ) ;
#4608 = CARTESIAN_POINT ( 'NONE',  ( -1.189564116823530500, 5.663731472049197400, 1.189564116823553100 ) ) ;
#4609 = CARTESIAN_POINT ( 'NONE',  ( 11.55233595624294200, 7.081354480167913600, -2.518645519832090500 ) ) ;
#4610 = AXIS2_PLACEMENT_3D ( 'NONE', #3150, #714, #3584 ) ;
#4611 = EDGE_LOOP ( 'NONE', ( #2538, #784, #4635 ) ) ;
#4612 = CARTESIAN_POINT ( 'NONE',  ( 3.936287821487348000, -7.000000000000026600, -8.784299213127113100 ) ) ;
#4613 = DIRECTION ( 'NONE',  ( 0.0000000000000000000, 1.000000000000000000, 0.0000000000000000000 ) ) ;
#4614 = AXIS2_PLACEMENT_3D ( 'NONE', #4548, #74, #883 ) ;
#4615 = ORIENTED_EDGE ( 'NONE', *, *, #1623, .F. ) ;
#4616 = CARTESIAN_POINT ( 'NONE',  ( -3.277854952341197900, 4.619450452243010700, -3.578597998830165100 ) ) ;
#4617 = CARTESIAN_POINT ( 'NONE',  ( -7.000000000000012400, -4.000000000000012400, -10.00000000000000000 ) ) ;
#4618 = ORIENTED_EDGE ( 'NONE', *, *, #4050, .F. ) ;
#4619 = CARTESIAN_POINT ( 'NONE',  ( -5.148292077580630500, 2.851429220655964600, 5.148292077580638400 ) ) ;
#4620 = CARTESIAN_POINT ( 'NONE',  ( 3.697405289075148500, -6.697405289075183200, -9.958345742648463200 ) ) ;
#4621 = EDGE_CURVE ( 'NONE', #3876, #1339, #5164, .T. ) ;
#4622 = CARTESIAN_POINT ( 'NONE',  ( -6.701229487637410100, 4.000818348063786400, -10.01561501126347600 ) ) ;
#4623 = CARTESIAN_POINT ( 'NONE',  ( 8.499999999999998200, -5.078611668924588200, -3.636698961060974800 ) ) ;
#4624 = PLANE ( 'NONE',  #2647 ) ;
#4625 = EDGE_CURVE ( 'NONE', #1365, #241, #2022, .T. ) ;
#4626 = LINE ( 'NONE', #4102, #410 ) ;
#4627 = ORIENTED_EDGE ( 'NONE', *, *, #1504, .T. ) ;
#4628 = CARTESIAN_POINT ( 'NONE',  ( 5.878943637748704100, 0.4594640659453592700, 5.578200591259749400 ) ) ;
#4629 = ORIENTED_EDGE ( 'NONE', *, *, #3818, .T. ) ;
#4630 = DIRECTION ( 'NONE',  ( 0.0000000000000000000, 0.0000000000000000000, -1.000000000000000000 ) ) ;
#4631 = CARTESIAN_POINT ( 'NONE',  ( 5.981363564820179900, 0.0000000000000000000, 8.973109937359515300 ) ) ;
#4632 = EDGE_CURVE ( 'NONE', #86, #4500, #1896, .T. ) ;
#4633 = ORIENTED_EDGE ( 'NONE', *, *, #484, .T. ) ;
#4634 = FACE_OUTER_BOUND ( 'NONE', #4412, .T. ) ;
#4635 = ORIENTED_EDGE ( 'NONE', *, *, #3535, .F. ) ;
#4636 = DIRECTION ( 'NONE',  ( 9.091528035460268000E-015, 1.000000000000000000, -1.734723475976784700E-016 ) ) ;
#4637 = AXIS2_PLACEMENT_3D ( 'NONE', #3668, #1216, #4080 ) ;
#4638 = VERTEX_POINT ( 'NONE', #5130 ) ;
#4639 = VECTOR ( 'NONE', #2725, 999.9999999999998900 ) ;
#4640 = DIRECTION ( 'NONE',  ( 0.0000000000000000000, 0.0000000000000000000, 1.000000000000000000 ) ) ;
#4641 = ORIENTED_EDGE ( 'NONE', *, *, #3958, .F. ) ;
#4642 = VECTOR ( 'NONE', #4188, 1000.000000000000000 ) ;
#4643 = DIRECTION ( 'NONE',  ( 0.05226442768871426800, -0.05226442768871406000, -0.9972646886342372300 ) ) ;
#4644 = DIRECTION ( 'NONE',  ( 1.000000000000000000, 1.851092122435818300E-016, 2.220446049250312300E-016 ) ) ;
#4645 = DIRECTION ( 'NONE',  ( -4.440892098500625700E-016, 1.734723475976805900E-016, 1.000000000000000000 ) ) ;
#4646 = VERTEX_POINT ( 'NONE', #3517 ) ;
#4647 = VERTEX_POINT ( 'NONE', #3074 ) ;
#4648 = VECTOR ( 'NONE', #3159, 1000.000000000000000 ) ;
#4649 = DIRECTION ( 'NONE',  ( 0.9972646886342372300, 0.05226442768871419900, -0.05226442768871401900 ) ) ;
#4650 = EDGE_LOOP ( 'NONE', ( #5077, #3076, #5237, #3776 ) ) ;
#4651 = DIRECTION ( 'NONE',  ( -0.05226442768871425400, -0.05226442768871403200, 0.9972646886342372300 ) ) ;
#4652 = CARTESIAN_POINT ( 'NONE',  ( 3.574869170142543200, 4.622487845331007400, 3.274126123653593000 ) ) ;
#4653 = LINE ( 'NONE', #2410, #2354 ) ;
#4654 = CARTESIAN_POINT ( 'NONE',  ( 9.999999999999996400, -2.599999999999954800, 9.200000000000015300 ) ) ;
#4655 = VECTOR ( 'NONE', #3809, 1000.000000000000000 ) ;
#4656 = AXIS2_PLACEMENT_3D ( 'NONE', #4358, #681, #4373 ) ;
#4657 = EDGE_CURVE ( 'NONE', #3219, #4013, #684, .T. ) ;
#4658 = VECTOR ( 'NONE', #4061, 1000.000000000000000 ) ;
#4659 = EDGE_LOOP ( 'NONE', ( #2171, #1997, #517, #2267 ) ) ;
#4660 = CARTESIAN_POINT ( 'NONE',  ( 10.01561501126347200, -6.701229487637462500, -4.000818348063797100 ) ) ;
#4661 = ORIENTED_EDGE ( 'NONE', *, *, #3145, .T. ) ;
#4662 = LINE ( 'NONE', #2507, #2099 ) ;
#4663 = DIRECTION ( 'NONE',  ( -0.05233595624294414700, 0.0000000000000000000, 0.9986295347545737200 ) ) ;
#4664 = CARTESIAN_POINT ( 'NONE',  ( -5.363301038939039400, -4.000000000000014200, -8.799999999999998900 ) ) ;
#4665 = ORIENTED_EDGE ( 'NONE', *, *, #3574, .T. ) ;
#4666 = CARTESIAN_POINT ( 'NONE',  ( -5.363301038939040300, 3.636698961060962400, -8.800000000000000700 ) ) ;
#4667 = CARTESIAN_POINT ( 'NONE',  ( 12.49999999999999600, 1.520015985077553400, 7.131019448207599300 ) ) ;
#4668 = DIRECTION ( 'NONE',  ( 1.000000000000000000, 0.0000000000000000000, 0.0000000000000000000 ) ) ;
#4669 = CARTESIAN_POINT ( 'NONE',  ( -10.00000000000000500, 10.00000000000000500, 10.00000000000000000 ) ) ;
#4670 = EDGE_CURVE ( 'NONE', #881, #5141, #1769, .T. ) ;
#4671 = DIRECTION ( 'NONE',  ( 1.000000000000000000, -1.805304455399569900E-016, -0.0000000000000000000 ) ) ;
#4672 = ORIENTED_EDGE ( 'NONE', *, *, #2951, .T. ) ;
#4673 = DIRECTION ( 'NONE',  ( -0.0000000000000000000, 1.000000000000000000, -0.0000000000000000000 ) ) ;
#4674 = DIRECTION ( 'NONE',  ( 1.000000000000000000, 1.734723475976807100E-016, -0.0000000000000000000 ) ) ;
#4675 = DIRECTION ( 'NONE',  ( -1.000000000000000000, 0.0000000000000000000, 0.0000000000000000000 ) ) ;
#4676 = CARTESIAN_POINT ( 'NONE',  ( -8.500000000000005300, 10.00000000000000500, 8.500000000000000000 ) ) ;
#4677 = ORIENTED_EDGE ( 'NONE', *, *, #1594, .T. ) ;
#4678 = AXIS2_PLACEMENT_3D ( 'NONE', #2502, #2890, #3325 ) ;
#4679 = CARTESIAN_POINT ( 'NONE',  ( -5.451829765191894800, -2.269430135801406000, 5.451829765191903700 ) ) ;
#4680 = EDGE_LOOP ( 'NONE', ( #798, #2305, #1315, #5252 ) ) ;
#4681 = VERTEX_POINT ( 'NONE', #2698 ) ;
#4682 = CARTESIAN_POINT ( 'NONE',  ( 4.651669887956932900, -3.184181883459242400, -4.651669887956933800 ) ) ;
#4683 = CARTESIAN_POINT ( 'NONE',  ( -3.636698961060974300, 5.363301038939027900, -8.799999999999998900 ) ) ;
#4684 = EDGE_CURVE ( 'NONE', #59, #586, #3826, .T. ) ;
#4685 = CARTESIAN_POINT ( 'NONE',  ( 11.55233595624294400, -9.118645519832067900, 2.518645519832177100 ) ) ;
#4686 = CARTESIAN_POINT ( 'NONE',  ( -10.00000000000000500, 10.00000000000000500, 8.500000000000000000 ) ) ;
#4687 = DIRECTION ( 'NONE',  ( 0.0000000000000000000, 1.000000000000000000, 0.0000000000000000000 ) ) ;
#4688 = LINE ( 'NONE', #2797, #2393 ) ;
#4689 = AXIS2_PLACEMENT_3D ( 'NONE', #805, #448, #4886 ) ;
#4690 = EDGE_CURVE ( 'NONE', #5122, #2680, #814, .T. ) ;
#4691 = ORIENTED_EDGE ( 'NONE', *, *, #5147, .T. ) ;
#4692 = ORIENTED_EDGE ( 'NONE', *, *, #4728, .T. ) ;
#4693 = FACE_OUTER_BOUND ( 'NONE', #2265, .T. ) ;
#4694 = ORIENTED_EDGE ( 'NONE', *, *, #3735, .F. ) ;
#4695 = CARTESIAN_POINT ( 'NONE',  ( -1.516984756309866800, -5.594169891840714100, 1.516984756309887700 ) ) ;
#4696 = ORIENTED_EDGE ( 'NONE', *, *, #4137, .T. ) ;
#4697 = VERTEX_POINT ( 'NONE', #647 ) ;
#4698 = LINE ( 'NONE', #803, #2531 ) ;
#4699 = EDGE_CURVE ( 'NONE', #930, #1872, #552, .T. ) ;
#4700 = CARTESIAN_POINT ( 'NONE',  ( 0.3061317363457570800, -5.730738618145563700, -0.3061317363459158400 ) ) ;
#4701 = CARTESIAN_POINT ( 'NONE',  ( 8.799999999999997200, -3.636698961060985400, 5.363301038939042100 ) ) ;
#4702 = LINE ( 'NONE', #1493, #485 ) ;
#4703 = VERTEX_POINT ( 'NONE', #3939 ) ;
#4704 = VERTEX_POINT ( 'NONE', #5172 ) ;
#4705 = LINE ( 'NONE', #4623, #109 ) ;
#4706 = ORIENTED_EDGE ( 'NONE', *, *, #3757, .T. ) ;
#4707 = CYLINDRICAL_SURFACE ( 'NONE', #1559, 0.3000000000000003200 ) ;
#4708 = CYLINDRICAL_SURFACE ( 'NONE', #2344, 0.2999999999999999300 ) ;
#4709 = UNCERTAINTY_MEASURE_WITH_UNIT (LENGTH_MEASURE( 1.000000000000000100E-005 ), #3335, 'distance_accuracy_value', 'NONE');
#4710 = CARTESIAN_POINT ( 'NONE',  ( 12.49999999999999500, 7.131019448207608100, 1.520015985077517000 ) ) ;
#4711 = AXIS2_PLACEMENT_3D ( 'NONE', #3610, #1156, #4024 ) ;
#4712 = DIRECTION ( 'NONE',  ( -0.05226442768871474000, -0.05226442768871355400, 0.9972646886342372300 ) ) ;
#4713 = ORIENTED_EDGE ( 'NONE', *, *, #1684, .T. ) ;
#4714 = CARTESIAN_POINT ( 'NONE',  ( 4.000000000000000900, 7.000000000000003600, -9.999999999999994700 ) ) ;
#4715 = VECTOR ( 'NONE', #536, 1000.000000000000000 ) ;
#4716 = DIRECTION ( 'NONE',  ( 0.0000000000000000000, 1.000000000000000000, 0.0000000000000000000 ) ) ;
#4717 = EDGE_CURVE ( 'NONE', #4646, #3555, #3952, .T. ) ;
#4718 = FACE_OUTER_BOUND ( 'NONE', #2083, .T. ) ;
#4719 = CARTESIAN_POINT ( 'NONE',  ( 8.784299213127114900, -6.636698961060941000, 3.936287821487348000 ) ) ;
#4720 = LINE ( 'NONE', #969, #1456 ) ;
#4721 = ORIENTED_EDGE ( 'NONE', *, *, #4546, .T. ) ;
#4722 = EDGE_LOOP ( 'NONE', ( #25, #1168, #749, #101 ) ) ;
#4723 = CARTESIAN_POINT ( 'NONE',  ( 9.999999999999998200, -9.200000000000025900, -2.599999999999913000 ) ) ;
#4724 = VECTOR ( 'NONE', #1766, 1000.000000000000000 ) ;
#4725 = DIRECTION ( 'NONE',  ( -0.0000000000000000000, 1.000000000000000000, -9.462128050782581700E-015 ) ) ;
#4726 = ORIENTED_EDGE ( 'NONE', *, *, #1801, .F. ) ;
#4727 = AXIS2_PLACEMENT_3D ( 'NONE', #1503, #3580, #1110 ) ;
#4728 = EDGE_CURVE ( 'NONE', #2437, #1333, #4765, .T. ) ;
#4729 = CARTESIAN_POINT ( 'NONE',  ( 8.799999999999997200, -3.636698961060985400, 5.363301038939042100 ) ) ;
#4730 = CARTESIAN_POINT ( 'NONE',  ( 9.999999999999994700, 3.149999999999999900, -10.00000000000000000 ) ) ;
#4731 = ORIENTED_EDGE ( 'NONE', *, *, #1541, .F. ) ;
#4732 = CARTESIAN_POINT ( 'NONE',  ( 3.557481457854005800E-015, 0.0000000000000000000, 10.00000000000000200 ) ) ;
#4733 = DIRECTION ( 'NONE',  ( 0.05226442768871422700, 0.05226442768871404600, -0.9972646886342373400 ) ) ;
#4734 = ADVANCED_FACE ( 'NONE', ( #3696 ), #3576, .F. ) ;
#4735 = DIRECTION ( 'NONE',  ( -0.0000000000000000000, -1.000000000000000000, 4.670409358399096100E-015 ) ) ;
#4736 = EDGE_CURVE ( 'NONE', #913, #3020, #1512, .T. ) ;
#4737 = AXIS2_PLACEMENT_3D ( 'NONE', #2453, #3686, #1234 ) ;
#4738 = ORIENTED_EDGE ( 'NONE', *, *, #3792, .F. ) ;
#4739 = DIRECTION ( 'NONE',  ( 0.05226442768871381000, 0.05226442768871404600, 0.9972646886342373400 ) ) ;
#4740 = AXIS2_PLACEMENT_3D ( 'NONE', #3223, #781, #3652 ) ;
#4741 = CARTESIAN_POINT ( 'NONE',  ( -8.500000000000005300, 8.500000000000005300, 10.00000000000000000 ) ) ;
#4742 = CARTESIAN_POINT ( 'NONE',  ( 3.876005637310969500, -7.000000000000040000, -10.00000000000000000 ) ) ;
#4743 = DIRECTION ( 'NONE',  ( -1.000000000000000000, -7.668899499503141200E-017, -2.220446049250312300E-016 ) ) ;
#4744 = EDGE_CURVE ( 'NONE', #920, #4579, #2730, .T. ) ;
#4745 = DIRECTION ( 'NONE',  ( -1.000000000000000000, 4.545954813147709200E-015, -2.220446049250320500E-016 ) ) ;
#4746 = LINE ( 'NONE', #1645, #1370 ) ;
#4747 = ORIENTED_EDGE ( 'NONE', *, *, #3958, .T. ) ;
#4748 = ORIENTED_EDGE ( 'NONE', *, *, #2999, .F. ) ;
#4749 = DIRECTION ( 'NONE',  ( -0.9986295347545737200, 0.0000000000000000000, 0.05233595624294422300 ) ) ;
#4750 = ADVANCED_FACE ( 'NONE', ( #2478 ), #3435, .F. ) ;
#4751 = CARTESIAN_POINT ( 'NONE',  ( 9.999999999999998200, 0.0000000000000000000, 0.0000000000000000000 ) ) ;
#4752 = DIRECTION ( 'NONE',  ( 0.0000000000000000000, -1.000000000000000000, -0.0000000000000000000 ) ) ;
#4753 = ORIENTED_EDGE ( 'NONE', *, *, #3632, .T. ) ;
#4754 = CYLINDRICAL_SURFACE ( 'NONE', #550, 1.000000000000000000 ) ;
#4755 = ORIENTED_EDGE ( 'NONE', *, *, #4836, .F. ) ;
#4756 = VECTOR ( 'NONE', #3106, 1000.000000000000000 ) ;
#4757 = LINE ( 'NONE', #4558, #3692 ) ;
#4758 = CARTESIAN_POINT ( 'NONE',  ( 2.599999999999917000, -9.200000000000027700, -9.999999999999994700 ) ) ;
#4759 = CARTESIAN_POINT ( 'NONE',  ( 8.799999999999995400, 5.363301038939029700, 4.000000000000000900 ) ) ;
#4760 = EDGE_CURVE ( 'NONE', #4398, #2838, #302, .T. ) ;
#4761 = PLANE ( 'NONE',  #5203 ) ;
#4762 = DIRECTION ( 'NONE',  ( 0.0000000000000000000, 1.000000000000000000, 0.0000000000000000000 ) ) ;
#4763 = CARTESIAN_POINT ( 'NONE',  ( 3.560326835556183000E-015, 0.0000000000000000000, 10.00000000000000000 ) ) ;
#4764 = ORIENTED_EDGE ( 'NONE', *, *, #2683, .T. ) ;
#4765 = LINE ( 'NONE', #2715, #2596 ) ;
#4766 = ORIENTED_EDGE ( 'NONE', *, *, #3644, .T. ) ;
#4767 = UNCERTAINTY_MEASURE_WITH_UNIT (LENGTH_MEASURE( 1.000000000000000100E-005 ), #4469, 'distance_accuracy_value', 'NONE');
#4768 = DIRECTION ( 'NONE',  ( 4.440892098500625700E-016, -1.734723475976805900E-016, -1.000000000000000000 ) ) ;
#4769 = CARTESIAN_POINT ( 'NONE',  ( 3.636698961060977500, -5.363301038939052700, -8.799999999999997200 ) ) ;
#4770 = CIRCLE ( 'NONE', #1890, 0.2999999999999999300 ) ;
#4771 = LINE ( 'NONE', #3143, #5032 ) ;
#4772 = AXIS2_PLACEMENT_3D ( 'NONE', #4763, #2326, #5187 ) ;
#4773 = DIRECTION ( 'NONE',  ( 1.000000000000000000, 0.0000000000000000000, 0.0000000000000000000 ) ) ;
#4774 = ORIENTED_EDGE ( 'NONE', *, *, #5042, .T. ) ;
#4775 =( BOUNDED_CURVE ( )  B_SPLINE_CURVE ( 3, ( #450, #2883, #852, #3725 ),
 .UNSPECIFIED., .F., .F. ) 
 B_SPLINE_CURVE_WITH_KNOTS ( ( 4, 4 ),
 ( 4.764748857944518100, 6.283185307179583600 ),
 .UNSPECIFIED. ) 
 CURVE ( )  GEOMETRIC_REPRESENTATION_ITEM ( )  RATIONAL_B_SPLINE_CURVE ( ( 1.000000000000000000, 0.8169162473415252400, 0.8169162473415252400, 1.000000000000000000 ) ) 
 REPRESENTATION_ITEM ( '' )  );
#4776 = ORIENTED_EDGE ( 'NONE', *, *, #4607, .F. ) ;
#4777 = LINE ( 'NONE', #1653, #3588 ) ;
#4778 = DIRECTION ( 'NONE',  ( -0.05233595624294373100, 0.0000000000000000000, -0.9986295347545739400 ) ) ;
#4779 = CARTESIAN_POINT ( 'NONE',  ( 3.636698961060977500, -5.363301038939052700, -8.499999999999996400 ) ) ;
#4780 = CARTESIAN_POINT ( 'NONE',  ( -5.123994362689045600, 3.999999999999988000, -10.00000000000000000 ) ) ;
#4781 = DIRECTION ( 'NONE',  ( 0.0000000000000000000, 0.0000000000000000000, 1.000000000000000000 ) ) ;
#4782 = FACE_OUTER_BOUND ( 'NONE', #4450, .T. ) ;
#4783 = DIRECTION ( 'NONE',  ( 0.0000000000000000000, 1.000000000000000000, -1.301042606982604700E-015 ) ) ;
#4784 = ADVANCED_FACE ( 'NONE', ( #2350 ), #1131, .T. ) ;
#4785 = DIRECTION ( 'NONE',  ( 0.9986295347545737200, 0.0000000000000000000, 0.05233595624294414700 ) ) ;
#4786 = ORIENTED_EDGE ( 'NONE', *, *, #1094, .T. ) ;
#4787 = AXIS2_PLACEMENT_3D ( 'NONE', #1332, #4575, #1726 ) ;
#4788 = EDGE_CURVE ( 'NONE', #4326, #1738, #1269, .T. ) ;
#4789 = DIRECTION ( 'NONE',  ( 0.05233595624294422300, 0.0000000000000000000, -0.9986295347545737200 ) ) ;
#4790 = CARTESIAN_POINT ( 'NONE',  ( 10.03131579813635500, -3.701229487637436300, 6.701229487637445600 ) ) ;
#4791 = ORIENTED_EDGE ( 'NONE', *, *, #4461, .F. ) ;
#4792 = CARTESIAN_POINT ( 'NONE',  ( 10.01561501126347200, -4.999181651936226900, -3.701229487637427000 ) ) ;
#4793 = EDGE_CURVE ( 'NONE', #1877, #630, #1386, .T. ) ;
#4794 = AXIS2_PLACEMENT_3D ( 'NONE', #4507, #2047, #4908 ) ;
#4795 = PLANE ( 'NONE',  #5073 ) ;
#4796 = VERTEX_POINT ( 'NONE', #3605 ) ;
#4797 = DIRECTION ( 'NONE',  ( -1.000000000000000000, 0.0000000000000000000, 0.0000000000000000000 ) ) ;
#4798 = CARTESIAN_POINT ( 'NONE',  ( 10.01561501126347100, -4.000818348063808600, 6.701229487637445600 ) ) ;
#4799 = DIRECTION ( 'NONE',  ( 0.0000000000000000000, 0.05233595624294395300, 0.9986295347545739400 ) ) ;
#4800 = EDGE_LOOP ( 'NONE', ( #3768, #3837, #2447 ) ) ;
#4801 = CARTESIAN_POINT ( 'NONE',  ( 0.1503715232444807200, -5.740487648777994800, -0.1503715232444773600 ) ) ;
#4802 = AXIS2_PLACEMENT_3D ( 'NONE', #1775, #155, #2996 ) ;
#4803 = EDGE_CURVE ( 'NONE', #1297, #2212, #4405, .T. ) ;
#4804 = DIRECTION ( 'NONE',  ( -1.000000000000000000, 0.0000000000000000000, -0.0000000000000000000 ) ) ;
#4805 = ADVANCED_FACE ( 'NONE', ( #52 ), #1133, .F. ) ;
#4806 = DIRECTION ( 'NONE',  ( 0.0000000000000000000, -0.0000000000000000000, -1.000000000000000000 ) ) ;
#4807 = FACE_OUTER_BOUND ( 'NONE', #1978, .T. ) ;
#4808 = VERTEX_POINT ( 'NONE', #1152 ) ;
#4809 = DIRECTION ( 'NONE',  ( -1.000000000000000000, 0.0000000000000000000, 0.0000000000000000000 ) ) ;
#4810 = ORIENTED_EDGE ( 'NONE', *, *, #1302, .T. ) ;
#4811 = DIRECTION ( 'NONE',  ( 0.0000000000000000000, 1.000000000000000000, 0.0000000000000000000 ) ) ;
#4812 = CARTESIAN_POINT ( 'NONE',  ( 8.799999999999997200, 3.636698961060964600, 6.636698961060959700 ) ) ;
#4813 = TOROIDAL_SURFACE ( 'NONE', #1454, 6.970577346383851000, 1.000000000000000000 ) ;
#4814 = AXIS2_PLACEMENT_3D ( 'NONE', #1807, #4671, #2221 ) ;
#4815 = EDGE_CURVE ( 'NONE', #2224, #4604, #182, .T. ) ;
#4816 = ORIENTED_EDGE ( 'NONE', *, *, #4002, .T. ) ;
#4817 = VERTEX_POINT ( 'NONE', #1242 ) ;
#4818 = EDGE_LOOP ( 'NONE', ( #3177, #3622, #5212, #3228 ) ) ;
#4819 = VECTOR ( 'NONE', #2828, 1000.000000000000000 ) ;
#4820 = DIRECTION ( 'NONE',  ( -1.000000000000000000, -1.734723475976806600E-016, -4.440892098500625200E-016 ) ) ;
#4821 = SURFACE_STYLE_FILL_AREA ( #4443 ) ;
#4822 = EDGE_LOOP ( 'NONE', ( #4022, #465, #5258, #618 ) ) ;
#4823 = FACE_OUTER_BOUND ( 'NONE', #1163, .T. ) ;
#4824 = ORIENTED_EDGE ( 'NONE', *, *, #2963, .F. ) ;
#4825 = CARTESIAN_POINT ( 'NONE',  ( 8.799999999999998900, -5.363301038939051000, 3.636698961060977000 ) ) ;
#4826 = ORIENTED_EDGE ( 'NONE', *, *, #3722, .T. ) ;
#4827 = CYLINDRICAL_SURFACE ( 'NONE', #3109, 1.000000000000000000 ) ;
#4828 = DIRECTION ( 'NONE',  ( -0.05233595624294395300, 4.330865244356391300E-016, -0.9986295347545739400 ) ) ;
#4829 = ORIENTED_EDGE ( 'NONE', *, *, #1860, .T. ) ;
#4830 = LINE ( 'NONE', #4612, #3762 ) ;
#4831 = AXIS2_PLACEMENT_3D ( 'NONE', #4751, #2317, #5180 ) ;
#4832 = FACE_OUTER_BOUND ( 'NONE', #215, .T. ) ;
#4833 = DIRECTION ( 'NONE',  ( -7.703719777548943400E-034, -1.084202172485503900E-016, -1.000000000000000000 ) ) ;
#4834 = VERTEX_POINT ( 'NONE', #3276 ) ;
#4835 = FACE_OUTER_BOUND ( 'NONE', #1270, .T. ) ;
#4836 = EDGE_CURVE ( 'NONE', #2649, #4588, #3996, .T. ) ;
#4837 = CARTESIAN_POINT ( 'NONE',  ( -7.131019448207609900, -1.520015985077483000, -12.50000000000000000 ) ) ;
#4838 = CARTESIAN_POINT ( 'NONE',  ( -5.363301038939040300, 3.636698961060962800, -8.500000000000000000 ) ) ;
#4839 = ADVANCED_FACE ( 'NONE', ( #2084 ), #4512, .F. ) ;
#4840 = AXIS2_PLACEMENT_3D ( 'NONE', #273, #3117, #679 ) ;
#4841 = FACE_OUTER_BOUND ( 'NONE', #1177, .T. ) ;
#4842 = LINE ( 'NONE', #1321, #2670 ) ;
#4843 = ORIENTED_EDGE ( 'NONE', *, *, #3591, .F. ) ;
#4844 = ORIENTED_EDGE ( 'NONE', *, *, #4815, .F. ) ;
#4845 = DIRECTION ( 'NONE',  ( 0.0000000000000000000, 0.0000000000000000000, 1.000000000000000000 ) ) ;
#4846 = SPHERICAL_SURFACE ( 'NONE', #3981, 0.2999999999999999900 ) ;
#4847 = VECTOR ( 'NONE', #5011, 1000.000000000000000 ) ;
#4848 = SURFACE_STYLE_USAGE ( .BOTH. , #1985 ) ;
#4849 = AXIS2_PLACEMENT_3D ( 'NONE', #1058, #3924, #1475 ) ;
#4850 = CARTESIAN_POINT ( 'NONE',  ( 9.999999999999994700, 5.123994362689037600, -4.000000000000000900 ) ) ;
#4851 = CARTESIAN_POINT ( 'NONE',  ( 0.1503715232444808000, 5.740487648777997400, -0.1503715232444774500 ) ) ;
#4852 = ORIENTED_EDGE ( 'NONE', *, *, #2449, .F. ) ;
#4853 = VECTOR ( 'NONE', #1527, 1000.000000000000000 ) ;
#4854 = DIRECTION ( 'NONE',  ( 0.0000000000000000000, 0.0000000000000000000, 1.000000000000000000 ) ) ;
#4855 = EDGE_CURVE ( 'NONE', #5105, #2430, #4931, .T. ) ;
#4856 = ORIENTED_EDGE ( 'NONE', *, *, #2951, .F. ) ;
#4857 = CARTESIAN_POINT ( 'NONE',  ( 9.999999999999998200, -9.200000000000022400, -2.599999999999913500 ) ) ;
#4858 = CARTESIAN_POINT ( 'NONE',  ( 1.520015985077516600, 9.068980551792400000, -12.49999999999999600 ) ) ;
#4859 = DIRECTION ( 'NONE',  ( -1.000000000000000000, 4.336808689942018500E-015, 0.0000000000000000000 ) ) ;
#4860 = AXIS2_PLACEMENT_3D ( 'NONE', #624, #5111, #4305 ) ;
#4861 = EDGE_CURVE ( 'NONE', #907, #1633, #1535, .T. ) ;
#4862 = ADVANCED_FACE ( 'NONE', ( #3308 ), #2905, .F. ) ;
#4863 = DIRECTION ( 'NONE',  ( -0.05226442768871376900, 0.05226442768871451800, 0.9972646886342372300 ) ) ;
#4864 =( NAMED_UNIT ( * ) SI_UNIT ( $, .STERADIAN. ) SOLID_ANGLE_UNIT ( ) );
#4865 = ADVANCED_FACE ( 'NONE', ( #999 ), #1963, .F. ) ;
#4866 = DIRECTION ( 'NONE',  ( 1.000000000000000000, 1.734723475976806600E-016, 4.440892098500625200E-016 ) ) ;
#4867 =( BOUNDED_CURVE ( )  B_SPLINE_CURVE ( 3, ( #695, #4383, #1510, #2335 ),
 .UNSPECIFIED., .F., .F. ) 
 B_SPLINE_CURVE_WITH_KNOTS ( ( 4, 4 ),
 ( 2.357564018062737500, 3.925621289116846900 ),
 .UNSPECIFIED. ) 
 CURVE ( )  GEOMETRIC_REPRESENTATION_ITEM ( )  RATIONAL_B_SPLINE_CURVE ( ( 1.000000000000000000, 0.8053830134673588500, 0.8053830134673588500, 1.000000000000000000 ) ) 
 REPRESENTATION_ITEM ( '' )  );
#4868 = VERTEX_POINT ( 'NONE', #3733 ) ;
#4869 = EDGE_CURVE ( 'NONE', #72, #3840, #2488, .T. ) ;
#4870 = AXIS2_PLACEMENT_3D ( 'NONE', #1102, #3973, #2318 ) ;
#4871 = DIRECTION ( 'NONE',  ( -1.734723475976807300E-016, 1.000000000000000000, -1.734723475976806600E-016 ) ) ;
#4872 = DIRECTION ( 'NONE',  ( -0.0000000000000000000, -0.0000000000000000000, 1.000000000000000000 ) ) ;
#4873 = DIRECTION ( 'NONE',  ( -1.000000000000000000, 0.0000000000000000000, 0.0000000000000000000 ) ) ;
#4874 =( BOUNDED_CURVE ( )  B_SPLINE_CURVE ( 3, ( #3675, #808, #1628, #4496 ),
 .UNSPECIFIED., .F., .F. ) 
 B_SPLINE_CURVE_WITH_KNOTS ( ( 4, 4 ),
 ( 2.357564018062738000, 3.925621289116847400 ),
 .UNSPECIFIED. ) 
 CURVE ( )  GEOMETRIC_REPRESENTATION_ITEM ( )  RATIONAL_B_SPLINE_CURVE ( ( 1.000000000000000000, 0.8053830134673588500, 0.8053830134673588500, 1.000000000000000000 ) ) 
 REPRESENTATION_ITEM ( '' )  );
#4875 = ORIENTED_EDGE ( 'NONE', *, *, #1666, .T. ) ;
#4876 = PRODUCT_CONTEXT ( 'NONE', #390, 'mechanical' ) ;
#4877 = DIRECTION ( 'NONE',  ( 1.000000000000000000, -0.0000000000000000000, -0.0000000000000000000 ) ) ;
#4878 = CARTESIAN_POINT ( 'NONE',  ( -6.922206679139220500, 3.622617818712853500, -8.515615011263477600 ) ) ;
#4879 = VECTOR ( 'NONE', #800, 1000.000000000000000 ) ;
#4880 = EDGE_LOOP ( 'NONE', ( #1263, #1204, #4485 ) ) ;
#4881 = VERTEX_POINT ( 'NONE', #459 ) ;
#4882 = CYLINDRICAL_SURFACE ( 'NONE', #2578, 1.000000000000000000 ) ;
#4883 = ADVANCED_FACE ( 'NONE', ( #1832 ), #5092, .F. ) ;
#4884 = CARTESIAN_POINT ( 'NONE',  ( 1.520015985077433700, -9.068980551792414200, -12.49999999999999600 ) ) ;
#4885 = DIRECTION ( 'NONE',  ( 0.05226442768871379700, -0.05226442768871403200, 0.9972646886342373400 ) ) ;
#4886 = DIRECTION ( 'NONE',  ( 1.000000000000000000, 0.0000000000000000000, 0.0000000000000000000 ) ) ;
#4887 = ORIENTED_EDGE ( 'NONE', *, *, #4632, .T. ) ;
#4888 = FACE_OUTER_BOUND ( 'NONE', #1695, .T. ) ;
#4889 = ADVANCED_FACE ( 'NONE', ( #4019 ), #750, .F. ) ;
#4890 = EDGE_CURVE ( 'NONE', #586, #3227, #4961, .T. ) ;
#4891 = ORIENTED_EDGE ( 'NONE', *, *, #731, .F. ) ;
#4892 = CONICAL_SURFACE ( 'NONE', #4581, 5.981363564820176400, 0.7853981633974499400 ) ;
#4893 = CIRCLE ( 'NONE', #2240, 0.2999999999999999300 ) ;
#4894 = VERTEX_POINT ( 'NONE', #90 ) ;
#4895 = VECTOR ( 'NONE', #4735, 1000.000000000000000 ) ;
#4896 = EDGE_LOOP ( 'NONE', ( #4491, #1958, #3713, #2080 ) ) ;
#4897 = DIRECTION ( 'NONE',  ( -4.496937010801415400E-015, -1.000000000000000000, 1.734723475976786400E-016 ) ) ;
#4898 = EDGE_CURVE ( 'NONE', #2754, #3336, #1707, .T. ) ;
#4899 = DIRECTION ( 'NONE',  ( 1.000000000000000000, 0.0000000000000000000, 0.0000000000000000000 ) ) ;
#4900 = LINE ( 'NONE', #1197, #4658 ) ;
#4901 = AXIS2_PLACEMENT_3D ( 'NONE', #2593, #156, #2997 ) ;
#4902 = CIRCLE ( 'NONE', #3346, 2.599999999999997000 ) ;
#4903 = DIRECTION ( 'NONE',  ( -1.000000000000000000, 0.0000000000000000000, -4.956352788505164300E-016 ) ) ;
#4904 = FACE_OUTER_BOUND ( 'NONE', #1915, .T. ) ;
#4905 = EDGE_CURVE ( 'NONE', #1905, #132, #3883, .T. ) ;
#4906 = CARTESIAN_POINT ( 'NONE',  ( 3.573993868039323300, -4.622881633798573200, 3.273250821550374800 ) ) ;
#4907 = ORIENTED_EDGE ( 'NONE', *, *, #2274, .F. ) ;
#4908 = DIRECTION ( 'NONE',  ( 1.000000000000000000, 0.0000000000000000000, 0.0000000000000000000 ) ) ;
#4909 = CARTESIAN_POINT ( 'NONE',  ( -7.131019448207596600, 1.520015985077549600, -12.50000000000000000 ) ) ;
#4910 = AXIS2_PLACEMENT_3D ( 'NONE', #3194, #4828, #2390 ) ;
#4911 = ORIENTED_EDGE ( 'NONE', *, *, #1106, .T. ) ;
#4912 = CIRCLE ( 'NONE', #3807, 0.2999999999999999300 ) ;
#4913 = CARTESIAN_POINT ( 'NONE',  ( 12.49999999999999500, 9.068980551792401800, 1.520015985077517500 ) ) ;
#4914 = CLOSED_SHELL ( 'NONE', ( #4551, #3994, #2929, #4, #82, #2025, #1060, #2857, #3650, #1491, #1662, #340, #4576, #4476, #1117, #3211, #2049, #508, #2021, #3653, #423, #4862, #2325, #4530, #3720, #3148, #56, #244, #2444, #2850, #5224, #470, #4427, #1622, #1289, #5137, #3239, #3318, #26, #1260, #719, #1205, #904, #1546, #4054, #3676, #2126, #3184, #4498, #4081, #374, #848, #1894, #2544, #2383, #2045, #1231, #3085, #876, #1946, #1229, #3726, #777, #1092, #2302, #20, #4164, #4481, #2415, #4374, #4523, #1307, #3572, #4074, #2808, #4129, #3288, #3121, #5269, #3619, #4916, #828, #4349, #1711, #1151, #2459, #1629, #1865, #4942, #4402, #197, #1609, #1678, #451, #1920, #2440, #1171, #2485, #3700, #5171, #3788, #1977, #3285, #4502, #4734, #3751, #4805, #823, #401, #4784, #2493, #2820, #4182, #4026, #3598, #794, #2071, #2875, #694, #268, #2697, #3322, #2751, #3672, #5271, #51, #4132, #290, #792, #4839, #3538, #1658, #2108, #1682, #1995, #3969, #844, #3695, #2516, #2824, #1522, #2727, #3234, #1577, #2872, #4112, #3938, #4976, #747, #417, #4889, #1469, #2898, #2358, #3260, #4865, #318, #4883, #1208, #3912, #2075, #5196, #397, #4446, #447, #4918, #4750, #1604, #5251, #1252, #2460, #659, #3345, #2771, #4104, #3266, #3516 ) ) ;
#4915 = ORIENTED_EDGE ( 'NONE', *, *, #4323, .T. ) ;
#4916 = ADVANCED_FACE ( 'NONE', ( #3031 ), #1579, .F. ) ;
#4917 = DIRECTION ( 'NONE',  ( 1.000000000000000000, -1.734723475976807100E-016, 0.0000000000000000000 ) ) ;
#4918 = ADVANCED_FACE ( 'NONE', ( #2788 ), #4707, .F. ) ;
#4919 = CARTESIAN_POINT ( 'NONE',  ( 11.55233595624294000, 2.518645519832126500, 7.081354480167900300 ) ) ;
#4920 = CARTESIAN_POINT ( 'NONE',  ( -8.500000000000005300, 8.500000000000007100, 8.500000000000000000 ) ) ;
#4921 = AXIS2_PLACEMENT_3D ( 'NONE', #3977, #1520, #4388 ) ;
#4922 = EDGE_CURVE ( 'NONE', #5018, #4557, #4830, .T. ) ;
#4923 = DIRECTION ( 'NONE',  ( 1.000000000000000000, 0.0000000000000000000, 0.0000000000000000000 ) ) ;
#4924 = CARTESIAN_POINT ( 'NONE',  ( 5.879239169335360900, -0.4553274898806683500, 5.578496122846406300 ) ) ;
#4925 = CARTESIAN_POINT ( 'NONE',  ( 10.01561501126346900, 5.298770512362578300, -4.000818348063798900 ) ) ;
#4926 = CARTESIAN_POINT ( 'NONE',  ( -2.599999999999994300, 3.184081677783115200E-016, -9.999999999999998200 ) ) ;
#4927 = CARTESIAN_POINT ( 'NONE',  ( 9.999999999999996400, 3.700411139573619700, 7.000000000000015100 ) ) ;
#4928 = ORIENTED_EDGE ( 'NONE', *, *, #3543, .T. ) ;
#4929 = DIRECTION ( 'NONE',  ( 0.0000000000000000000, -0.0000000000000000000, -1.000000000000000000 ) ) ;
#4930 = CARTESIAN_POINT ( 'NONE',  ( -3.636698961060974300, 5.363301038939027000, -8.799999999999998900 ) ) ;
#4931 =( BOUNDED_CURVE ( )  B_SPLINE_CURVE ( 3, ( #4927, #2067, #2495, #47 ),
 .UNSPECIFIED., .F., .F. ) 
 B_SPLINE_CURVE_WITH_KNOTS ( ( 4, 4 ),
 ( 5.499156671652533700, 7.067213942706636900 ),
 .UNSPECIFIED. ) 
 CURVE ( )  GEOMETRIC_REPRESENTATION_ITEM ( )  RATIONAL_B_SPLINE_CURVE ( ( 1.000000000000000000, 0.8053830134673601900, 0.8053830134673601900, 1.000000000000000000 ) ) 
 REPRESENTATION_ITEM ( '' )  );
#4932 = ORIENTED_EDGE ( 'NONE', *, *, #264, .F. ) ;
#4933 = ORIENTED_EDGE ( 'NONE', *, *, #3446, .F. ) ;
#4934 = DIRECTION ( 'NONE',  ( 0.0000000000000000000, -0.9986295347545737200, 0.05233595624294414700 ) ) ;
#4935 = CARTESIAN_POINT ( 'NONE',  ( -7.000000000000013300, 2.600000000000033000, -10.00000000000000200 ) ) ;
#4936 = EDGE_CURVE ( 'NONE', #3169, #1055, #3438, .T. ) ;
#4937 = ORIENTED_EDGE ( 'NONE', *, *, #223, .F. ) ;
#4938 = DIRECTION ( 'NONE',  ( 0.0000000000000000000, 0.0000000000000000000, 1.000000000000000000 ) ) ;
#4939 = CARTESIAN_POINT ( 'NONE',  ( -3.922206679139236500, -5.377382181287162900, -8.515615011263474100 ) ) ;
#4940 = DIRECTION ( 'NONE',  ( 0.0000000000000000000, 0.0000000000000000000, -1.000000000000000000 ) ) ;
#4941 = CARTESIAN_POINT ( 'NONE',  ( 9.999999999999994700, -3.149999999999999900, -10.00000000000000000 ) ) ;
#4942 = ADVANCED_FACE ( 'NONE', ( #3635 ), #2539, .F. ) ;
#4943 = LINE ( 'NONE', #4423, #591 ) ;
#4944 = ORIENTED_EDGE ( 'NONE', *, *, #316, .T. ) ;
#4945 = ORIENTED_EDGE ( 'NONE', *, *, #360, .F. ) ;
#4946 = DIRECTION ( 'NONE',  ( -0.0000000000000000000, -9.507619051026732300E-015, -1.000000000000000000 ) ) ;
#4947 = CIRCLE ( 'NONE', #3203, 0.2999999999999998800 ) ;
#4948 = ORIENTED_EDGE ( 'NONE', *, *, #938, .T. ) ;
#4949 = CARTESIAN_POINT ( 'NONE',  ( 3.557481457854005800E-015, 0.0000000000000000000, 10.00000000000000000 ) ) ;
#4950 = ORIENTED_EDGE ( 'NONE', *, *, #5064, .F. ) ;
#4951 = ORIENTED_EDGE ( 'NONE', *, *, #55, .F. ) ;
#4952 = LINE ( 'NONE', #1180, #4008 ) ;
#4953 = CARTESIAN_POINT ( 'NONE',  ( 8.784299213127111400, 6.636698961060977500, 3.936287821487346200 ) ) ;
#4954 = ORIENTED_EDGE ( 'NONE', *, *, #1571, .T. ) ;
#4955 = LINE ( 'NONE', #3507, #3877 ) ;
#4956 = EDGE_CURVE ( 'NONE', #1311, #2134, #490, .T. ) ;
#4957 = VERTEX_POINT ( 'NONE', #5028 ) ;
#4958 = TOROIDAL_SURFACE ( 'NONE', #2300, 6.970891157117690400, 1.000000000000000000 ) ;
#4959 = CARTESIAN_POINT ( 'NONE',  ( -7.000000000000014200, 3.700411139573617400, -10.00000000000000200 ) ) ;
#4960 = ORIENTED_EDGE ( 'NONE', *, *, #2069, .T. ) ;
#4961 = CIRCLE ( 'NONE', #4422, 1.499999999999999600 ) ;
#4962 = FACE_OUTER_BOUND ( 'NONE', #612, .T. ) ;
#4963 = CARTESIAN_POINT ( 'NONE',  ( 0.3062580250625919200, 5.730727010999364000, -0.3062580250627687200 ) ) ;
#4964 = DIRECTION ( 'NONE',  ( 0.05226442768871422000, 0.05226442768871403900, -0.9972646886342372300 ) ) ;
#4965 = CARTESIAN_POINT ( 'NONE',  ( 9.999999999999998200, -6.876005637311004100, -3.999999999999998200 ) ) ;
#4966 = EDGE_CURVE ( 'NONE', #4400, #5105, #3499, .T. ) ;
#4967 = ORIENTED_EDGE ( 'NONE', *, *, #2643, .T. ) ;
#4968 = LINE ( 'NONE', #1299, #2666 ) ;
#4969 = DIRECTION ( 'NONE',  ( 0.05233595624294414700, -0.9986295347545737200, 0.0000000000000000000 ) ) ;
#4970 = SPHERICAL_SURFACE ( 'NONE', #3108, 0.2999999999999999900 ) ;
#4971 = PLANE ( 'NONE',  #947 ) ;
#4972 = CYLINDRICAL_SURFACE ( 'NONE', #3727, 0.2999999999999999300 ) ;
#4973 = ORIENTED_EDGE ( 'NONE', *, *, #3671, .T. ) ;
#4974 = EDGE_LOOP ( 'NONE', ( #5183, #1237, #5198, #3986 ) ) ;
#4975 = EDGE_CURVE ( 'NONE', #1266, #2134, #4583, .T. ) ;
#4976 = ADVANCED_FACE ( 'NONE', ( #4463 ), #2279, .F. ) ;
#4977 = CARTESIAN_POINT ( 'NONE',  ( 9.999999999999994700, 7.000000000000004400, -3.700411139573627700 ) ) ;
#4978 = LINE ( 'NONE', #3847, #5239 ) ;
#4979 = VECTOR ( 'NONE', #116, 1000.000000000000200 ) ;
#4980 = ORIENTED_EDGE ( 'NONE', *, *, #2482, .T. ) ;
#4981 = CIRCLE ( 'NONE', #3355, 0.3000000000000003200 ) ;
#4982 = CARTESIAN_POINT ( 'NONE',  ( -1.448390420646880900, -5.523414667344412400, -1.749133467135856700 ) ) ;
#4983 = CARTESIAN_POINT ( 'NONE',  ( 4.190532407891326200, 3.774216472200956100, -4.190532407891327100 ) ) ;
#4984 = DIRECTION ( 'NONE',  ( 1.550466012510000700E-017, -0.0000000000000000000, 1.000000000000000000 ) ) ;
#4985 = CARTESIAN_POINT ( 'NONE',  ( 12.49999999999999600, -1.520015985077470600, 9.068980551792407100 ) ) ;
#4986 = AXIS2_PLACEMENT_3D ( 'NONE', #3943, #4768, #2327 ) ;
#4987 = CARTESIAN_POINT ( 'NONE',  ( 9.999999999999996400, 2.600000000000044900, 9.199999999999990400 ) ) ;
#4988 = EDGE_CURVE ( 'NONE', #5104, #4578, #3370, .T. ) ;
#4989 = DIRECTION ( 'NONE',  ( 0.0000000000000000000, -5.782411586589358000E-015, -1.000000000000000000 ) ) ;
#4990 = CARTESIAN_POINT ( 'NONE',  ( 9.999999999999996400, 2.600000000000044900, 9.199999999999990400 ) ) ;
#4991 = CARTESIAN_POINT ( 'NONE',  ( 7.500000000000005300, 0.0000000000000000000, 0.0000000000000000000 ) ) ;
#4992 = EDGE_CURVE ( 'NONE', #2964, #1692, #242, .T. ) ;
#4993 = CARTESIAN_POINT ( 'NONE',  ( -5.313514101828934200, -1.779572855892699300, -5.614257148317895100 ) ) ;
#4994 = ORIENTED_EDGE ( 'NONE', *, *, #3714, .T. ) ;
#4995 = DIRECTION ( 'NONE',  ( -1.000000000000000000, -1.734723475976806600E-016, -4.440892098500625200E-016 ) ) ;
#4996 = CARTESIAN_POINT ( 'NONE',  ( -5.592085271610448800, 0.4552686025995612000, -5.892828318099414100 ) ) ;
#4997 = VERTEX_POINT ( 'NONE', #5049 ) ;
#4998 = DIRECTION ( 'NONE',  ( 1.000000000000000000, -0.0000000000000000000, -0.0000000000000000000 ) ) ;
#4999 = AXIS2_PLACEMENT_3D ( 'NONE', #31, #2876, #440 ) ;
#5000 = CARTESIAN_POINT ( 'NONE',  ( -2.180564391802057400, 5.389312435790082600, 2.180564391802071200 ) ) ;
#5001 = CARTESIAN_POINT ( 'NONE',  ( 12.49999999999999500, 7.131019448207608100, -1.520015985077514800 ) ) ;
#5002 = ORIENTED_EDGE ( 'NONE', *, *, #1167, .T. ) ;
#5003 = ORIENTED_EDGE ( 'NONE', *, *, #802, .T. ) ;
#5004 = EDGE_CURVE ( 'NONE', #913, #4261, #30, .T. ) ;
#5005 = CARTESIAN_POINT ( 'NONE',  ( 4.000000000000002700, 6.876005637310971300, -10.00000000000000000 ) ) ;
#5006 = VECTOR ( 'NONE', #5266, 1000.000000000000100 ) ;
#5007 = AXIS2_PLACEMENT_3D ( 'NONE', #4920, #2483, #36 ) ;
#5008 = ORIENTED_EDGE ( 'NONE', *, *, #1280, .F. ) ;
#5009 = ORIENTED_EDGE ( 'NONE', *, *, #4855, .T. ) ;
#5010 = CARTESIAN_POINT ( 'NONE',  ( 2.081766411704363500, 7.131019448207608100, -12.50000000000000200 ) ) ;
#5011 = DIRECTION ( 'NONE',  ( 4.496937010801416200E-015, 1.000000000000000000, -1.734723475976796000E-016 ) ) ;
#5012 = DIRECTION ( 'NONE',  ( -0.9986295347545737200, 0.0000000000000000000, 0.05233595624294422300 ) ) ;
#5013 = SURFACE_STYLE_FILL_AREA ( #70 ) ;
#5014 = CARTESIAN_POINT ( 'NONE',  ( -2.385326231392604700, 5.161996964416081500, -2.686069277881575800 ) ) ;
#5015 = ORIENTED_EDGE ( 'NONE', *, *, #789, .T. ) ;
#5016 = FACE_OUTER_BOUND ( 'NONE', #5071, .T. ) ;
#5017 = AXIS2_PLACEMENT_3D ( 'NONE', #1194, #4059, #1606 ) ;
#5018 = VERTEX_POINT ( 'NONE', #3449 ) ;
#5019 = LINE ( 'NONE', #3084, #3820 ) ;
#5020 = CARTESIAN_POINT ( 'NONE',  ( -5.063712178512667500, 3.636698961060961900, -8.784299213127116700 ) ) ;
#5021 = LINE ( 'NONE', #1295, #1644 ) ;
#5022 = CARTESIAN_POINT ( 'NONE',  ( -5.439697032337279300, 2.266815971919490000, 5.439697032337287300 ) ) ;
#5023 = CARTESIAN_POINT ( 'NONE',  ( -3.697405289075145000, 6.697405289075147600, -9.958345742648472100 ) ) ;
#5024 = EDGE_CURVE ( 'NONE', #5256, #4228, #4331, .T. ) ;
#5025 = VERTEX_POINT ( 'NONE', #2205 ) ;
#5026 = VECTOR ( 'NONE', #2684, 1000.000000000000000 ) ;
#5027 = ORIENTED_EDGE ( 'NONE', *, *, #76, .T. ) ;
#5028 = CARTESIAN_POINT ( 'NONE',  ( -8.500000000000008900, -9.999999999999994700, 8.500000000000000000 ) ) ;
#5029 = VECTOR ( 'NONE', #1641, 1000.000000000000000 ) ;
#5030 = DIRECTION ( 'NONE',  ( -0.05226442768871358800, 0.05226442768871402500, -0.9972646886342373400 ) ) ;
#5031 = CARTESIAN_POINT ( 'NONE',  ( -7.000000000000013300, 3.636698961060962400, -8.800000000000000700 ) ) ;
#5032 = VECTOR ( 'NONE', #708, 1000.000000000000000 ) ;
#5033 = CARTESIAN_POINT ( 'NONE',  ( 7.500000000000005300, 0.0000000000000000000, 0.0000000000000000000 ) ) ;
#5034 = SPHERICAL_SURFACE ( 'NONE', #4431, 0.2999999999999999900 ) ;
#5035 = AXIS2_PLACEMENT_3D ( 'NONE', #3003, #3844, #163 ) ;
#5036 = CYLINDRICAL_SURFACE ( 'NONE', #4600, 0.3000000000000003200 ) ;
#5037 = DIRECTION ( 'NONE',  ( 0.05233595624294377900, 0.9986295347545739400, -4.527722755463499600E-015 ) ) ;
#5038 = ORIENTED_EDGE ( 'NONE', *, *, #3427, .T. ) ;
#5039 = ORIENTED_EDGE ( 'NONE', *, *, #3172, .F. ) ;
#5040 = VECTOR ( 'NONE', #3183, 1000.000000000000200 ) ;
#5041 = CARTESIAN_POINT ( 'NONE',  ( 5.784244687050461100, 1.133106113297345700, 5.483501640561510900 ) ) ;
#5042 = EDGE_CURVE ( 'NONE', #3336, #3782, #1200, .T. ) ;
#5043 = CARTESIAN_POINT ( 'NONE',  ( 9.999999999999996400, -2.599999999999954800, 9.200000000000015300 ) ) ;
#5044 = DIRECTION ( 'NONE',  ( 0.0000000000000000000, -1.000000000000000000, 9.265000383057950300E-015 ) ) ;
#5045 =( BOUNDED_CURVE ( )  B_SPLINE_CURVE ( 3, ( #1468, #646, #3920, #4336 ),
 .UNSPECIFIED., .F., .F. ) 
 B_SPLINE_CURVE_WITH_KNOTS ( ( 4, 4 ),
 ( 0.0000000000000000000, 1.518436449235061000 ),
 .UNSPECIFIED. ) 
 CURVE ( )  GEOMETRIC_REPRESENTATION_ITEM ( )  RATIONAL_B_SPLINE_CURVE ( ( 1.000000000000000000, 0.8169162473415264600, 0.8169162473415264600, 1.000000000000000000 ) ) 
 REPRESENTATION_ITEM ( '' )  );
#5046 = ORIENTED_EDGE ( 'NONE', *, *, #1808, .F. ) ;
#5047 = ORIENTED_EDGE ( 'NONE', *, *, #1928, .F. ) ;
#5048 = ORIENTED_EDGE ( 'NONE', *, *, #4438, .F. ) ;
#5049 = CARTESIAN_POINT ( 'NONE',  ( -5.000000000000014200, 3.700411139573615700, -10.00000000000000000 ) ) ;
#5050 = DIRECTION ( 'NONE',  ( -0.0000000000000000000, 1.000000000000000000, -0.0000000000000000000 ) ) ;
#5051 = CARTESIAN_POINT ( 'NONE',  ( 8.784299213127114900, -5.063712178512678200, 3.636698961060976600 ) ) ;
#5052 = DIRECTION ( 'NONE',  ( 0.0000000000000000000, 0.0000000000000000000, -1.000000000000000000 ) ) ;
#5053 = AXIS2_PLACEMENT_3D ( 'NONE', #4015, #1553, #4428 ) ;
#5054 = ORIENTED_EDGE ( 'NONE', *, *, #218, .T. ) ;
#5055 = DIRECTION ( 'NONE',  ( 0.0000000000000000000, -1.000000000000000000, 5.204170427930421300E-015 ) ) ;
#5056 = CARTESIAN_POINT ( 'NONE',  ( 2.689904630938053200, 5.159982313281211900, 2.389161584449104300 ) ) ;
#5057 = VERTEX_POINT ( 'NONE', #990 ) ;
#5058 = DIRECTION ( 'NONE',  ( 0.05233595624294395300, 4.664008724691497900E-015, 0.9986295347545739400 ) ) ;
#5059 = CARTESIAN_POINT ( 'NONE',  ( 9.999999999999998200, -5.000000000000024900, -3.700411139573628500 ) ) ;
#5060 = DIRECTION ( 'NONE',  ( 0.05226442768871379000, 0.05226442768871354700, 0.9972646886342373400 ) ) ;
#5061 = ORIENTED_EDGE ( 'NONE', *, *, #2330, .T. ) ;
#5062 = CARTESIAN_POINT ( 'NONE',  ( 9.999999999999998200, -6.876005637310930400, 4.000000000000001800 ) ) ;
#5063 = AXIS2_PLACEMENT_3D ( 'NONE', #3416, #3833, #1373 ) ;
#5064 = EDGE_CURVE ( 'NONE', #4330, #1038, #3241, .T. ) ;
#5065 = DIRECTION ( 'NONE',  ( 1.000000000000000000, 0.0000000000000000000, 0.0000000000000000000 ) ) ;
#5066 = CARTESIAN_POINT ( 'NONE',  ( 2.600000000000000100, 0.0000000000000000000, 10.00000000000000200 ) ) ;
#5067 = CARTESIAN_POINT ( 'NONE',  ( 8.499999999999996400, 3.636698961060964600, 6.636698961060959700 ) ) ;
#5068 = EDGE_CURVE ( 'NONE', #3865, #1259, #113, .T. ) ;
#5069 = CARTESIAN_POINT ( 'NONE',  ( 5.599759547452980400, -6.181800408053395300E-016, -5.599759547452982200 ) ) ;
#5070 = LINE ( 'NONE', #1490, #4134 ) ;
#5071 = EDGE_LOOP ( 'NONE', ( #1352, #926, #351, #3204 ) ) ;
#5072 = DIRECTION ( 'NONE',  ( 1.805304455399569900E-016, 1.000000000000000000, 0.0000000000000000000 ) ) ;
#5073 = AXIS2_PLACEMENT_3D ( 'NONE', #4495, #408, #3273 ) ;
#5074 = ORIENTED_EDGE ( 'NONE', *, *, #5184, .T. ) ;
#5075 = CARTESIAN_POINT ( 'NONE',  ( -6.697405289075162700, -3.697405289075158300, -9.958345742648470300 ) ) ;
#5076 = SPHERICAL_SURFACE ( 'NONE', #365, 0.2999999999999999900 ) ;
#5077 = ORIENTED_EDGE ( 'NONE', *, *, #3216, .F. ) ;
#5078 = VERTEX_POINT ( 'NONE', #590 ) ;
#5079 = EDGE_LOOP ( 'NONE', ( #925, #1570, #810, #1098 ) ) ;
#5080 = CONICAL_SURFACE ( 'NONE', #445, 6.008253627460656600, 0.02617993877990825200 ) ;
#5081 = DIRECTION ( 'NONE',  ( 0.9972646886342372300, -0.05226442768871435900, -0.05226442768871396300 ) ) ;
#5082 = AXIS2_PLACEMENT_3D ( 'NONE', #213, #3051, #613 ) ;
#5083 = CARTESIAN_POINT ( 'NONE',  ( 7.500000000000005300, 3.184081677783119700E-016, 2.600000000000001000 ) ) ;
#5084 = ORIENTED_EDGE ( 'NONE', *, *, #3011, .F. ) ;
#5085 = CIRCLE ( 'NONE', #1596, 1.499999999999999600 ) ;
#5086 = PLANE ( 'NONE',  #3502 ) ;
#5087 = PLANE ( 'NONE',  #1861 ) ;
#5088 = ORIENTED_EDGE ( 'NONE', *, *, #512, .F. ) ;
#5089 = LINE ( 'NONE', #398, #870 ) ;
#5090 = EDGE_CURVE ( 'NONE', #3227, #4957, #1056, .T. ) ;
#5091 = ORIENTED_EDGE ( 'NONE', *, *, #2717, .T. ) ;
#5092 = SPHERICAL_SURFACE ( 'NONE', #5231, 0.2999999999999999900 ) ;
#5093 = FACE_OUTER_BOUND ( 'NONE', #5153, .T. ) ;
#5094 = CARTESIAN_POINT ( 'NONE',  ( -4.815037899977768100, -3.385507646330285300, 4.815037899977778800 ) ) ;
#5095 = CARTESIAN_POINT ( 'NONE',  ( 3.949539012985035800, -4.045807439995972900, -3.949539012985043000 ) ) ;
#5096 = DIRECTION ( 'NONE',  ( 0.0000000000000000000, 0.9986295347545737200, -0.05233595624294414700 ) ) ;
#5097 = VECTOR ( 'NONE', #2873, 1000.000000000000000 ) ;
#5098 = CARTESIAN_POINT ( 'NONE',  ( 8.784299213127111400, 6.936287821487350200, -3.636698961060974300 ) ) ;
#5099 = EDGE_LOOP ( 'NONE', ( #5216, #942, #1086, #95 ) ) ;
#5100 = FACE_OUTER_BOUND ( 'NONE', #4231, .T. ) ;
#5101 = EDGE_CURVE ( 'NONE', #1907, #3697, #3095, .T. ) ;
#5102 =( BOUNDED_CURVE ( )  B_SPLINE_CURVE ( 3, ( #1940, #4409, #2761, #322 ),
 .UNSPECIFIED., .F., .F. ) 
 B_SPLINE_CURVE_WITH_KNOTS ( ( 4, 4 ),
 ( 2.357564018062740600, 3.925621289116847400 ),
 .UNSPECIFIED. ) 
 CURVE ( )  GEOMETRIC_REPRESENTATION_ITEM ( )  RATIONAL_B_SPLINE_CURVE ( ( 1.000000000000000000, 0.8053830134673594100, 0.8053830134673594100, 1.000000000000000000 ) ) 
 REPRESENTATION_ITEM ( '' )  );
#5103 = LINE ( 'NONE', #4562, #3042 ) ;
#5104 = VERTEX_POINT ( 'NONE', #3873 ) ;
#5105 = VERTEX_POINT ( 'NONE', #1024 ) ;
#5106 = CARTESIAN_POINT ( 'NONE',  ( -10.00000000000000900, -9.999999999999994700, 8.500000000000000000 ) ) ;
#5107 = LINE ( 'NONE', #1189, #889 ) ;
#5108 = ORIENTED_EDGE ( 'NONE', *, *, #2407, .T. ) ;
#5109 = CARTESIAN_POINT ( 'NONE',  ( 9.999999999999996400, 3.999999999999990700, 7.000000000000015100 ) ) ;
#5110 = FACE_OUTER_BOUND ( 'NONE', #3639, .T. ) ;
#5111 = DIRECTION ( 'NONE',  ( -7.161802725516994600E-016, -0.9986295347545739400, 0.05233595624294395300 ) ) ;
#5112 = VERTEX_POINT ( 'NONE', #621 ) ;
#5113 = FACE_OUTER_BOUND ( 'NONE', #1028, .T. ) ;
#5114 = AXIS2_PLACEMENT_3D ( 'NONE', #2303, #1880, #2704 ) ;
#5115 = CARTESIAN_POINT ( 'NONE',  ( -0.6887682728684629800, -5.725580922594750700, 0.6887682728685001800 ) ) ;
#5116 = CARTESIAN_POINT ( 'NONE',  ( 0.1503715232444807200, -5.740487648777994800, -0.1503715232444773600 ) ) ;
#5117 = DIRECTION ( 'NONE',  ( -1.000000000000000000, 2.891205793294679000E-015, 0.0000000000000000000 ) ) ;
#5118 = EDGE_CURVE ( 'NONE', #2729, #347, #4207, .T. ) ;
#5119 = CARTESIAN_POINT ( 'NONE',  ( 10.00000000000000200, -5.123994362689057200, -4.000000000000000000 ) ) ;
#5120 = DIRECTION ( 'NONE',  ( 0.05226442768871424800, -0.05226442768871424800, -0.9972646886342374500 ) ) ;
#5121 = AXIS2_PLACEMENT_3D ( 'NONE', #3530, #1067, #3933 ) ;
#5122 = VERTEX_POINT ( 'NONE', #4294 ) ;
#5123 = DIRECTION ( 'NONE',  ( -0.0000000000000000000, -1.000000000000000000, -0.0000000000000000000 ) ) ;
#5124 = CARTESIAN_POINT ( 'NONE',  ( 11.49999999999999600, 7.000000000000004400, 1.520015985077517000 ) ) ;
#5125 = CARTESIAN_POINT ( 'NONE',  ( 12.49999999999999500, 9.068980551792401800, 2.600000000000000100 ) ) ;
#5126 = ORIENTED_EDGE ( 'NONE', *, *, #1532, .F. ) ;
#5127 = AXIS2_PLACEMENT_3D ( 'NONE', #4366, #1902, #4749 ) ;
#5128 = ORIENTED_EDGE ( 'NONE', *, *, #4869, .F. ) ;
#5129 = CARTESIAN_POINT ( 'NONE',  ( 12.49999999999999800, -7.131019448207589500, 1.520015985077584300 ) ) ;
#5130 = CARTESIAN_POINT ( 'NONE',  ( -5.363301038939040300, 3.936287821487334700, -8.784299213127116700 ) ) ;
#5131 = EDGE_CURVE ( 'NONE', #3398, #2680, #935, .T. ) ;
#5132 = DIRECTION ( 'NONE',  ( 5.204170427930421300E-015, 1.000000000000000000, 0.0000000000000000000 ) ) ;
#5133 = ORIENTED_EDGE ( 'NONE', *, *, #2626, .F. ) ;
#5134 = CARTESIAN_POINT ( 'NONE',  ( -2.489245774084690900, 7.110754225915307800, -12.11331652343349500 ) ) ;
#5135 = AXIS2_PLACEMENT_3D ( 'NONE', #3525, #1062, #3928 ) ;
#5136 = EDGE_CURVE ( 'NONE', #4152, #806, #2965, .T. ) ;
#5137 = ADVANCED_FACE ( 'NONE', ( #3946 ), #4892, .F. ) ;
#5138 = DIRECTION ( 'NONE',  ( -0.0000000000000000000, -1.000000000000000000, 0.0000000000000000000 ) ) ;
#5139 = ORIENTED_EDGE ( 'NONE', *, *, #1719, .F. ) ;
#5140 = ORIENTED_EDGE ( 'NONE', *, *, #5262, .T. ) ;
#5141 = VERTEX_POINT ( 'NONE', #2690 ) ;
#5142 = CARTESIAN_POINT ( 'NONE',  ( 8.784299213127113100, 3.936287821487336500, 6.636698961060959700 ) ) ;
#5143 = VECTOR ( 'NONE', #2395, 1000.000000000000200 ) ;
#5144 = ORIENTED_EDGE ( 'NONE', *, *, #4036, .T. ) ;
#5145 = VERTEX_POINT ( 'NONE', #1864 ) ;
#5146 = CARTESIAN_POINT ( 'NONE',  ( 9.999999999999996400, 3.999999999999990700, 6.700411139573613000 ) ) ;
#5147 = EDGE_CURVE ( 'NONE', #3114, #4500, #677, .T. ) ;
#5148 = PLANE ( 'NONE',  #3841 ) ;
#5149 = CARTESIAN_POINT ( 'NONE',  ( 9.999999999999998200, -8.499999999999994700, 10.00000000000000000 ) ) ;
#5150 = AXIS2_PLACEMENT_3D ( 'NONE', #2361, #5213, #2759 ) ;
#5151 = LINE ( 'NONE', #4128, #799 ) ;
#5152 = ORIENTED_EDGE ( 'NONE', *, *, #657, .T. ) ;
#5153 = EDGE_LOOP ( 'NONE', ( #2351, #4950, #2337, #3487 ) ) ;
#5154 = DIRECTION ( 'NONE',  ( -1.591066393909280600E-017, -0.0000000000000000000, -1.000000000000000000 ) ) ;
#5155 = VECTOR ( 'NONE', #4239, 1000.000000000000000 ) ;
#5156 = CARTESIAN_POINT ( 'NONE',  ( -2.081766411704359900, 7.131019448207605500, -12.50000000000000200 ) ) ;
#5157 = ORIENTED_EDGE ( 'NONE', *, *, #2747, .F. ) ;
#5158 = VECTOR ( 'NONE', #216, 1000.000000000000100 ) ;
#5159 = LINE ( 'NONE', #1652, #2966 ) ;
#5160 = CARTESIAN_POINT ( 'NONE',  ( 8.499999999999994700, 6.636698961060978300, 3.636698961060974800 ) ) ;
#5161 = AXIS2_PLACEMENT_3D ( 'NONE', #2548, #99, #2938 ) ;
#5162 = DIRECTION ( 'NONE',  ( 1.000000000000000000, 0.0000000000000000000, 0.0000000000000000000 ) ) ;
#5163 = ORIENTED_EDGE ( 'NONE', *, *, #3396, .T. ) ;
#5164 = LINE ( 'NONE', #3907, #3100 ) ;
#5165 = VECTOR ( 'NONE', #4047, 1000.000000000000000 ) ;
#5166 = CARTESIAN_POINT ( 'NONE',  ( 8.799999999999997200, 3.999999999999990700, 5.363301038939041200 ) ) ;
#5167 = DIRECTION ( 'NONE',  ( 0.0000000000000000000, 0.0000000000000000000, -1.000000000000000000 ) ) ;
#5168 = FACE_OUTER_BOUND ( 'NONE', #2234, .T. ) ;
#5169 = ORIENTED_EDGE ( 'NONE', *, *, #4172, .F. ) ;
#5170 = CARTESIAN_POINT ( 'NONE',  ( 3.700411139573628100, -7.000000000000026600, -9.999999999999994700 ) ) ;
#5171 = ADVANCED_FACE ( 'NONE', ( #2844 ), #1762, .F. ) ;
#5172 = CARTESIAN_POINT ( 'NONE',  ( -6.936287821487363600, -3.636698961060985000, -8.784299213127114900 ) ) ;
#5173 = LINE ( 'NONE', #4295, #5296 ) ;
#5174 = ORIENTED_EDGE ( 'NONE', *, *, #5254, .F. ) ;
#5175 = PLANE ( 'NONE',  #3643 ) ;
#5176 = ORIENTED_EDGE ( 'NONE', *, *, #2694, .F. ) ;
#5177 = LINE ( 'NONE', #1945, #7 ) ;
#5178 = EDGE_CURVE ( 'NONE', #881, #3919, #5019, .T. ) ;
#5179 = CARTESIAN_POINT ( 'NONE',  ( 12.49999999999999600, 1.520015985077562300, 9.068980551792392900 ) ) ;
#5180 = DIRECTION ( 'NONE',  ( 0.0000000000000000000, 0.0000000000000000000, -1.000000000000000000 ) ) ;
#5181 = ORIENTED_EDGE ( 'NONE', *, *, #1571, .F. ) ;
#5182 = VERTEX_POINT ( 'NONE', #5160 ) ;
#5183 = ORIENTED_EDGE ( 'NONE', *, *, #4905, .F. ) ;
#5184 = EDGE_CURVE ( 'NONE', #4868, #4997, #1643, .T. ) ;
#5185 = AXIS2_PLACEMENT_3D ( 'NONE', #5023, #956, #2170 ) ;
#5186 = DIRECTION ( 'NONE',  ( -0.9986295347545739400, -1.823134509674886100E-016, -0.05233595624294417500 ) ) ;
#5187 = DIRECTION ( 'NONE',  ( 1.000000000000000000, 0.0000000000000000000, 0.0000000000000000000 ) ) ;
#5188 = EDGE_LOOP ( 'NONE', ( #3614, #3309, #603 ) ) ;
#5189 = EDGE_CURVE ( 'NONE', #1365, #2680, #1889, .T. ) ;
#5190 = PRODUCT_DEFINITION_SHAPE ( 'NONE', 'NONE',  #5298 ) ;
#5191 = DIRECTION ( 'NONE',  ( 0.0000000000000000000, 0.9986295347545737200, 0.05233595624294414700 ) ) ;
#5192 = AXIS2_PLACEMENT_3D ( 'NONE', #3210, #1588, #4445 ) ;
#5193 = ORIENTED_EDGE ( 'NONE', *, *, #3230, .T. ) ;
#5194 = DIRECTION ( 'NONE',  ( 0.0000000000000000000, 1.000000000000000000, 0.0000000000000000000 ) ) ;
#5195 = DIRECTION ( 'NONE',  ( -6.505213034913024100E-017, 1.000000000000000000, -1.734723475976806800E-016 ) ) ;
#5196 = ADVANCED_FACE ( 'NONE', ( #2723 ), #1506, .F. ) ;
#5197 = DIRECTION ( 'NONE',  ( -2.465673422132804300E-016, -1.000000000000000000, 0.0000000000000000000 ) ) ;
#5198 = ORIENTED_EDGE ( 'NONE', *, *, #3187, .T. ) ;
#5199 = DIRECTION ( 'NONE',  ( -0.05226442768871426800, 0.05226442768871407400, 0.9972646886342373400 ) ) ;
#5200 = CARTESIAN_POINT ( 'NONE',  ( 8.784299213127113100, -3.636698961060983200, 6.936287821487366200 ) ) ;
#5201 = CARTESIAN_POINT ( 'NONE',  ( 8.515615011263474100, 3.922206679139226700, 6.622617818712850400 ) ) ;
#5202 = CARTESIAN_POINT ( 'NONE',  ( -8.500000000000005300, 8.500000000000005300, 8.500000000000000000 ) ) ;
#5203 = AXIS2_PLACEMENT_3D ( 'NONE', #3548, #5186, #2735 ) ;
#5204 = EDGE_CURVE ( 'NONE', #3403, #3156, #2590, .T. ) ;
#5205 = CARTESIAN_POINT ( 'NONE',  ( 9.999999999999996400, -3.700411139573638800, 5.000000000000016000 ) ) ;
#5206 = FACE_BOUND ( 'NONE', #2904, .T. ) ;
#5207 = EDGE_LOOP ( 'NONE', ( #1432, #1000, #3351, #791 ) ) ;
#5208 = ORIENTED_EDGE ( 'NONE', *, *, #2381, .F. ) ;
#5209 = CARTESIAN_POINT ( 'NONE',  ( -7.000000000000013300, 3.999999999999988000, -10.00000000000000000 ) ) ;
#5210 = DIRECTION ( 'NONE',  ( 0.0000000000000000000, 1.000000000000000000, -9.462128050782581700E-015 ) ) ;
#5211 = VECTOR ( 'NONE', #4651, 1000.000000000000200 ) ;
#5212 = ORIENTED_EDGE ( 'NONE', *, *, #2881, .T. ) ;
#5213 = DIRECTION ( 'NONE',  ( -0.0000000000000000000, -1.000000000000000000, -0.0000000000000000000 ) ) ;
#5214 = EDGE_LOOP ( 'NONE', ( #754, #3472, #4180, #4829, #1542 ) ) ;
#5215 = CYLINDRICAL_SURFACE ( 'NONE', #721, 0.2999999999999999300 ) ;
#5216 = ORIENTED_EDGE ( 'NONE', *, *, #1991, .T. ) ;
#5217 = LINE ( 'NONE', #2625, #4148 ) ;
#5218 = DIRECTION ( 'NONE',  ( -0.0000000000000000000, -0.0000000000000000000, -1.000000000000000000 ) ) ;
#5219 = EDGE_CURVE ( 'NONE', #1185, #4646, #3691, .T. ) ;
#5220 = CARTESIAN_POINT ( 'NONE',  ( 9.999999999999996400, -4.000000000000009800, 6.700411139573646800 ) ) ;
#5221 = VERTEX_POINT ( 'NONE', #691 ) ;
#5222 = EDGE_LOOP ( 'NONE', ( #698, #4000, #3290, #4073 ) ) ;
#5223 = DIRECTION ( 'NONE',  ( -0.9972646886342372300, -0.05226442768871422000, 0.05226442768871400500 ) ) ;
#5224 = ADVANCED_FACE ( 'NONE', ( #2472 ), #295, .T. ) ;
#5225 = EDGE_LOOP ( 'NONE', ( #5174, #1113, #413, #106 ) ) ;
#5226 = ORIENTED_EDGE ( 'NONE', *, *, #707, .T. ) ;
#5227 = LINE ( 'NONE', #1357, #3032 ) ;
#5228 = CARTESIAN_POINT ( 'NONE',  ( 8.799999999999998900, -5.363301038939051000, 3.636698961060976600 ) ) ;
#5229 = VECTOR ( 'NONE', #4897, 1000.000000000000000 ) ;
#5230 = CARTESIAN_POINT ( 'NONE',  ( -8.500000000000005300, 10.00000000000000500, -10.00000000000000000 ) ) ;
#5231 = AXIS2_PLACEMENT_3D ( 'NONE', #891, #1690, #3760 ) ;
#5232 = CARTESIAN_POINT ( 'NONE',  ( -10.00000000000000900, -8.499999999999996400, 10.00000000000000000 ) ) ;
#5233 = ORIENTED_EDGE ( 'NONE', *, *, #689, .T. ) ;
#5234 = VECTOR ( 'NONE', #3453, 1000.000000000000000 ) ;
#5235 = CARTESIAN_POINT ( 'NONE',  ( 3.636698961060975200, 5.363301038939028800, -8.799999999999997200 ) ) ;
#5236 = VECTOR ( 'NONE', #439, 1000.000000000000200 ) ;
#5237 = ORIENTED_EDGE ( 'NONE', *, *, #880, .T. ) ;
#5238 = EDGE_LOOP ( 'NONE', ( #2102, #3895, #2981 ) ) ;
#5239 = VECTOR ( 'NONE', #4258, 1000.000000000000100 ) ;
#5240 = VERTEX_POINT ( 'NONE', #4381 ) ;
#5241 = VECTOR ( 'NONE', #3312, 1000.000000000000000 ) ;
#5242 = EDGE_CURVE ( 'NONE', #194, #2513, #3563, .T. ) ;
#5243 = DIRECTION ( 'NONE',  ( 1.000000000000000000, 1.618354829517795600E-016, 2.220446049250312600E-016 ) ) ;
#5244 = DIRECTION ( 'NONE',  ( -0.9972646886342372300, 0.05226442768871385200, 0.05226442768871404600 ) ) ;
#5245 = ORIENTED_EDGE ( 'NONE', *, *, #1854, .F. ) ;
#5246 = LINE ( 'NONE', #4315, #894 ) ;
#5247 = AXIS2_PLACEMENT_3D ( 'NONE', #521, #3383, #928 ) ;
#5248 = EDGE_CURVE ( 'NONE', #225, #4228, #1378, .T. ) ;
#5249 = DIRECTION ( 'NONE',  ( 0.0000000000000000000, 1.000000000000000000, -1.445602896647339500E-015 ) ) ;
#5250 = CARTESIAN_POINT ( 'NONE',  ( -2.599999999999999600, 9.200000000000002800, -9.999999999999998200 ) ) ;
#5251 = ADVANCED_FACE ( 'NONE', ( #4084 ), #4517, .F. ) ;
#5252 = ORIENTED_EDGE ( 'NONE', *, *, #2059, .F. ) ;
#5253 = DIRECTION ( 'NONE',  ( -0.05226442768871432400, 0.05226442768871439300, -0.9972646886342374500 ) ) ;
#5254 = EDGE_CURVE ( 'NONE', #737, #72, #3428, .T. ) ;
#5255 = DIRECTION ( 'NONE',  ( -0.9972646886342372300, 0.05226442768871390100, 0.05226442768871402500 ) ) ;
#5256 = VERTEX_POINT ( 'NONE', #2755 ) ;
#5257 = CARTESIAN_POINT ( 'NONE',  ( 7.499999999999996400, 0.0000000000000000000, 5.550000000000001600 ) ) ;
#5258 = ORIENTED_EDGE ( 'NONE', *, *, #837, .T. ) ;
#5259 = CARTESIAN_POINT ( 'NONE',  ( 8.799999999999997200, -3.636698961060985400, 5.363301038939041200 ) ) ;
#5260 = AXIS2_PLACEMENT_3D ( 'NONE', #4825, #2387, #5249 ) ;
#5261 =( NAMED_UNIT ( * ) PLANE_ANGLE_UNIT ( ) SI_UNIT ( $, .RADIAN. ) );
#5262 = EDGE_CURVE ( 'NONE', #1877, #3114, #425, .T. ) ;
#5263 = CARTESIAN_POINT ( 'NONE',  ( -3.999999999999999100, 5.000000000000001800, -8.499999999999998200 ) ) ;
#5264 =( BOUNDED_CURVE ( )  B_SPLINE_CURVE ( 3, ( #2693, #2283, #1479, #1883 ),
 .UNSPECIFIED., .F., .F. ) 
 B_SPLINE_CURVE_WITH_KNOTS ( ( 4, 4 ),
 ( 5.499156671652532900, 7.067213942706633400 ),
 .UNSPECIFIED. ) 
 CURVE ( )  GEOMETRIC_REPRESENTATION_ITEM ( )  RATIONAL_B_SPLINE_CURVE ( ( 1.000000000000000000, 0.8053830134673609600, 0.8053830134673609600, 1.000000000000000000 ) ) 
 REPRESENTATION_ITEM ( '' )  );
#5265 = ORIENTED_EDGE ( 'NONE', *, *, #2874, .F. ) ;
#5267 = ORIENTED_EDGE ( 'NONE', *, *, #2940, .T. ) ;
#5266 = DIRECTION ( 'NONE',  ( 0.9972646886342373400, -0.05226442768871335900, 0.05226442768871401900 ) ) ;
#5268 = ORIENTED_EDGE ( 'NONE', *, *, #652, .T. ) ;
#5269 = ADVANCED_FACE ( 'NONE', ( #2206 ), #44, .F. ) ;
#5270 = DIRECTION ( 'NONE',  ( -0.9972646886342372300, -0.05226442768871445600, -0.05226442768871379000 ) ) ;
#5271 = ADVANCED_FACE ( 'NONE', ( #172 ), #3166, .T. ) ;
#5272 = VECTOR ( 'NONE', #5218, 1000.000000000000000 ) ;
#5273 = EDGE_CURVE ( 'NONE', #2787, #1983, #2342, .T. ) ;
#5274 = EDGE_LOOP ( 'NONE', ( #3850, #608, #551, #152 ) ) ;
#5275 = ORIENTED_EDGE ( 'NONE', *, *, #4335, .F. ) ;
#5276 = LINE ( 'NONE', #888, #3437 ) ;
#5277 = LINE ( 'NONE', #831, #2007 ) ;
#5278 = EDGE_LOOP ( 'NONE', ( #4259, #1565, #4416, #378 ) ) ;
#5279 = DIRECTION ( 'NONE',  ( -1.000000000000000000, 1.805304455399569900E-016, 0.0000000000000000000 ) ) ;
#5280 = EDGE_LOOP ( 'NONE', ( #3030, #2386, #2913, #2718 ) ) ;
#5281 = DIRECTION ( 'NONE',  ( 0.0000000000000000000, 0.0000000000000000000, 1.000000000000000000 ) ) ;
#5282 = LINE ( 'NONE', #3830, #2013 ) ;
#5283 = CARTESIAN_POINT ( 'NONE',  ( -2.489245774084690900, 9.089245774084696800, -12.11331652343349500 ) ) ;
#5284 = ORIENTED_EDGE ( 'NONE', *, *, #1719, .T. ) ;
#5285 = VECTOR ( 'NONE', #3033, 1000.000000000000100 ) ;
#5286 = AXIS2_PLACEMENT_3D ( 'NONE', #2842, #3267, #816 ) ;
#5287 = DIRECTION ( 'NONE',  ( -0.0000000000000000000, 1.000000000000000000, -4.670409358399096100E-015 ) ) ;
#5288 = ORIENTED_EDGE ( 'NONE', *, *, #1782, .T. ) ;
#5289 = CIRCLE ( 'NONE', #3693, 0.2999999999999999300 ) ;
#5290 = EDGE_CURVE ( 'NONE', #4638, #4568, #1122, .T. ) ;
#5291 = CARTESIAN_POINT ( 'NONE',  ( -10.00000000000000500, 8.500000000000007100, 10.00000000000000000 ) ) ;
#5292 = DIRECTION ( 'NONE',  ( 1.591066393909280600E-017, 0.0000000000000000000, 1.000000000000000000 ) ) ;
#5293 = AXIS2_PLACEMENT_3D ( 'NONE', #2863, #428, #3283 ) ;
#5294 = LINE ( 'NONE', #2416, #5165 ) ;
#5295 = VECTOR ( 'NONE', #1967, 1000.000000000000000 ) ;
#5296 = VECTOR ( 'NONE', #3467, 1000.000000000000000 ) ;
#5297 = CARTESIAN_POINT ( 'NONE',  ( 9.999999999999998200, -5.000000000000024900, -4.000000000000000900 ) ) ;
#5298 = NEXT_ASSEMBLY_USAGE_OCCURRENCE ( 'NAUO1', ' ', ' ', #1088, #533, $ ) ;
ENDSEC;
END-ISO-10303-21;
