ISO-10303-21;
HEADER;
FILE_DESCRIPTION (( 'STEP AP214' ),
    '1' );
FILE_NAME ('093ww202n05.STEP',
    '2014-08-21T06:35:50',
    ( '' ),
    ( '' ),
    'SwSTEP 2.0',
    'SolidWorks 2014',
    '' );
FILE_SCHEMA (( 'AUTOMOTIVE_DESIGN' ));
ENDSEC;

DATA;
#1 = FACE_OUTER_BOUND ( 'NONE', #5440, .T. ) ;
#2 = VERTEX_POINT ( 'NONE', #2452 ) ;
#3 = ORIENTED_EDGE ( 'NONE', *, *, #2457, .F. ) ;
#4 = DIRECTION ( 'NONE',  ( 1.000000000000000000, -0.0000000000000000000, -0.0000000000000000000 ) ) ;
#5 = ORIENTED_EDGE ( 'NONE', *, *, #4510, .F. ) ;
#6 = ORIENTED_EDGE ( 'NONE', *, *, #2344, .T. ) ;
#7 = VECTOR ( 'NONE', #2228, 1000.000000000000000 ) ;
#8 = ORIENTED_EDGE ( 'NONE', *, *, #4193, .F. ) ;
#9 = CARTESIAN_POINT ( 'NONE',  ( 5.881266609861633300, 0.4198097986443233800, 5.580523563372679500 ) ) ;
#10 = CARTESIAN_POINT ( 'NONE',  ( 9.999999999999996400, -4.999999999999985800, -3.700411139573645900 ) ) ;
#11 = ORIENTED_EDGE ( 'NONE', *, *, #2984, .F. ) ;
#12 = CARTESIAN_POINT ( 'NONE',  ( 0.2083462230234505700, 5.892828318099411400, 5.592085271610457700 ) ) ;
#13 = ORIENTED_EDGE ( 'NONE', *, *, #4799, .T. ) ;
#14 = ORIENTED_EDGE ( 'NONE', *, *, #5786, .F. ) ;
#15 = DIRECTION ( 'NONE',  ( 1.000000000000000000, -1.805304455399569900E-016, -0.0000000000000000000 ) ) ;
#16 = DIRECTION ( 'NONE',  ( -1.000000000000000000, -2.220446049250313100E-016, -1.084202172485504400E-016 ) ) ;
#17 = DIRECTION ( 'NONE',  ( 0.05233595624294414700, 0.0000000000000000000, -0.9986295347545737200 ) ) ;
#18 = EDGE_CURVE ( 'NONE', #5233, #4519, #3392, .T. ) ;
#19 = EDGE_LOOP ( 'NONE', ( #3289, #2479, #4701 ) ) ;
#20 = DIRECTION ( 'NONE',  ( 1.000000000000000000, -0.0000000000000000000, -0.0000000000000000000 ) ) ;
#21 = CARTESIAN_POINT ( 'NONE',  ( -3.499600903530742800E-016, -5.592085271610453200, -5.892828318099397200 ) ) ;
#22 = ORIENTED_EDGE ( 'NONE', *, *, #2276, .F. ) ;
#23 = AXIS2_PLACEMENT_3D ( 'NONE', #41, #1396, #4167 ) ;
#24 = ADVANCED_FACE ( 'NONE', ( #4639 ), #5667, .T. ) ;
#25 = EDGE_CURVE ( 'NONE', #763, #3061, #4079, .T. ) ;
#26 = CARTESIAN_POINT ( 'NONE',  ( 5.009600690621756100, -4.708857644132820000, -3.078937822961859800 ) ) ;
#27 = CIRCLE ( 'NONE', #4045, 0.2999999999999999300 ) ;
#28 = VECTOR ( 'NONE', #5679, 1000.000000000000000 ) ;
#29 = ORIENTED_EDGE ( 'NONE', *, *, #5354, .T. ) ;
#30 = ORIENTED_EDGE ( 'NONE', *, *, #1879, .T. ) ;
#31 = CARTESIAN_POINT ( 'NONE',  ( 8.499999999999996400, -3.636698961060973900, 6.636698961060972100 ) ) ;
#32 = CARTESIAN_POINT ( 'NONE',  ( 2.725122524105408200, -4.918513541861333500, -5.219256588350279300 ) ) ;
#33 = AXIS2_PLACEMENT_3D ( 'NONE', #364, #3123, #2674 ) ;
#34 = VECTOR ( 'NONE', #3833, 1000.000000000000000 ) ;
#35 = AXIS2_PLACEMENT_3D ( 'NONE', #5408, #2636, #5882 ) ;
#36 = LINE ( 'NONE', #4196, #3408 ) ;
#37 = CARTESIAN_POINT ( 'NONE',  ( -9.199999999999997500, 11.49999999999999600, 1.520015985077532500 ) ) ;
#38 = DIRECTION ( 'NONE',  ( 0.0000000000000000000, 0.0000000000000000000, -1.000000000000000000 ) ) ;
#39 = VECTOR ( 'NONE', #5319, 1000.000000000000000 ) ;
#40 = DIRECTION ( 'NONE',  ( 0.0000000000000000000, 0.0000000000000000000, 1.000000000000000000 ) ) ;
#41 = CARTESIAN_POINT ( 'NONE',  ( 0.0000000000000000000, 18.78173290805382900, 0.0000000000000000000 ) ) ;
#42 = ORIENTED_EDGE ( 'NONE', *, *, #585, .F. ) ;
#43 = DIRECTION ( 'NONE',  ( 0.05232873513582508200, 0.05220004101858901500, -0.9972646886342373400 ) ) ;
#44 = ORIENTED_EDGE ( 'NONE', *, *, #3248, .T. ) ;
#45 = EDGE_LOOP ( 'NONE', ( #3674, #1925, #1260, #2952 ) ) ;
#46 = ORIENTED_EDGE ( 'NONE', *, *, #5356, .T. ) ;
#47 = CARTESIAN_POINT ( 'NONE',  ( 5.525580227621916600, -5.224837181132976100, 2.028889233799560100 ) ) ;
#48 = VERTEX_POINT ( 'NONE', #1090 ) ;
#49 = VECTOR ( 'NONE', #554, 1000.000000000000000 ) ;
#50 = DIRECTION ( 'NONE',  ( 0.0000000000000000000, 1.000000000000000000, 0.0000000000000000000 ) ) ;
#51 = EDGE_CURVE ( 'NONE', #5641, #2983, #5875, .T. ) ;
#52 = DIRECTION ( 'NONE',  ( -9.067872715333307800E-015, 1.000000000000000000, -0.0000000000000000000 ) ) ;
#53 = ORIENTED_EDGE ( 'NONE', *, *, #4657, .F. ) ;
#54 = CARTESIAN_POINT ( 'NONE',  ( 9.999999999999996400, -3.700411139573626800, 7.000000000000000000 ) ) ;
#55 = AXIS2_PLACEMENT_3D ( 'NONE', #5473, #5947, #3157 ) ;
#56 = ORIENTED_EDGE ( 'NONE', *, *, #2802, .T. ) ;
#57 = CARTESIAN_POINT ( 'NONE',  ( -10.00000000000000900, -8.499999999999996400, 10.00000000000000000 ) ) ;
#58 = DIRECTION ( 'NONE',  ( 0.05226442768871418500, -0.9972646886342372300, 0.05226442768871420600 ) ) ;
#59 = AXIS2_PLACEMENT_3D ( 'NONE', #5445, #929, #4143 ) ;
#60 = FACE_OUTER_BOUND ( 'NONE', #2474, .T. ) ;
#61 = EDGE_CURVE ( 'NONE', #1561, #5233, #2184, .T. ) ;
#62 = LINE ( 'NONE', #2517, #4824 ) ;
#63 = CARTESIAN_POINT ( 'NONE',  ( 3.701229487637429200, -7.000818348063769600, -10.01561501126347800 ) ) ;
#64 = CARTESIAN_POINT ( 'NONE',  ( 9.999999999999998200, 6.500000000000005300, -3.149999999999999900 ) ) ;
#65 = ORIENTED_EDGE ( 'NONE', *, *, #1851, .F. ) ;
#66 = VECTOR ( 'NONE', #187, 1000.000000000000100 ) ;
#67 = AXIS2_PLACEMENT_3D ( 'NONE', #1533, #1071, #2010 ) ;
#68 = AXIS2_PLACEMENT_3D ( 'NONE', #2729, #5981, #3183 ) ;
#69 = EDGE_CURVE ( 'NONE', #3802, #4404, #3147, .T. ) ;
#70 = VECTOR ( 'NONE', #4602, 1000.000000000000000 ) ;
#71 = DIRECTION ( 'NONE',  ( -0.0000000000000000000, 1.000000000000000000, -0.0000000000000000000 ) ) ;
#72 = CARTESIAN_POINT ( 'NONE',  ( -7.006009454883588300, 10.11466723005238700, -2.593990545116404300 ) ) ;
#73 = ORIENTED_EDGE ( 'NONE', *, *, #2060, .F. ) ;
#74 = PLANE ( 'NONE',  #2951 ) ;
#75 = CARTESIAN_POINT ( 'NONE',  ( 4.048039711444662500, -4.248705270544506100, 4.248705270544492800 ) ) ;
#76 = PRESENTATION_LAYER_ASSIGNMENT (  '', '', ( #5768 ) ) ;
#77 = LINE ( 'NONE', #1918, #3603 ) ;
#78 = DIRECTION ( 'NONE',  ( -3.577867169202164600E-015, 2.168404344971001000E-016, 1.000000000000000000 ) ) ;
#79 = CARTESIAN_POINT ( 'NONE',  ( -9.199999999999995700, 9.999999999999996400, 2.600000000000015600 ) ) ;
#80 = VERTEX_POINT ( 'NONE', #5272 ) ;
#81 = VERTEX_POINT ( 'NONE', #4808 ) ;
#82 = CIRCLE ( 'NONE', #3015, 0.2999999999999999300 ) ;
#83 = SURFACE_SIDE_STYLE ('',( #2303 ) ) ;
#84 = VERTEX_POINT ( 'NONE', #2512 ) ;
#85 = CARTESIAN_POINT ( 'NONE',  ( 3.636698961060972600, 8.499999999999996400, 5.363301038939027000 ) ) ;
#86 = ORIENTED_EDGE ( 'NONE', *, *, #5860, .T. ) ;
#87 = ORIENTED_EDGE ( 'NONE', *, *, #2388, .F. ) ;
#88 = DIRECTION ( 'NONE',  ( 0.0000000000000000000, 0.0000000000000000000, 1.000000000000000000 ) ) ;
#89 = ORIENTED_EDGE ( 'NONE', *, *, #3495, .T. ) ;
#90 = DIRECTION ( 'NONE',  ( 0.0000000000000000000, 0.0000000000000000000, -1.000000000000000000 ) ) ;
#91 = EDGE_CURVE ( 'NONE', #4289, #3538, #3252, .T. ) ;
#92 = CARTESIAN_POINT ( 'NONE',  ( 0.2201700865487373800, -5.900915317458200500, 5.900915317458189000 ) ) ;
#93 = EDGE_CURVE ( 'NONE', #1781, #778, #800, .T. ) ;
#94 = CIRCLE ( 'NONE', #713, 7.035495700303544100 ) ;
#95 = EDGE_CURVE ( 'NONE', #492, #2749, #5722, .T. ) ;
#96 = ORIENTED_EDGE ( 'NONE', *, *, #1254, .F. ) ;
#97 = CARTESIAN_POINT ( 'NONE',  ( -2.518645519832092300, 11.55233595624294000, 7.081354480167908200 ) ) ;
#98 = CARTESIAN_POINT ( 'NONE',  ( 8.499999999999996400, 3.636698961060974800, 7.000000000000000000 ) ) ;
#99 = ORIENTED_EDGE ( 'NONE', *, *, #1374, .F. ) ;
#100 = FACE_OUTER_BOUND ( 'NONE', #4392, .T. ) ;
#101 = VECTOR ( 'NONE', #4330, 1000.000000000000200 ) ;
#102 = ORIENTED_EDGE ( 'NONE', *, *, #477, .F. ) ;
#103 = CARTESIAN_POINT ( 'NONE',  ( 7.500000000000005300, 0.0000000000000000000, 0.0000000000000000000 ) ) ;
#104 = EDGE_CURVE ( 'NONE', #5168, #5443, #3666, .T. ) ;
#105 = DIRECTION ( 'NONE',  ( 0.02617694830786641800, 0.0000000000000000000, 0.9996573249755574800 ) ) ;
#106 = VERTEX_POINT ( 'NONE', #3878 ) ;
#107 = VECTOR ( 'NONE', #2795, 1000.000000000000000 ) ;
#108 = FACE_OUTER_BOUND ( 'NONE', #4798, .T. ) ;
#109 = CARTESIAN_POINT ( 'NONE',  ( 2.600000000000000100, 0.0000000000000000000, -7.500000000000009800 ) ) ;
#110 = ORIENTED_EDGE ( 'NONE', *, *, #5827, .T. ) ;
#111 = AXIS2_PLACEMENT_3D ( 'NONE', #2252, #5478, #2709 ) ;
#112 = CARTESIAN_POINT ( 'NONE',  ( -6.636698961060967700, 8.784299213127113100, 3.936287821487322700 ) ) ;
#113 = CARTESIAN_POINT ( 'NONE',  ( 3.899385302045613100, 4.378243589248634200, 4.077500542759676900 ) ) ;
#114 = CARTESIAN_POINT ( 'NONE',  ( 4.430777923934097200, 3.491236405186123500, -4.430777923934101600 ) ) ;
#115 = PLANE ( 'NONE',  #5049 ) ;
#116 = ORIENTED_EDGE ( 'NONE', *, *, #6009, .T. ) ;
#117 = VERTEX_POINT ( 'NONE', #1134 ) ;
#118 = VECTOR ( 'NONE', #740, 1000.000000000000000 ) ;
#119 = FACE_OUTER_BOUND ( 'NONE', #3435, .T. ) ;
#120 = CARTESIAN_POINT ( 'NONE',  ( -9.185795833911534200, 10.27103163466928300, -2.585795833911514600 ) ) ;
#121 = DIRECTION ( 'NONE',  ( -0.0000000000000000000, -1.000000000000000000, -3.469446951953614200E-015 ) ) ;
#122 = ADVANCED_BREP_SHAPE_REPRESENTATION ( '093ww202n05', ( #3630, #1610 ), #5141 ) ;
#123 = PLANE ( 'NONE',  #250 ) ;
#124 = VECTOR ( 'NONE', #3022, 1000.000000000000000 ) ;
#125 = CARTESIAN_POINT ( 'NONE',  ( -5.362853473641110600, -3.636251946458865600, -8.800000000000000700 ) ) ;
#126 = DIRECTION ( 'NONE',  ( -0.9999992420943060200, 0.001231182688946409400, 0.0000000000000000000 ) ) ;
#127 =( BOUNDED_CURVE ( )  B_SPLINE_CURVE ( 3, ( #5494, #5970, #1349, #4578 ),
 .UNSPECIFIED., .F., .T. ) 
 B_SPLINE_CURVE_WITH_KNOTS ( ( 4, 4 ),
 ( 2.357564018062738400, 3.925621289116847800 ),
 .UNSPECIFIED. ) 
 CURVE ( )  GEOMETRIC_REPRESENTATION_ITEM ( )  RATIONAL_B_SPLINE_CURVE ( ( 1.000000000000000000, 0.8053830134673588500, 0.8053830134673588500, 1.000000000000000000 ) ) 
 REPRESENTATION_ITEM ( '' )  );
#128 = EDGE_CURVE ( 'NONE', #5769, #4113, #5433, .T. ) ;
#129 = DIRECTION ( 'NONE',  ( 0.0000000000000000000, 1.000000000000000000, 0.0000000000000000000 ) ) ;
#130 = ORIENTED_EDGE ( 'NONE', *, *, #4498, .F. ) ;
#131 = CARTESIAN_POINT ( 'NONE',  ( -8.500000000000008900, -8.499999999999994700, -10.00000000000000000 ) ) ;
#132 = DIRECTION ( 'NONE',  ( 1.805304455399569900E-016, 1.000000000000000000, 0.0000000000000000000 ) ) ;
#133 = DIRECTION ( 'NONE',  ( -1.445602896647347800E-015, 2.819412690455850100E-015, -1.000000000000000000 ) ) ;
#134 = VECTOR ( 'NONE', #1313, 1000.000000000000100 ) ;
#135 = AXIS2_PLACEMENT_3D ( 'NONE', #403, #3165, #868 ) ;
#136 = DIRECTION ( 'NONE',  ( 0.0000000000000000000, 0.0000000000000000000, 1.000000000000000000 ) ) ;
#137 = CYLINDRICAL_SURFACE ( 'NONE', #915, 0.2999999999999999300 ) ;
#138 = CARTESIAN_POINT ( 'NONE',  ( 0.0000000000000000000, -9.999999999999994700, -7.035495700303526300 ) ) ;
#139 = AXIS2_PLACEMENT_3D ( 'NONE', #3346, #574, #3795 ) ;
#140 = EDGE_CURVE ( 'NONE', #3818, #375, #5960, .T. ) ;
#141 = CARTESIAN_POINT ( 'NONE',  ( -2.600000000000001400, 9.999999999999996400, 9.199999999999999300 ) ) ;
#142 = DIRECTION ( 'NONE',  ( -0.05226442768871417100, 0.9972646886342372300, -0.05226442768871422700 ) ) ;
#143 = AXIS2_PLACEMENT_3D ( 'NONE', #551, #5173, #3775 ) ;
#144 = SPHERICAL_SURFACE ( 'NONE', #5598, 0.2999999999999999900 ) ;
#145 = AXIS2_PLACEMENT_3D ( 'NONE', #4502, #1737, #4979 ) ;
#146 = DIRECTION ( 'NONE',  ( 0.9972646886342372300, 0.05226442768871438600, -0.05226442768871385900 ) ) ;
#147 = ORIENTED_EDGE ( 'NONE', *, *, #5714, .F. ) ;
#148 = CARTESIAN_POINT ( 'NONE',  ( -9.068980551792400000, 2.081766411704361300, -12.50000000000000400 ) ) ;
#149 = CARTESIAN_POINT ( 'NONE',  ( 6.499999999999995600, 6.500000000000005300, -3.149999999999999900 ) ) ;
#150 = VERTEX_POINT ( 'NONE', #4010 ) ;
#151 = ORIENTED_EDGE ( 'NONE', *, *, #1663, .T. ) ;
#152 = LINE ( 'NONE', #3582, #2464 ) ;
#153 = DIRECTION ( 'NONE',  ( -1.000000000000000000, 0.0000000000000000000, 0.0000000000000000000 ) ) ;
#154 = ORIENTED_EDGE ( 'NONE', *, *, #3898, .T. ) ;
#155 = CARTESIAN_POINT ( 'NONE',  ( 8.784299213127114900, -6.936287821487336900, 3.921388331075413200 ) ) ;
#156 = CARTESIAN_POINT ( 'NONE',  ( 8.799999999999997200, -6.636698961060977500, -3.636698961060997400 ) ) ;
#157 = VERTEX_POINT ( 'NONE', #3987 ) ;
#158 = DIRECTION ( 'NONE',  ( 0.7071067811865474600, -0.0000000000000000000, 0.7071067811865474600 ) ) ;
#159 = DIRECTION ( 'NONE',  ( 3.497543079678235300E-032, -0.0000000000000000000, 1.000000000000000000 ) ) ;
#160 = ORIENTED_EDGE ( 'NONE', *, *, #1804, .T. ) ;
#161 = VERTEX_POINT ( 'NONE', #786 ) ;
#162 = ORIENTED_EDGE ( 'NONE', *, *, #5660, .T. ) ;
#163 = DIRECTION ( 'NONE',  ( -1.000000000000000000, -2.220446049250312600E-016, -3.469446951953614200E-015 ) ) ;
#164 = CARTESIAN_POINT ( 'NONE',  ( -2.601619034375382000, -4.982019601980090000, -5.282762648469034000 ) ) ;
#165 = ORIENTED_EDGE ( 'NONE', *, *, #404, .F. ) ;
#166 = EDGE_CURVE ( 'NONE', #5874, #3478, #5585, .T. ) ;
#167 = CARTESIAN_POINT ( 'NONE',  ( -7.131019448207608100, 12.49999999999999600, -2.081766411704348400 ) ) ;
#168 = DIRECTION ( 'NONE',  ( 0.9986295347545739400, 0.0000000000000000000, -0.05233595624294395300 ) ) ;
#169 = DIRECTION ( 'NONE',  ( 1.000000000000000000, 0.0000000000000000000, 0.0000000000000000000 ) ) ;
#170 = LINE ( 'NONE', #1044, #1398 ) ;
#171 = AXIS2_PLACEMENT_3D ( 'NONE', #1309, #911, #4127 ) ;
#172 = LINE ( 'NONE', #5200, #28 ) ;
#173 = CARTESIAN_POINT ( 'NONE',  ( 0.3947285831777931900, 5.589587661465667900, -5.589587661465667000 ) ) ;
#174 = CARTESIAN_POINT ( 'NONE',  ( 9.999999999999998200, 3.184081677783119700E-016, 2.600000000000001000 ) ) ;
#175 = ORIENTED_EDGE ( 'NONE', *, *, #506, .T. ) ;
#176 = ORIENTED_EDGE ( 'NONE', *, *, #2571, .F. ) ;
#177 = EDGE_CURVE ( 'NONE', #3108, #1354, #5426, .T. ) ;
#178 = VECTOR ( 'NONE', #589, 1000.000000000000000 ) ;
#179 = DIRECTION ( 'NONE',  ( 0.0000000000000000000, 0.9986261671219497400, 0.05240017499325583300 ) ) ;
#180 = VECTOR ( 'NONE', #3727, 1000.000000000000000 ) ;
#181 = LINE ( 'NONE', #1182, #2786 ) ;
#182 = AXIS2_PLACEMENT_3D ( 'NONE', #5764, #2978, #225 ) ;
#183 = EDGE_CURVE ( 'NONE', #3355, #3419, #2958, .T. ) ;
#184 = VERTEX_POINT ( 'NONE', #4505 ) ;
#185 = CARTESIAN_POINT ( 'NONE',  ( -9.199999999999995700, 9.999999999999996400, 2.600000000000015600 ) ) ;
#186 = ORIENTED_EDGE ( 'NONE', *, *, #3561, .F. ) ;
#187 = DIRECTION ( 'NONE',  ( -0.05226442768871399800, -0.9972646886342372300, 0.05226442768871403200 ) ) ;
#188 = EDGE_LOOP ( 'NONE', ( #564, #154, #1694, #5104, #4634, #1664 ) ) ;
#189 = CARTESIAN_POINT ( 'NONE',  ( 8.799999999999997200, 3.636698961060974800, 6.636698961060973000 ) ) ;
#190 = ORIENTED_EDGE ( 'NONE', *, *, #579, .T. ) ;
#191 = ORIENTED_EDGE ( 'NONE', *, *, #4932, .F. ) ;
#192 = VECTOR ( 'NONE', #52, 1000.000000000000000 ) ;
#193 = CARTESIAN_POINT ( 'NONE',  ( -5.000000000000015100, 8.499999999999996400, 3.636698961060956100 ) ) ;
#194 = DIRECTION ( 'NONE',  ( -0.9972646886342372300, 0.05226442768871385200, 0.05226442768871403900 ) ) ;
#195 = DIRECTION ( 'NONE',  ( 0.0000000000000000000, 0.0000000000000000000, 1.000000000000000000 ) ) ;
#196 = ORIENTED_EDGE ( 'NONE', *, *, #4922, .F. ) ;
#197 =( BOUNDED_CURVE ( )  B_SPLINE_CURVE ( 3, ( #2820, #3272, #974, #4197 ),
 .UNSPECIFIED., .F., .T. ) 
 B_SPLINE_CURVE_WITH_KNOTS ( ( 4, 4 ),
 ( 5.499156671652535500, 7.067213942706636900 ),
 .UNSPECIFIED. ) 
 CURVE ( )  GEOMETRIC_REPRESENTATION_ITEM ( )  RATIONAL_B_SPLINE_CURVE ( ( 1.000000000000000000, 0.8053830134673607400, 0.8053830134673607400, 1.000000000000000000 ) ) 
 REPRESENTATION_ITEM ( '' )  );
#198 = VERTEX_POINT ( 'NONE', #4037 ) ;
#199 = CARTESIAN_POINT ( 'NONE',  ( -5.900915317458196100, 5.410925979796852200E-016, 5.900915317458205900 ) ) ;
#200 = DIRECTION ( 'NONE',  ( -1.000000000000000000, 0.0000000000000000000, 2.891205793294679000E-015 ) ) ;
#201 = CYLINDRICAL_SURFACE ( 'NONE', #5328, 0.2999999999999999300 ) ;
#202 = LINE ( 'NONE', #5302, #1140 ) ;
#203 = ADVANCED_FACE ( 'NONE', ( #1735 ), #827, .T. ) ;
#204 = DIRECTION ( 'NONE',  ( 0.05233595624294395300, 0.0000000000000000000, 0.9986295347545739400 ) ) ;
#205 = DIRECTION ( 'NONE',  ( -1.000000000000000000, 3.610608910799139800E-016, -0.0000000000000000000 ) ) ;
#206 = EDGE_CURVE ( 'NONE', #4056, #4113, #2827, .T. ) ;
#207 = ORIENTED_EDGE ( 'NONE', *, *, #1525, .T. ) ;
#208 = EDGE_CURVE ( 'NONE', #117, #3218, #3079, .T. ) ;
#209 = LINE ( 'NONE', #4784, #2519 ) ;
#210 = EDGE_CURVE ( 'NONE', #4955, #5375, #1586, .T. ) ;
#211 = CARTESIAN_POINT ( 'NONE',  ( 9.999999999999996400, 3.700411139573629000, 5.000000000000000900 ) ) ;
#212 = DIRECTION ( 'NONE',  ( -0.05233595624294412600, 0.9986295347545739400, 3.584312378085563600E-015 ) ) ;
#213 = LINE ( 'NONE', #4086, #5125 ) ;
#214 = ORIENTED_EDGE ( 'NONE', *, *, #1987, .F. ) ;
#215 = CARTESIAN_POINT ( 'NONE',  ( -6.622520811131652300, -3.920208999130045900, -8.515615011263475900 ) ) ;
#216 = PLANE ( 'NONE',  #1558 ) ;
#217 = DIRECTION ( 'NONE',  ( -0.02617694830786641800, 3.205751595667433100E-018, 0.9996573249755574800 ) ) ;
#218 = EDGE_CURVE ( 'NONE', #3618, #3498, #5278, .T. ) ;
#219 = LINE ( 'NONE', #4204, #3738 ) ;
#220 = DIRECTION ( 'NONE',  ( -1.000000000000000000, 0.0000000000000000000, 0.0000000000000000000 ) ) ;
#221 = DIRECTION ( 'NONE',  ( 9.328017449382995700E-015, -0.9986295347545739400, -0.05233595624294395300 ) ) ;
#222 = ORIENTED_EDGE ( 'NONE', *, *, #140, .T. ) ;
#223 = CIRCLE ( 'NONE', #1799, 0.2999999999999999300 ) ;
#224 = LINE ( 'NONE', #5555, #6000 ) ;
#225 = DIRECTION ( 'NONE',  ( 0.0000000000000000000, -0.05233595624294422300, 0.9986295347545737200 ) ) ;
#226 = ORIENTED_EDGE ( 'NONE', *, *, #4119, .T. ) ;
#227 = CARTESIAN_POINT ( 'NONE',  ( 2.599999999999998300, 9.999999999999996400, 9.199999999999999300 ) ) ;
#228 = CARTESIAN_POINT ( 'NONE',  ( 12.49999999999999800, -7.131019448207596600, 1.520015985077529700 ) ) ;
#229 = ORIENTED_EDGE ( 'NONE', *, *, #5186, .F. ) ;
#230 = CARTESIAN_POINT ( 'NONE',  ( 9.999999999999996400, -4.000000000000000000, 6.876005637310965900 ) ) ;
#231 = DIRECTION ( 'NONE',  ( -1.823439550883168000E-015, -2.168404344971013100E-016, -1.000000000000000000 ) ) ;
#232 = ORIENTED_EDGE ( 'NONE', *, *, #3714, .T. ) ;
#233 = ORIENTED_EDGE ( 'NONE', *, *, #4848, .F. ) ;
#234 = ADVANCED_FACE ( 'NONE', ( #5137 ), #4075, .F. ) ;
#235 = PLANE ( 'NONE',  #3055 ) ;
#236 = CARTESIAN_POINT ( 'NONE',  ( 5.104984485813952600, -2.907562294565375200, 4.804241439325001500 ) ) ;
#237 = FACE_OUTER_BOUND ( 'NONE', #3281, .T. ) ;
#238 = CARTESIAN_POINT ( 'NONE',  ( 3.557481457854005000E-015, 0.0000000000000000000, -9.999999999999998200 ) ) ;
#239 = VERTEX_POINT ( 'NONE', #3571 ) ;
#240 = DIRECTION ( 'NONE',  ( 0.9972646886342374500, 0.05226442768871410200, 0.05226442768871439300 ) ) ;
#241 = B_SPLINE_CURVE_WITH_KNOTS ( 'NONE', 3,
 ( #1871, #1853, #5078, #5097, #2345, #5569, #2796, #32, #3249, #488, #3706, #958 ),
 .UNSPECIFIED., .F., .F.,
 ( 4, 2, 2, 2, 2, 4 ),
 ( 0.01085889001891642500, 0.01209801504910718700, 0.01271757756420256700, 0.01333714007929794900, 0.01457626510948871100, 0.01581539013967947100 ),
 .UNSPECIFIED. ) ;
#242 = ORIENTED_EDGE ( 'NONE', *, *, #5963, .F. ) ;
#243 = EDGE_CURVE ( 'NONE', #5769, #5983, #366, .T. ) ;
#244 = LINE ( 'NONE', #2209, #2555 ) ;
#245 = LINE ( 'NONE', #1835, #5023 ) ;
#246 = VECTOR ( 'NONE', #5702, 1000.000000000000200 ) ;
#247 = EDGE_LOOP ( 'NONE', ( #516, #1336 ) ) ;
#248 = ORIENTED_EDGE ( 'NONE', *, *, #5126, .F. ) ;
#249 = LINE ( 'NONE', #4137, #5030 ) ;
#250 = AXIS2_PLACEMENT_3D ( 'NONE', #568, #3791, #1045 ) ;
#251 = EDGE_CURVE ( 'NONE', #4090, #1426, #3884, .T. ) ;
#252 = ORIENTED_EDGE ( 'NONE', *, *, #3290, .T. ) ;
#253 = CARTESIAN_POINT ( 'NONE',  ( 9.999999999999996400, 4.000000000000000900, 5.299588860426373700 ) ) ;
#254 = CARTESIAN_POINT ( 'NONE',  ( -4.499192714390171800, 3.779867336224123100, 4.499192714390184200 ) ) ;
#255 = AXIS2_PLACEMENT_3D ( 'NONE', #5631, #527, #2856 ) ;
#256 = ADVANCED_FACE ( 'NONE', ( #2687 ), #2540, .F. ) ;
#257 = FACE_OUTER_BOUND ( 'NONE', #5285, .T. ) ;
#258 = VECTOR ( 'NONE', #3113, 1000.000000000000200 ) ;
#259 = CARTESIAN_POINT ( 'NONE',  ( 9.999999999999994700, 10.00000000000000500, 3.149999999999999900 ) ) ;
#260 = CARTESIAN_POINT ( 'NONE',  ( -2.599999999999916200, -9.200000000000029500, -10.00000000000000000 ) ) ;
#261 = CARTESIAN_POINT ( 'NONE',  ( 8.784299213127114900, -6.636698961060965900, 3.936287821487322700 ) ) ;
#262 = FACE_OUTER_BOUND ( 'NONE', #2298, .T. ) ;
#263 = CARTESIAN_POINT ( 'NONE',  ( -10.00000000000000500, 10.00000000000000500, 10.00000000000000000 ) ) ;
#264 = DIRECTION ( 'NONE',  ( -0.05226442768871356800, -0.05226442768871452500, 0.9972646886342373400 ) ) ;
#265 = CARTESIAN_POINT ( 'NONE',  ( -6.263470565197301300, 8.126587275852537800E-016, 9.255216937736639300 ) ) ;
#266 = DIRECTION ( 'NONE',  ( -0.05233595624294414700, 0.0000000000000000000, -0.9986295347545737200 ) ) ;
#267 =( BOUNDED_CURVE ( )  B_SPLINE_CURVE ( 3, ( #2153, #4437, #287, #5381 ),
 .UNSPECIFIED., .F., .T. ) 
 B_SPLINE_CURVE_WITH_KNOTS ( ( 4, 4 ),
 ( 5.499156671652528400, 7.067213942706641400 ),
 .UNSPECIFIED. ) 
 CURVE ( )  GEOMETRIC_REPRESENTATION_ITEM ( )  RATIONAL_B_SPLINE_CURVE ( ( 1.000000000000000000, 0.8053830134673579700, 0.8053830134673579700, 1.000000000000000000 ) ) 
 REPRESENTATION_ITEM ( '' )  );
#268 = VECTOR ( 'NONE', #5914, 1000.000000000000000 ) ;
#269 = CARTESIAN_POINT ( 'NONE',  ( -5.353529743410834200, 3.936729096479656900, -8.784299213127116700 ) ) ;
#270 = DIRECTION ( 'NONE',  ( 2.465673422132804300E-016, 1.000000000000000000, 0.0000000000000000000 ) ) ;
#271 = EDGE_CURVE ( 'NONE', #4475, #5688, #4049, .T. ) ;
#272 = LINE ( 'NONE', #3371, #1500 ) ;
#273 = ORIENTED_EDGE ( 'NONE', *, *, #4733, .T. ) ;
#274 = AXIS2_PLACEMENT_3D ( 'NONE', #3431, #658, #3883 ) ;
#275 = DIRECTION ( 'NONE',  ( -0.05226442768871418500, 0.9972646886342373400, -0.05226442768871422000 ) ) ;
#276 = DIRECTION ( 'NONE',  ( -0.0000000000000000000, 0.0000000000000000000, 1.000000000000000000 ) ) ;
#277 = EDGE_CURVE ( 'NONE', #1451, #1779, #224, .T. ) ;
#278 = EDGE_CURVE ( 'NONE', #5212, #4841, #5510, .T. ) ;
#279 = CONICAL_SURFACE ( 'NONE', #2808, 6.008253627460656600, 0.02617993877990825200 ) ;
#280 = ORIENTED_EDGE ( 'NONE', *, *, #1020, .T. ) ;
#281 = CARTESIAN_POINT ( 'NONE',  ( 9.999999999999998200, -7.000000000000013300, 3.999999999999975100 ) ) ;
#282 = CARTESIAN_POINT ( 'NONE',  ( 5.542205593600659300, 5.542205593600669100, 0.8335912693341008800 ) ) ;
#283 = ORIENTED_EDGE ( 'NONE', *, *, #503, .F. ) ;
#284 = VERTEX_POINT ( 'NONE', #3253 ) ;
#285 = LINE ( 'NONE', #1294, #7 ) ;
#286 = ADVANCED_FACE ( 'NONE', ( #5034 ), #1476, .T. ) ;
#287 = CARTESIAN_POINT ( 'NONE',  ( -4.000000000000002700, 10.00000000000000900, 6.876005637310967700 ) ) ;
#288 = CARTESIAN_POINT ( 'NONE',  ( -6.636697720597543300, -3.997984924572107500, -8.500000000000000000 ) ) ;
#289 = DIRECTION ( 'NONE',  ( -0.05233595624294390400, -0.9986295347545739400, 0.0000000000000000000 ) ) ;
#290 = ORIENTED_EDGE ( 'NONE', *, *, #5398, .F. ) ;
#291 = EDGE_CURVE ( 'NONE', #3243, #81, #2130, .T. ) ;
#292 = CARTESIAN_POINT ( 'NONE',  ( -1.989338725945098500, 5.247321690787214400, -5.247321690787215300 ) ) ;
#293 = CARTESIAN_POINT ( 'NONE',  ( 8.615997289791679300E-016, -9.999999999999994700, 7.035495700303526300 ) ) ;
#294 = ORIENTED_EDGE ( 'NONE', *, *, #3441, .T. ) ;
#295 = CARTESIAN_POINT ( 'NONE',  ( -8.586271053293987900, -5.971233832142132800, 7.503270357230107900E-016 ) ) ;
#296 = VERTEX_POINT ( 'NONE', #3718 ) ;
#297 = ORIENTED_EDGE ( 'NONE', *, *, #823, .T. ) ;
#298 = AXIS2_PLACEMENT_3D ( 'NONE', #2313, #5542, #2762 ) ;
#299 = ORIENTED_EDGE ( 'NONE', *, *, #3058, .F. ) ;
#300 = ORIENTED_EDGE ( 'NONE', *, *, #1488, .T. ) ;
#301 = DIRECTION ( 'NONE',  ( 1.000000000000000000, 0.0000000000000000000, 0.0000000000000000000 ) ) ;
#302 = LINE ( 'NONE', #2444, #3695 ) ;
#303 = CARTESIAN_POINT ( 'NONE',  ( 4.208564278681349100, 4.208564278681357100, -3.762211037870897300 ) ) ;
#304 = PLANE ( 'NONE',  #5203 ) ;
#305 = SPHERICAL_SURFACE ( 'NONE', #1334, 0.2999999999999999900 ) ;
#306 = CARTESIAN_POINT ( 'NONE',  ( 6.796789735267808800E-016, 7.500000000000007100, 5.549999999999998900 ) ) ;
#307 = DIRECTION ( 'NONE',  ( 0.9986295347545739400, 0.05233595624294400100, -1.832289141843088500E-015 ) ) ;
#308 = ADVANCED_FACE ( 'NONE', ( #1312 ), #5107, .F. ) ;
#309 = DIRECTION ( 'NONE',  ( 0.0000000000000000000, 1.000000000000000000, -1.577021341797097600E-015 ) ) ;
#310 = ORIENTED_EDGE ( 'NONE', *, *, #2768, .F. ) ;
#311 = ORIENTED_EDGE ( 'NONE', *, *, #5354, .F. ) ;
#312 = CIRCLE ( 'NONE', #5843, 0.2999999999999999300 ) ;
#313 = CYLINDRICAL_SURFACE ( 'NONE', #874, 0.2999999999999999300 ) ;
#314 = EDGE_CURVE ( 'NONE', #1814, #1611, #3771, .T. ) ;
#315 = LINE ( 'NONE', #1135, #5094 ) ;
#316 = ADVANCED_FACE ( 'NONE', ( #108 ), #1201, .T. ) ;
#317 = CARTESIAN_POINT ( 'NONE',  ( -4.210958313263950500, -3.748591083751317700, -4.511701359752916800 ) ) ;
#318 = AXIS2_PLACEMENT_3D ( 'NONE', #1117, #4338, #1580 ) ;
#319 = VERTEX_POINT ( 'NONE', #3276 ) ;
#320 = VERTEX_POINT ( 'NONE', #509 ) ;
#321 = EDGE_CURVE ( 'NONE', #2183, #2749, #2429, .T. ) ;
#322 = ORIENTED_EDGE ( 'NONE', *, *, #1026, .T. ) ;
#323 = ORIENTED_EDGE ( 'NONE', *, *, #2457, .T. ) ;
#324 = CARTESIAN_POINT ( 'NONE',  ( 8.799999999999998900, -5.363301038939037600, 3.636698961060955200 ) ) ;
#325 = CYLINDRICAL_SURFACE ( 'NONE', #4988, 0.3000000000000003200 ) ;
#326 = DIRECTION ( 'NONE',  ( 1.000000000000000000, -1.805304455399569900E-016, -0.0000000000000000000 ) ) ;
#327 = DIRECTION ( 'NONE',  ( -2.168404344971009100E-016, 3.577867169202164600E-015, -1.000000000000000000 ) ) ;
#328 = CARTESIAN_POINT ( 'NONE',  ( 9.999999999999998200, -9.200000000000001100, -2.599999999999984100 ) ) ;
#329 = DIRECTION ( 'NONE',  ( 1.000000000000000000, 1.447586763997134800E-015, -0.0000000000000000000 ) ) ;
#330 = AXIS2_PLACEMENT_3D ( 'NONE', #2699, #3146, #388 ) ;
#331 = AXIS2_PLACEMENT_3D ( 'NONE', #5341, #2583, #5821 ) ;
#332 = FACE_OUTER_BOUND ( 'NONE', #4666, .T. ) ;
#333 = ORIENTED_EDGE ( 'NONE', *, *, #2191, .F. ) ;
#334 = CARTESIAN_POINT ( 'NONE',  ( -10.00000000000000500, 7.035495700303545000, 8.615997289791702900E-016 ) ) ;
#335 = ORIENTED_EDGE ( 'NONE', *, *, #3397, .F. ) ;
#336 = CARTESIAN_POINT ( 'NONE',  ( -5.541462889420508000, -0.7855455459046233300, -5.842205935909472500 ) ) ;
#337 = ADVANCED_FACE ( 'NONE', ( #3489 ), #2292, .F. ) ;
#338 = FACE_OUTER_BOUND ( 'NONE', #834, .T. ) ;
#339 = DIRECTION ( 'NONE',  ( 1.000000000000000000, 0.0000000000000000000, 0.0000000000000000000 ) ) ;
#340 = LINE ( 'NONE', #1199, #3864 ) ;
#341 = ORIENTED_EDGE ( 'NONE', *, *, #1517, .T. ) ;
#342 = CIRCLE ( 'NONE', #5237, 5.971233832142132800 ) ;
#343 = DIRECTION ( 'NONE',  ( 0.0000000000000000000, -1.000000000000000000, 0.0000000000000000000 ) ) ;
#344 = CARTESIAN_POINT ( 'NONE',  ( 9.999999999999998200, -6.700411139573619200, 3.999999999999976000 ) ) ;
#345 = DIRECTION ( 'NONE',  ( 2.905134055610226800E-016, 1.000000000000000000, 0.0000000000000000000 ) ) ;
#346 = ADVANCED_FACE ( 'NONE', ( #3640 ), #5825, .F. ) ;
#347 = CARTESIAN_POINT ( 'NONE',  ( 8.499999999999996400, -3.636698961060973900, 5.363301038939026100 ) ) ;
#348 = DIRECTION ( 'NONE',  ( 0.05233595624294390400, 0.9986295347545739400, 0.0000000000000000000 ) ) ;
#349 = CARTESIAN_POINT ( 'NONE',  ( 9.999999999999994700, -3.149999999999999900, -10.00000000000000000 ) ) ;
#350 = CARTESIAN_POINT ( 'NONE',  ( -5.299588860426387900, 9.999999999999996400, 3.999999999999980900 ) ) ;
#351 = FACE_OUTER_BOUND ( 'NONE', #2141, .T. ) ;
#352 = CARTESIAN_POINT ( 'NONE',  ( -5.909073895895213400, -5.909073895895228500, 0.3037599067036682600 ) ) ;
#353 = CARTESIAN_POINT ( 'NONE',  ( -9.068980551792392900, 12.49999999999999600, 2.600000000000014700 ) ) ;
#354 = DIRECTION ( 'NONE',  ( 0.001231182688944133700, 0.9999992420943060200, 1.357097329292376200E-020 ) ) ;
#355 = EDGE_CURVE ( 'NONE', #3345, #940, #4879, .T. ) ;
#356 = ORIENTED_EDGE ( 'NONE', *, *, #3221, .F. ) ;
#357 = CARTESIAN_POINT ( 'NONE',  ( -3.833554433795645100, 4.134297480284609500, -4.134297480284612200 ) ) ;
#358 = VERTEX_POINT ( 'NONE', #1464 ) ;
#359 = DIRECTION ( 'NONE',  ( 0.0000000000000000000, -1.000000000000000000, 1.577021341797097800E-015 ) ) ;
#360 = AXIS2_PLACEMENT_3D ( 'NONE', #1287, #3617, #1792 ) ;
#361 = FACE_OUTER_BOUND ( 'NONE', #738, .T. ) ;
#362 = DIRECTION ( 'NONE',  ( -0.0000000000000000000, -1.000000000000000000, -1.447586763997134800E-015 ) ) ;
#363 = EDGE_CURVE ( 'NONE', #4420, #4431, #3342, .T. ) ;
#364 = CARTESIAN_POINT ( 'NONE',  ( 9.614344052491299300, -3.679376924424394300, 5.320623075575604800 ) ) ;
#365 = CYLINDRICAL_SURFACE ( 'NONE', #869, 0.3000000000000003800 ) ;
#366 = LINE ( 'NONE', #2216, #1448 ) ;
#367 = ORIENTED_EDGE ( 'NONE', *, *, #3410, .T. ) ;
#368 = AXIS2_PLACEMENT_3D ( 'NONE', #3387, #3835, #2926 ) ;
#369 = ORIENTED_EDGE ( 'NONE', *, *, #3188, .T. ) ;
#370 = AXIS2_PLACEMENT_3D ( 'NONE', #2253, #2712, #5955 ) ;
#371 = DIRECTION ( 'NONE',  ( -3.577867169202164600E-015, 2.168404344971001000E-016, 1.000000000000000000 ) ) ;
#372 = CARTESIAN_POINT ( 'NONE',  ( -5.362853473641110600, -3.636251946458865600, -8.800000000000000700 ) ) ;
#373 = ADVANCED_FACE ( 'NONE', ( #910 ), #5167, .T. ) ;
#374 = EDGE_CURVE ( 'NONE', #510, #4559, #5677, .T. ) ;
#375 = VERTEX_POINT ( 'NONE', #3968 ) ;
#376 = CARTESIAN_POINT ( 'NONE',  ( -4.484315863250895300, -4.484315863250912100, -3.795872304616795000 ) ) ;
#377 = CARTESIAN_POINT ( 'NONE',  ( 5.454895446108836600, -1.295296058570574600, -5.454895446108837500 ) ) ;
#378 = ORIENTED_EDGE ( 'NONE', *, *, #1132, .T. ) ;
#379 = PLANE ( 'NONE',  #421 ) ;
#380 = PLANE ( 'NONE',  #1377 ) ;
#381 = MECHANICAL_DESIGN_GEOMETRIC_PRESENTATION_REPRESENTATION (  '', ( #5768 ), #679 ) ;
#382 = VECTOR ( 'NONE', #5385, 1000.000000000000000 ) ;
#383 = B_SPLINE_CURVE_WITH_KNOTS ( 'NONE', 3,
 ( #4153, #4630, #2792, #26, #3242, #481, #3703, #954, #4171, #1417, #4647, #1887, #5111, #2359, #5587, #2812, #47, #3263, #497, #3724, #967, #4189, #1432, #4669 ),
 .UNSPECIFIED., .F., .F.,
 ( 4, 2, 2, 2, 2, 2, 2, 2, 2, 2, 2, 4 ),
 ( 0.005893135281898058600, 0.007101334002010739600, 0.008309532722123421500, 0.009517731442236101700, 0.01012183080229244300, 0.01072593016234878400, 0.01193412888246146700, 0.01253822824251780600, 0.01314232760257414600, 0.01374642696263048800, 0.01435052632268682800, 0.01555872504279950900 ),
 .UNSPECIFIED. ) ;
#384 = ORIENTED_EDGE ( 'NONE', *, *, #5231, .F. ) ;
#385 = ADVANCED_FACE ( 'NONE', ( #4426 ), #1041, .T. ) ;
#386 = CARTESIAN_POINT ( 'NONE',  ( -5.363301038939014600, 8.799999999999995400, -3.636698961060993900 ) ) ;
#387 = ORIENTED_EDGE ( 'NONE', *, *, #4064, .T. ) ;
#388 = DIRECTION ( 'NONE',  ( 0.0000000000000000000, 0.0000000000000000000, -1.000000000000000000 ) ) ;
#389 = CYLINDRICAL_SURFACE ( 'NONE', #5409, 2.599999999999996500 ) ;
#390 = LINE ( 'NONE', #930, #2708 ) ;
#391 = FACE_OUTER_BOUND ( 'NONE', #4262, .T. ) ;
#392 = EDGE_LOOP ( 'NONE', ( #1972, #5532, #515, #1259, #96, #743, #4791, #2261, #196, #4888, #1146, #3892 ) ) ;
#393 = VERTEX_POINT ( 'NONE', #2616 ) ;
#394 = DIRECTION ( 'NONE',  ( 0.05226442768871398400, 0.9972646886342372300, 0.05226442768871404600 ) ) ;
#395 = CARTESIAN_POINT ( 'NONE',  ( -9.118645519832096400, -2.518645519832091000, -11.55233595624294400 ) ) ;
#396 = CYLINDRICAL_SURFACE ( 'NONE', #2121, 1.000000000000000000 ) ;
#397 = CARTESIAN_POINT ( 'NONE',  ( 19.27879200441636700, 3.184081677783119700E-016, 2.600000000000001000 ) ) ;
#398 = DIRECTION ( 'NONE',  ( -0.0000000000000000000, -1.000000000000000000, -1.084202172485504400E-016 ) ) ;
#399 = CARTESIAN_POINT ( 'NONE',  ( 3.149999999999999900, 10.00000000000000500, -6.500000000000000900 ) ) ;
#400 = DIRECTION ( 'NONE',  ( 0.0000000000000000000, 0.0000000000000000000, -1.000000000000000000 ) ) ;
#401 = ORIENTED_EDGE ( 'NONE', *, *, #2321, .T. ) ;
#402 = AXIS2_PLACEMENT_3D ( 'NONE', #3279, #1924, #4210 ) ;
#403 = CARTESIAN_POINT ( 'NONE',  ( -5.353898592029592500, 3.637140463113387700, -8.800000000000000700 ) ) ;
#404 = EDGE_CURVE ( 'NONE', #3707, #986, #741, .T. ) ;
#405 = ORIENTED_EDGE ( 'NONE', *, *, #953, .F. ) ;
#406 = EDGE_CURVE ( 'NONE', #4513, #425, #2930, .T. ) ;
#407 = EDGE_CURVE ( 'NONE', #2, #2655, #1983, .T. ) ;
#408 = CARTESIAN_POINT ( 'NONE',  ( -5.599937694585159800, 5.900680741074119800, 0.2719790190404688900 ) ) ;
#409 = ADVANCED_FACE ( 'NONE', ( #4283 ), #4142, .F. ) ;
#410 = FACE_OUTER_BOUND ( 'NONE', #4473, .T. ) ;
#411 = VECTOR ( 'NONE', #3993, 1000.000000000000000 ) ;
#412 = EDGE_CURVE ( 'NONE', #1471, #5171, #1125, .T. ) ;
#413 = EDGE_LOOP ( 'NONE', ( #914, #3644, #160, #1544 ) ) ;
#414 = ADVANCED_FACE ( 'NONE', ( #1688 ), #461, .T. ) ;
#415 = CARTESIAN_POINT ( 'NONE',  ( 8.799999999999997200, -3.636698961060973900, 5.363301038939026100 ) ) ;
#416 = CARTESIAN_POINT ( 'NONE',  ( 9.999999999999998200, -6.999999999999984900, -4.000000000000024900 ) ) ;
#417 = FACE_OUTER_BOUND ( 'NONE', #5995, .T. ) ;
#418 = DIRECTION ( 'NONE',  ( 0.0000000000000000000, 0.0000000000000000000, 1.000000000000000000 ) ) ;
#419 = DIRECTION ( 'NONE',  ( 0.0000000000000000000, 1.000000000000000000, 0.0000000000000000000 ) ) ;
#420 = CARTESIAN_POINT ( 'NONE',  ( -5.981363564820171100, 7.325057744193629900E-016, 8.973109937359515300 ) ) ;
#421 = AXIS2_PLACEMENT_3D ( 'NONE', #5930, #5885, #847 ) ;
#422 = CIRCLE ( 'NONE', #3265, 0.2999999999999999300 ) ;
#423 = VECTOR ( 'NONE', #618, 1000.000000000000000 ) ;
#424 = PLANE ( 'NONE',  #2201 ) ;
#425 = VERTEX_POINT ( 'NONE', #3575 ) ;
#426 = ORIENTED_EDGE ( 'NONE', *, *, #1103, .F. ) ;
#427 = CARTESIAN_POINT ( 'NONE',  ( -9.199999999999995700, 9.999999999999996400, 2.600000000000015600 ) ) ;
#428 = DIRECTION ( 'NONE',  ( 0.0000000000000000000, 0.0000000000000000000, -1.000000000000000000 ) ) ;
#429 = ADVANCED_FACE ( 'NONE', ( #3052 ), #123, .F. ) ;
#430 = ORIENTED_EDGE ( 'NONE', *, *, #1421, .F. ) ;
#431 = DIRECTION ( 'NONE',  ( 1.000000000000000000, 0.0000000000000000000, 0.0000000000000000000 ) ) ;
#432 = DIRECTION ( 'NONE',  ( -0.0000000000000000000, 1.000000000000000000, -0.0000000000000000000 ) ) ;
#433 = CARTESIAN_POINT ( 'NONE',  ( 0.0000000000000000000, -9.285468475998371200, -6.282536581423911100 ) ) ;
#434 = EDGE_CURVE ( 'NONE', #5716, #949, #5377, .T. ) ;
#435 = ORIENTED_EDGE ( 'NONE', *, *, #3398, .T. ) ;
#436 = VERTEX_POINT ( 'NONE', #2447 ) ;
#437 = SPHERICAL_SURFACE ( 'NONE', #5525, 0.2999999999999999900 ) ;
#438 = DIRECTION ( 'NONE',  ( 1.000000000000000000, -6.453171330633722400E-016, 3.469446951953614200E-015 ) ) ;
#439 = ORIENTED_EDGE ( 'NONE', *, *, #5552, .F. ) ;
#440 = DIRECTION ( 'NONE',  ( 0.0000000000000000000, 0.0000000000000000000, -1.000000000000000000 ) ) ;
#441 = AXIS2_PLACEMENT_3D ( 'NONE', #1728, #2206, #5434 ) ;
#442 = ADVANCED_FACE ( 'NONE', ( #3984 ), #313, .F. ) ;
#443 = ORIENTED_EDGE ( 'NONE', *, *, #4625, .T. ) ;
#444 = ORIENTED_EDGE ( 'NONE', *, *, #4776, .T. ) ;
#445 = ORIENTED_EDGE ( 'NONE', *, *, #503, .T. ) ;
#446 = AXIS2_PLACEMENT_3D ( 'NONE', #3776, #1031, #1496 ) ;
#447 = EDGE_CURVE ( 'NONE', #393, #522, #2782, .T. ) ;
#448 = DIRECTION ( 'NONE',  ( 0.0000000000000000000, 1.000000000000000000, -2.891205793294679000E-015 ) ) ;
#449 = ORIENTED_EDGE ( 'NONE', *, *, #2031, .F. ) ;
#450 = ORIENTED_EDGE ( 'NONE', *, *, #2993, .T. ) ;
#451 = CARTESIAN_POINT ( 'NONE',  ( -1.916814378774943200, 5.575896318321008800, 5.275153271832068400 ) ) ;
#452 = DIRECTION ( 'NONE',  ( 0.0000000000000000000, 0.0000000000000000000, 1.000000000000000000 ) ) ;
#453 = CARTESIAN_POINT ( 'NONE',  ( 10.01561501126347400, -7.000818348063788200, 3.701229487637403000 ) ) ;
#454 = CIRCLE ( 'NONE', #2505, 0.3000000000000003200 ) ;
#455 = CIRCLE ( 'NONE', #5155, 2.600000000000001000 ) ;
#456 = CARTESIAN_POINT ( 'NONE',  ( -3.701229487637428300, 10.01561501126346900, 7.000818348063796200 ) ) ;
#457 = DIRECTION ( 'NONE',  ( -0.05226442768871401900, -0.05226442768871451100, -0.9972646886342373400 ) ) ;
#458 = EDGE_LOOP ( 'NONE', ( #4574, #2892, #2469 ) ) ;
#459 = EDGE_LOOP ( 'NONE', ( #628, #5458, #1856, #5198 ) ) ;
#460 = CYLINDRICAL_SURFACE ( 'NONE', #143, 0.2999999999999999300 ) ;
#461 = CYLINDRICAL_SURFACE ( 'NONE', #5962, 1.000000000000000000 ) ;
#462 = CIRCLE ( 'NONE', #988, 6.263470565197304800 ) ;
#463 = CARTESIAN_POINT ( 'NONE',  ( 5.801738161431798900, 1.038651493366080600, 5.500995114942846900 ) ) ;
#464 = EDGE_CURVE ( 'NONE', #2751, #1471, #3956, .T. ) ;
#465 = ADVANCED_FACE ( 'NONE', ( #2630 ), #2916, .F. ) ;
#466 = CARTESIAN_POINT ( 'NONE',  ( 9.999999999999994700, -3.149999999999999900, -6.500000000000000900 ) ) ;
#467 = ORIENTED_EDGE ( 'NONE', *, *, #2691, .T. ) ;
#468 = DIRECTION ( 'NONE',  ( -9.067872715333311000E-015, 1.000000000000000000, -0.0000000000000000000 ) ) ;
#469 = EDGE_LOOP ( 'NONE', ( #5001, #151, #356, #1159 ) ) ;
#470 = DIRECTION ( 'NONE',  ( -0.05226442768871406000, -0.05226442768871403900, 0.9972646886342373400 ) ) ;
#471 = VERTEX_POINT ( 'NONE', #3807 ) ;
#472 = EDGE_LOOP ( 'NONE', ( #4846, #3318, #3027, #3184 ) ) ;
#473 = AXIS2_PLACEMENT_3D ( 'NONE', #1634, #4883, #2117 ) ;
#474 = DIRECTION ( 'NONE',  ( 0.0000000000000000000, -1.000000000000000000, 0.0000000000000000000 ) ) ;
#475 = FACE_OUTER_BOUND ( 'NONE', #5974, .T. ) ;
#476 = DIRECTION ( 'NONE',  ( 0.9972646886342373400, -0.05226442768871376900, 0.05226442768871385900 ) ) ;
#477 = EDGE_CURVE ( 'NONE', #3391, #2971, #1842, .T. ) ;
#478 = ORIENTED_EDGE ( 'NONE', *, *, #3106, .F. ) ;
#479 = CIRCLE ( 'NONE', #1388, 2.599999999999996500 ) ;
#480 = CARTESIAN_POINT ( 'NONE',  ( 12.49999999999999800, -6.999999999999998200, -1.520015985077504400 ) ) ;
#481 = CARTESIAN_POINT ( 'NONE',  ( 5.515234567921507600, -5.214491521432569800, -2.081867871091307900 ) ) ;
#482 = AXIS2_PLACEMENT_3D ( 'NONE', #4163, #3254, #490 ) ;
#483 = VERTEX_POINT ( 'NONE', #350 ) ;
#484 = AXIS2_PLACEMENT_3D ( 'NONE', #4802, #204, #3418 ) ;
#485 = EDGE_CURVE ( 'NONE', #2551, #1998, #1540, .T. ) ;
#486 = FACE_OUTER_BOUND ( 'NONE', #671, .T. ) ;
#487 = CARTESIAN_POINT ( 'NONE',  ( -5.054309958663322900, 3.636771614494629800, -8.784299213127116700 ) ) ;
#488 = CARTESIAN_POINT ( 'NONE',  ( 3.637491896190299100, -4.306946887119784700, -4.607689933608726000 ) ) ;
#489 = FACE_BOUND ( 'NONE', #2994, .T. ) ;
#490 = DIRECTION ( 'NONE',  ( 0.0000000000000000000, 0.0000000000000000000, 1.000000000000000000 ) ) ;
#491 = CARTESIAN_POINT ( 'NONE',  ( -7.131019448207608100, 1.520015985077517000, -12.50000000000000000 ) ) ;
#492 = VERTEX_POINT ( 'NONE', #1082 ) ;
#493 = SPHERICAL_SURFACE ( 'NONE', #3854, 0.2999999999999999900 ) ;
#494 = ORIENTED_EDGE ( 'NONE', *, *, #4264, .F. ) ;
#495 = ORIENTED_EDGE ( 'NONE', *, *, #4409, .T. ) ;
#496 = DIRECTION ( 'NONE',  ( -0.0000000000000000000, -1.000000000000000000, -0.0000000000000000000 ) ) ;
#497 = CARTESIAN_POINT ( 'NONE',  ( 5.298748641834987600, -4.998005595346049800, 2.549448583912214500 ) ) ;
#498 = ORIENTED_EDGE ( 'NONE', *, *, #4187, .F. ) ;
#499 = CYLINDRICAL_SURFACE ( 'NONE', #5089, 0.3000000000000003200 ) ;
#500 = DIRECTION ( 'NONE',  ( -1.000000000000000000, -0.0000000000000000000, -0.0000000000000000000 ) ) ;
#501 = CARTESIAN_POINT ( 'NONE',  ( -7.000000000000015100, 9.999999999999996400, 3.700411139573604600 ) ) ;
#502 = DIRECTION ( 'NONE',  ( 1.000000000000000000, 0.0000000000000000000, 0.0000000000000000000 ) ) ;
#503 = EDGE_CURVE ( 'NONE', #4357, #1861, #1406, .T. ) ;
#504 = CARTESIAN_POINT ( 'NONE',  ( -10.00000000000000900, -9.999999999999994700, -10.00000000000000000 ) ) ;
#505 = EDGE_CURVE ( 'NONE', #3363, #3606, #4875, .T. ) ;
#506 = EDGE_CURVE ( 'NONE', #3405, #5799, #3831, .T. ) ;
#507 = VERTEX_POINT ( 'NONE', #4138 ) ;
#508 = CARTESIAN_POINT ( 'NONE',  ( 0.0000000000000000000, -8.560094104986090400, 6.970891157117670800 ) ) ;
#509 = CARTESIAN_POINT ( 'NONE',  ( 2.600000000000083100, -9.199999999999981500, -10.00000000000000000 ) ) ;
#510 = VERTEX_POINT ( 'NONE', #3111 ) ;
#511 = AXIS2_PLACEMENT_3D ( 'NONE', #5447, #2243, #5470 ) ;
#512 = EDGE_CURVE ( 'NONE', #1418, #2847, #1263, .T. ) ;
#513 = DIRECTION ( 'NONE',  ( 0.0000000000000000000, -0.05233595624294414700, 0.9986295347545737200 ) ) ;
#514 = LINE ( 'NONE', #3973, #1904 ) ;
#515 = ORIENTED_EDGE ( 'NONE', *, *, #3895, .F. ) ;
#516 = ORIENTED_EDGE ( 'NONE', *, *, #4849, .F. ) ;
#517 = DIRECTION ( 'NONE',  ( 1.000000000000000000, 0.0000000000000000000, 0.0000000000000000000 ) ) ;
#518 = AXIS2_PLACEMENT_3D ( 'NONE', #2998, #240, #3460 ) ;
#519 = FACE_OUTER_BOUND ( 'NONE', #2022, .T. ) ;
#520 = CIRCLE ( 'NONE', #5687, 0.2999999999999999300 ) ;
#521 = VECTOR ( 'NONE', #1053, 1000.000000000000100 ) ;
#522 = VERTEX_POINT ( 'NONE', #10 ) ;
#523 = CARTESIAN_POINT ( 'NONE',  ( -7.000000000000004400, 1.520015985077516600, -11.50000000000000000 ) ) ;
#524 = CARTESIAN_POINT ( 'NONE',  ( 3.335969180699938500, -4.837283460942188600, 4.837283460942175300 ) ) ;
#525 = ORIENTED_EDGE ( 'NONE', *, *, #970, .T. ) ;
#526 = FACE_OUTER_BOUND ( 'NONE', #459, .T. ) ;
#527 = DIRECTION ( 'NONE',  ( 1.000000000000000000, 9.007218048341113900E-015, 0.0000000000000000000 ) ) ;
#528 = EDGE_LOOP ( 'NONE', ( #3567, #13, #1240 ) ) ;
#529 =( LENGTH_UNIT ( ) NAMED_UNIT ( * ) SI_UNIT ( .MILLI., .METRE. ) );
#530 = PLANE ( 'NONE',  #692 ) ;
#531 = ORIENTED_EDGE ( 'NONE', *, *, #5907, .F. ) ;
#532 = ORIENTED_EDGE ( 'NONE', *, *, #5267, .F. ) ;
#533 = ORIENTED_EDGE ( 'NONE', *, *, #2430, .F. ) ;
#534 = CARTESIAN_POINT ( 'NONE',  ( -0.8308804557884895700, -5.855604275597063000, 5.855604275597052300 ) ) ;
#535 = VECTOR ( 'NONE', #5251, 1000.000000000000000 ) ;
#536 = CARTESIAN_POINT ( 'NONE',  ( -3.636698961060974800, -7.000000000000031100, -8.800000000000000700 ) ) ;
#537 = EDGE_CURVE ( 'NONE', #2302, #2917, #241, .T. ) ;
#538 = CARTESIAN_POINT ( 'NONE',  ( 2.600000000000064500, -6.999999999999982200, -10.00000000000000000 ) ) ;
#539 = FACE_OUTER_BOUND ( 'NONE', #3963, .T. ) ;
#540 = VECTOR ( 'NONE', #1195, 1000.000000000000100 ) ;
#541 = PLANE ( 'NONE',  #3076 ) ;
#542 = AXIS2_PLACEMENT_3D ( 'NONE', #4617, #1854, #5080 ) ;
#543 = VERTEX_POINT ( 'NONE', #1423 ) ;
#544 = CARTESIAN_POINT ( 'NONE',  ( -4.990228979819733900, 3.936281806529639700, -8.784299213127116700 ) ) ;
#545 = EDGE_CURVE ( 'NONE', #4668, #654, #4908, .T. ) ;
#546 = DIRECTION ( 'NONE',  ( 0.0000000000000000000, 0.0000000000000000000, -1.000000000000000000 ) ) ;
#547 = FACE_OUTER_BOUND ( 'NONE', #1692, .T. ) ;
#548 =( BOUNDED_CURVE ( )  B_SPLINE_CURVE ( 3, ( #491, #3712, #4179, #1425 ),
 .UNSPECIFIED., .F., .F. ) 
 B_SPLINE_CURVE_WITH_KNOTS ( ( 4, 4 ),
 ( 3.141592653589793600, 4.660029102824858600 ),
 .UNSPECIFIED. ) 
 CURVE ( )  GEOMETRIC_REPRESENTATION_ITEM ( )  RATIONAL_B_SPLINE_CURVE ( ( 1.000000000000000000, 0.8169162473415254600, 0.8169162473415254600, 1.000000000000000000 ) ) 
 REPRESENTATION_ITEM ( '' )  );
#549 = AXIS2_PLACEMENT_3D ( 'NONE', #638, #3863, #1116 ) ;
#550 = CONICAL_SURFACE ( 'NONE', #4108, 7.035495700303526300, 0.8115781021773558200 ) ;
#551 = CARTESIAN_POINT ( 'NONE',  ( -6.999999999999987600, 8.799999999999995400, -3.636698961060999200 ) ) ;
#552 = ORIENTED_EDGE ( 'NONE', *, *, #5490, .T. ) ;
#553 = CARTESIAN_POINT ( 'NONE',  ( -7.000448990549422500, -3.698766341163420600, -10.01561501126347400 ) ) ;
#554 = DIRECTION ( 'NONE',  ( -2.168404344971009100E-016, 3.577867169202164600E-015, -1.000000000000000000 ) ) ;
#555 = CARTESIAN_POINT ( 'NONE',  ( -8.500000000000008900, -9.999999999999994700, -10.00000000000000000 ) ) ;
#556 = LINE ( 'NONE', #2595, #1956 ) ;
#557 = CARTESIAN_POINT ( 'NONE',  ( 4.989473692781113600, 2.603932224835826300, -4.989473692781114500 ) ) ;
#558 = VERTEX_POINT ( 'NONE', #501 ) ;
#559 = CARTESIAN_POINT ( 'NONE',  ( 9.999999999999996400, -3.999999999999999100, 5.299588860426372800 ) ) ;
#560 = ORIENTED_EDGE ( 'NONE', *, *, #2063, .T. ) ;
#561 = EDGE_LOOP ( 'NONE', ( #1895, #3389, #5015, #2543 ) ) ;
#562 = FACE_OUTER_BOUND ( 'NONE', #458, .T. ) ;
#563 = DIRECTION ( 'NONE',  ( -0.05226442768871405300, -0.9972646886342372300, -0.05226442768871394900 ) ) ;
#564 = ORIENTED_EDGE ( 'NONE', *, *, #2981, .F. ) ;
#565 = CARTESIAN_POINT ( 'NONE',  ( 3.149999999999999900, 6.500000000000005300, -6.500000000000000900 ) ) ;
#566 = ORIENTED_EDGE ( 'NONE', *, *, #3753, .F. ) ;
#567 = EDGE_CURVE ( 'NONE', #3261, #1713, #4796, .T. ) ;
#568 = CARTESIAN_POINT ( 'NONE',  ( -5.000000000000027500, -3.999999999999983600, -10.00000000000000000 ) ) ;
#569 = EDGE_LOOP ( 'NONE', ( #1782, #3951, #4588, #2922 ) ) ;
#570 = ORIENTED_EDGE ( 'NONE', *, *, #4151, .F. ) ;
#571 = ORIENTED_EDGE ( 'NONE', *, *, #4287, .F. ) ;
#572 = DIRECTION ( 'NONE',  ( 0.0000000000000000000, 0.9986261671219497400, -0.05240017499325590900 ) ) ;
#573 = CARTESIAN_POINT ( 'NONE',  ( -4.000000000000000900, -5.000000000000027500, -10.00000000000000000 ) ) ;
#574 = DIRECTION ( 'NONE',  ( 1.000000000000000000, -4.185271238365219500E-030, 2.895173527994273600E-015 ) ) ;
#575 = AXIS2_PLACEMENT_3D ( 'NONE', #1539, #159, #4299 ) ;
#576 = ORIENTED_EDGE ( 'NONE', *, *, #3602, .T. ) ;
#577 = DIRECTION ( 'NONE',  ( 1.000000000000000000, 0.0000000000000000000, 0.0000000000000000000 ) ) ;
#578 = EDGE_CURVE ( 'NONE', #4933, #3179, #1670, .T. ) ;
#579 = EDGE_CURVE ( 'NONE', #3391, #5264, #2357, .T. ) ;
#580 = DIRECTION ( 'NONE',  ( -0.9972646886342373400, 0.05226442768871376900, -0.05226442768871385200 ) ) ;
#581 = VECTOR ( 'NONE', #2377, 1000.000000000000100 ) ;
#582 = FACE_OUTER_BOUND ( 'NONE', #5621, .T. ) ;
#583 = LINE ( 'NONE', #63, #3042 ) ;
#584 = CARTESIAN_POINT ( 'NONE',  ( 9.999999999999998200, -6.999999999999985800, -3.700411139573651200 ) ) ;
#585 = EDGE_CURVE ( 'NONE', #1471, #507, #36, .T. ) ;
#586 = EDGE_LOOP ( 'NONE', ( #5300, #1455, #5194, #1184 ) ) ;
#587 = EDGE_LOOP ( 'NONE', ( #4263, #723 ) ) ;
#588 = CYLINDRICAL_SURFACE ( 'NONE', #5535, 0.2999999999999999300 ) ;
#589 = DIRECTION ( 'NONE',  ( -0.0000000000000000000, -0.0000000000000000000, 1.000000000000000000 ) ) ;
#590 = CARTESIAN_POINT ( 'NONE',  ( 3.636698961060972600, 8.799999999999997200, 5.363301038939027000 ) ) ;
#591 = AXIS2_PLACEMENT_3D ( 'NONE', #5556, #2784, #17 ) ;
#592 = DIRECTION ( 'NONE',  ( 0.0000000000000000000, 0.9986295347545739400, 0.05233595624294395300 ) ) ;
#593 = DIRECTION ( 'NONE',  ( 2.168404344971008900E-016, 1.823439550883168400E-015, 1.000000000000000000 ) ) ;
#594 = DIRECTION ( 'NONE',  ( -2.465673422132804300E-016, -1.000000000000000000, 0.0000000000000000000 ) ) ;
#595 = DIRECTION ( 'NONE',  ( 1.000000000000000000, 0.0000000000000000000, 0.0000000000000000000 ) ) ;
#596 = CARTESIAN_POINT ( 'NONE',  ( 9.999999999999996400, 4.000000000000000900, 7.000000000000000900 ) ) ;
#597 = CARTESIAN_POINT ( 'NONE',  ( -9.285468475998383700, -6.282536581423928000, 0.0000000000000000000 ) ) ;
#598 = ORIENTED_EDGE ( 'NONE', *, *, #5951, .F. ) ;
#599 = ORIENTED_EDGE ( 'NONE', *, *, #1061, .F. ) ;
#600 = EDGE_LOOP ( 'NONE', ( #1522, #5360, #3250, #3852 ) ) ;
#601 = VERTEX_POINT ( 'NONE', #4692 ) ;
#602 = LINE ( 'NONE', #1394, #5238 ) ;
#603 = CARTESIAN_POINT ( 'NONE',  ( -1.555638417029990600, -5.390880591992711000, -5.691623638481657600 ) ) ;
#604 = EDGE_LOOP ( 'NONE', ( #5611, #2851, #4880, #5464, #1474, #4736 ) ) ;
#605 = DIRECTION ( 'NONE',  ( 0.05233595624294390400, 0.9986295347545739400, 0.0000000000000000000 ) ) ;
#606 = CIRCLE ( 'NONE', #145, 0.2999999999999999300 ) ;
#607 = CARTESIAN_POINT ( 'NONE',  ( -6.999998484188642700, -3.997537634622090800, -8.500000000000000000 ) ) ;
#608 = EDGE_CURVE ( 'NONE', #4528, #2751, #965, .T. ) ;
#609 = CARTESIAN_POINT ( 'NONE',  ( -6.700409850822374800, -3.997906483240849100, -10.00000000000000000 ) ) ;
#610 = ORIENTED_EDGE ( 'NONE', *, *, #5162, .F. ) ;
#611 = CARTESIAN_POINT ( 'NONE',  ( -4.276064746282671500E-016, 5.599759547452976000, -5.599759547452976900 ) ) ;
#612 = CARTESIAN_POINT ( 'NONE',  ( -4.999921558668768600, -3.936287869775152900, -8.784299213127116700 ) ) ;
#613 = CARTESIAN_POINT ( 'NONE',  ( 3.636698961060972600, 8.799999999999997200, 5.363301038939027000 ) ) ;
#614 = LINE ( 'NONE', #947, #768 ) ;
#615 = AXIS2_PLACEMENT_3D ( 'NONE', #3432, #661, #3885 ) ;
#616 = CARTESIAN_POINT ( 'NONE',  ( -9.068980551792401800, -1.520015985077515700, -12.50000000000000000 ) ) ;
#617 = LINE ( 'NONE', #4104, #3081 ) ;
#618 = DIRECTION ( 'NONE',  ( -3.975223802758583500E-033, -1.000000000000000000, -3.423990449430562500E-015 ) ) ;
#619 = CARTESIAN_POINT ( 'NONE',  ( -5.353898592029591600, 3.637140463113387700, -8.800000000000000700 ) ) ;
#620 = EDGE_CURVE ( 'NONE', #3382, #2406, #4654, .T. ) ;
#621 = ORIENTED_EDGE ( 'NONE', *, *, #5490, .F. ) ;
#622 = CARTESIAN_POINT ( 'NONE',  ( -3.149999999999999900, 10.00000000000000500, -6.500000000000000900 ) ) ;
#623 = CIRCLE ( 'NONE', #2939, 6.282536581423928000 ) ;
#624 = AXIS2_PLACEMENT_3D ( 'NONE', #876, #4094, #1343 ) ;
#626 = ORIENTED_EDGE ( 'NONE', *, *, #5880, .F. ) ;
#625 = AXIS2_PLACEMENT_3D ( 'NONE', #1772, #5007, #2249 ) ;
#627 = ORIENTED_EDGE ( 'NONE', *, *, #2155, .F. ) ;
#628 = ORIENTED_EDGE ( 'NONE', *, *, #4400, .F. ) ;
#629 = CARTESIAN_POINT ( 'NONE',  ( 6.499999999999995600, 6.500000000000005300, 3.149999999999999900 ) ) ;
#630 = DIRECTION ( 'NONE',  ( 0.0000000000000000000, 0.0000000000000000000, -1.000000000000000000 ) ) ;
#631 = DIRECTION ( 'NONE',  ( -8.994873969047888500E-015, 0.9986295347545739400, -0.05233595624294395300 ) ) ;
#632 = VERTEX_POINT ( 'NONE', #2852 ) ;
#633 = ORIENTED_EDGE ( 'NONE', *, *, #696, .F. ) ;
#634 = LINE ( 'NONE', #1428, #1442 ) ;
#635 = CARTESIAN_POINT ( 'NONE',  ( 9.999999999999996400, 3.700411139573628500, 7.000000000000000900 ) ) ;
#636 = DIRECTION ( 'NONE',  ( 1.000000000000000000, 0.0000000000000000000, -0.0000000000000000000 ) ) ;
#637 = VERTEX_POINT ( 'NONE', #538 ) ;
#638 = CARTESIAN_POINT ( 'NONE',  ( 9.999999999999998200, 0.0000000000000000000, 0.0000000000000000000 ) ) ;
#639 = ADVANCED_FACE ( 'NONE', ( #4500 ), #3307, .F. ) ;
#640 = CARTESIAN_POINT ( 'NONE',  ( 3.701229487637424800, 10.03131579813635600, 5.298770512362574800 ) ) ;
#641 = CARTESIAN_POINT ( 'NONE',  ( 4.000000000000000000, -7.000000000000027500, -8.500000000000000000 ) ) ;
#642 = ORIENTED_EDGE ( 'NONE', *, *, #3145, .F. ) ;
#643 = CARTESIAN_POINT ( 'NONE',  ( 6.999999999999996400, 8.000000000000005300, -13.00000000000000200 ) ) ;
#644 = CARTESIAN_POINT ( 'NONE',  ( -9.068980551792400000, 12.49999999999999600, -2.081766411704344800 ) ) ;
#645 = ORIENTED_EDGE ( 'NONE', *, *, #5800, .F. ) ;
#646 = EDGE_CURVE ( 'NONE', #4833, #989, #5891, .T. ) ;
#647 = CARTESIAN_POINT ( 'NONE',  ( 12.49999999999999600, -1.520015985077514300, 9.068980551792396500 ) ) ;
#648 = CARTESIAN_POINT ( 'NONE',  ( -6.999998484188642700, -3.997537634622090800, -10.00000000000000000 ) ) ;
#649 = LINE ( 'NONE', #4425, #3119 ) ;
#650 = ORIENTED_EDGE ( 'NONE', *, *, #3600, .T. ) ;
#651 = DIRECTION ( 'NONE',  ( -0.9999992420943061300, 0.001231182688944142800, -0.0000000000000000000 ) ) ;
#652 = DIRECTION ( 'NONE',  ( -0.05220004101858877200, 0.05232873513582473500, 0.9972646886342372300 ) ) ;
#653 = AXIS2_PLACEMENT_3D ( 'NONE', #2799, #15, #3708 ) ;
#654 = VERTEX_POINT ( 'NONE', #2418 ) ;
#655 = EDGE_CURVE ( 'NONE', #522, #1980, #820, .T. ) ;
#656 = VECTOR ( 'NONE', #5333, 1000.000000000000100 ) ;
#657 = LINE ( 'NONE', #420, #2974 ) ;
#658 = DIRECTION ( 'NONE',  ( -2.891205793294679000E-015, -1.515216750768387400E-016, -1.000000000000000000 ) ) ;
#659 = VECTOR ( 'NONE', #4251, 1000.000000000000000 ) ;
#660 = VERTEX_POINT ( 'NONE', #2864 ) ;
#661 = DIRECTION ( 'NONE',  ( 1.000000000000000000, 0.0000000000000000000, 0.0000000000000000000 ) ) ;
#662 = CARTESIAN_POINT ( 'NONE',  ( -6.626926700417247900, 3.938296881957510400, -8.784299213127116700 ) ) ;
#663 = ORIENTED_EDGE ( 'NONE', *, *, #4455, .T. ) ;
#664 = DIRECTION ( 'NONE',  ( 0.05226442768871407400, -0.9972646886342372300, -0.05226442768871403200 ) ) ;
#665 = AXIS2_PLACEMENT_3D ( 'NONE', #5726, #3403, #636 ) ;
#666 = CONICAL_SURFACE ( 'NONE', #5029, 5.549999999999998900, 0.02617993877990731600 ) ;
#667 = AXIS2_PLACEMENT_3D ( 'NONE', #5050, #2295, #5523 ) ;
#668 = CARTESIAN_POINT ( 'NONE',  ( -5.809764723014367000, -1.039760155835932400, 5.809764723014377600 ) ) ;
#669 = EDGE_CURVE ( 'NONE', #3419, #4466, #2052, .T. ) ;
#670 = CARTESIAN_POINT ( 'NONE',  ( 8.784299213127113100, 2.600000000000000500, 6.936287821487344900 ) ) ;
#671 = EDGE_LOOP ( 'NONE', ( #4212, #1414, #2127, #3625 ) ) ;
#672 = ADVANCED_FACE ( 'NONE', ( #1913 ), #2976, .T. ) ;
#673 = ORIENTED_EDGE ( 'NONE', *, *, #4297, .T. ) ;
#674 = CARTESIAN_POINT ( 'NONE',  ( 12.49999999999999600, 1.520015985077518300, 9.068980551792396500 ) ) ;
#675 = ORIENTED_EDGE ( 'NONE', *, *, #3071, .F. ) ;
#676 = DIRECTION ( 'NONE',  ( 1.000000000000000000, 9.007218048341113900E-015, -9.874182646252858700E-032 ) ) ;
#677 = ORIENTED_EDGE ( 'NONE', *, *, #2727, .T. ) ;
#678 = ORIENTED_EDGE ( 'NONE', *, *, #2582, .F. ) ;
#679 =( GEOMETRIC_REPRESENTATION_CONTEXT ( 3 ) GLOBAL_UNCERTAINTY_ASSIGNED_CONTEXT ( ( #5055 ) ) GLOBAL_UNIT_ASSIGNED_CONTEXT ( ( #529, #3755, #1005 ) ) REPRESENTATION_CONTEXT ( 'NONE', 'WORKASPACE' ) );
#680 = LINE ( 'NONE', #4309, #3143 ) ;
#681 = CARTESIAN_POINT ( 'NONE',  ( -6.636698961060980100, 8.799999999999995400, -3.636698961060998300 ) ) ;
#682 = DIRECTION ( 'NONE',  ( -0.9972646886342372300, 0.05226442768871385200, 0.05226442768871403200 ) ) ;
#683 = DIRECTION ( 'NONE',  ( 0.05226442768871398400, -0.9972646886342372300, -0.05226442768871385200 ) ) ;
#684 = LINE ( 'NONE', #3920, #4366 ) ;
#685 = CARTESIAN_POINT ( 'NONE',  ( 5.357414097323376400, -2.427504097818193400, 5.056671050834435900 ) ) ;
#686 = VECTOR ( 'NONE', #2157, 1000.000000000000000 ) ;
#687 = EDGE_LOOP ( 'NONE', ( #2035, #5904, #4780, #165, #4318, #5831, #4372, #3955, #248, #5327, #5088, #3971 ) ) ;
#688 = DIRECTION ( 'NONE',  ( 1.000000000000000000, 0.0000000000000000000, 0.0000000000000000000 ) ) ;
#689 = ORIENTED_EDGE ( 'NONE', *, *, #2285, .F. ) ;
#690 = DIRECTION ( 'NONE',  ( 3.577867169202164600E-015, 7.944461020597347900E-031, -1.000000000000000000 ) ) ;
#691 = VECTOR ( 'NONE', #3839, 1000.000000000000000 ) ;
#692 = AXIS2_PLACEMENT_3D ( 'NONE', #2396, #3756, #1006 ) ;
#693 = EDGE_CURVE ( 'NONE', #4080, #1996, #3126, .T. ) ;
#694 = EDGE_CURVE ( 'NONE', #5313, #558, #719, .T. ) ;
#695 = CIRCLE ( 'NONE', #1100, 5.971233832142132800 ) ;
#696 = EDGE_CURVE ( 'NONE', #2466, #5168, #5601, .T. ) ;
#697 = CONICAL_SURFACE ( 'NONE', #3480, 6.008253627460656600, 0.02617993877990825200 ) ;
#698 = DIRECTION ( 'NONE',  ( -1.000000000000000000, 0.0000000000000000000, -4.956352788505164300E-016 ) ) ;
#699 = LINE ( 'NONE', #4556, #4756 ) ;
#700 = CARTESIAN_POINT ( 'NONE',  ( 11.55233595624294400, -7.081354480167902000, 2.518645519832102900 ) ) ;
#701 = VERTEX_POINT ( 'NONE', #2899 ) ;
#702 = DIRECTION ( 'NONE',  ( 1.000000000000000000, 0.0000000000000000000, 0.0000000000000000000 ) ) ;
#703 = ADVANCED_FACE ( 'NONE', ( #4067 ), #5299, .F. ) ;
#704 = CARTESIAN_POINT ( 'NONE',  ( -4.948913271713871100, 3.173891472566812100, 4.948913271713882600 ) ) ;
#705 = DIRECTION ( 'NONE',  ( 3.497543079678235300E-032, -0.0000000000000000000, 1.000000000000000000 ) ) ;
#706 = EDGE_CURVE ( 'NONE', #2496, #1781, #2845, .T. ) ;
#707 = B_SPLINE_CURVE_WITH_KNOTS ( 'NONE', 3,
 ( #908, #3659, #2309, #5539, #2758, #6014, #3214, #451, #3672, #927, #4141, #1391, #4618, #1855 ),
 .UNSPECIFIED., .F., .F.,
 ( 4, 2, 2, 2, 2, 2, 4 ),
 ( 0.006150439726541757900, 0.007327347988140449400, 0.007915802118939796800, 0.008504256249739144300, 0.009681164511337835700, 0.01026961864213718100, 0.01085807277293652700 ),
 .UNSPECIFIED. ) ;
#708 = CARTESIAN_POINT ( 'NONE',  ( 9.999999999999998200, -9.199999999999999300, -2.599999999999985000 ) ) ;
#709 = FACE_OUTER_BOUND ( 'NONE', #2107, .T. ) ;
#710 = DIRECTION ( 'NONE',  ( 0.05226442768871403900, 0.05226442768871403900, 0.9972646886342373400 ) ) ;
#711 = ORIENTED_EDGE ( 'NONE', *, *, #3058, .T. ) ;
#712 = CARTESIAN_POINT ( 'NONE',  ( -2.599999999999917500, -9.068980551792426700, -12.50000000000000000 ) ) ;
#713 = AXIS2_PLACEMENT_3D ( 'NONE', #5822, #3029, #270 ) ;
#714 = ORIENTED_EDGE ( 'NONE', *, *, #1562, .T. ) ;
#715 = ORIENTED_EDGE ( 'NONE', *, *, #4889, .T. ) ;
#716 = VECTOR ( 'NONE', #652, 1000.000000000000100 ) ;
#717 = ORIENTED_EDGE ( 'NONE', *, *, #5343, .F. ) ;
#718 = CARTESIAN_POINT ( 'NONE',  ( -2.593990545116417600, 10.11466723005238700, 7.006009454883582100 ) ) ;
#719 =( BOUNDED_CURVE ( )  B_SPLINE_CURVE ( 3, ( #5663, #4729, #4272, #1508 ),
 .UNSPECIFIED., .F., .F. ) 
 B_SPLINE_CURVE_WITH_KNOTS ( ( 4, 4 ),
 ( 5.499156671652532000, 7.067213942706637800 ),
 .UNSPECIFIED. ) 
 CURVE ( )  GEOMETRIC_REPRESENTATION_ITEM ( )  RATIONAL_B_SPLINE_CURVE ( ( 1.000000000000000000, 0.8053830134673596300, 0.8053830134673596300, 1.000000000000000000 ) ) 
 REPRESENTATION_ITEM ( '' )  );
#720 = ORIENTED_EDGE ( 'NONE', *, *, #4889, .F. ) ;
#721 = DIRECTION ( 'NONE',  ( 0.0000000000000000000, 1.000000000000000000, 0.0000000000000000000 ) ) ;
#722 = EDGE_LOOP ( 'NONE', ( #2113, #5206, #1822, #3810 ) ) ;
#723 = ORIENTED_EDGE ( 'NONE', *, *, #5991, .T. ) ;
#724 = DIRECTION ( 'NONE',  ( -1.000000000000000000, -0.0000000000000000000, -0.0000000000000000000 ) ) ;
#725 = ORIENTED_EDGE ( 'NONE', *, *, #5353, .F. ) ;
#726 = CARTESIAN_POINT ( 'NONE',  ( -5.123796394806170400, -3.999631379062488900, -9.999999999999998200 ) ) ;
#727 = DIRECTION ( 'NONE',  ( 0.0000000000000000000, -1.000000000000000000, 0.0000000000000000000 ) ) ;
#728 = ORIENTED_EDGE ( 'NONE', *, *, #4298, .T. ) ;
#729 = DIRECTION ( 'NONE',  ( -0.05233595624294414700, 0.0000000000000000000, 0.9986295347545737200 ) ) ;
#730 = EDGE_CURVE ( 'NONE', #2302, #4253, #5457, .T. ) ;
#731 = CYLINDRICAL_SURFACE ( 'NONE', #3415, 0.3000000000000003200 ) ;
#732 = SPHERICAL_SURFACE ( 'NONE', #4000, 0.2999999999999999900 ) ;
#733 = ADVANCED_FACE ( 'NONE', ( #391 ), #3907, .F. ) ;
#734 = CYLINDRICAL_SURFACE ( 'NONE', #5784, 1.000000000000000000 ) ;
#735 = CARTESIAN_POINT ( 'NONE',  ( -1.520015985077435100, -9.068980551792416000, -12.50000000000000000 ) ) ;
#736 = CARTESIAN_POINT ( 'NONE',  ( 3.557481457854005800E-015, 0.0000000000000000000, 10.00000000000000200 ) ) ;
#737 = ORIENTED_EDGE ( 'NONE', *, *, #5059, .F. ) ;
#738 = EDGE_LOOP ( 'NONE', ( #2748, #2689, #226, #2542 ) ) ;
#739 = VECTOR ( 'NONE', #5642, 1000.000000000000000 ) ;
#740 = DIRECTION ( 'NONE',  ( 0.0000000000000000000, 3.577867169202164600E-015, -1.000000000000000000 ) ) ;
#741 = LINE ( 'NONE', #4920, #5540 ) ;
#742 = EDGE_CURVE ( 'NONE', #5799, #1608, #2710, .T. ) ;
#743 = ORIENTED_EDGE ( 'NONE', *, *, #4409, .F. ) ;
#744 = CARTESIAN_POINT ( 'NONE',  ( 5.597128719949168400, 5.597128719949173700, 0.2589662479937599500 ) ) ;
#745 = CARTESIAN_POINT ( 'NONE',  ( -3.636698961060974800, -6.636698961061011200, -8.800000000000000700 ) ) ;
#746 = CARTESIAN_POINT ( 'NONE',  ( -5.000000000000015100, 9.999999999999996400, 3.700411139573609900 ) ) ;
#747 = CARTESIAN_POINT ( 'NONE',  ( 12.50000000000000400, -9.068980551792394700, -2.081766411704344800 ) ) ;
#748 = CARTESIAN_POINT ( 'NONE',  ( -2.782713626953167800, 4.892139015308126600, -4.892139015308128300 ) ) ;
#749 = AXIS2_PLACEMENT_3D ( 'NONE', #1570, #4804, #2043 ) ;
#750 = VERTEX_POINT ( 'NONE', #1551 ) ;
#751 = ORIENTED_EDGE ( 'NONE', *, *, #1593, .F. ) ;
#752 = CARTESIAN_POINT ( 'NONE',  ( 6.499999999999995600, 10.00000000000000500, 3.149999999999999900 ) ) ;
#753 = ORIENTED_EDGE ( 'NONE', *, *, #3071, .T. ) ;
#754 = VERTEX_POINT ( 'NONE', #609 ) ;
#755 = PRESENTATION_STYLE_ASSIGNMENT (( #3299 ) ) ;
#756 = LINE ( 'NONE', #2312, #5551 ) ;
#757 = CARTESIAN_POINT ( 'NONE',  ( 3.149999999999999900, 10.00000000000000500, -6.500000000000000900 ) ) ;
#758 = ADVANCED_FACE ( 'NONE', ( #1761 ), #1087, .F. ) ;
#759 = CARTESIAN_POINT ( 'NONE',  ( 0.0000000000000000000, 0.0000000000000000000, 0.0000000000000000000 ) ) ;
#760 = VECTOR ( 'NONE', #5420, 1000.000000000000100 ) ;
#761 = DIRECTION ( 'NONE',  ( -0.9999992420943061300, 0.001231182688946409600, 0.0000000000000000000 ) ) ;
#762 = DIRECTION ( 'NONE',  ( 0.05233595624294395300, 0.0000000000000000000, 0.9986295347545739400 ) ) ;
#763 = VERTEX_POINT ( 'NONE', #2938 ) ;
#764 = CARTESIAN_POINT ( 'NONE',  ( -5.299465347531749700, -3.999631303168725200, -10.00000000000000200 ) ) ;
#765 = ADVANCED_FACE ( 'NONE', ( #1469 ), #4307, .T. ) ;
#766 = DIRECTION ( 'NONE',  ( -1.000000000000000000, 0.0000000000000000000, 0.0000000000000000000 ) ) ;
#767 = CARTESIAN_POINT ( 'NONE',  ( 12.11331652343349500, -9.089245774084695000, -2.489245774084676700 ) ) ;
#768 = VECTOR ( 'NONE', #20, 1000.000000000000000 ) ;
#769 = CARTESIAN_POINT ( 'NONE',  ( -5.362853473641110600, -3.636251946458865200, -8.500000000000000000 ) ) ;
#770 = DIRECTION ( 'NONE',  ( 0.9999992420943060200, -0.001231182688943808800, 0.0000000000000000000 ) ) ;
#771 = EDGE_CURVE ( 'NONE', #5956, #471, #5024, .T. ) ;
#772 = LINE ( 'NONE', #4835, #5562 ) ;
#773 = AXIS2_PLACEMENT_3D ( 'NONE', #5819, #3026, #266 ) ;
#774 = AXIS2_PLACEMENT_3D ( 'NONE', #1696, #4936, #2173 ) ;
#775 = VECTOR ( 'NONE', #5840, 1000.000000000000000 ) ;
#776 = EDGE_CURVE ( 'NONE', #5233, #3731, #2559, .T. ) ;
#777 = ORIENTED_EDGE ( 'NONE', *, *, #693, .F. ) ;
#778 = VERTEX_POINT ( 'NONE', #2960 ) ;
#779 = ORIENTED_EDGE ( 'NONE', *, *, #3486, .F. ) ;
#780 = PLANE ( 'NONE',  #4707 ) ;
#781 = ORIENTED_EDGE ( 'NONE', *, *, #3136, .T. ) ;
#782 = DIRECTION ( 'NONE',  ( 1.000000000000000000, 0.0000000000000000000, 0.0000000000000000000 ) ) ;
#783 = AXIS2_PLACEMENT_3D ( 'NONE', #995, #4218, #1460 ) ;
#784 = ORIENTED_EDGE ( 'NONE', *, *, #374, .F. ) ;
#785 = CIRCLE ( 'NONE', #2318, 0.2999999999999999300 ) ;
#786 = CARTESIAN_POINT ( 'NONE',  ( -6.936287821487339600, 8.784299213127113100, 3.636698961060951300 ) ) ;
#787 = AXIS2_PLACEMENT_3D ( 'NONE', #3934, #1203, #4406 ) ;
#788 = CARTESIAN_POINT ( 'NONE',  ( 3.636698961060974800, -5.363301038939054500, -8.800000000000000700 ) ) ;
#789 = DIRECTION ( 'NONE',  ( 0.0000000000000000000, 1.000000000000000000, 0.0000000000000000000 ) ) ;
#790 = ADVANCED_FACE ( 'NONE', ( #4871 ), #4807, .F. ) ;
#791 = CARTESIAN_POINT ( 'NONE',  ( -4.990519159425967500, 3.876197541948327000, -10.00000000000000000 ) ) ;
#792 = EDGE_CURVE ( 'NONE', #4432, #3405, #2421, .T. ) ;
#793 = DIRECTION ( 'NONE',  ( 0.9986295347545737200, 0.0000000000000000000, -0.05233595624294422300 ) ) ;
#794 = ORIENTED_EDGE ( 'NONE', *, *, #1504, .T. ) ;
#795 = CARTESIAN_POINT ( 'NONE',  ( 2.081766411704359900, 12.49999999999999500, 9.068980551792394700 ) ) ;
#796 = DIRECTION ( 'NONE',  ( -1.000000000000000000, 0.0000000000000000000, 0.0000000000000000000 ) ) ;
#797 = ORIENTED_EDGE ( 'NONE', *, *, #953, .T. ) ;
#798 = CARTESIAN_POINT ( 'NONE',  ( -5.592085271610453200, 0.2083462230235259300, -5.892828318099415900 ) ) ;
#799 = ORIENTED_EDGE ( 'NONE', *, *, #477, .T. ) ;
#800 = LINE ( 'NONE', #1553, #4326 ) ;
#801 = CARTESIAN_POINT ( 'NONE',  ( 3.636698961060972600, 8.799999999999997200, 6.636698961060973900 ) ) ;
#802 = AXIS2_PLACEMENT_3D ( 'NONE', #2533, #5770, #2986 ) ;
#803 = ORIENTED_EDGE ( 'NONE', *, *, #61, .T. ) ;
#804 = ADVANCED_FACE ( 'NONE', ( #1190 ), #3482, .F. ) ;
#805 = CARTESIAN_POINT ( 'NONE',  ( -5.592085271610453200, -0.1977888768645902600, -5.892828318099417700 ) ) ;
#806 = CARTESIAN_POINT ( 'NONE',  ( 4.000000000000000900, -5.000000000000027500, -10.00000000000000000 ) ) ;
#807 = ORIENTED_EDGE ( 'NONE', *, *, #3331, .T. ) ;
#808 = CIRCLE ( 'NONE', #1152, 0.2999999999999999300 ) ;
#809 = DIRECTION ( 'NONE',  ( 0.0000000000000000000, 0.0000000000000000000, -1.000000000000000000 ) ) ;
#810 = PLANE ( 'NONE',  #1067 ) ;
#811 = DIRECTION ( 'NONE',  ( -9.856807757816986700E-033, 1.000000000000000000, 3.423990449430562900E-015 ) ) ;
#812 = CARTESIAN_POINT ( 'NONE',  ( -6.999999999999987600, 9.999999999999996400, -4.000000000000024900 ) ) ;
#813 = PLANE ( 'NONE',  #3142 ) ;
#814 = CARTESIAN_POINT ( 'NONE',  ( -3.876005637310970400, 10.00000000000000700, 5.000000000000003600 ) ) ;
#815 = VERTEX_POINT ( 'NONE', #228 ) ;
#816 = CARTESIAN_POINT ( 'NONE',  ( -5.877492502456819400, -5.877492502456835400, -0.5603589349117903400 ) ) ;
#817 = DIRECTION ( 'NONE',  ( -1.334402673828313600E-015, -2.962969145211133200E-031, -1.000000000000000000 ) ) ;
#818 = CONICAL_SURFACE ( 'NONE', #2003, 7.035495700303544100, 0.8115781021773536000 ) ;
#819 = CONICAL_SURFACE ( 'NONE', #1641, 6.008253627460656600, 0.02617993877990825200 ) ;
#820 = LINE ( 'NONE', #3763, #4346 ) ;
#821 = CARTESIAN_POINT ( 'NONE',  ( 9.999999999999996400, 2.600000000000000500, 6.999999999999999100 ) ) ;
#822 = EDGE_CURVE ( 'NONE', #5401, #4519, #5979, .T. ) ;
#823 = EDGE_CURVE ( 'NONE', #3216, #1888, #4951, .T. ) ;
#824 = EDGE_CURVE ( 'NONE', #425, #1316, #3632, .T. ) ;
#825 =( BOUNDED_CURVE ( )  B_SPLINE_CURVE ( 3, ( #4978, #1736, #2677, #5921 ),
 .UNSPECIFIED., .F., .F. ) 
 B_SPLINE_CURVE_WITH_KNOTS ( ( 4, 4 ),
 ( 2.357564018062737500, 3.925621289116846000 ),
 .UNSPECIFIED. ) 
 CURVE ( )  GEOMETRIC_REPRESENTATION_ITEM ( )  RATIONAL_B_SPLINE_CURVE ( ( 1.000000000000000000, 0.8053830134673589700, 0.8053830134673589700, 1.000000000000000000 ) ) 
 REPRESENTATION_ITEM ( '' )  );
#826 = FACE_OUTER_BOUND ( 'NONE', #2159, .T. ) ;
#827 = PLANE ( 'NONE',  #3560 ) ;
#828 = CARTESIAN_POINT ( 'NONE',  ( 1.520015985077600300, -9.199999999999990400, -11.50000000000000000 ) ) ;
#829 = ADVANCED_FACE ( 'NONE', ( #1035 ), #901, .F. ) ;
#830 = CARTESIAN_POINT ( 'NONE',  ( 4.000000000000000900, -5.299588860426400300, -10.00000000000000000 ) ) ;
#831 = AXIS2_PLACEMENT_3D ( 'NONE', #415, #3637, #885 ) ;
#832 = EDGE_LOOP ( 'NONE', ( #2364, #1236, #720, #2167 ) ) ;
#833 = ORIENTED_EDGE ( 'NONE', *, *, #5787, .T. ) ;
#834 = EDGE_LOOP ( 'NONE', ( #4078, #3996, #4222, #5636 ) ) ;
#835 = EDGE_CURVE ( 'NONE', #3709, #507, #2125, .T. ) ;
#836 = ORIENTED_EDGE ( 'NONE', *, *, #4375, .F. ) ;
#837 = ORIENTED_EDGE ( 'NONE', *, *, #5832, .T. ) ;
#838 = DIRECTION ( 'NONE',  ( -1.334402673828313200E-015, -2.962969145211132300E-031, -1.000000000000000000 ) ) ;
#839 = ADVANCED_FACE ( 'NONE', ( #5817 ), #3204, .F. ) ;
#840 = CARTESIAN_POINT ( 'NONE',  ( 9.999999999999998200, -5.299588860426385200, 3.999999999999980900 ) ) ;
#841 = DIRECTION ( 'NONE',  ( 0.0000000000000000000, 0.9986261671219497400, -0.05240017499325590900 ) ) ;
#842 = CIRCLE ( 'NONE', #4503, 2.599999999999999200 ) ;
#843 = CARTESIAN_POINT ( 'NONE',  ( 9.999999999999996400, 2.600000000000000500, 9.199999999999999300 ) ) ;
#844 = CARTESIAN_POINT ( 'NONE',  ( -3.983977529785748000, -3.983977529785742700, -4.284720576274715100 ) ) ;
#845 = CARTESIAN_POINT ( 'NONE',  ( 5.307323517051789200, -1.818839146321187300, -5.307323517051792700 ) ) ;
#846 = AXIS2_PLACEMENT_3D ( 'NONE', #2970, #221, #3439 ) ;
#847 = DIRECTION ( 'NONE',  ( 0.0000000000000000000, -0.9986295347545739400, -0.05233595624294395300 ) ) ;
#848 = CONICAL_SURFACE ( 'NONE', #4947, 5.549999999999998900, 0.02617993877990731600 ) ;
#849 = PLANE ( 'NONE',  #5759 ) ;
#850 = FACE_OUTER_BOUND ( 'NONE', #4068, .T. ) ;
#851 = ORIENTED_EDGE ( 'NONE', *, *, #485, .T. ) ;
#852 = ORIENTED_EDGE ( 'NONE', *, *, #2662, .T. ) ;
#853 = DIRECTION ( 'NONE',  ( -2.891205793294679000E-015, 0.0000000000000000000, 1.000000000000000000 ) ) ;
#854 = CIRCLE ( 'NONE', #4708, 0.3000000000000003800 ) ;
#855 = DIRECTION ( 'NONE',  ( 1.000000000000000000, 2.220446049250313100E-016, 1.084202172485504400E-016 ) ) ;
#856 = LINE ( 'NONE', #3465, #4380 ) ;
#857 = PLANE ( 'NONE',  #2620 ) ;
#858 = CARTESIAN_POINT ( 'NONE',  ( 3.999999999999998200, 9.999999999999998200, 5.000000000000000900 ) ) ;
#859 = CARTESIAN_POINT ( 'NONE',  ( -10.00000000000000500, 10.00000000000000500, -10.00000000000000000 ) ) ;
#860 = ADVANCED_FACE ( 'NONE', ( #5666 ), #734, .T. ) ;
#861 = LINE ( 'NONE', #3476, #3169 ) ;
#862 = LINE ( 'NONE', #2244, #3305 ) ;
#863 = CARTESIAN_POINT ( 'NONE',  ( 2.489245774084775300, -9.089245774084673700, -12.11331652343349100 ) ) ;
#864 = CARTESIAN_POINT ( 'NONE',  ( -10.00000000000000900, 0.0000000000000000000, 0.0000000000000000000 ) ) ;
#865 = EDGE_CURVE ( 'NONE', #5655, #1652, #4585, .T. ) ;
#866 = ORIENTED_EDGE ( 'NONE', *, *, #1338, .T. ) ;
#867 = CARTESIAN_POINT ( 'NONE',  ( 3.557481457854005800E-015, 0.0000000000000000000, 10.00000000000000000 ) ) ;
#868 = DIRECTION ( 'NONE',  ( 1.000000000000000000, 0.0000000000000000000, 0.0000000000000000000 ) ) ;
#869 = AXIS2_PLACEMENT_3D ( 'NONE', #4123, #1350, #907 ) ;
#870 = LINE ( 'NONE', #4797, #5639 ) ;
#871 = ADVANCED_FACE ( 'NONE', ( #1977 ), #5371, .F. ) ;
#872 = CARTESIAN_POINT ( 'NONE',  ( -5.452100041642570900, 5.752843088131528200, 1.275534838642526700 ) ) ;
#873 = ORIENTED_EDGE ( 'NONE', *, *, #3911, .F. ) ;
#874 = AXIS2_PLACEMENT_3D ( 'NONE', #5682, #1506, #1982 ) ;
#875 = EDGE_CURVE ( 'NONE', #1968, #4468, #583, .T. ) ;
#876 = CARTESIAN_POINT ( 'NONE',  ( 3.557481457854005800E-015, 0.0000000000000000000, 10.00000000000000000 ) ) ;
#877 = ORIENTED_EDGE ( 'NONE', *, *, #4813, .F. ) ;
#878 = VERTEX_POINT ( 'NONE', #1450 ) ;
#879 = LINE ( 'NONE', #2942, #716 ) ;
#880 = ORIENTED_EDGE ( 'NONE', *, *, #3136, .F. ) ;
#881 = CARTESIAN_POINT ( 'NONE',  ( 3.636698961060974800, -6.636698961060946400, -8.500000000000000000 ) ) ;
#882 = SURFACE_SIDE_STYLE ('',( #5109 ) ) ;
#883 = AXIS2_PLACEMENT_3D ( 'NONE', #2515, #5749, #2967 ) ;
#884 = ORIENTED_EDGE ( 'NONE', *, *, #271, .T. ) ;
#885 = DIRECTION ( 'NONE',  ( 1.000000000000000000, 0.0000000000000000000, 0.0000000000000000000 ) ) ;
#886 = DIRECTION ( 'NONE',  ( -0.05233595624294395300, 3.419297989518948000E-015, -0.9986295347545739400 ) ) ;
#887 = PLANE ( 'NONE',  #1297 ) ;
#888 = EDGE_LOOP ( 'NONE', ( #3240, #3294, #4518, #4702 ) ) ;
#889 = ORIENTED_EDGE ( 'NONE', *, *, #3896, .T. ) ;
#890 = DIRECTION ( 'NONE',  ( 0.0000000000000000000, -0.05233599580004656000, 0.9986295326814731400 ) ) ;
#891 = CARTESIAN_POINT ( 'NONE',  ( 0.0000000000000000000, 7.500000000000007100, 0.0000000000000000000 ) ) ;
#892 = DIRECTION ( 'NONE',  ( 2.891205793294679400E-015, -1.000000000000000000, -1.515216750768385200E-016 ) ) ;
#893 = EDGE_LOOP ( 'NONE', ( #1353, #3597, #1825 ) ) ;
#894 = CARTESIAN_POINT ( 'NONE',  ( 7.499999999999996400, 0.0000000000000000000, 5.550000000000001600 ) ) ;
#895 = CYLINDRICAL_SURFACE ( 'NONE', #3796, 0.2999999999999998200 ) ;
#896 = VERTEX_POINT ( 'NONE', #985 ) ;
#897 = ADVANCED_FACE ( 'NONE', ( #1839 ), #2901, .T. ) ;
#898 = DIRECTION ( 'NONE',  ( 0.9986287778875633200, -0.001229495395858165200, 0.05233595624294396000 ) ) ;
#899 = LINE ( 'NONE', #3210, #4720 ) ;
#900 = VECTOR ( 'NONE', #3325, 1000.000000000000000 ) ;
#901 = CYLINDRICAL_SURFACE ( 'NONE', #4538, 0.2999999999999999300 ) ;
#902 = ORIENTED_EDGE ( 'NONE', *, *, #1763, .F. ) ;
#903 = DIRECTION ( 'NONE',  ( -1.000000000000000000, 0.0000000000000000000, 0.0000000000000000000 ) ) ;
#904 = EDGE_CURVE ( 'NONE', #2518, #4113, #4134, .T. ) ;
#905 = VECTOR ( 'NONE', #5152, 1000.000000000000000 ) ;
#906 = ADVANCED_FACE ( 'NONE', ( #4417 ), #530, .T. ) ;
#907 = DIRECTION ( 'NONE',  ( 0.0000000000000000000, -0.9986261671219497400, 0.05240017499325583300 ) ) ;
#908 = CARTESIAN_POINT ( 'NONE',  ( -3.983977529785740900, 4.284720576274704500, 3.983977529785753800 ) ) ;
#909 = ORIENTED_EDGE ( 'NONE', *, *, #4119, .F. ) ;
#910 = FACE_OUTER_BOUND ( 'NONE', #4854, .T. ) ;
#911 = DIRECTION ( 'NONE',  ( -0.0000000000000000000, 0.0000000000000000000, 1.000000000000000000 ) ) ;
#912 = DIRECTION ( 'NONE',  ( 2.210860322791539000E-032, 1.224646799147353200E-016, 1.000000000000000000 ) ) ;
#913 = CARTESIAN_POINT ( 'NONE',  ( -7.000000000000004400, 2.600000000000000100, -10.00000000000000000 ) ) ;
#914 = ORIENTED_EDGE ( 'NONE', *, *, #3981, .T. ) ;
#915 = AXIS2_PLACEMENT_3D ( 'NONE', #5232, #3390, #4773 ) ;
#916 = CARTESIAN_POINT ( 'NONE',  ( 10.00000000000000000, 8.000000000000005300, -10.00000000000000000 ) ) ;
#917 = EDGE_CURVE ( 'NONE', #5087, #1713, #5531, .T. ) ;
#918 = EDGE_CURVE ( 'NONE', #3537, #3960, #455, .T. ) ;
#919 = ORIENTED_EDGE ( 'NONE', *, *, #3248, .F. ) ;
#920 = ORIENTED_EDGE ( 'NONE', *, *, #1411, .F. ) ;
#921 = ORIENTED_EDGE ( 'NONE', *, *, #464, .T. ) ;
#922 = EDGE_LOOP ( 'NONE', ( #889, #4136, #4245 ) ) ;
#923 = FACE_OUTER_BOUND ( 'NONE', #3918, .T. ) ;
#924 = EDGE_CURVE ( 'NONE', #701, #2645, #5215, .T. ) ;
#925 = CARTESIAN_POINT ( 'NONE',  ( 3.636698961060974800, -6.636698961060946400, -8.800000000000000700 ) ) ;
#926 = DIRECTION ( 'NONE',  ( -4.336808689942018200E-016, 1.000000000000000000, 0.0000000000000000000 ) ) ;
#927 = CARTESIAN_POINT ( 'NONE',  ( -0.9811323787342713900, 5.811727736971697300, 5.510984690482747100 ) ) ;
#928 = LINE ( 'NONE', #5922, #4300 ) ;
#929 = DIRECTION ( 'NONE',  ( 0.05226442768871401900, -0.05226442768871356800, -0.9972646886342373400 ) ) ;
#930 = CARTESIAN_POINT ( 'NONE',  ( 3.922206679139234700, 8.515615011263472300, 5.377382181287136300 ) ) ;
#931 = ORIENTED_EDGE ( 'NONE', *, *, #1517, .F. ) ;
#932 = CARTESIAN_POINT ( 'NONE',  ( 12.49999999999999600, -1.520015985077513900, 7.131019448207601900 ) ) ;
#933 = DIRECTION ( 'NONE',  ( 0.0000000000000000000, 0.9986295347545737200, -0.05233595624294414700 ) ) ;
#934 = LINE ( 'NONE', #456, #3229 ) ;
#935 = ADVANCED_FACE ( 'NONE', ( #3976 ), #305, .F. ) ;
#936 = VECTOR ( 'NONE', #683, 1000.000000000000200 ) ;
#937 = CARTESIAN_POINT ( 'NONE',  ( 5.539010513356208400, 2.021133963446694300, 5.238267466867260000 ) ) ;
#938 = CARTESIAN_POINT ( 'NONE',  ( -6.627295549036005300, 3.638708248591241200, -8.800000000000000700 ) ) ;
#939 = ORIENTED_EDGE ( 'NONE', *, *, #4734, .F. ) ;
#940 = VERTEX_POINT ( 'NONE', #1962 ) ;
#941 = ORIENTED_EDGE ( 'NONE', *, *, #5527, .T. ) ;
#942 = CARTESIAN_POINT ( 'NONE',  ( 12.11331652343349000, 2.489245774084695400, 7.110754225915306000 ) ) ;
#943 = EDGE_CURVE ( 'NONE', #1713, #2183, #2624, .T. ) ;
#944 = ORIENTED_EDGE ( 'NONE', *, *, #3932, .T. ) ;
#945 = ORIENTED_EDGE ( 'NONE', *, *, #3483, .T. ) ;
#946 = VECTOR ( 'NONE', #2296, 1000.000000000000000 ) ;
#947 = CARTESIAN_POINT ( 'NONE',  ( -3.149999999999999900, 6.500000000000005300, -10.00000000000000200 ) ) ;
#948 = ORIENTED_EDGE ( 'NONE', *, *, #2073, .F. ) ;
#949 = VERTEX_POINT ( 'NONE', #2874 ) ;
#950 = ORIENTED_EDGE ( 'NONE', *, *, #407, .F. ) ;
#951 = VECTOR ( 'NONE', #5745, 1000.000000000000000 ) ;
#952 = DIRECTION ( 'NONE',  ( 0.9999992420943060200, -0.001231182688944099000, 0.0000000000000000000 ) ) ;
#953 = EDGE_CURVE ( 'NONE', #2613, #5291, #2773, .T. ) ;
#954 = CARTESIAN_POINT ( 'NONE',  ( 5.782413588920785900, -5.481670542431846400, -1.137830910727395200 ) ) ;
#955 = VERTEX_POINT ( 'NONE', #2432 ) ;
#956 = DIRECTION ( 'NONE',  ( 0.0000000000000000000, -1.000000000000000000, -0.0000000000000000000 ) ) ;
#957 = VERTEX_POINT ( 'NONE', #1043 ) ;
#958 = CARTESIAN_POINT ( 'NONE',  ( 4.134297480284598000, -3.833554433795663700, -4.134297480284603300 ) ) ;
#959 = AXIS2_PLACEMENT_3D ( 'NONE', #3588, #4550, #1786 ) ;
#960 = CIRCLE ( 'NONE', #518, 0.2999999999999998800 ) ;
#961 = FACE_OUTER_BOUND ( 'NONE', #2290, .T. ) ;
#962 = DIRECTION ( 'NONE',  ( -0.0000000000000000000, -0.0000000000000000000, 1.000000000000000000 ) ) ;
#963 = ORIENTED_EDGE ( 'NONE', *, *, #1702, .T. ) ;
#964 = LINE ( 'NONE', #2106, #5738 ) ;
#965 = LINE ( 'NONE', #1459, #5739 ) ;
#966 = CARTESIAN_POINT ( 'NONE',  ( 11.50000000000000000, -6.999999999999993800, 1.520015985077529000 ) ) ;
#967 = CARTESIAN_POINT ( 'NONE',  ( 5.029637620754748200, -4.728894574265811300, 3.032194485930787200 ) ) ;
#968 = CIRCLE ( 'NONE', #4382, 0.9999999999999991100 ) ;
#969 = EDGE_LOOP ( 'NONE', ( #1275, #5729, #3737, #3866, #130, #2385, #207 ) ) ;
#970 = EDGE_CURVE ( 'NONE', #975, #3031, #5084, .T. ) ;
#971 = CARTESIAN_POINT ( 'NONE',  ( -10.00000000000000500, 10.00000000000000500, -10.00000000000000000 ) ) ;
#972 = ORIENTED_EDGE ( 'NONE', *, *, #1094, .T. ) ;
#973 = ORIENTED_EDGE ( 'NONE', *, *, #5484, .T. ) ;
#974 = CARTESIAN_POINT ( 'NONE',  ( 10.00000000000000000, -6.876005637310959700, 3.999999999999976500 ) ) ;
#975 = VERTEX_POINT ( 'NONE', #1978 ) ;
#976 = CARTESIAN_POINT ( 'NONE',  ( -3.636698961060975700, 8.499999999999994700, 6.921388331075438500 ) ) ;
#977 = ORIENTED_EDGE ( 'NONE', *, *, #412, .T. ) ;
#978 = DIRECTION ( 'NONE',  ( 0.0000000000000000000, 0.0000000000000000000, 1.000000000000000000 ) ) ;
#979 = LINE ( 'NONE', #155, #5615 ) ;
#980 = DIRECTION ( 'NONE',  ( -0.0000000000000000000, -0.0000000000000000000, -1.000000000000000000 ) ) ;
#981 = EDGE_CURVE ( 'NONE', #284, #5212, #172, .T. ) ;
#982 =( LENGTH_UNIT ( ) NAMED_UNIT ( * ) SI_UNIT ( .MILLI., .METRE. ) );
#983 = FACE_OUTER_BOUND ( 'NONE', #1386, .T. ) ;
#984 = LINE ( 'NONE', #5304, #3288 ) ;
#985 = CARTESIAN_POINT ( 'NONE',  ( 3.636698961060972600, 8.499999999999996400, 6.636698961060973000 ) ) ;
#986 = VERTEX_POINT ( 'NONE', #3787 ) ;
#987 = CARTESIAN_POINT ( 'NONE',  ( 3.701229487637424800, 10.03131579813635600, 6.701229487637425200 ) ) ;
#988 = AXIS2_PLACEMENT_3D ( 'NONE', #1591, #4830, #2067 ) ;
#989 = VERTEX_POINT ( 'NONE', #141 ) ;
#990 = EDGE_CURVE ( 'NONE', #4292, #48, #3546, .T. ) ;
#991 = VECTOR ( 'NONE', #3800, 1000.000000000000000 ) ;
#992 = CARTESIAN_POINT ( 'NONE',  ( -1.520015985077519000, 11.49999999999999600, 9.199999999999999300 ) ) ;
#993 = DIRECTION ( 'NONE',  ( -0.05232873513582461700, -0.05220004101858878600, 0.9972646886342373400 ) ) ;
#994 = CIRCLE ( 'NONE', #473, 0.2999999999999999300 ) ;
#995 = CARTESIAN_POINT ( 'NONE',  ( -5.353898592029591600, 3.637140463113388100, -8.800000000000000700 ) ) ;
#996 = CARTESIAN_POINT ( 'NONE',  ( 2.844533560708918600, -5.151370346225292000, 5.151370346225282200 ) ) ;
#997 = ORIENTED_EDGE ( 'NONE', *, *, #1438, .T. ) ;
#998 = LINE ( 'NONE', #3001, #4545 ) ;
#999 = DIRECTION ( 'NONE',  ( -0.9986295347545739400, -9.055445510926996000E-015, -0.05233595624294395300 ) ) ;
#1000 = CARTESIAN_POINT ( 'NONE',  ( -9.193990545116420800, 2.593990545116416200, -10.11466723005239000 ) ) ;
#1001 = VECTOR ( 'NONE', #690, 1000.000000000000000 ) ;
#1002 = CARTESIAN_POINT ( 'NONE',  ( 12.49999999999999600, -1.520015985077515900, 7.131019448207602800 ) ) ;
#1003 = CIRCLE ( 'NONE', #2836, 0.2999999999999999300 ) ;
#1004 = ORIENTED_EDGE ( 'NONE', *, *, #3495, .F. ) ;
#1005 =( NAMED_UNIT ( * ) SI_UNIT ( $, .STERADIAN. ) SOLID_ANGLE_UNIT ( ) );
#1006 = DIRECTION ( 'NONE',  ( 0.9986295347545739400, 0.05233595624294412600, 0.0000000000000000000 ) ) ;
#1007 = CARTESIAN_POINT ( 'NONE',  ( -2.017227741001830700, -5.549194481070708600, 5.549194481070701500 ) ) ;
#1008 =( BOUNDED_CURVE ( )  B_SPLINE_CURVE ( 3, ( #1200, #4886, #2584, #5824 ),
 .UNSPECIFIED., .F., .F. ) 
 B_SPLINE_CURVE_WITH_KNOTS ( ( 4, 4 ),
 ( 2.357564018062744600, 3.925621289116841200 ),
 .UNSPECIFIED. ) 
 CURVE ( )  GEOMETRIC_REPRESENTATION_ITEM ( )  RATIONAL_B_SPLINE_CURVE ( ( 1.000000000000000000, 0.8053830134673619600, 0.8053830134673619600, 1.000000000000000000 ) ) 
 REPRESENTATION_ITEM ( '' )  );
#1009 = LINE ( 'NONE', #1559, #3312 ) ;
#1010 = ORIENTED_EDGE ( 'NONE', *, *, #271, .F. ) ;
#1011 = CARTESIAN_POINT ( 'NONE',  ( 9.999999999999998200, -7.000000000000013300, 3.999999999999975100 ) ) ;
#1012 = ORIENTED_EDGE ( 'NONE', *, *, #5439, .F. ) ;
#1013 = AXIS2_PLACEMENT_3D ( 'NONE', #1102, #4321, #1564 ) ;
#1014 = ORIENTED_EDGE ( 'NONE', *, *, #3266, .T. ) ;
#1015 = VECTOR ( 'NONE', #2927, 1000.000000000000000 ) ;
#1016 = VERTEX_POINT ( 'NONE', #584 ) ;
#1017 = CARTESIAN_POINT ( 'NONE',  ( -7.000000000000004400, -2.600000000000000100, -10.00000000000000000 ) ) ;
#1018 = EDGE_CURVE ( 'NONE', #3315, #1652, #1256, .T. ) ;
#1019 = DIRECTION ( 'NONE',  ( -0.0000000000000000000, 1.000000000000000000, -0.0000000000000000000 ) ) ;
#1020 = EDGE_CURVE ( 'NONE', #483, #5313, #3696, .T. ) ;
#1021 = EDGE_CURVE ( 'NONE', #1316, #1118, #5065, .T. ) ;
#1022 = ORIENTED_EDGE ( 'NONE', *, *, #5356, .F. ) ;
#1023 = EDGE_LOOP ( 'NONE', ( #642, #2085, #1824, #525 ) ) ;
#1024 = EDGE_LOOP ( 'NONE', ( #3979, #3713, #5889, #5339 ) ) ;
#1025 = CARTESIAN_POINT ( 'NONE',  ( 8.799999999999997200, 3.636698961060974800, 5.363301038939027000 ) ) ;
#1026 = EDGE_CURVE ( 'NONE', #5249, #4080, #5887, .T. ) ;
#1027 = CARTESIAN_POINT ( 'NONE',  ( 8.799999999999997200, -6.636698961060978300, -3.636698961060997900 ) ) ;
#1028 = CYLINDRICAL_SURFACE ( 'NONE', #4747, 0.2999999999999998200 ) ;
#1029 = ORIENTED_EDGE ( 'NONE', *, *, #5092, .F. ) ;
#1030 = CARTESIAN_POINT ( 'NONE',  ( 8.799999999999997200, 3.636698961060974800, 6.636698961060973000 ) ) ;
#1031 = DIRECTION ( 'NONE',  ( 1.734723475976807100E-016, 1.000000000000000000, 0.0000000000000000000 ) ) ;
#1032 = AXIS2_PLACEMENT_3D ( 'NONE', #1776, #5011, #3164 ) ;
#1033 = CIRCLE ( 'NONE', #1893, 2.599999999999999200 ) ;
#1034 = FACE_OUTER_BOUND ( 'NONE', #1023, .T. ) ;
#1035 = FACE_OUTER_BOUND ( 'NONE', #2286, .T. ) ;
#1036 = CARTESIAN_POINT ( 'NONE',  ( 9.999999999999998200, -8.499999999999994700, 10.00000000000000000 ) ) ;
#1037 = CARTESIAN_POINT ( 'NONE',  ( 9.999999999999998200, -9.199999999999994000, 2.600000000000015600 ) ) ;
#1038 = ORIENTED_EDGE ( 'NONE', *, *, #4250, .F. ) ;
#1039 = VECTOR ( 'NONE', #4672, 1000.000000000000100 ) ;
#1040 = CARTESIAN_POINT ( 'NONE',  ( 5.398255278253544500, 1.558083341498094100, -5.398255278253547100 ) ) ;
#1041 = TOROIDAL_SURFACE ( 'NONE', #3751, 6.970577346383849200, 1.000000000000000000 ) ;
#1042 = VERTEX_POINT ( 'NONE', #5239 ) ;
#1043 = CARTESIAN_POINT ( 'NONE',  ( -4.999999999999987600, 9.999999999999994700, -3.700411139573645900 ) ) ;
#1044 = CARTESIAN_POINT ( 'NONE',  ( -10.00000000000000900, -7.035495700303544100, 0.0000000000000000000 ) ) ;
#1045 = DIRECTION ( 'NONE',  ( 0.0000000000000000000, -0.05233599580004656700, -0.9986295326814731400 ) ) ;
#1046 = ORIENTED_EDGE ( 'NONE', *, *, #5020, .F. ) ;
#1047 = CARTESIAN_POINT ( 'NONE',  ( -3.636698961060975700, 8.784299213127111400, 6.936287821487344900 ) ) ;
#1048 = ORIENTED_EDGE ( 'NONE', *, *, #3187, .T. ) ;
#1049 = DIRECTION ( 'NONE',  ( -4.336808689942017700E-016, 1.000000000000000000, -0.0000000000000000000 ) ) ;
#1050 = ORIENTED_EDGE ( 'NONE', *, *, #3227, .F. ) ;
#1051 = ORIENTED_EDGE ( 'NONE', *, *, #924, .T. ) ;
#1052 = EDGE_CURVE ( 'NONE', #5311, #5146, #2195, .T. ) ;
#1053 = DIRECTION ( 'NONE',  ( -0.05226442768871406000, 0.05226442768871403200, -0.9972646886342373400 ) ) ;
#1054 = CONICAL_SURFACE ( 'NONE', #4828, 6.008253627460649500, 0.02617993877990820700 ) ;
#1055 = LINE ( 'NONE', #4560, #2304 ) ;
#1056 = DIRECTION ( 'NONE',  ( 1.000000000000000000, 0.0000000000000000000, 0.0000000000000000000 ) ) ;
#1057 = CARTESIAN_POINT ( 'NONE',  ( -2.518645519832092700, 11.55233595624294000, 9.118645519832091000 ) ) ;
#1058 = AXIS2_PLACEMENT_3D ( 'NONE', #5906, #359, #2669 ) ;
#1059 = CARTESIAN_POINT ( 'NONE',  ( 8.515615011263475900, -6.622617818712855700, 3.922206679139212900 ) ) ;
#1060 = VECTOR ( 'NONE', #4435, 1000.000000000000000 ) ;
#1061 = EDGE_CURVE ( 'NONE', #296, #701, #4787, .T. ) ;
#1062 = ORIENTED_EDGE ( 'NONE', *, *, #5872, .F. ) ;
#1063 = CARTESIAN_POINT ( 'NONE',  ( 9.999999999999994700, -3.149999999999999900, -10.00000000000000000 ) ) ;
#1064 = CARTESIAN_POINT ( 'NONE',  ( -5.289739171854742800, 4.000362785373227800, -10.00000000000000000 ) ) ;
#1065 = LINE ( 'NONE', #3664, #4613 ) ;
#1066 = AXIS2_PLACEMENT_3D ( 'NONE', #2527, #5765, #2979 ) ;
#1067 = AXIS2_PLACEMENT_3D ( 'NONE', #3107, #2215, #5442 ) ;
#1068 = CARTESIAN_POINT ( 'NONE',  ( -4.990519387107232400, 3.700405303388201200, -10.00000000000000000 ) ) ;
#1069 = CIRCLE ( 'NONE', #274, 0.2999999999999999300 ) ;
#1070 = CARTESIAN_POINT ( 'NONE',  ( 3.754762545261974200, 4.215746785221505800, -4.215746785221500500 ) ) ;
#1071 = DIRECTION ( 'NONE',  ( 0.9972646886342373400, 0.05226442768871421300, 0.05226442768871404600 ) ) ;
#1072 = DIRECTION ( 'NONE',  ( -1.000000000000000000, 3.610608910799139800E-016, -0.0000000000000000000 ) ) ;
#1073 = ORIENTED_EDGE ( 'NONE', *, *, #3367, .T. ) ;
#1074 = DIRECTION ( 'NONE',  ( 0.0000000000000000000, 3.577867169202164600E-015, -1.000000000000000000 ) ) ;
#1075 = EDGE_LOOP ( 'NONE', ( #2854, #880, #4352, #4216 ) ) ;
#1076 = VERTEX_POINT ( 'NONE', #2015 ) ;
#1077 = EDGE_LOOP ( 'NONE', ( #5345, #3959, #445, #610 ) ) ;
#1078 = FACE_OUTER_BOUND ( 'NONE', #4723, .T. ) ;
#1079 = EDGE_LOOP ( 'NONE', ( #4360, #1121, #5550, #4480 ) ) ;
#1080 = CARTESIAN_POINT ( 'NONE',  ( -0.7876417606412724500, -5.541212869949400300, -5.841955916438344300 ) ) ;
#1081 = EDGE_CURVE ( 'NONE', #1042, #2406, #1149, .T. ) ;
#1082 = CARTESIAN_POINT ( 'NONE',  ( -8.500000000000008900, -8.499999999999994700, 10.00000000000000000 ) ) ;
#1083 = ORIENTED_EDGE ( 'NONE', *, *, #2112, .T. ) ;
#1084 = ORIENTED_EDGE ( 'NONE', *, *, #3400, .T. ) ;
#1085 = ORIENTED_EDGE ( 'NONE', *, *, #512, .F. ) ;
#1086 = PLANE ( 'NONE',  #5565 ) ;
#1087 = PLANE ( 'NONE',  #2320 ) ;
#1088 = AXIS2_PLACEMENT_3D ( 'NONE', #2581, #3044, #1193 ) ;
#1089 = ORIENTED_EDGE ( 'NONE', *, *, #4076, .T. ) ;
#1090 = CARTESIAN_POINT ( 'NONE',  ( 5.970920021408294300, 0.0000000000000000000, 8.574287104857957000 ) ) ;
#1091 = DIRECTION ( 'NONE',  ( -0.0000000000000000000, -0.0000000000000000000, 1.000000000000000000 ) ) ;
#1092 = CARTESIAN_POINT ( 'NONE',  ( 8.799999999999997200, -5.363301038939011900, -3.636698961060993400 ) ) ;
#1093 = DIRECTION ( 'NONE',  ( 0.0000000000000000000, 0.0000000000000000000, 1.000000000000000000 ) ) ;
#1094 = EDGE_CURVE ( 'NONE', #3722, #2963, #3447, .T. ) ;
#1095 = ORIENTED_EDGE ( 'NONE', *, *, #5318, .F. ) ;
#1096 = CARTESIAN_POINT ( 'NONE',  ( -2.599999999999935700, -7.000000000000027500, -10.00000000000000000 ) ) ;
#1097 = DIRECTION ( 'NONE',  ( 0.0000000000000000000, 0.0000000000000000000, -1.000000000000000000 ) ) ;
#1098 = DIRECTION ( 'NONE',  ( -0.9986261671219497400, 0.0000000000000000000, -0.05240017499325590900 ) ) ;
#1099 = VECTOR ( 'NONE', #2483, 1000.000000000000000 ) ;
#1100 = AXIS2_PLACEMENT_3D ( 'NONE', #2126, #5351, #2586 ) ;
#1101 = VECTOR ( 'NONE', #3357, 1000.000000000000000 ) ;
#1102 = CARTESIAN_POINT ( 'NONE',  ( 9.999999999999998200, -8.499999999999994700, 8.500000000000000000 ) ) ;
#1103 = EDGE_CURVE ( 'NONE', #5956, #5940, #4688, .T. ) ;
#1104 = VERTEX_POINT ( 'NONE', #5260 ) ;
#1105 = EDGE_LOOP ( 'NONE', ( #3376, #5179, #2719, #4116 ) ) ;
#1106 = LINE ( 'NONE', #5723, #4653 ) ;
#1107 = ADVANCED_FACE ( 'NONE', ( #2391 ), #5734, .F. ) ;
#1108 = CARTESIAN_POINT ( 'NONE',  ( -8.586271053293986100, 0.0000000000000000000, 0.0000000000000000000 ) ) ;
#1109 = DIRECTION ( 'NONE',  ( 0.0000000000000000000, 0.0000000000000000000, -1.000000000000000000 ) ) ;
#1110 = AXIS2_PLACEMENT_3D ( 'NONE', #1574, #212, #3427 ) ;
#1111 = LINE ( 'NONE', #263, #2491 ) ;
#1112 = CARTESIAN_POINT ( 'NONE',  ( -6.008253627460646000, 7.357988573335157900E-016, 10.00000000000000000 ) ) ;
#1113 = CARTESIAN_POINT ( 'NONE',  ( 0.0000000000000000000, 7.500000000000007100, 0.0000000000000000000 ) ) ;
#1114 = DIRECTION ( 'NONE',  ( 0.0000000000000000000, 0.0000000000000000000, 1.000000000000000000 ) ) ;
#1115 = ORIENTED_EDGE ( 'NONE', *, *, #5280, .T. ) ;
#1116 = DIRECTION ( 'NONE',  ( 0.0000000000000000000, 0.0000000000000000000, -1.000000000000000000 ) ) ;
#1117 = CARTESIAN_POINT ( 'NONE',  ( -6.970577346383845600, 0.0000000000000000000, 8.548110156550091400 ) ) ;
#1118 = VERTEX_POINT ( 'NONE', #3412 ) ;
#1119 = ORIENTED_EDGE ( 'NONE', *, *, #742, .F. ) ;
#1120 = ORIENTED_EDGE ( 'NONE', *, *, #3780, .F. ) ;
#1121 = ORIENTED_EDGE ( 'NONE', *, *, #3484, .T. ) ;
#1122 = VECTOR ( 'NONE', #4240, 1000.000000000000000 ) ;
#1123 = DIRECTION ( 'NONE',  ( 1.000000000000000000, 0.0000000000000000000, 0.0000000000000000000 ) ) ;
#1124 = CARTESIAN_POINT ( 'NONE',  ( -9.089245774084698600, 12.11331652343349000, -2.489245774084677200 ) ) ;
#1125 =( BOUNDED_CURVE ( )  B_SPLINE_CURVE ( 3, ( #1271, #791, #3549, #1719 ),
 .UNSPECIFIED., .F., .F. ) 
 B_SPLINE_CURVE_WITH_KNOTS ( ( 4, 4 ),
 ( 2.358795192292447500, 3.925621289116845600 ),
 .UNSPECIFIED. ) 
 CURVE ( )  GEOMETRIC_REPRESENTATION_ITEM ( )  RATIONAL_B_SPLINE_CURVE ( ( 1.000000000000000000, 0.8056727168608587300, 0.8056727168608587300, 1.000000000000000000 ) ) 
 REPRESENTATION_ITEM ( '' )  );
#1126 = FACE_OUTER_BOUND ( 'NONE', #528, .T. ) ;
#1127 = CARTESIAN_POINT ( 'NONE',  ( 9.999999999999994700, 3.149999999999999900, -6.500000000000000900 ) ) ;
#1128 = ORIENTED_EDGE ( 'NONE', *, *, #3300, .T. ) ;
#1129 = EDGE_CURVE ( 'NONE', #5311, #4284, #1180, .T. ) ;
#1130 = EDGE_CURVE ( 'NONE', #5264, #3216, #3304, .T. ) ;
#1131 = DIRECTION ( 'NONE',  ( 0.05233599580004656000, 0.0000000000000000000, 0.9986295326814731400 ) ) ;
#1132 = EDGE_CURVE ( 'NONE', #492, #2645, #5780, .T. ) ;
#1133 = ORIENTED_EDGE ( 'NONE', *, *, #5160, .T. ) ;
#1134 = CARTESIAN_POINT ( 'NONE',  ( -3.833554433795645100, 4.134297480284609500, -4.134297480284612200 ) ) ;
#1135 = CARTESIAN_POINT ( 'NONE',  ( -7.000000000000016000, 9.999999999999996400, 3.999999999999975100 ) ) ;
#1136 = DIRECTION ( 'NONE',  ( -9.912705577010328500E-016, 1.000000000000000000, 0.0000000000000000000 ) ) ;
#1137 = VECTOR ( 'NONE', #4718, 1000.000000000000000 ) ;
#1138 = AXIS2_PLACEMENT_3D ( 'NONE', #858, #4085, #1327 ) ;
#1139 = CARTESIAN_POINT ( 'NONE',  ( 3.999999999999998200, 9.999999999999998200, 6.700411139573627200 ) ) ;
#1140 = VECTOR ( 'NONE', #5776, 1000.000000000000000 ) ;
#1141 = ADVANCED_FACE ( 'NONE', ( #2089 ), #697, .F. ) ;
#1142 = DIRECTION ( 'NONE',  ( 0.0000000000000000000, 0.9986295347545739400, -0.05233595624294395300 ) ) ;
#1143 = DIRECTION ( 'NONE',  ( 0.0000000000000000000, 0.0000000000000000000, -1.000000000000000000 ) ) ;
#1144 = DIRECTION ( 'NONE',  ( -0.9972646886342372300, 0.05226442768871386600, -0.05226442768871401900 ) ) ;
#1145 = EDGE_CURVE ( 'NONE', #5142, #3017, #861, .T. ) ;
#1146 = ORIENTED_EDGE ( 'NONE', *, *, #2112, .F. ) ;
#1147 = LINE ( 'NONE', #629, #2387 ) ;
#1148 = CARTESIAN_POINT ( 'NONE',  ( -5.666620521572157000, -1.636497769364944100, 5.666620521572166800 ) ) ;
#1149 = LINE ( 'NONE', #3394, #5937 ) ;
#1150 = CARTESIAN_POINT ( 'NONE',  ( 10.01561501126347100, 4.000818348063799800, 5.298770512362574800 ) ) ;
#1151 = LINE ( 'NONE', #1370, #70 ) ;
#1152 = AXIS2_PLACEMENT_3D ( 'NONE', #2100, #5330, #2565 ) ;
#1153 = ORIENTED_EDGE ( 'NONE', *, *, #3451, .F. ) ;
#1154 = CARTESIAN_POINT ( 'NONE',  ( -5.298771293458700300, -4.000450506360762900, -10.01561501126347400 ) ) ;
#1155 = CARTESIAN_POINT ( 'NONE',  ( -5.299588860426360300, 9.999999999999994700, -4.000000000000019500 ) ) ;
#1156 = CARTESIAN_POINT ( 'NONE',  ( -7.000000000000014200, 8.799999999999997200, 3.636698961060949000 ) ) ;
#1157 = VECTOR ( 'NONE', #5616, 1000.000000000000200 ) ;
#1158 = DIRECTION ( 'NONE',  ( 0.0000000000000000000, 0.05233595624294422300, 0.9986295347545737200 ) ) ;
#1159 = ORIENTED_EDGE ( 'NONE', *, *, #4657, .T. ) ;
#1160 = DIRECTION ( 'NONE',  ( 0.9986261671219497400, 0.0000000000000000000, 0.05240017499325590900 ) ) ;
#1161 = EDGE_LOOP ( 'NONE', ( #2760, #4775 ) ) ;
#1162 = CARTESIAN_POINT ( 'NONE',  ( 3.999999999999998200, 10.00000000000000700, 6.876005637310966800 ) ) ;
#1163 = ORIENTED_EDGE ( 'NONE', *, *, #2344, .F. ) ;
#1164 = LINE ( 'NONE', #4790, #3463 ) ;
#1165 = CARTESIAN_POINT ( 'NONE',  ( -3.679376924424396100, -5.320623075575632300, -9.614344052491301100 ) ) ;
#1166 = CARTESIAN_POINT ( 'NONE',  ( 5.691566882961677900, -1.556599837638174700, 5.390823836472727700 ) ) ;
#1167 = ORIENTED_EDGE ( 'NONE', *, *, #5052, .F. ) ;
#1168 = B_SPLINE_CURVE_WITH_KNOTS ( 'NONE', 3,
 ( #3233, #12, #4242, #1484, #4715, #1953, #5178, #2424, #5650, #2868, #113, #3326 ),
 .UNSPECIFIED., .F., .F.,
 ( 4, 2, 2, 2, 2, 4 ),
 ( 0.01085807277293652700, 0.01147793672847423900, 0.01209780068401195000, 0.01333752859508737500, 0.01457725650616279800, 0.01581698441723822200 ),
 .UNSPECIFIED. ) ;
#1169 = DIRECTION ( 'NONE',  ( 0.0000000000000000000, 1.000000000000000000, 0.0000000000000000000 ) ) ;
#1170 = ORIENTED_EDGE ( 'NONE', *, *, #5521, .F. ) ;
#1171 = DIRECTION ( 'NONE',  ( 0.0000000000000000000, 0.0000000000000000000, 1.000000000000000000 ) ) ;
#1172 = CARTESIAN_POINT ( 'NONE',  ( -5.900915317458196100, 5.410925979796852200E-016, 5.900915317458205900 ) ) ;
#1173 = ORIENTED_EDGE ( 'NONE', *, *, #5126, .T. ) ;
#1174 = VERTEX_POINT ( 'NONE', #1621 ) ;
#1175 = EDGE_CURVE ( 'NONE', #3419, #5119, #4385, .T. ) ;
#1176 = ADVANCED_FACE ( 'NONE', ( #1946 ), #550, .F. ) ;
#1177 = CARTESIAN_POINT ( 'NONE',  ( 11.55233595624294400, -9.200000000000001100, -2.518645519832075000 ) ) ;
#1178 = DIRECTION ( 'NONE',  ( 1.000000000000000000, 0.0000000000000000000, 0.0000000000000000000 ) ) ;
#1179 = LINE ( 'NONE', #3533, #5809 ) ;
#1180 = B_SPLINE_CURVE_WITH_KNOTS ( 'NONE', 3,
 ( #199, #2521, #5283, #3438, #668, #3890, #1148, #4363, #1602, #4839, #2076, #5307, #2545, #5779 ),
 .UNSPECIFIED., .F., .F.,
 ( 4, 2, 2, 2, 2, 2, 4 ),
 ( 0.01129722077933069900, 0.01191787148483998600, 0.01253852219034927100, 0.01315917289585855800, 0.01377982360136784400, 0.01502112501238641800, 0.01626242642340499200 ),
 .UNSPECIFIED. ) ;
#1181 = EDGE_LOOP ( 'NONE', ( #5711, #627, #2258, #1648 ) ) ;
#1182 = CARTESIAN_POINT ( 'NONE',  ( 3.999999999999998200, 9.999999999999998200, 7.000000000000000900 ) ) ;
#1183 = CARTESIAN_POINT ( 'NONE',  ( -7.081354480167904700, 11.55233595624294200, 2.518645519832102900 ) ) ;
#1184 = ORIENTED_EDGE ( 'NONE', *, *, #2811, .T. ) ;
#1185 = EDGE_CURVE ( 'NONE', #1779, #5171, #1802, .T. ) ;
#1186 = FACE_OUTER_BOUND ( 'NONE', #4358, .T. ) ;
#1187 = CARTESIAN_POINT ( 'NONE',  ( -7.131019448207608100, -1.520015985077515700, -12.50000000000000000 ) ) ;
#1188 = CARTESIAN_POINT ( 'NONE',  ( -2.593990545116332800, -9.193990545116445600, -10.11466723005239000 ) ) ;
#1189 = LINE ( 'NONE', #976, #3481 ) ;
#1190 = FACE_OUTER_BOUND ( 'NONE', #4120, .T. ) ;
#1191 = ORIENTED_EDGE ( 'NONE', *, *, #3441, .F. ) ;
#1192 = CARTESIAN_POINT ( 'NONE',  ( -5.249887496259295200, 2.664569321252949300, 5.249887496259305000 ) ) ;
#1193 = DIRECTION ( 'NONE',  ( 1.000000000000000000, 0.0000000000000000000, 0.0000000000000000000 ) ) ;
#1194 = VERTEX_POINT ( 'NONE', #559 ) ;
#1195 = DIRECTION ( 'NONE',  ( 0.001231182688944459400, 0.9999992420943060200, 0.0000000000000000000 ) ) ;
#1196 = AXIS2_PLACEMENT_3D ( 'NONE', #5042, #2287, #5511 ) ;
#1197 = FACE_OUTER_BOUND ( 'NONE', #2949, .T. ) ;
#1198 = AXIS2_PLACEMENT_3D ( 'NONE', #5296, #2537, #5772 ) ;
#1199 = CARTESIAN_POINT ( 'NONE',  ( 3.936287821487347100, -5.000000000000027500, -8.784299213127116700 ) ) ;
#1200 = CARTESIAN_POINT ( 'NONE',  ( -6.690560389310819600, 4.002087453513600400, -10.00000000000000000 ) ) ;
#1201 = CYLINDRICAL_SURFACE ( 'NONE', #2534, 1.000000000000000000 ) ;
#1202 = VERTEX_POINT ( 'NONE', #4261 ) ;
#1203 = DIRECTION ( 'NONE',  ( 0.001231182688944296300, 0.9999992420943060200, -2.894763204556225800E-015 ) ) ;
#1204 = DIRECTION ( 'NONE',  ( -0.0000000000000000000, 1.000000000000000000, -0.0000000000000000000 ) ) ;
#1205 = UNCERTAINTY_MEASURE_WITH_UNIT (LENGTH_MEASURE( 1.000000000000000100E-005 ), #982, 'distance_accuracy_value', 'NONE');
#1206 = ORIENTED_EDGE ( 'NONE', *, *, #1846, .T. ) ;
#1207 = ORIENTED_EDGE ( 'NONE', *, *, #2649, .F. ) ;
#1208 = DIRECTION ( 'NONE',  ( 3.497543079678235300E-032, -0.0000000000000000000, 1.000000000000000000 ) ) ;
#1209 = ADVANCED_FACE ( 'NONE', ( #5496 ), #115, .F. ) ;
#1210 = SHAPE_DEFINITION_REPRESENTATION ( #1345, #122 ) ;
#1211 = CIRCLE ( 'NONE', #1567, 5.971233832142113200 ) ;
#1212 = CARTESIAN_POINT ( 'NONE',  ( -4.999631151381270100, -3.700411366633713900, -10.00000000000000000 ) ) ;
#1213 = CARTESIAN_POINT ( 'NONE',  ( -9.089245774084689700, 12.11331652343349000, 2.489245774084707800 ) ) ;
#1214 = EDGE_CURVE ( 'NONE', #5641, #5436, #5336, .T. ) ;
#1215 = DIRECTION ( 'NONE',  ( 1.000000000000000000, -0.0000000000000000000, -0.0000000000000000000 ) ) ;
#1216 = VECTOR ( 'NONE', #3066, 999.9999999999998900 ) ;
#1217 = ORIENTED_EDGE ( 'NONE', *, *, #3059, .F. ) ;
#1218 = EDGE_CURVE ( 'NONE', #5249, #632, #5632, .T. ) ;
#1219 = FACE_BOUND ( 'NONE', #4768, .T. ) ;
#1220 = EDGE_CURVE ( 'NONE', #3590, #5980, #4103, .T. ) ;
#1221 = LINE ( 'NONE', #4337, #2448 ) ;
#1222 = DIRECTION ( 'NONE',  ( 1.000000000000000000, -0.0000000000000000000, -0.0000000000000000000 ) ) ;
#1223 = CARTESIAN_POINT ( 'NONE',  ( 5.594189624016018500, 5.594189624016022900, -0.3178771464627461700 ) ) ;
#1224 = DIRECTION ( 'NONE',  ( 0.0000000000000000000, -1.000000000000000000, 0.0000000000000000000 ) ) ;
#1225 = DIRECTION ( 'NONE',  ( 0.0000000000000000000, 0.9986295347545737200, -0.05233595624294414700 ) ) ;
#1226 = ADVANCED_FACE ( 'NONE', ( #5185 ), #1994, .T. ) ;
#1227 = CARTESIAN_POINT ( 'NONE',  ( 6.499999999999995600, -3.149999999999999900, -6.500000000000000900 ) ) ;
#1228 = EDGE_CURVE ( 'NONE', #986, #1016, #3938, .T. ) ;
#1229 = CARTESIAN_POINT ( 'NONE',  ( -3.602303299430398300, 4.341333166898407600, -4.341333166898410300 ) ) ;
#1230 = LINE ( 'NONE', #397, #2597 ) ;
#1231 = ORIENTED_EDGE ( 'NONE', *, *, #2535, .T. ) ;
#1232 = DIRECTION ( 'NONE',  ( -0.05226442768871451100, 0.05226442768871356800, 0.9972646886342373400 ) ) ;
#1233 = VERTEX_POINT ( 'NONE', #597 ) ;
#1234 = DIRECTION ( 'NONE',  ( 1.000000000000000000, -0.0000000000000000000, -0.0000000000000000000 ) ) ;
#1235 = ORIENTED_EDGE ( 'NONE', *, *, #2386, .F. ) ;
#1236 = ORIENTED_EDGE ( 'NONE', *, *, #3783, .F. ) ;
#1237 = LINE ( 'NONE', #2713, #3804 ) ;
#1238 = ADVANCED_FACE ( 'NONE', ( #2742 ), #5057, .F. ) ;
#1239 = VERTEX_POINT ( 'NONE', #2014 ) ;
#1240 = ORIENTED_EDGE ( 'NONE', *, *, #1954, .F. ) ;
#1241 = DIRECTION ( 'NONE',  ( 1.000000000000000000, 0.0000000000000000000, 2.895173527994269700E-015 ) ) ;
#1242 = ORIENTED_EDGE ( 'NONE', *, *, #1525, .F. ) ;
#1243 = ORIENTED_EDGE ( 'NONE', *, *, #5170, .F. ) ;
#1244 = CARTESIAN_POINT ( 'NONE',  ( 2.489245774084757600, -7.110754225915289200, -12.11331652343349500 ) ) ;
#1245 = CARTESIAN_POINT ( 'NONE',  ( 7.500000000000005300, 0.0000000000000000000, -2.600000000000001000 ) ) ;
#1246 = ORIENTED_EDGE ( 'NONE', *, *, #3849, .T. ) ;
#1247 = CARTESIAN_POINT ( 'NONE',  ( -8.586271053293984300, 5.971233832142132800, 0.0000000000000000000 ) ) ;
#1248 = CARTESIAN_POINT ( 'NONE',  ( 12.49999999999999800, -9.068980551792394700, -1.520015985077499200 ) ) ;
#1249 = CARTESIAN_POINT ( 'NONE',  ( 2.518645519832088700, 11.55233595624294200, 9.118645519832091000 ) ) ;
#1250 = DIRECTION ( 'NONE',  ( 0.001231182688944099000, 0.9999992420943060200, 0.0000000000000000000 ) ) ;
#1251 = ORIENTED_EDGE ( 'NONE', *, *, #5043, .F. ) ;
#1252 = CARTESIAN_POINT ( 'NONE',  ( -8.500000000000008900, -8.499999999999994700, 8.500000000000000000 ) ) ;
#1253 = DIRECTION ( 'NONE',  ( 0.0000000000000000000, 1.000000000000000000, 0.0000000000000000000 ) ) ;
#1254 = EDGE_CURVE ( 'NONE', #320, #4887, #272, .T. ) ;
#1255 = VECTOR ( 'NONE', #142, 1000.000000000000200 ) ;
#1256 = LINE ( 'NONE', #1063, #3825 ) ;
#1257 = CARTESIAN_POINT ( 'NONE',  ( -3.149999999999999900, 6.500000000000005300, -10.00000000000000200 ) ) ;
#1258 = ADVANCED_FACE ( 'NONE', ( #4548 ), #137, .F. ) ;
#1259 = ORIENTED_EDGE ( 'NONE', *, *, #3723, .F. ) ;
#1260 = ORIENTED_EDGE ( 'NONE', *, *, #2692, .F. ) ;
#1261 = AXIS2_PLACEMENT_3D ( 'NONE', #745, #3966, #1225 ) ;
#1262 = LINE ( 'NONE', #1547, #3555 ) ;
#1263 = CIRCLE ( 'NONE', #3649, 0.2999999999999998200 ) ;
#1264 = EDGE_CURVE ( 'NONE', #5119, #84, #2589, .T. ) ;
#1265 = DIRECTION ( 'NONE',  ( -0.9996573249755574800, 3.205751595667438900E-018, -0.02617694830786646300 ) ) ;
#1266 = LINE ( 'NONE', #5335, #39 ) ;
#1267 = ADVANCED_FACE ( 'NONE', ( #3792 ), #4752, .F. ) ;
#1268 = DIRECTION ( 'NONE',  ( 0.0000000000000000000, 0.9986295347545737200, 0.05233595624294414700 ) ) ;
#1269 = CARTESIAN_POINT ( 'NONE',  ( -2.518645519832027000, -7.000000000000026600, -11.55233595624294400 ) ) ;
#1270 = CARTESIAN_POINT ( 'NONE',  ( 3.636698961060972600, 8.799999999999997200, 5.363301038939026100 ) ) ;
#1271 = CARTESIAN_POINT ( 'NONE',  ( -4.990519159425967500, 3.700775160431734300, -10.00000000000000000 ) ) ;
#1272 = CARTESIAN_POINT ( 'NONE',  ( -4.950310353753312900, -4.950310353753328800, 3.171179137828286500 ) ) ;
#1273 = ORIENTED_EDGE ( 'NONE', *, *, #2467, .T. ) ;
#1274 = CARTESIAN_POINT ( 'NONE',  ( -5.580523563372608500, 0.4198097986450452000, -5.881266609861572000 ) ) ;
#1275 = ORIENTED_EDGE ( 'NONE', *, *, #4175, .F. ) ;
#1276 = ORIENTED_EDGE ( 'NONE', *, *, #3714, .F. ) ;
#1277 = DIRECTION ( 'NONE',  ( 0.0000000000000000000, 1.000000000000000000, 2.891205793294679000E-015 ) ) ;
#1278 = ORIENTED_EDGE ( 'NONE', *, *, #5240, .T. ) ;
#1279 = EDGE_LOOP ( 'NONE', ( #401, #3280, #3414, #3417, #4717, #1844, #5543, #1600, #1046, #963 ) ) ;
#1280 =( BOUNDED_CURVE ( )  B_SPLINE_CURVE ( 3, ( #1249, #1700, #795, #4015 ),
 .UNSPECIFIED., .F., .T. ) 
 B_SPLINE_CURVE_WITH_KNOTS ( ( 4, 4 ),
 ( 1.623156204354731000, 3.141592653589796200 ),
 .UNSPECIFIED. ) 
 CURVE ( )  GEOMETRIC_REPRESENTATION_ITEM ( )  RATIONAL_B_SPLINE_CURVE ( ( 1.000000000000000000, 0.8169162473415254600, 0.8169162473415254600, 1.000000000000000000 ) ) 
 REPRESENTATION_ITEM ( '' )  );
#1281 = FACE_OUTER_BOUND ( 'NONE', #2341, .T. ) ;
#1282 = CARTESIAN_POINT ( 'NONE',  ( 9.999999999999998200, 6.500000000000005300, 3.149999999999999900 ) ) ;
#1283 = VERTEX_POINT ( 'NONE', #5256 ) ;
#1284 = ORIENTED_EDGE ( 'NONE', *, *, #5566, .F. ) ;
#1285 = DIRECTION ( 'NONE',  ( -0.0000000000000000000, -1.447586763997134800E-015, -1.000000000000000000 ) ) ;
#1286 = CARTESIAN_POINT ( 'NONE',  ( 1.520015985077579800, -7.131019448207593900, -12.50000000000000000 ) ) ;
#1287 = CARTESIAN_POINT ( 'NONE',  ( -3.636698961060974800, -5.363301038939054500, -8.800000000000000700 ) ) ;
#1288 = ADVANCED_FACE ( 'NONE', ( #6015 ), #1371, .F. ) ;
#1289 = LINE ( 'NONE', #4243, #2514 ) ;
#1290 = CARTESIAN_POINT ( 'NONE',  ( -5.780363023698877900, -5.780363023698892100, -1.189458662261845700 ) ) ;
#1291 = CARTESIAN_POINT ( 'NONE',  ( -5.298770512362561500, 10.01561501126346900, -4.000818348063817500 ) ) ;
#1292 = EDGE_CURVE ( 'NONE', #1998, #3679, #1221, .T. ) ;
#1293 = LINE ( 'NONE', #4837, #3730 ) ;
#1294 = CARTESIAN_POINT ( 'NONE',  ( 8.499999999999994700, 9.500000000000007100, -10.00000000000000000 ) ) ;
#1295 = ORIENTED_EDGE ( 'NONE', *, *, #4970, .T. ) ;
#1296 = LINE ( 'NONE', #3851, #3591 ) ;
#1297 = AXIS2_PLACEMENT_3D ( 'NONE', #399, #1813, #5045 ) ;
#1298 = ADVANCED_FACE ( 'NONE', ( #4906 ), #5853, .F. ) ;
#1299 = VECTOR ( 'NONE', #5972, 1000.000000000000000 ) ;
#1300 = EDGE_CURVE ( 'NONE', #5509, #2945, #1069, .T. ) ;
#1301 = EDGE_LOOP ( 'NONE', ( #3845, #950, #532, #449 ) ) ;
#1302 = CARTESIAN_POINT ( 'NONE',  ( 2.600000000000063600, -6.999999999999981300, -10.00000000000000000 ) ) ;
#1303 = AXIS2_PLACEMENT_3D ( 'NONE', #681, #3900, #1158 ) ;
#1304 = VECTOR ( 'NONE', #980, 1000.000000000000000 ) ;
#1305 = CARTESIAN_POINT ( 'NONE',  ( 3.557481457854005000E-015, 0.0000000000000000000, -7.500000000000000000 ) ) ;
#1306 = DIRECTION ( 'NONE',  ( 1.000000000000000000, 0.0000000000000000000, 0.0000000000000000000 ) ) ;
#1307 = CARTESIAN_POINT ( 'NONE',  ( 9.999999999999994700, 10.00000000000000500, 10.00000000000000000 ) ) ;
#1308 = EDGE_CURVE ( 'NONE', #754, #5861, #3667, .T. ) ;
#1309 = CARTESIAN_POINT ( 'NONE',  ( -10.00000000000000900, -9.999999999999994700, -10.00000000000000000 ) ) ;
#1310 = CARTESIAN_POINT ( 'NONE',  ( 5.049107018288735200, -2.479905411183366000, -5.049107018288737900 ) ) ;
#1311 = ORIENTED_EDGE ( 'NONE', *, *, #2833, .T. ) ;
#1312 = FACE_OUTER_BOUND ( 'NONE', #4125, .T. ) ;
#1313 = DIRECTION ( 'NONE',  ( 8.883274016437163700E-017, -0.6883545756937593500, 0.7253743710122824200 ) ) ;
#1314 = ORIENTED_EDGE ( 'NONE', *, *, #2362, .T. ) ;
#1315 = DIRECTION ( 'NONE',  ( 1.000000000000000000, 0.0000000000000000000, 0.0000000000000000000 ) ) ;
#1316 = VERTEX_POINT ( 'NONE', #4354 ) ;
#1317 = ORIENTED_EDGE ( 'NONE', *, *, #1488, .F. ) ;
#1318 = CARTESIAN_POINT ( 'NONE',  ( -4.298538939925967900, 4.599281986414932400, -3.646442513372946800 ) ) ;
#1319 = ADVANCED_FACE ( 'NONE', ( #3370 ), #2968, .F. ) ;
#1320 = ORIENTED_EDGE ( 'NONE', *, *, #2898, .F. ) ;
#1321 = EDGE_LOOP ( 'NONE', ( #2059, #4149, #3551, #3215, #4801, #5752 ) ) ;
#1322 = FACE_OUTER_BOUND ( 'NONE', #3980, .T. ) ;
#1323 = CARTESIAN_POINT ( 'NONE',  ( 10.00000000000000000, -7.000000000000004400, -3.876005637310992100 ) ) ;
#1324 = CARTESIAN_POINT ( 'NONE',  ( 2.599999999999998300, 9.999999999999996400, 9.199999999999999300 ) ) ;
#1325 = ORIENTED_EDGE ( 'NONE', *, *, #918, .F. ) ;
#1326 = ADVANCED_FACE ( 'NONE', ( #3514 ), #235, .T. ) ;
#1327 = DIRECTION ( 'NONE',  ( 0.0000000000000000000, 0.9986295347545739400, -0.05233595624294395300 ) ) ;
#1328 = CARTESIAN_POINT ( 'NONE',  ( -2.599999999999993000, 3.184081677783113800E-016, 10.00000000000000200 ) ) ;
#1329 = DIRECTION ( 'NONE',  ( -0.05226442768871399100, -0.9972646886342372300, -0.05226442768871403200 ) ) ;
#1330 = ORIENTED_EDGE ( 'NONE', *, *, #291, .F. ) ;
#1331 = DIRECTION ( 'NONE',  ( -1.000000000000000000, 0.0000000000000000000, 0.0000000000000000000 ) ) ;
#1332 = CARTESIAN_POINT ( 'NONE',  ( 6.970577346383852700, 8.536495235458032200E-016, 8.548110156550091400 ) ) ;
#1333 = LINE ( 'NONE', #5021, #3764 ) ;
#1334 = AXIS2_PLACEMENT_3D ( 'NONE', #1025, #2859, #1491 ) ;
#1335 = VECTOR ( 'NONE', #3219, 1000.000000000000100 ) ;
#1336 = ORIENTED_EDGE ( 'NONE', *, *, #3898, .F. ) ;
#1337 = EDGE_CURVE ( 'NONE', #558, #161, #2160, .T. ) ;
#1338 = EDGE_CURVE ( 'NONE', #4056, #3797, #2319, .T. ) ;
#1339 = VERTEX_POINT ( 'NONE', #4943 ) ;
#1340 = EDGE_CURVE ( 'NONE', #1118, #986, #772, .T. ) ;
#1341 = LINE ( 'NONE', #2342, #107 ) ;
#1342 = CARTESIAN_POINT ( 'NONE',  ( -5.290934539794019300, 5.591677586282979300, 1.845126608328289300 ) ) ;
#1343 = DIRECTION ( 'NONE',  ( 1.000000000000000000, 0.0000000000000000000, 0.0000000000000000000 ) ) ;
#1344 = ORIENTED_EDGE ( 'NONE', *, *, #447, .T. ) ;
#1345 = PRODUCT_DEFINITION_SHAPE ( 'NONE', 'NONE',  #1937 ) ;
#1346 = EDGE_CURVE ( 'NONE', #4284, #5583, #2972, .T. ) ;
#1347 = DIRECTION ( 'NONE',  ( 0.0000000000000000000, 1.000000000000000000, 4.956352788505164300E-016 ) ) ;
#1348 =( LENGTH_UNIT ( ) NAMED_UNIT ( * ) SI_UNIT ( .MILLI., .METRE. ) );
#1349 = CARTESIAN_POINT ( 'NONE',  ( 9.999999999999998200, -5.000000000000015100, 3.876005637310949900 ) ) ;
#1350 = DIRECTION ( 'NONE',  ( -0.05220004101858877900, 0.05232873513582474200, 0.9972646886342373400 ) ) ;
#1351 = DIRECTION ( 'NONE',  ( 0.0000000000000000000, 1.000000000000000000, 0.0000000000000000000 ) ) ;
#1352 = ADVANCED_FACE ( 'NONE', ( #5698 ), #1873, .F. ) ;
#1353 = ORIENTED_EDGE ( 'NONE', *, *, #4408, .T. ) ;
#1354 = VERTEX_POINT ( 'NONE', #5006 ) ;
#1355 = CARTESIAN_POINT ( 'NONE',  ( -6.627295549036005300, 3.638708248591241200, -8.500000000000000000 ) ) ;
#1356 = DIRECTION ( 'NONE',  ( 0.0000000000000000000, 0.0000000000000000000, 1.000000000000000000 ) ) ;
#1357 = CIRCLE ( 'NONE', #3876, 2.599999999999996500 ) ;
#1358 = CARTESIAN_POINT ( 'NONE',  ( 8.499999999999998200, -5.000000000000013300, 3.999999999999981800 ) ) ;
#1359 = LINE ( 'NONE', #4460, #4892 ) ;
#1360 = CARTESIAN_POINT ( 'NONE',  ( -3.636698961060975700, 8.799999999999995400, 6.636698961060972100 ) ) ;
#1361 = ADVANCED_FACE ( 'NONE', ( #2013 ), #5411, .F. ) ;
#1362 = CARTESIAN_POINT ( 'NONE',  ( -8.586271053293986100, 0.0000000000000000000, 0.0000000000000000000 ) ) ;
#1363 = FACE_OUTER_BOUND ( 'NONE', #969, .T. ) ;
#1364 = DIRECTION ( 'NONE',  ( -1.971276677246371500E-016, -4.377113509970990200E-032, 1.000000000000000000 ) ) ;
#1365 = CYLINDRICAL_SURFACE ( 'NONE', #4192, 1.000000000000000000 ) ;
#1366 = CARTESIAN_POINT ( 'NONE',  ( 8.799999999999998900, -6.636698961060964100, 3.636698961060950400 ) ) ;
#1367 = CARTESIAN_POINT ( 'NONE',  ( 3.557481457854005800E-015, 0.0000000000000000000, 9.255216937736639300 ) ) ;
#1368 = ORIENTED_EDGE ( 'NONE', *, *, #4734, .T. ) ;
#1369 = CARTESIAN_POINT ( 'NONE',  ( -6.700411139573632500, 9.999999999999996400, -4.000000000000024000 ) ) ;
#1370 = CARTESIAN_POINT ( 'NONE',  ( -7.000000000000004400, 2.600000000000000100, -10.00000000000000000 ) ) ;
#1371 = CYLINDRICAL_SURFACE ( 'NONE', #1510, 0.2999999999999999300 ) ;
#1372 = CARTESIAN_POINT ( 'NONE',  ( 3.636698961060975200, -5.363301038939054500, -8.500000000000000000 ) ) ;
#1373 = DIRECTION ( 'NONE',  ( 0.0000000000000000000, 0.0000000000000000000, 1.000000000000000000 ) ) ;
#1374 = EDGE_CURVE ( 'NONE', #778, #4475, #1920, .T. ) ;
#1375 = CARTESIAN_POINT ( 'NONE',  ( 10.01561501126347100, 3.701229487637427000, 7.000818348063798000 ) ) ;
#1376 = CARTESIAN_POINT ( 'NONE',  ( 8.536879542768745300E-016, -8.560094104986090400, -6.970891157117670800 ) ) ;
#1377 = AXIS2_PLACEMENT_3D ( 'NONE', #3599, #4070, #1315 ) ;
#1378 = FACE_OUTER_BOUND ( 'NONE', #5395, .T. ) ;
#1379 = ORIENTED_EDGE ( 'NONE', *, *, #2911, .T. ) ;
#1380 = AXIS2_PLACEMENT_3D ( 'NONE', #590, #129, #3813 ) ;
#1381 = EDGE_CURVE ( 'NONE', #4420, #1814, #4452, .T. ) ;
#1382 = DIRECTION ( 'NONE',  ( 0.9972646886342373400, -0.05226442768871386600, 0.05226442768871403200 ) ) ;
#1383 = ORIENTED_EDGE ( 'NONE', *, *, #5594, .F. ) ;
#1384 = ORIENTED_EDGE ( 'NONE', *, *, #1795, .T. ) ;
#1385 = LINE ( 'NONE', #4991, #3680 ) ;
#1386 = EDGE_LOOP ( 'NONE', ( #1898, #5753, #4051, #3949, #229, #4191 ) ) ;
#1387 = DIRECTION ( 'NONE',  ( 0.0000000000000000000, 1.971276677246370500E-016, -1.000000000000000000 ) ) ;
#1388 = AXIS2_PLACEMENT_3D ( 'NONE', #4554, #1789, #5028 ) ;
#1389 = ADVANCED_FACE ( 'NONE', ( #4169 ), #2724, .F. ) ;
#1390 = ORIENTED_EDGE ( 'NONE', *, *, #545, .F. ) ;
#1391 = CARTESIAN_POINT ( 'NONE',  ( -0.3944475909018161400, 5.882630113703288400, 5.581887067214336400 ) ) ;
#1392 = ORIENTED_EDGE ( 'NONE', *, *, #5552, .T. ) ;
#1393 = ORIENTED_EDGE ( 'NONE', *, *, #2662, .F. ) ;
#1394 = CARTESIAN_POINT ( 'NONE',  ( -3.921388331075437600, 8.499999999999994700, 5.363301038939026100 ) ) ;
#1395 = EDGE_LOOP ( 'NONE', ( #1963, #4517, #4966, #2560, #2604, #1902, #5201, #1858, #4577, #2894 ) ) ;
#1396 = DIRECTION ( 'NONE',  ( -0.0000000000000000000, 1.000000000000000000, -0.0000000000000000000 ) ) ;
#1397 = ORIENTED_EDGE ( 'NONE', *, *, #981, .F. ) ;
#1398 = VECTOR ( 'NONE', #4743, 1000.000000000000100 ) ;
#1399 = VECTOR ( 'NONE', #5657, 1000.000000000000000 ) ;
#1400 = ORIENTED_EDGE ( 'NONE', *, *, #1338, .F. ) ;
#1401 = ORIENTED_EDGE ( 'NONE', *, *, #1145, .T. ) ;
#1402 = CARTESIAN_POINT ( 'NONE',  ( 5.027400441128723000, 3.051913810587221700, 4.726657394639771900 ) ) ;
#1403 = EDGE_CURVE ( 'NONE', #2928, #2122, #617, .T. ) ;
#1404 = DIRECTION ( 'NONE',  ( 0.9999992420943060200, -0.001231182688942653300, 0.0000000000000000000 ) ) ;
#1405 = LINE ( 'NONE', #3362, #3700 ) ;
#1406 = LINE ( 'NONE', #185, #4946 ) ;
#1407 = CARTESIAN_POINT ( 'NONE',  ( -4.999631151381270100, -3.700411366633713900, -10.00000000000000000 ) ) ;
#1408 = CARTESIAN_POINT ( 'NONE',  ( -3.149999999999999900, 6.500000000000005300, -6.500000000000000900 ) ) ;
#1409 = LINE ( 'NONE', #1630, #3704 ) ;
#1410 = CARTESIAN_POINT ( 'NONE',  ( -7.000000000000010700, 9.999999999999996400, 2.600000000000012100 ) ) ;
#1411 = EDGE_CURVE ( 'NONE', #5077, #3679, #2936, .T. ) ;
#1412 = VERTEX_POINT ( 'NONE', #5518 ) ;
#1413 = ADVANCED_FACE ( 'NONE', ( #489, #5254, #4017, #2809, #1568 ), #3661, .F. ) ;
#1414 = ORIENTED_EDGE ( 'NONE', *, *, #1381, .F. ) ;
#1415 = ORIENTED_EDGE ( 'NONE', *, *, #1795, .F. ) ;
#1416 = ORIENTED_EDGE ( 'NONE', *, *, #5680, .T. ) ;
#1417 = CARTESIAN_POINT ( 'NONE',  ( 5.871216820047927800, -5.570473773558990000, -0.5369457535107881000 ) ) ;
#1418 = VERTEX_POINT ( 'NONE', #1355 ) ;
#1419 = AXIS2_PLACEMENT_3D ( 'NONE', #2603, #5850, #3056 ) ;
#1420 = LINE ( 'NONE', #1897, #192 ) ;
#1421 = EDGE_CURVE ( 'NONE', #81, #949, #1712, .T. ) ;
#1422 = DIRECTION ( 'NONE',  ( 0.0000000000000000000, 0.0000000000000000000, 1.000000000000000000 ) ) ;
#1423 = CARTESIAN_POINT ( 'NONE',  ( 9.999999999999998200, -9.199999999999995700, 2.600000000000015600 ) ) ;
#1424 = ORIENTED_EDGE ( 'NONE', *, *, #1220, .F. ) ;
#1425 = CARTESIAN_POINT ( 'NONE',  ( -7.081354480167913600, 2.518645519832091000, -11.55233595624294400 ) ) ;
#1426 = VERTEX_POINT ( 'NONE', #1372 ) ;
#1427 = DIRECTION ( 'NONE',  ( -1.000000000000000000, 0.0000000000000000000, -0.0000000000000000000 ) ) ;
#1428 = CARTESIAN_POINT ( 'NONE',  ( -3.922206679139237400, -5.377382181287163800, -8.515615011263475900 ) ) ;
#1429 = LINE ( 'NONE', #1939, #4972 ) ;
#1430 = LINE ( 'NONE', #1581, #4974 ) ;
#1431 = DIRECTION ( 'NONE',  ( 0.0000000000000000000, 1.000000000000000000, -1.577021341797095800E-015 ) ) ;
#1432 = CARTESIAN_POINT ( 'NONE',  ( 4.516090472476082400, -4.215347425987146400, 3.744039431275174600 ) ) ;
#1433 = ORIENTED_EDGE ( 'NONE', *, *, #2866, .T. ) ;
#1434 = FACE_OUTER_BOUND ( 'NONE', #3521, .T. ) ;
#1435 = FACE_OUTER_BOUND ( 'NONE', #2394, .T. ) ;
#1436 = CARTESIAN_POINT ( 'NONE',  ( 3.876005637310969900, -5.000000000000028400, -10.00000000000000000 ) ) ;
#1437 = ORIENTED_EDGE ( 'NONE', *, *, #4822, .T. ) ;
#1438 = EDGE_CURVE ( 'NONE', #2608, #4090, #340, .T. ) ;
#1439 = DIRECTION ( 'NONE',  ( 0.0000000000000000000, -0.0000000000000000000, 1.000000000000000000 ) ) ;
#1440 = EDGE_CURVE ( 'NONE', #471, #5058, #1430, .T. ) ;
#1441 = EDGE_CURVE ( 'NONE', #4220, #4291, #5117, .T. ) ;
#1442 = VECTOR ( 'NONE', #1901, 1000.000000000000100 ) ;
#1443 = DIRECTION ( 'NONE',  ( 0.0000000000000000000, 2.891205793294679000E-015, -1.000000000000000000 ) ) ;
#1444 = DIRECTION ( 'NONE',  ( 1.000000000000000000, 0.0000000000000000000, 0.0000000000000000000 ) ) ;
#1445 = AXIS2_PLACEMENT_3D ( 'NONE', #125, #3343, #572 ) ;
#1446 = ORIENTED_EDGE ( 'NONE', *, *, #218, .T. ) ;
#1447 = VECTOR ( 'NONE', #3658, 1000.000000000000000 ) ;
#1448 = VECTOR ( 'NONE', #371, 1000.000000000000000 ) ;
#1449 =( NAMED_UNIT ( * ) SI_UNIT ( $, .STERADIAN. ) SOLID_ANGLE_UNIT ( ) );
#1450 = CARTESIAN_POINT ( 'NONE',  ( -3.636698961060972100, -6.936287821487383100, -8.784299213127116700 ) ) ;
#1451 = VERTEX_POINT ( 'NONE', #662 ) ;
#1452 = EDGE_CURVE ( 'NONE', #5721, #239, #62, .T. ) ;
#1453 = DIRECTION ( 'NONE',  ( -0.9972646886342372300, -0.05226442768871439300, 0.05226442768871384500 ) ) ;
#1454 =( BOUNDED_CURVE ( )  B_SPLINE_CURVE ( 3, ( #1609, #2084, #5314, #2548 ),
 .UNSPECIFIED., .F., .F. ) 
 B_SPLINE_CURVE_WITH_KNOTS ( ( 4, 4 ),
 ( 2.357564018062740600, 3.925621289116846000 ),
 .UNSPECIFIED. ) 
 CURVE ( )  GEOMETRIC_REPRESENTATION_ITEM ( )  RATIONAL_B_SPLINE_CURVE ( ( 1.000000000000000000, 0.8053830134673597400, 0.8053830134673597400, 1.000000000000000000 ) ) 
 REPRESENTATION_ITEM ( '' )  );
#1455 = ORIENTED_EDGE ( 'NONE', *, *, #5134, .T. ) ;
#1456 = ORIENTED_EDGE ( 'NONE', *, *, #2911, .F. ) ;
#1457 = DIRECTION ( 'NONE',  ( 1.971276677246370800E-016, 4.377113509970988500E-032, -1.000000000000000000 ) ) ;
#1458 = EDGE_LOOP ( 'NONE', ( #5794, #4180 ) ) ;
#1459 = CARTESIAN_POINT ( 'NONE',  ( -4.989700032127695200, 3.701222643295798900, -10.01561501126347400 ) ) ;
#1460 = DIRECTION ( 'NONE',  ( -0.001231182688944099000, -0.9999992420943060200, 0.0000000000000000000 ) ) ;
#1461 = CARTESIAN_POINT ( 'NONE',  ( 2.303470763997957700, -5.422934733351486800, 5.422934733351475200 ) ) ;
#1462 = CIRCLE ( 'NONE', #111, 0.2999999999999998200 ) ;
#1463 = ORIENTED_EDGE ( 'NONE', *, *, #3823, .T. ) ;
#1464 = CARTESIAN_POINT ( 'NONE',  ( -7.131019448207608100, -1.520015985077515700, -12.50000000000000000 ) ) ;
#1465 = CARTESIAN_POINT ( 'NONE',  ( 3.557481457854005000E-015, 0.0000000000000000000, -7.500000000000000000 ) ) ;
#1466 = ORIENTED_EDGE ( 'NONE', *, *, #1081, .F. ) ;
#1467 = FACE_OUTER_BOUND ( 'NONE', #832, .T. ) ;
#1468 = LINE ( 'NONE', #1860, #4869 ) ;
#1469 = FACE_OUTER_BOUND ( 'NONE', #4564, .T. ) ;
#1470 = DIRECTION ( 'NONE',  ( 0.0000000000000000000, 0.0000000000000000000, 1.000000000000000000 ) ) ;
#1471 = VERTEX_POINT ( 'NONE', #4356 ) ;
#1472 = CARTESIAN_POINT ( 'NONE',  ( -10.00000000000000500, 10.00000000000000500, 10.00000000000000000 ) ) ;
#1473 = CARTESIAN_POINT ( 'NONE',  ( -2.719118926237830800, -5.220385736878201400, 5.220385736878194300 ) ) ;
#1474 = ORIENTED_EDGE ( 'NONE', *, *, #4546, .T. ) ;
#1475 = CYLINDRICAL_SURFACE ( 'NONE', #2434, 0.3000000000000003800 ) ;
#1476 = TOROIDAL_SURFACE ( 'NONE', #653, 6.970891157117690400, 1.000000000000000000 ) ;
#1477 = DIRECTION ( 'NONE',  ( 1.000000000000000000, 2.220446049250313100E-016, 1.084202172485504400E-016 ) ) ;
#1478 = ORIENTED_EDGE ( 'NONE', *, *, #2234, .F. ) ;
#1479 = EDGE_CURVE ( 'NONE', #4394, #5234, #1293, .T. ) ;
#1480 = DIRECTION ( 'NONE',  ( 0.9986295347545739400, 0.0000000000000000000, 0.05233595624294395300 ) ) ;
#1481 = CARTESIAN_POINT ( 'NONE',  ( 9.999999999999996400, 4.000000000000000900, 5.000000000000000900 ) ) ;
#1482 = EDGE_LOOP ( 'NONE', ( #280, #4315, #1725, #5709, #3452, #3033, #1662, #297, #3459, #2937, #3952, #110 ) ) ;
#1483 = DIRECTION ( 'NONE',  ( 2.220446049250313100E-016, -1.000000000000000000, 0.0000000000000000000 ) ) ;
#1484 = CARTESIAN_POINT ( 'NONE',  ( 0.8352982495935802300, 5.835555580739159300, 5.534812534250205500 ) ) ;
#1485 = AXIS2_PLACEMENT_3D ( 'NONE', #2888, #133, #3349 ) ;
#1486 = DIRECTION ( 'NONE',  ( 0.0000000000000000000, 0.0000000000000000000, -1.000000000000000000 ) ) ;
#1487 = AXIS2_PLACEMENT_3D ( 'NONE', #1367, #4597, #1830 ) ;
#1488 = EDGE_CURVE ( 'NONE', #2749, #5087, #202, .T. ) ;
#1489 = FACE_BOUND ( 'NONE', #687, .T. ) ;
#1490 = LINE ( 'NONE', #353, #3779 ) ;
#1491 = DIRECTION ( 'NONE',  ( 1.000000000000000000, 0.0000000000000000000, 0.0000000000000000000 ) ) ;
#1492 = DIRECTION ( 'NONE',  ( -0.05233595624294414700, 0.0000000000000000000, -0.9986295347545737200 ) ) ;
#1493 = AXIS2_PLACEMENT_3D ( 'NONE', #3613, #5966, #4082 ) ;
#1494 = CYLINDRICAL_SURFACE ( 'NONE', #2123, 0.2999999999999999300 ) ;
#1495 = DIRECTION ( 'NONE',  ( 0.05233595624294414700, 0.0000000000000000000, -0.9986295347545737200 ) ) ;
#1496 = DIRECTION ( 'NONE',  ( -1.000000000000000000, 0.0000000000000000000, 0.0000000000000000000 ) ) ;
#1497 = DIRECTION ( 'NONE',  ( 0.0000000000000000000, -0.9986295347545739400, -0.05233595624294395300 ) ) ;
#1498 = CARTESIAN_POINT ( 'NONE',  ( 11.55233595624294400, -9.118645519832085700, 2.518645519832106100 ) ) ;
#1499 = CARTESIAN_POINT ( 'NONE',  ( 5.548947496498202600, 0.7876565179618854100, -5.548947496498204400 ) ) ;
#1500 = VECTOR ( 'NONE', #5712, 1000.000000000000000 ) ;
#1501 = CARTESIAN_POINT ( 'NONE',  ( -3.149999999999999900, 10.00000000000000500, -6.500000000000000900 ) ) ;
#1502 = ORIENTED_EDGE ( 'NONE', *, *, #2582, .T. ) ;
#1503 = CARTESIAN_POINT ( 'NONE',  ( -8.586271053293986100, 0.0000000000000000000, 5.971233832142132800 ) ) ;
#1504 = EDGE_CURVE ( 'NONE', #2751, #4009, #3589, .T. ) ;
#1505 = LINE ( 'NONE', #306, #2746 ) ;
#1506 = DIRECTION ( 'NONE',  ( 0.0000000000000000000, 1.000000000000000000, 3.469446951953614600E-015 ) ) ;
#1507 = ORIENTED_EDGE ( 'NONE', *, *, #2146, .F. ) ;
#1508 = CARTESIAN_POINT ( 'NONE',  ( -7.000000000000015100, 9.999999999999996400, 3.700411139573604600 ) ) ;
#1509 = ORIENTED_EDGE ( 'NONE', *, *, #4097, .T. ) ;
#1510 = AXIS2_PLACEMENT_3D ( 'NONE', #4795, #5730, #195 ) ;
#1511 = ORIENTED_EDGE ( 'NONE', *, *, #5788, .F. ) ;
#1512 = FACE_OUTER_BOUND ( 'NONE', #2435, .T. ) ;
#1513 = CARTESIAN_POINT ( 'NONE',  ( 8.799999999999997200, -3.636698961060974300, 6.636698961060972100 ) ) ;
#1514 = ORIENTED_EDGE ( 'NONE', *, *, #4542, .T. ) ;
#1515 = CARTESIAN_POINT ( 'NONE',  ( -5.000000000000016000, 10.00000000000000700, 3.876005637310950800 ) ) ;
#1516 = EDGE_CURVE ( 'NONE', #5968, #4357, #2382, .T. ) ;
#1517 = EDGE_CURVE ( 'NONE', #3179, #5498, #5929, .T. ) ;
#1518 = VERTEX_POINT ( 'NONE', #3434 ) ;
#1519 = CARTESIAN_POINT ( 'NONE',  ( -3.636698961060974800, -6.636698961061011200, -8.800000000000000700 ) ) ;
#1520 = DIRECTION ( 'NONE',  ( 1.000000000000000000, 0.0000000000000000000, 2.895173527994269700E-015 ) ) ;
#1521 = ORIENTED_EDGE ( 'NONE', *, *, #6009, .F. ) ;
#1522 = ORIENTED_EDGE ( 'NONE', *, *, #4302, .F. ) ;
#1523 = VERTEX_POINT ( 'NONE', #2095 ) ;
#1524 = CARTESIAN_POINT ( 'NONE',  ( 12.11331652343349100, -7.110754225915308700, -2.489245774084679800 ) ) ;
#1525 = EDGE_CURVE ( 'NONE', #48, #3077, #4539, .T. ) ;
#1526 = DIRECTION ( 'NONE',  ( -0.05220004101858877200, 0.05232873513582473500, 0.9972646886342372300 ) ) ;
#1527 = ORIENTED_EDGE ( 'NONE', *, *, #5592, .F. ) ;
#1528 = CARTESIAN_POINT ( 'NONE',  ( 3.999999999999998200, 9.999999999999998200, 7.000000000000000900 ) ) ;
#1529 = CARTESIAN_POINT ( 'NONE',  ( 0.0000000000000000000, 7.500000000000007100, -5.549999999999998900 ) ) ;
#1530 = VECTOR ( 'NONE', #105, 1000.000000000000000 ) ;
#1531 = VECTOR ( 'NONE', #5637, 1000.000000000000000 ) ;
#1532 = CARTESIAN_POINT ( 'NONE',  ( 8.784299213127113100, -3.936287821487346200, 7.000000000000000000 ) ) ;
#1533 = CARTESIAN_POINT ( 'NONE',  ( 9.958345742648468500, 3.697405289075146800, 6.697405289075145000 ) ) ;
#1534 = CARTESIAN_POINT ( 'NONE',  ( 6.263470565197308400, 0.0000000000000000000, 9.255216937736639300 ) ) ;
#1535 = ORIENTED_EDGE ( 'NONE', *, *, #1018, .T. ) ;
#1536 = ORIENTED_EDGE ( 'NONE', *, *, #4297, .F. ) ;
#1537 = LINE ( 'NONE', #1985, #5090 ) ;
#1538 = CARTESIAN_POINT ( 'NONE',  ( 9.999999999999994700, 10.00000000000000500, 10.00000000000000000 ) ) ;
#1539 = CARTESIAN_POINT ( 'NONE',  ( 3.557481457854005800E-015, 0.0000000000000000000, 10.00000000000000200 ) ) ;
#1540 = CIRCLE ( 'NONE', #1487, 6.263470565197304800 ) ;
#1541 = CIRCLE ( 'NONE', #1599, 0.2999999999999998800 ) ;
#1542 = DIRECTION ( 'NONE',  ( -0.9996573249755574800, 0.0000000000000000000, 0.02617694830786646300 ) ) ;
#1543 = CARTESIAN_POINT ( 'NONE',  ( -0.1972774495371136200, -5.592085271610455000, -5.892828318099398100 ) ) ;
#1544 = ORIENTED_EDGE ( 'NONE', *, *, #4151, .T. ) ;
#1545 = DIRECTION ( 'NONE',  ( -1.000000000000000000, 0.0000000000000000000, -0.0000000000000000000 ) ) ;
#1546 = ORIENTED_EDGE ( 'NONE', *, *, #2065, .T. ) ;
#1547 = CARTESIAN_POINT ( 'NONE',  ( -3.622617818712865900, 8.515615011263470500, 5.077793320860763500 ) ) ;
#1548 = ORIENTED_EDGE ( 'NONE', *, *, #4969, .T. ) ;
#1549 = ORIENTED_EDGE ( 'NONE', *, *, #2417, .F. ) ;
#1550 = EDGE_CURVE ( 'NONE', #5983, #632, #994, .T. ) ;
#1551 = CARTESIAN_POINT ( 'NONE',  ( 9.999999999999998200, -7.000000000000012400, 3.700411139573604600 ) ) ;
#1552 = EDGE_CURVE ( 'NONE', #4291, #2945, #3442, .T. ) ;
#1553 = CARTESIAN_POINT ( 'NONE',  ( 1.520015985077600300, -9.199999999999990400, -12.50000000000000000 ) ) ;
#1554 = CIRCLE ( 'NONE', #3416, 5.550000000000001600 ) ;
#1555 = CARTESIAN_POINT ( 'NONE',  ( 3.636698961060972600, 8.499999999999996400, 5.078611668924563300 ) ) ;
#1556 = DIRECTION ( 'NONE',  ( 1.000000000000000000, 0.0000000000000000000, 0.0000000000000000000 ) ) ;
#1557 = DIRECTION ( 'NONE',  ( -0.9996573249755574800, 0.0000000000000000000, 0.02617694830786646300 ) ) ;
#1558 = AXIS2_PLACEMENT_3D ( 'NONE', #641, #1143, #4355 ) ;
#1559 = CARTESIAN_POINT ( 'NONE',  ( 11.55233595624294400, -9.199999999999994000, 2.518645519832106100 ) ) ;
#1560 = PRESENTATION_STYLE_ASSIGNMENT (( #4098 ) ) ;
#1561 = VERTEX_POINT ( 'NONE', #1618 ) ;
#1562 = EDGE_CURVE ( 'NONE', #375, #4009, #3848, .T. ) ;
#1563 = ORIENTED_EDGE ( 'NONE', *, *, #2955, .T. ) ;
#1564 = DIRECTION ( 'NONE',  ( 0.0000000000000000000, -1.000000000000000000, -1.156482317317871700E-015 ) ) ;
#1565 = CYLINDRICAL_SURFACE ( 'NONE', #4383, 2.599999999999999200 ) ;
#1566 = AXIS2_PLACEMENT_3D ( 'NONE', #2737, #3170, #5988 ) ;
#1567 = AXIS2_PLACEMENT_3D ( 'NONE', #5950, #3161, #400 ) ;
#1568 = FACE_BOUND ( 'NONE', #392, .T. ) ;
#1569 = DIRECTION ( 'NONE',  ( 2.905134055610226800E-016, 1.000000000000000000, 0.0000000000000000000 ) ) ;
#1570 = CARTESIAN_POINT ( 'NONE',  ( 7.499999999999996400, 0.0000000000000000000, 0.0000000000000000000 ) ) ;
#1571 = ORIENTED_EDGE ( 'NONE', *, *, #4264, .T. ) ;
#1572 = FACE_OUTER_BOUND ( 'NONE', #2165, .T. ) ;
#1573 = CARTESIAN_POINT ( 'NONE',  ( 6.499999999999995600, 10.00000000000000500, 3.149999999999999900 ) ) ;
#1574 = CARTESIAN_POINT ( 'NONE',  ( 9.999999999999998200, -5.000000000000013300, 3.999999999999981800 ) ) ;
#1575 = DIRECTION ( 'NONE',  ( 1.000000000000000000, 2.220446049250313100E-016, 3.469446951953614200E-015 ) ) ;
#1576 = SPHERICAL_SURFACE ( 'NONE', #4181, 0.2999999999999999900 ) ;
#1577 = ORIENTED_EDGE ( 'NONE', *, *, #3684, .F. ) ;
#1578 = DIRECTION ( 'NONE',  ( 0.7071067811865496800, 0.0000000000000000000, 0.7071067811865454600 ) ) ;
#1579 = ORIENTED_EDGE ( 'NONE', *, *, #2944, .T. ) ;
#1580 = DIRECTION ( 'NONE',  ( 0.0000000000000000000, 0.0000000000000000000, -1.000000000000000000 ) ) ;
#1581 = CARTESIAN_POINT ( 'NONE',  ( -4.000818348063800700, 10.01561501126346900, 5.298770512362574800 ) ) ;
#1582 = VECTOR ( 'NONE', #2806, 1000.000000000000000 ) ;
#1583 = EDGE_CURVE ( 'NONE', #1339, #1412, #3298, .T. ) ;
#1584 = LINE ( 'NONE', #2781, #1447 ) ;
#1585 = ADVANCED_FACE ( 'NONE', ( #5707 ), #3086, .F. ) ;
#1586 = CIRCLE ( 'NONE', #3860, 5.971233832142132800 ) ;
#1587 = DIRECTION ( 'NONE',  ( -9.912705577010328500E-016, 1.000000000000000000, 0.0000000000000000000 ) ) ;
#1588 = ORIENTED_EDGE ( 'NONE', *, *, #3895, .T. ) ;
#1589 = CARTESIAN_POINT ( 'NONE',  ( 8.784299213127114900, -5.063712178512665800, 3.636698961060955700 ) ) ;
#1590 = VERTEX_POINT ( 'NONE', #746 ) ;
#1591 = CARTESIAN_POINT ( 'NONE',  ( 3.557481457854005800E-015, 0.0000000000000000000, 9.255216937736639300 ) ) ;
#1592 = CARTESIAN_POINT ( 'NONE',  ( -10.00000000000000900, -9.999999999999994700, 10.00000000000000000 ) ) ;
#1593 = EDGE_CURVE ( 'NONE', #5258, #1418, #5567, .T. ) ;
#1594 = ORIENTED_EDGE ( 'NONE', *, *, #5919, .T. ) ;
#1595 = DIRECTION ( 'NONE',  ( 3.577867169202164600E-015, -2.168404344971001200E-016, -1.000000000000000000 ) ) ;
#1596 = CARTESIAN_POINT ( 'NONE',  ( 9.999999999999994700, 3.149999999999999900, -6.500000000000000900 ) ) ;
#1597 = CIRCLE ( 'NONE', #1775, 0.2999999999999998200 ) ;
#1598 = DIRECTION ( 'NONE',  ( 0.0000000000000000000, -0.05233595624294395300, 0.9986295347545739400 ) ) ;
#1599 = AXIS2_PLACEMENT_3D ( 'NONE', #4852, #2088, #5317 ) ;
#1600 = ORIENTED_EDGE ( 'NONE', *, *, #3561, .T. ) ;
#1601 = AXIS2_PLACEMENT_3D ( 'NONE', #1821, #6001, #3205 ) ;
#1602 = CARTESIAN_POINT ( 'NONE',  ( -5.466665863309923000, -2.199938131998711000, 5.466665863309931000 ) ) ;
#1603 = EDGE_CURVE ( 'NONE', #4324, #4404, #4312, .T. ) ;
#1604 = ORIENTED_EDGE ( 'NONE', *, *, #206, .T. ) ;
#1605 = FACE_OUTER_BOUND ( 'NONE', #5208, .T. ) ;
#1606 = VECTOR ( 'NONE', #5036, 1000.000000000000000 ) ;
#1607 = VECTOR ( 'NONE', #2007, 1000.000000000000000 ) ;
#1608 = VERTEX_POINT ( 'NONE', #2614 ) ;
#1609 = CARTESIAN_POINT ( 'NONE',  ( 9.999999999999996400, -3.700411139573626800, 5.000000000000000000 ) ) ;
#1610 = AXIS2_PLACEMENT_3D ( 'NONE', #759, #1470, #4704 ) ;
#1611 = VERTEX_POINT ( 'NONE', #5382 ) ;
#1612 = LINE ( 'NONE', #2739, #2985 ) ;
#1613 = EDGE_LOOP ( 'NONE', ( #2966, #191, #5158, #1935 ) ) ;
#1614 = CARTESIAN_POINT ( 'NONE',  ( 5.892828318099414100, -5.731101228534104100E-016, 5.592085271610462100 ) ) ;
#1615 = CARTESIAN_POINT ( 'NONE',  ( -5.363301038939040300, 8.799999999999997200, 3.636698961060955200 ) ) ;
#1616 = ADVANCED_FACE ( 'NONE', ( #2081 ), #4918, .T. ) ;
#1617 = CARTESIAN_POINT ( 'NONE',  ( 5.842205935909445800, -0.7855455459048381600, 5.541462889420495600 ) ) ;
#1618 = CARTESIAN_POINT ( 'NONE',  ( 8.784299213127113100, -3.936287821487346200, 5.363301038939026100 ) ) ;
#1619 = EDGE_LOOP ( 'NONE', ( #1050, #2187, #2151, #2019 ) ) ;
#1620 = DIRECTION ( 'NONE',  ( 1.000000000000000000, 0.0000000000000000000, 0.0000000000000000000 ) ) ;
#1621 = CARTESIAN_POINT ( 'NONE',  ( 2.518645519832088700, 11.55233595624294200, 9.118645519832091000 ) ) ;
#1622 = CYLINDRICAL_SURFACE ( 'NONE', #2671, 2.600000000000001000 ) ;
#1623 = LINE ( 'NONE', #328, #5324 ) ;
#1624 = DIRECTION ( 'NONE',  ( -1.232595164407830900E-032, -1.000000000000000000, 1.577021341797097600E-015 ) ) ;
#1625 = EDGE_CURVE ( 'NONE', #3744, #2169, #3238, .T. ) ;
#1626 = EDGE_CURVE ( 'NONE', #1850, #1233, #623, .T. ) ;
#1627 = EDGE_CURVE ( 'NONE', #2626, #1283, #5415, .T. ) ;
#1628 =( BOUNDED_CURVE ( )  B_SPLINE_CURVE ( 3, ( #3236, #1876, #2346, #5575 ),
 .UNSPECIFIED., .F., .F. ) 
 B_SPLINE_CURVE_WITH_KNOTS ( ( 4, 4 ),
 ( 2.357564018062737500, 3.925621289116850000 ),
 .UNSPECIFIED. ) 
 CURVE ( )  GEOMETRIC_REPRESENTATION_ITEM ( )  RATIONAL_B_SPLINE_CURVE ( ( 1.000000000000000000, 0.8053830134673580800, 0.8053830134673580800, 1.000000000000000000 ) ) 
 REPRESENTATION_ITEM ( '' )  );
#1629 = EDGE_LOOP ( 'NONE', ( #405, #4631, #190, #1235 ) ) ;
#1630 = CARTESIAN_POINT ( 'NONE',  ( -10.00000000000000900, 7.357988573335166800E-016, -6.008253627460656600 ) ) ;
#1631 = VECTOR ( 'NONE', #3881, 1000.000000000000000 ) ;
#1632 =( BOUNDED_CURVE ( )  B_SPLINE_CURVE ( 3, ( #1756, #4523, #2697, #5935 ),
 .UNSPECIFIED., .F., .T. ) 
 B_SPLINE_CURVE_WITH_KNOTS ( ( 4, 4 ),
 ( 5.499156671652525800, 7.067213942706643200 ),
 .UNSPECIFIED. ) 
 CURVE ( )  GEOMETRIC_REPRESENTATION_ITEM ( )  RATIONAL_B_SPLINE_CURVE ( ( 1.000000000000000000, 0.8053830134673569700, 0.8053830134673569700, 1.000000000000000000 ) ) 
 REPRESENTATION_ITEM ( '' )  );
#1633 = CARTESIAN_POINT ( 'NONE',  ( -5.653995989100434500, 1.722064665384412900, 5.653995989100444300 ) ) ;
#1634 = CARTESIAN_POINT ( 'NONE',  ( -5.363301038939040300, 8.799999999999997200, 3.636698961060955200 ) ) ;
#1635 = EDGE_CURVE ( 'NONE', #1354, #3382, #1882, .T. ) ;
#1636 = CYLINDRICAL_SURFACE ( 'NONE', #2954, 0.2999999999999998800 ) ;
#1637 = CARTESIAN_POINT ( 'NONE',  ( -6.627295549036005300, 3.638708248591241200, -8.800000000000000700 ) ) ;
#1638 = DIRECTION ( 'NONE',  ( 0.0000000000000000000, 0.0000000000000000000, -1.000000000000000000 ) ) ;
#1639 = VECTOR ( 'NONE', #580, 1000.000000000000100 ) ;
#1640 = CARTESIAN_POINT ( 'NONE',  ( -6.700411139573621000, 9.999999999999996400, 3.999999999999976000 ) ) ;
#1641 = AXIS2_PLACEMENT_3D ( 'NONE', #5883, #796, #4944 ) ;
#1642 = ORIENTED_EDGE ( 'NONE', *, *, #4223, .F. ) ;
#1643 = ADVANCED_FACE ( 'NONE', ( #4173 ), #493, .F. ) ;
#1644 = CARTESIAN_POINT ( 'NONE',  ( 4.134297480284598000, -3.833554433795663700, -4.134297480284603300 ) ) ;
#1645 = CARTESIAN_POINT ( 'NONE',  ( 6.499999999999995600, 10.00000000000000500, -3.149999999999999900 ) ) ;
#1646 = FACE_OUTER_BOUND ( 'NONE', #2422, .T. ) ;
#1647 = ORIENTED_EDGE ( 'NONE', *, *, #5365, .F. ) ;
#1648 = ORIENTED_EDGE ( 'NONE', *, *, #1337, .F. ) ;
#1649 = CARTESIAN_POINT ( 'NONE',  ( 4.550332077400884900, 4.550332077400891100, 3.328045475083613700 ) ) ;
#1650 = EDGE_LOOP ( 'NONE', ( #367, #5546, #552, #3686 ) ) ;
#1651 = CARTESIAN_POINT ( 'NONE',  ( 12.49999999999999600, 1.520015985077518800, 9.068980551792396500 ) ) ;
#1652 = VERTEX_POINT ( 'NONE', #349 ) ;
#1653 = LINE ( 'NONE', #3093, #5069 ) ;
#1654 = DIRECTION ( 'NONE',  ( -0.05233595624294390400, -0.9986295347545739400, 0.0000000000000000000 ) ) ;
#1655 = ORIENTED_EDGE ( 'NONE', *, *, #5674, .F. ) ;
#1656 = VERTEX_POINT ( 'NONE', #5897 ) ;
#1657 = CARTESIAN_POINT ( 'NONE',  ( -0.3734207397880221500, 5.599759547452976000, -5.599759547452975100 ) ) ;
#1658 = DIRECTION ( 'NONE',  ( -1.000000000000000000, 0.0000000000000000000, 0.0000000000000000000 ) ) ;
#1659 = ORIENTED_EDGE ( 'NONE', *, *, #1804, .F. ) ;
#1660 = CARTESIAN_POINT ( 'NONE',  ( 6.499999999999995600, -3.149999999999999900, -6.500000000000000900 ) ) ;
#1661 = ORIENTED_EDGE ( 'NONE', *, *, #3049, .T. ) ;
#1662 = ORIENTED_EDGE ( 'NONE', *, *, #1130, .T. ) ;
#1663 = EDGE_CURVE ( 'NONE', #5983, #1590, #5262, .T. ) ;
#1664 = ORIENTED_EDGE ( 'NONE', *, *, #1921, .F. ) ;
#1665 = DIRECTION ( 'NONE',  ( -1.000000000000000000, -8.673617379884035500E-015, 0.0000000000000000000 ) ) ;
#1666 = ADVANCED_FACE ( 'NONE', ( #2943 ), #1576, .F. ) ;
#1667 = CARTESIAN_POINT ( 'NONE',  ( 10.27103163466928500, -2.585795833911529200, 7.014204166088467800 ) ) ;
#1668 = ORIENTED_EDGE ( 'NONE', *, *, #917, .T. ) ;
#1669 = AXIS2_PLACEMENT_3D ( 'NONE', #2274, #5499, #2731 ) ;
#1670 =( BOUNDED_CURVE ( )  B_SPLINE_CURVE ( 3, ( #1910, #3269, #1436, #5135 ),
 .UNSPECIFIED., .F., .F. ) 
 B_SPLINE_CURVE_WITH_KNOTS ( ( 4, 4 ),
 ( 2.357564018062737500, 3.925621289116847400 ),
 .UNSPECIFIED. ) 
 CURVE ( )  GEOMETRIC_REPRESENTATION_ITEM ( )  RATIONAL_B_SPLINE_CURVE ( ( 1.000000000000000000, 0.8053830134673587400, 0.8053830134673587400, 1.000000000000000000 ) ) 
 REPRESENTATION_ITEM ( '' )  );
#1671 = AXIS2_PLACEMENT_3D ( 'NONE', #2923, #5224, #169 ) ;
#1672 = EDGE_CURVE ( 'NONE', #5058, #1967, #4200, .T. ) ;
#1673 = CYLINDRICAL_SURFACE ( 'NONE', #4343, 0.2999999999999999300 ) ;
#1674 = CARTESIAN_POINT ( 'NONE',  ( 5.532807476346162500, 5.532807476346167000, -0.8957156525483890300 ) ) ;
#1675 = DIRECTION ( 'NONE',  ( -0.05233595624294412600, 0.9986295347545739400, 0.0000000000000000000 ) ) ;
#1676 = CARTESIAN_POINT ( 'NONE',  ( -3.876005637310967700, -5.000000000000028400, -10.00000000000000000 ) ) ;
#1677 = ADVANCED_FACE ( 'NONE', ( #1435 ), #4058, .T. ) ;
#1678 = VECTOR ( 'NONE', #4232, 1000.000000000000000 ) ;
#1679 = DIRECTION ( 'NONE',  ( 0.0000000000000000000, 0.0000000000000000000, 1.000000000000000000 ) ) ;
#1680 = DIRECTION ( 'NONE',  ( -1.748771539839117700E-032, -0.0000000000000000000, -1.000000000000000000 ) ) ;
#1681 = ORIENTED_EDGE ( 'NONE', *, *, #2247, .F. ) ;
#1682 = ORIENTED_EDGE ( 'NONE', *, *, #4411, .F. ) ;
#1683 = CARTESIAN_POINT ( 'NONE',  ( 8.784299213127113100, 3.936287821487347100, 7.000000000000000900 ) ) ;
#1684 = DIRECTION ( 'NONE',  ( -0.0000000000000000000, 1.000000000000000000, 1.084202172485504600E-016 ) ) ;
#1685 = LINE ( 'NONE', #2880, #2628 ) ;
#1686 = AXIS2_PLACEMENT_3D ( 'NONE', #3128, #2703, #5942 ) ;
#1687 = DIRECTION ( 'NONE',  ( 1.000000000000000000, 0.0000000000000000000, 0.0000000000000000000 ) ) ;
#1688 = FACE_OUTER_BOUND ( 'NONE', #4941, .T. ) ;
#1689 = VECTOR ( 'NONE', #4333, 1000.000000000000000 ) ;
#1690 = CARTESIAN_POINT ( 'NONE',  ( 3.636698961060972600, 8.784299213127113100, 6.936287821487344900 ) ) ;
#1691 = ORIENTED_EDGE ( 'NONE', *, *, #1018, .F. ) ;
#1692 = EDGE_LOOP ( 'NONE', ( #5867, #1889, #5645, #2601 ) ) ;
#1693 = VERTEX_POINT ( 'NONE', #1307 ) ;
#1694 = ORIENTED_EDGE ( 'NONE', *, *, #3518, .T. ) ;
#1695 = DIRECTION ( 'NONE',  ( 0.0000000000000000000, -1.000000000000000000, 0.0000000000000000000 ) ) ;
#1696 = CARTESIAN_POINT ( 'NONE',  ( -5.363301038939014600, 8.799999999999995400, -3.636698961060993400 ) ) ;
#1697 = VECTOR ( 'NONE', #2783, 1000.000000000000000 ) ;
#1698 = ADVANCED_FACE ( 'NONE', ( #351 ), #2245, .F. ) ;
#1699 = CARTESIAN_POINT ( 'NONE',  ( -4.999999999999989300, 8.499999999999994700, -3.636698961060992100 ) ) ;
#1700 = CARTESIAN_POINT ( 'NONE',  ( 2.489245774084690500, 12.11331652343349000, 9.089245774084693300 ) ) ;
#1701 = CARTESIAN_POINT ( 'NONE',  ( 8.499999999999996400, 3.636698961060974800, 5.363301038939027000 ) ) ;
#1702 = EDGE_CURVE ( 'NONE', #4118, #2969, #213, .T. ) ;
#1703 = ORIENTED_EDGE ( 'NONE', *, *, #2355, .F. ) ;
#1704 = DIRECTION ( 'NONE',  ( 0.0000000000000000000, 1.000000000000000000, 0.0000000000000000000 ) ) ;
#1705 = LINE ( 'NONE', #4530, #5243 ) ;
#1706 = DIRECTION ( 'NONE',  ( 1.000000000000000000, 0.0000000000000000000, 0.0000000000000000000 ) ) ;
#1707 = ORIENTED_EDGE ( 'NONE', *, *, #3374, .T. ) ;
#1708 = ADVANCED_FACE ( 'NONE', ( #2673 ), #4984, .F. ) ;
#1709 = CARTESIAN_POINT ( 'NONE',  ( -4.712923154821664800, -3.057374726958267200, -5.013666201310627500 ) ) ;
#1710 = CIRCLE ( 'NONE', #3761, 1.499999999999999600 ) ;
#1711 = EDGE_CURVE ( 'NONE', #5656, #940, #2523, .T. ) ;
#1712 = LINE ( 'NONE', #2743, #2667 ) ;
#1713 = VERTEX_POINT ( 'NONE', #859 ) ;
#1714 = DIRECTION ( 'NONE',  ( 0.0000000000000000000, 0.0000000000000000000, -1.000000000000000000 ) ) ;
#1715 = AXIS2_PLACEMENT_3D ( 'NONE', #4655, #5139, #5610 ) ;
#1716 = DIRECTION ( 'NONE',  ( 1.000000000000000000, 0.0000000000000000000, 0.0000000000000000000 ) ) ;
#1717 = DIRECTION ( 'NONE',  ( 9.067872715333304600E-015, -1.000000000000000000, -0.0000000000000000000 ) ) ;
#1718 = DIRECTION ( 'NONE',  ( 0.0000000000000000000, 0.05233595624294414700, 0.9986295347545737200 ) ) ;
#1719 = CARTESIAN_POINT ( 'NONE',  ( -5.289739171854742800, 4.000362785373227800, -10.00000000000000000 ) ) ;
#1720 = EDGE_CURVE ( 'NONE', #2983, #5641, #4832, .T. ) ;
#1721 = VECTOR ( 'NONE', #3989, 1000.000000000000000 ) ;
#1722 = CARTESIAN_POINT ( 'NONE',  ( -5.243203702203806500, -5.243203702203820700, 2.676555931816950700 ) ) ;
#1723 = CARTESIAN_POINT ( 'NONE',  ( -6.636697720597543300, -3.997984924572107500, -8.800000000000000700 ) ) ;
#1724 = ORIENTED_EDGE ( 'NONE', *, *, #3260, .T. ) ;
#1725 = ORIENTED_EDGE ( 'NONE', *, *, #4223, .T. ) ;
#1726 = CARTESIAN_POINT ( 'NONE',  ( -5.500995114942845100, 1.038651493366043100, -5.801738161431809500 ) ) ;
#1727 = EDGE_LOOP ( 'NONE', ( #4923, #4446, #1173, #5412 ) ) ;
#1728 = CARTESIAN_POINT ( 'NONE',  ( 9.999999999999996400, 2.600000000000000500, 6.999999999999999100 ) ) ;
#1729 = ORIENTED_EDGE ( 'NONE', *, *, #3374, .F. ) ;
#1730 = VECTOR ( 'NONE', #962, 1000.000000000000000 ) ;
#1731 = DIRECTION ( 'NONE',  ( 3.205751595667324500E-018, -0.9996573249755575900, 0.02617694830786553000 ) ) ;
#1732 = ADVANCED_FACE ( 'NONE', ( #3735 ), #887, .T. ) ;
#1733 = CARTESIAN_POINT ( 'NONE',  ( -6.627295549036004400, 3.638708248591240800, -8.800000000000000700 ) ) ;
#1734 = ORIENTED_EDGE ( 'NONE', *, *, #4064, .F. ) ;
#1735 = FACE_OUTER_BOUND ( 'NONE', #5589, .T. ) ;
#1736 = CARTESIAN_POINT ( 'NONE',  ( 9.999999999999994700, 4.000000000000000900, 5.123994362689033200 ) ) ;
#1737 = DIRECTION ( 'NONE',  ( -2.891205793294687300E-015, -1.000000000000000000, -2.743651852917434800E-015 ) ) ;
#1738 = VERTEX_POINT ( 'NONE', #5033 ) ;
#1739 = DIRECTION ( 'NONE',  ( 3.430918906246286200E-015, -0.05233595624294395300, -0.9986295347545739400 ) ) ;
#1740 = ADVANCED_FACE ( 'NONE', ( #4027 ), #5993, .T. ) ;
#1741 = CARTESIAN_POINT ( 'NONE',  ( 3.557481457854005800E-015, 0.0000000000000000000, 8.574287104857957000 ) ) ;
#1742 = DIRECTION ( 'NONE',  ( 0.05233595624294395300, 1.574860088856867700E-015, 0.9986295347545739400 ) ) ;
#1743 = DIRECTION ( 'NONE',  ( 1.000000000000000000, 0.0000000000000000000, 0.0000000000000000000 ) ) ;
#1744 = CARTESIAN_POINT ( 'NONE',  ( -5.616875458473232100, -5.616875458473248100, -1.795907784545061700 ) ) ;
#1745 = DIRECTION ( 'NONE',  ( -0.0000000000000000000, 1.000000000000000000, -0.0000000000000000000 ) ) ;
#1746 = DIRECTION ( 'NONE',  ( 0.05233595624294395300, -1.574860088856869600E-015, -0.9986295347545739400 ) ) ;
#1747 = EDGE_LOOP ( 'NONE', ( #5686, #4497, #2214, #3196 ) ) ;
#1748 = DIRECTION ( 'NONE',  ( 0.001231182688944068800, 0.9999992420943060200, -1.442042198493793600E-015 ) ) ;
#1749 = CARTESIAN_POINT ( 'NONE',  ( -6.999629635569885300, -3.697949001255822500, -10.00000000000000000 ) ) ;
#1750 = EDGE_CURVE ( 'NONE', #940, #3017, #1151, .T. ) ;
#1751 = EDGE_CURVE ( 'NONE', #3218, #198, #707, .T. ) ;
#1752 = LINE ( 'NONE', #1660, #4054 ) ;
#1753 = EDGE_CURVE ( 'NONE', #3103, #5724, #5938, .T. ) ;
#1754 = ORIENTED_EDGE ( 'NONE', *, *, #4445, .F. ) ;
#1755 = DIRECTION ( 'NONE',  ( -0.0000000000000000000, 0.0000000000000000000, -1.000000000000000000 ) ) ;
#1756 = CARTESIAN_POINT ( 'NONE',  ( -4.000000000000000000, -6.700411139573665400, -10.00000000000000000 ) ) ;
#1757 = ORIENTED_EDGE ( 'NONE', *, *, #1374, .T. ) ;
#1758 = DIRECTION ( 'NONE',  ( -0.9999992420943060200, 0.001231182688946409600, 0.0000000000000000000 ) ) ;
#1759 = LINE ( 'NONE', #1667, #5295 ) ;
#1760 = CIRCLE ( 'NONE', #6018, 0.3000000000000003200 ) ;
#1761 = FACE_OUTER_BOUND ( 'NONE', #3241, .T. ) ;
#1762 = ORIENTED_EDGE ( 'NONE', *, *, #4615, .T. ) ;
#1763 = EDGE_CURVE ( 'NONE', #2613, #3391, #2393, .T. ) ;
#1764 = ORIENTED_EDGE ( 'NONE', *, *, #1583, .T. ) ;
#1765 = CARTESIAN_POINT ( 'NONE',  ( 0.0000000000000000000, 7.499999999999996400, 2.599999999999999200 ) ) ;
#1766 = FACE_OUTER_BOUND ( 'NONE', #2977, .T. ) ;
#1767 = DIRECTION ( 'NONE',  ( 1.000000000000000000, 0.0000000000000000000, 0.0000000000000000000 ) ) ;
#1768 = CARTESIAN_POINT ( 'NONE',  ( 2.599999999999998300, 9.999999999999996400, 9.199999999999999300 ) ) ;
#1769 = DIRECTION ( 'NONE',  ( -0.9986295347545739400, 0.05233595624294377900, 0.0000000000000000000 ) ) ;
#1770 = ADVANCED_FACE ( 'NONE', ( #3450 ), #5896, .F. ) ;
#1771 = CARTESIAN_POINT ( 'NONE',  ( -5.311168116642349400, 3.679765849761244700, -9.614344052491301100 ) ) ;
#1772 = CARTESIAN_POINT ( 'NONE',  ( -3.636698961060975200, -5.363301038939054500, -8.800000000000000700 ) ) ;
#1773 = CARTESIAN_POINT ( 'NONE',  ( 4.536178358842151100, -3.347301895116290300, -4.536178358842158300 ) ) ;
#1774 = ORIENTED_EDGE ( 'NONE', *, *, #771, .T. ) ;
#1775 = AXIS2_PLACEMENT_3D ( 'NONE', #4514, #1748, #4990 ) ;
#1776 = CARTESIAN_POINT ( 'NONE',  ( -5.362853473641110600, -3.636251946458865600, -8.800000000000000700 ) ) ;
#1777 = DIRECTION ( 'NONE',  ( 0.9986295347545739400, 0.05233595624294412600, 0.0000000000000000000 ) ) ;
#1778 = ORIENTED_EDGE ( 'NONE', *, *, #3978, .F. ) ;
#1779 = VERTEX_POINT ( 'NONE', #4041 ) ;
#1780 = CARTESIAN_POINT ( 'NONE',  ( 10.03131579813635600, -6.701229487637429600, -3.701229487637450500 ) ) ;
#1781 = VERTEX_POINT ( 'NONE', #1286 ) ;
#1782 = ORIENTED_EDGE ( 'NONE', *, *, #1340, .F. ) ;
#1783 = ADVANCED_FACE ( 'NONE', ( #4549 ), #813, .T. ) ;
#1784 = CARTESIAN_POINT ( 'NONE',  ( -4.894943564135250100, 5.195686610624211900, -2.767389377278664400 ) ) ;
#1785 = VECTOR ( 'NONE', #3857, 1000.000000000000000 ) ;
#1786 = DIRECTION ( 'NONE',  ( 1.000000000000000000, 0.0000000000000000000, -0.0000000000000000000 ) ) ;
#1787 = FACE_BOUND ( 'NONE', #2883, .T. ) ;
#1788 = LINE ( 'NONE', #1683, #686 ) ;
#1789 = DIRECTION ( 'NONE',  ( 3.497543079678235300E-032, -0.0000000000000000000, 1.000000000000000000 ) ) ;
#1790 = ORIENTED_EDGE ( 'NONE', *, *, #3932, .F. ) ;
#1791 = CARTESIAN_POINT ( 'NONE',  ( 8.799999999999998900, -6.636698961060964100, 3.636698961060950800 ) ) ;
#1792 = DIRECTION ( 'NONE',  ( 1.000000000000000000, 0.0000000000000000000, 0.0000000000000000000 ) ) ;
#1793 = LINE ( 'NONE', #4814, #4093 ) ;
#1794 = DIRECTION ( 'NONE',  ( -1.000000000000000000, -1.224646799147353500E-016, 0.0000000000000000000 ) ) ;
#1795 = EDGE_CURVE ( 'NONE', #5777, #5932, #1003, .T. ) ;
#1796 = DIRECTION ( 'NONE',  ( -0.05226442768871401200, 0.05226442768871357400, 0.9972646886342373400 ) ) ;
#1797 = CARTESIAN_POINT ( 'NONE',  ( -6.701229487637419000, 10.03131579813635600, 3.701229487637402600 ) ) ;
#1798 = CIRCLE ( 'NONE', #1419, 0.3000000000000003800 ) ;
#1799 = AXIS2_PLACEMENT_3D ( 'NONE', #156, #3366, #595 ) ;
#1800 = CARTESIAN_POINT ( 'NONE',  ( -5.078542443406622200, 5.379285489895582200, 2.380473717347673500 ) ) ;
#1801 = ADVANCED_FACE ( 'NONE', ( #5782 ), #5448, .F. ) ;
#1802 = LINE ( 'NONE', #5653, #4244 ) ;
#1803 = AXIS2_PLACEMENT_3D ( 'NONE', #1528, #3377, #605 ) ;
#1804 = EDGE_CURVE ( 'NONE', #5242, #896, #862, .T. ) ;
#1805 = DIRECTION ( 'NONE',  ( -0.05226442768871380300, -0.9972646886342372300, -0.05226442768871420600 ) ) ;
#1806 = ORIENTED_EDGE ( 'NONE', *, *, #4022, .T. ) ;
#1807 = DIRECTION ( 'NONE',  ( 1.734723475976807100E-015, 0.0000000000000000000, 1.000000000000000000 ) ) ;
#1808 =( NAMED_UNIT ( * ) SI_UNIT ( $, .STERADIAN. ) SOLID_ANGLE_UNIT ( ) );
#1809 = AXIS2_PLACEMENT_3D ( 'NONE', #1366, #2305, #6011 ) ;
#1810 = CYLINDRICAL_SURFACE ( 'NONE', #2190, 0.2999999999999999300 ) ;
#1811 = AXIS2_PLACEMENT_3D ( 'NONE', #1615, #4857, #2093 ) ;
#1812 = ADVANCED_FACE ( 'NONE', ( #2091 ), #4508, .T. ) ;
#1813 = DIRECTION ( 'NONE',  ( -1.000000000000000000, 0.0000000000000000000, -0.0000000000000000000 ) ) ;
#1814 = VERTEX_POINT ( 'NONE', #5004 ) ;
#1815 = DIRECTION ( 'NONE',  ( -1.000000000000000000, 0.0000000000000000000, 0.0000000000000000000 ) ) ;
#1816 = CARTESIAN_POINT ( 'NONE',  ( 9.999999999999994700, 10.00000000000000500, 10.00000000000000000 ) ) ;
#1817 = CARTESIAN_POINT ( 'NONE',  ( -9.200000000000004600, -2.600000000000000100, -10.00000000000000000 ) ) ;
#1818 = EDGE_LOOP ( 'NONE', ( #2705, #1010, #99, #2878 ) ) ;
#1819 = ORIENTED_EDGE ( 'NONE', *, *, #1052, .T. ) ;
#1820 = LINE ( 'NONE', #4444, #5349 ) ;
#1821 = CARTESIAN_POINT ( 'NONE',  ( 9.999999999999998200, -6.999999999999992000, 2.600000000000012100 ) ) ;
#1822 = ORIENTED_EDGE ( 'NONE', *, *, #620, .T. ) ;
#1823 = DIRECTION ( 'NONE',  ( -1.000000000000000000, 0.0000000000000000000, 0.0000000000000000000 ) ) ;
#1824 = ORIENTED_EDGE ( 'NONE', *, *, #3788, .F. ) ;
#1825 = ORIENTED_EDGE ( 'NONE', *, *, #2278, .F. ) ;
#1826 = ORIENTED_EDGE ( 'NONE', *, *, #5196, .T. ) ;
#1827 = EDGE_LOOP ( 'NONE', ( #5548, #3805, #5877, #5205 ) ) ;
#1828 = CARTESIAN_POINT ( 'NONE',  ( 8.499999999999998200, -5.363301038939038500, 3.636698961060955200 ) ) ;
#1829 = EDGE_CURVE ( 'NONE', #5980, #3498, #4387, .T. ) ;
#1830 = DIRECTION ( 'NONE',  ( 1.000000000000000000, 0.0000000000000000000, 0.0000000000000000000 ) ) ;
#1831 = ORIENTED_EDGE ( 'NONE', *, *, #2285, .T. ) ;
#1832 = CARTESIAN_POINT ( 'NONE',  ( 3.876005637310969000, -6.999999999999969800, -9.999999999999996400 ) ) ;
#1833 = CARTESIAN_POINT ( 'NONE',  ( 8.515615011263472300, 3.622617818712865000, 5.077793320860764400 ) ) ;
#1834 =( BOUNDED_CURVE ( )  B_SPLINE_CURVE ( 3, ( #5207, #1984, #148, #3361 ),
 .UNSPECIFIED., .F., .T. ) 
 B_SPLINE_CURVE_WITH_KNOTS ( ( 4, 4 ),
 ( 4.764748857944519900, 6.283185307179586200 ),
 .UNSPECIFIED. ) 
 CURVE ( )  GEOMETRIC_REPRESENTATION_ITEM ( )  RATIONAL_B_SPLINE_CURVE ( ( 1.000000000000000000, 0.8169162473415251300, 0.8169162473415251300, 1.000000000000000000 ) ) 
 REPRESENTATION_ITEM ( '' )  );
#1835 = CARTESIAN_POINT ( 'NONE',  ( 9.999999999999996400, 4.000000000000000900, 5.000000000000000900 ) ) ;
#1836 = CYLINDRICAL_SURFACE ( 'NONE', #3728, 0.2999999999999999300 ) ;
#1837 = AXIS2_PLACEMENT_3D ( 'NONE', #640, #4815, #3407 ) ;
#1838 = FACE_OUTER_BOUND ( 'NONE', #2354, .T. ) ;
#1839 = FACE_OUTER_BOUND ( 'NONE', #600, .T. ) ;
#1840 = PLANE ( 'NONE',  #2241 ) ;
#1841 = DIRECTION ( 'NONE',  ( 1.224646799147353500E-016, 0.0000000000000000000, -1.000000000000000000 ) ) ;
#1842 =( BOUNDED_CURVE ( )  B_SPLINE_CURVE ( 3, ( #4783, #4305, #167, #2020 ),
 .UNSPECIFIED., .F., .F. ) 
 B_SPLINE_CURVE_WITH_KNOTS ( ( 4, 4 ),
 ( 4.764748857944525200, 6.283185307179592400 ),
 .UNSPECIFIED. ) 
 CURVE ( )  GEOMETRIC_REPRESENTATION_ITEM ( )  RATIONAL_B_SPLINE_CURVE ( ( 1.000000000000000000, 0.8169162473415250100, 0.8169162473415250100, 1.000000000000000000 ) ) 
 REPRESENTATION_ITEM ( '' )  );
#1843 = EDGE_CURVE ( 'NONE', #4645, #1239, #5634, .T. ) ;
#1844 = ORIENTED_EDGE ( 'NONE', *, *, #1421, .T. ) ;
#1845 = ORIENTED_EDGE ( 'NONE', *, *, #981, .T. ) ;
#1846 = EDGE_CURVE ( 'NONE', #4291, #3615, #3594, .T. ) ;
#1847 = LINE ( 'NONE', #2437, #5219 ) ;
#1848 = ADVANCED_FACE ( 'NONE', ( #4495 ), #3175, .F. ) ;
#1849 = CARTESIAN_POINT ( 'NONE',  ( 8.799999999999998900, -6.636698961060963200, 3.999999999999984500 ) ) ;
#1850 = VERTEX_POINT ( 'NONE', #5971 ) ;
#1851 = EDGE_CURVE ( 'NONE', #2496, #3103, #4370, .T. ) ;
#1852 = DIRECTION ( 'NONE',  ( 1.000000000000000000, 0.0000000000000000000, 0.0000000000000000000 ) ) ;
#1853 = CARTESIAN_POINT ( 'NONE',  ( 0.4161882095179277900, -5.592085271610455000, -5.892828318099399000 ) ) ;
#1854 = DIRECTION ( 'NONE',  ( 3.497543079678235300E-032, -0.0000000000000000000, 1.000000000000000000 ) ) ;
#1855 = CARTESIAN_POINT ( 'NONE',  ( 2.269587920931850900E-016, 5.892828318099410500, 5.592085271610458500 ) ) ;
#1856 = ORIENTED_EDGE ( 'NONE', *, *, #1552, .F. ) ;
#1857 = DIRECTION ( 'NONE',  ( 1.515216750768387900E-016, -1.000000000000000000, -2.891205793294680200E-015 ) ) ;
#1858 = ORIENTED_EDGE ( 'NONE', *, *, #4298, .F. ) ;
#1859 = ORIENTED_EDGE ( 'NONE', *, *, #4975, .T. ) ;
#1860 = CARTESIAN_POINT ( 'NONE',  ( 9.999999999999994700, 3.149999999999999900, -10.00000000000000000 ) ) ;
#1861 = VERTEX_POINT ( 'NONE', #427 ) ;
#1862 = PLANE ( 'NONE',  #2850 ) ;
#1863 = VECTOR ( 'NONE', #4605, 1000.000000000000000 ) ;
#1864 = DIRECTION ( 'NONE',  ( -0.05232873513582486000, -0.05220004101858887600, -0.9972646886342374500 ) ) ;
#1865 = FACE_BOUND ( 'NONE', #3750, .T. ) ;
#1866 = CARTESIAN_POINT ( 'NONE',  ( -6.999999999999987600, 9.999999999999996400, -3.700411139573651200 ) ) ;
#1867 = CARTESIAN_POINT ( 'NONE',  ( -8.586271053293986100, 0.0000000000000000000, 0.0000000000000000000 ) ) ;
#1868 = ORIENTED_EDGE ( 'NONE', *, *, #1214, .F. ) ;
#1869 = LINE ( 'NONE', #5105, #2934 ) ;
#1870 = CARTESIAN_POINT ( 'NONE',  ( 4.378243589248501900, 3.899385302045739200, 4.077500542759553400 ) ) ;
#1871 = CARTESIAN_POINT ( 'NONE',  ( -3.499600903530742800E-016, -5.592085271610453200, -5.892828318099397200 ) ) ;
#1872 = ADVANCED_FACE ( 'NONE', ( #5276 ), #365, .F. ) ;
#1873 = CYLINDRICAL_SURFACE ( 'NONE', #3678, 0.2999999999999998800 ) ;
#1874 = CARTESIAN_POINT ( 'NONE',  ( 12.49999999999999600, 1.520015985077519000, 7.131019448207602800 ) ) ;
#1875 = PLANE ( 'NONE',  #482 ) ;
#1876 = CARTESIAN_POINT ( 'NONE',  ( -5.123994362689019000, 10.00000000000000500, -4.000000000000020400 ) ) ;
#1877 = ORIENTED_EDGE ( 'NONE', *, *, #696, .T. ) ;
#1878 = EDGE_CURVE ( 'NONE', #4468, #2609, #2860, .T. ) ;
#1879 = EDGE_CURVE ( 'NONE', #4645, #2642, #2826, .T. ) ;
#1880 = CARTESIAN_POINT ( 'NONE',  ( -5.298770512362588100, 10.03131579813635500, 3.701229487637407400 ) ) ;
#1881 = CARTESIAN_POINT ( 'NONE',  ( 8.799999999999998900, -5.363301038939037600, 3.636698961060955200 ) ) ;
#1882 = LINE ( 'NONE', #4012, #1721 ) ;
#1883 = ORIENTED_EDGE ( 'NONE', *, *, #5484, .F. ) ;
#1884 = ORIENTED_EDGE ( 'NONE', *, *, #4742, .T. ) ;
#1885 = EDGE_LOOP ( 'NONE', ( #2211, #323, #2638, #5902 ) ) ;
#1886 = EDGE_CURVE ( 'NONE', #3405, #2841, #4047, .T. ) ;
#1887 = CARTESIAN_POINT ( 'NONE',  ( 5.900680741074075400, -5.599937694585138500, 0.2719790190406274900 ) ) ;
#1888 = VERTEX_POINT ( 'NONE', #1369 ) ;
#1889 = ORIENTED_EDGE ( 'NONE', *, *, #5164, .F. ) ;
#1890 = FACE_OUTER_BOUND ( 'NONE', #5467, .T. ) ;
#1891 = ORIENTED_EDGE ( 'NONE', *, *, #2388, .T. ) ;
#1892 = CARTESIAN_POINT ( 'NONE',  ( 3.700411139573626300, 9.999999999999998200, 5.000000000000000900 ) ) ;
#1893 = AXIS2_PLACEMENT_3D ( 'NONE', #5528, #2750, #6007 ) ;
#1894 = AXIS2_PLACEMENT_3D ( 'NONE', #2706, #4062, #5452 ) ;
#1895 = ORIENTED_EDGE ( 'NONE', *, *, #4656, .T. ) ;
#1896 = VECTOR ( 'NONE', #811, 1000.000000000000000 ) ;
#1897 = CARTESIAN_POINT ( 'NONE',  ( -1.520015985077433300, -9.200000000000018800, -12.50000000000000000 ) ) ;
#1898 = ORIENTED_EDGE ( 'NONE', *, *, #5082, .F. ) ;
#1899 = CARTESIAN_POINT ( 'NONE',  ( 3.700411139573629000, -5.000000000000027500, -10.00000000000000000 ) ) ;
#1900 = DIRECTION ( 'NONE',  ( -0.0000000000000000000, 1.000000000000000000, -0.0000000000000000000 ) ) ;
#1901 = DIRECTION ( 'NONE',  ( 0.05226442768871405300, -0.05226442768871403200, 0.9972646886342373400 ) ) ;
#1902 = ORIENTED_EDGE ( 'NONE', *, *, #4850, .F. ) ;
#1903 = CARTESIAN_POINT ( 'NONE',  ( -5.363300763591127800, -3.999552710049961500, -8.500000000000000000 ) ) ;
#1904 = VECTOR ( 'NONE', #1232, 1000.000000000000000 ) ;
#1905 =( BOUNDED_CURVE ( )  B_SPLINE_CURVE ( 3, ( #4456, #1244, #5399, #2631 ),
 .UNSPECIFIED., .F., .F. ) 
 B_SPLINE_CURVE_WITH_KNOTS ( ( 4, 4 ),
 ( 1.623156204354728500, 3.141592653589795800 ),
 .UNSPECIFIED. ) 
 CURVE ( )  GEOMETRIC_REPRESENTATION_ITEM ( )  RATIONAL_B_SPLINE_CURVE ( ( 1.000000000000000000, 0.8169162473415250100, 0.8169162473415250100, 1.000000000000000000 ) ) 
 REPRESENTATION_ITEM ( '' )  );
#1906 = ORIENTED_EDGE ( 'NONE', *, *, #3300, .F. ) ;
#1907 = ORIENTED_EDGE ( 'NONE', *, *, #1254, .T. ) ;
#1908 = B_SPLINE_CURVE_WITH_KNOTS ( 'NONE', 3,
 ( #3540, #317, #4471, #1709, #4949, #2188, #5414, #2647, #5888, #3100, #336, #3559, #805, #4025 ),
 .UNSPECIFIED., .F., .F.,
 ( 4, 2, 2, 2, 2, 2, 4 ),
 ( 0.006150439726544247200, 0.007327347988143845900, 0.007915802118943646200, 0.008504256249743446400, 0.009681164511343048500, 0.01026961864214284700, 0.01085807277294264700 ),
 .UNSPECIFIED. ) ;
#1909 = EDGE_CURVE ( 'NONE', #106, #510, #1584, .T. ) ;
#1910 = CARTESIAN_POINT ( 'NONE',  ( 4.000000000000000900, -5.299588860426400300, -10.00000000000000000 ) ) ;
#1911 = CIRCLE ( 'NONE', #4158, 0.3000000000000003200 ) ;
#1912 = LINE ( 'NONE', #5476, #5455 ) ;
#1913 = FACE_OUTER_BOUND ( 'NONE', #4709, .T. ) ;
#1914 = CARTESIAN_POINT ( 'NONE',  ( 8.799999999999997200, -3.636698961060973900, 5.363301038939026100 ) ) ;
#1915 = ORIENTED_EDGE ( 'NONE', *, *, #3600, .F. ) ;
#1916 = AXIS2_PLACEMENT_3D ( 'NONE', #2291, #3198, #428 ) ;
#1917 = DIRECTION ( 'NONE',  ( 0.0000000000000000000, 0.0000000000000000000, 1.000000000000000000 ) ) ;
#1918 = CARTESIAN_POINT ( 'NONE',  ( 3.936287821487344500, 8.784299213127113100, 6.921388331075439400 ) ) ;
#1919 = AXIS2_PLACEMENT_3D ( 'NONE', #4184, #1427, #4660 ) ;
#1920 =( BOUNDED_CURVE ( )  B_SPLINE_CURVE ( 3, ( #3160, #5949, #863, #4087 ),
 .UNSPECIFIED., .F., .T. ) 
 B_SPLINE_CURVE_WITH_KNOTS ( ( 4, 4 ),
 ( 0.0000000000000000000, 1.518436449235060600 ),
 .UNSPECIFIED. ) 
 CURVE ( )  GEOMETRIC_REPRESENTATION_ITEM ( )  RATIONAL_B_SPLINE_CURVE ( ( 1.000000000000000000, 0.8169162473415264600, 0.8169162473415264600, 1.000000000000000000 ) ) 
 REPRESENTATION_ITEM ( '' )  );
#1921 = EDGE_CURVE ( 'NONE', #198, #1656, #1168, .T. ) ;
#1922 = ORIENTED_EDGE ( 'NONE', *, *, #1308, .T. ) ;
#1923 = APPLICATION_PROTOCOL_DEFINITION ( 'draft international standard', 'automotive_design', 1998, #2395 ) ;
#1924 = DIRECTION ( 'NONE',  ( -1.000000000000000000, 0.0000000000000000000, 0.0000000000000000000 ) ) ;
#1925 = ORIENTED_EDGE ( 'NONE', *, *, #61, .F. ) ;
#1926 = EDGE_LOOP ( 'NONE', ( #3633, #1170, #5522, #2987 ) ) ;
#1927 = EDGE_LOOP ( 'NONE', ( #866, #3089, #5421, #945 ) ) ;
#1928 = CARTESIAN_POINT ( 'NONE',  ( -10.00000000000000500, 10.00000000000000500, 8.500000000000000000 ) ) ;
#1929 = EDGE_LOOP ( 'NONE', ( #1527, #851, #3499, #920 ) ) ;
#1930 = FACE_OUTER_BOUND ( 'NONE', #5217, .T. ) ;
#1931 = EDGE_CURVE ( 'NONE', #3315, #2791, #5136, .T. ) ;
#1932 = VECTOR ( 'NONE', #2493, 1000.000000000000000 ) ;
#1933 = CIRCLE ( 'NONE', #35, 7.035495700303526300 ) ;
#1934 = CARTESIAN_POINT ( 'NONE',  ( 12.49999999999999600, -2.599999999999999200, 9.199999999999999300 ) ) ;
#1935 = ORIENTED_EDGE ( 'NONE', *, *, #5860, .F. ) ;
#1936 = CARTESIAN_POINT ( 'NONE',  ( 1.718116977055089300, -5.642069423892953800, 5.642069423892944100 ) ) ;
#1937 = PRODUCT_DEFINITION ( 'UNKNOWN', '', #2255, #3921 ) ;
#1938 = ORIENTED_EDGE ( 'NONE', *, *, #3524, .F. ) ;
#1939 = CARTESIAN_POINT ( 'NONE',  ( -5.000000000000016000, 9.999999999999996400, 3.999999999999981800 ) ) ;
#1940 = DIRECTION ( 'NONE',  ( -0.0000000000000000000, 1.000000000000000000, -0.0000000000000000000 ) ) ;
#1941 = DIRECTION ( 'NONE',  ( 1.000000000000000000, 0.0000000000000000000, 0.0000000000000000000 ) ) ;
#1942 = LINE ( 'NONE', #3820, #691 ) ;
#1943 = PRODUCT_CONTEXT ( 'NONE', #2395, 'mechanical' ) ;
#1944 = CARTESIAN_POINT ( 'NONE',  ( -3.197994606872777800, -4.932286268373109900, 4.932286268373104600 ) ) ;
#1945 = VECTOR ( 'NONE', #1624, 1000.000000000000000 ) ;
#1946 = FACE_OUTER_BOUND ( 'NONE', #5526, .T. ) ;
#1947 = VECTOR ( 'NONE', #4557, 1000.000000000000000 ) ;
#1948 = CARTESIAN_POINT ( 'NONE',  ( 2.599999999999998300, 9.999999999999996400, 9.199999999999999300 ) ) ;
#1949 = ORIENTED_EDGE ( 'NONE', *, *, #4968, .T. ) ;
#1950 = PLANE ( 'NONE',  #3569 ) ;
#1951 = EDGE_CURVE ( 'NONE', #4060, #543, #2685, .T. ) ;
#1952 = CARTESIAN_POINT ( 'NONE',  ( 12.50000000000000000, -9.068980551792392900, 2.081766411704376800 ) ) ;
#1953 = CARTESIAN_POINT ( 'NONE',  ( 1.636448933278350100, 5.669673598682201100, 5.368930552193249100 ) ) ;
#1954 = EDGE_CURVE ( 'NONE', #3419, #393, #3743, .T. ) ;
#1955 = EDGE_CURVE ( 'NONE', #3692, #1738, #5266, .T. ) ;
#1956 = VECTOR ( 'NONE', #5838, 1000.000000000000000 ) ;
#1957 = CARTESIAN_POINT ( 'NONE',  ( 9.999999999999994700, 10.00000000000000500, -10.00000000000000000 ) ) ;
#1958 = VERTEX_POINT ( 'NONE', #1991 ) ;
#1959 = EDGE_LOOP ( 'NONE', ( #5582, #5870, #4608, #4642 ) ) ;
#1960 = EDGE_LOOP ( 'NONE', ( #3699, #116, #3352 ) ) ;
#1961 = FACE_OUTER_BOUND ( 'NONE', #3928, .T. ) ;
#1962 = CARTESIAN_POINT ( 'NONE',  ( -9.200000000000004600, 2.600000000000000100, -10.00000000000000000 ) ) ;
#1963 = ORIENTED_EDGE ( 'NONE', *, *, #3323, .T. ) ;
#1964 = EDGE_CURVE ( 'NONE', #3355, #3711, #223, .T. ) ;
#1965 = CARTESIAN_POINT ( 'NONE',  ( 8.784299213127113100, -5.363301038939011000, -3.936287821487366200 ) ) ;
#1966 = VERTEX_POINT ( 'NONE', #5671 ) ;
#1967 = VERTEX_POINT ( 'NONE', #3817 ) ;
#1968 = VERTEX_POINT ( 'NONE', #5211 ) ;
#1969 = AXIS2_PLACEMENT_3D ( 'NONE', #5342, #727, #3946 ) ;
#1970 = CARTESIAN_POINT ( 'NONE',  ( -5.363301038939013700, 8.784299213127111400, -3.936287821487366200 ) ) ;
#1971 = CARTESIAN_POINT ( 'NONE',  ( -1.520015985077517900, 12.49999999999999600, 9.068980551792396500 ) ) ;
#1972 = ORIENTED_EDGE ( 'NONE', *, *, #4656, .F. ) ;
#1973 = CARTESIAN_POINT ( 'NONE',  ( 5.599759547452979500, 0.1976648663305156700, -5.599759547452982200 ) ) ;
#1974 = DIRECTION ( 'NONE',  ( -1.000000000000000000, 0.0000000000000000000, -0.0000000000000000000 ) ) ;
#1975 = VECTOR ( 'NONE', #1453, 1000.000000000000200 ) ;
#1976 = VECTOR ( 'NONE', #3348, 1000.000000000000000 ) ;
#1977 = FACE_OUTER_BOUND ( 'NONE', #2412, .T. ) ;
#1978 = CARTESIAN_POINT ( 'NONE',  ( -9.068980551792394700, 12.49999999999999600, 1.520015985077532800 ) ) ;
#1979 = CARTESIAN_POINT ( 'NONE',  ( -9.068980551792398300, 12.49999999999999600, -1.520015985077500100 ) ) ;
#1980 = VERTEX_POINT ( 'NONE', #2455 ) ;
#1981 = VECTOR ( 'NONE', #1477, 1000.000000000000000 ) ;
#1982 = DIRECTION ( 'NONE',  ( 0.0000000000000000000, -2.891205793294679000E-015, 1.000000000000000000 ) ) ;
#1983 = LINE ( 'NONE', #5857, #3209 ) ;
#1984 = CARTESIAN_POINT ( 'NONE',  ( -9.089245774084698600, 2.489245774084692700, -12.11331652343349700 ) ) ;
#1985 = CARTESIAN_POINT ( 'NONE',  ( 8.784299213127114900, -5.078611668924574800, 3.936287821487328000 ) ) ;
#1986 = ORIENTED_EDGE ( 'NONE', *, *, #4658, .F. ) ;
#1987 = EDGE_CURVE ( 'NONE', #3282, #4253, #3610, .T. ) ;
#1988 = CARTESIAN_POINT ( 'NONE',  ( 2.599999999999998800, 9.999999999999996400, 6.999999999999999100 ) ) ;
#1989 = CARTESIAN_POINT ( 'NONE',  ( 9.999999999999994700, 10.00000000000000500, -3.149999999999999900 ) ) ;
#1990 = DIRECTION ( 'NONE',  ( -1.734723475976807100E-016, -1.000000000000000000, 0.0000000000000000000 ) ) ;
#1991 = CARTESIAN_POINT ( 'NONE',  ( 2.518645519832089200, 11.55233595624294200, 7.081354480167908200 ) ) ;
#1992 = AXIS2_PLACEMENT_3D ( 'NONE', #1780, #5013, #4541 ) ;
#1993 = DIRECTION ( 'NONE',  ( -8.673617379884037000E-015, 1.000000000000000000, 0.0000000000000000000 ) ) ;
#1994 = PLANE ( 'NONE',  #5999 ) ;
#1995 = ORIENTED_EDGE ( 'NONE', *, *, #5714, .T. ) ;
#1996 = VERTEX_POINT ( 'NONE', #4296 ) ;
#1997 = EDGE_CURVE ( 'NONE', #5099, #1283, #82, .T. ) ;
#1998 = VERTEX_POINT ( 'NONE', #1534 ) ;
#1999 = ORIENTED_EDGE ( 'NONE', *, *, #3870, .T. ) ;
#2000 = SPHERICAL_SURFACE ( 'NONE', #4046, 0.2999999999999999900 ) ;
#2001 = CARTESIAN_POINT ( 'NONE',  ( -7.000000000000016000, 9.999999999999996400, 3.999999999999975100 ) ) ;
#2002 = CARTESIAN_POINT ( 'NONE',  ( -3.750973649054707900, -4.208660829494760900, -4.509403875983705800 ) ) ;
#2003 = AXIS2_PLACEMENT_3D ( 'NONE', #5288, #205, #4761 ) ;
#2004 = CARTESIAN_POINT ( 'NONE',  ( -4.990519159425967500, 3.700775160431734300, -10.00000000000000000 ) ) ;
#2005 = FACE_OUTER_BOUND ( 'NONE', #4195, .T. ) ;
#2006 = CARTESIAN_POINT ( 'NONE',  ( 1.520015985077515900, 12.49999999999999800, 7.131019448207602800 ) ) ;
#2007 = DIRECTION ( 'NONE',  ( 1.000000000000000000, 9.007218048341113900E-015, -0.0000000000000000000 ) ) ;
#2008 = ORIENTED_EDGE ( 'NONE', *, *, #2467, .F. ) ;
#2009 = CARTESIAN_POINT ( 'NONE',  ( 2.603932224835817900, 4.989473692781115400, -4.989473692781113600 ) ) ;
#2010 = DIRECTION ( 'NONE',  ( -0.05233595624294414700, 0.9986295347545737200, 0.0000000000000000000 ) ) ;
#2011 = CARTESIAN_POINT ( 'NONE',  ( -6.636619279266283500, -3.934272794347278200, -8.784299213127116700 ) ) ;
#2012 = FACE_OUTER_BOUND ( 'NONE', #3542, .T. ) ;
#2013 = FACE_OUTER_BOUND ( 'NONE', #3736, .T. ) ;
#2014 = CARTESIAN_POINT ( 'NONE',  ( -2.599999999999993000, 3.184081677783113800E-016, -7.500000000000009800 ) ) ;
#2015 = CARTESIAN_POINT ( 'NONE',  ( 3.149999999999999900, 10.00000000000000500, -10.00000000000000000 ) ) ;
#2016 = CARTESIAN_POINT ( 'NONE',  ( -7.131019448207600100, 12.49999999999999600, 1.520015985077529700 ) ) ;
#2017 = VECTOR ( 'NONE', #3967, 1000.000000000000000 ) ;
#2018 = EDGE_CURVE ( 'NONE', #2260, #4292, #2405, .T. ) ;
#2019 = ORIENTED_EDGE ( 'NONE', *, *, #1440, .T. ) ;
#2020 = CARTESIAN_POINT ( 'NONE',  ( -7.131019448207606400, 12.49999999999999600, -1.520015985077503000 ) ) ;
#2021 = VERTEX_POINT ( 'NONE', #2029 ) ;
#2022 = EDGE_LOOP ( 'NONE', ( #3181, #807, #5236 ) ) ;
#2023 = DIRECTION ( 'NONE',  ( 0.05226442768871408100, -0.9972646886342372300, 0.05226442768871403200 ) ) ;
#2024 = CARTESIAN_POINT ( 'NONE',  ( -2.599999999999936100, -7.000000000000027500, -10.00000000000000000 ) ) ;
#2025 = ORIENTED_EDGE ( 'NONE', *, *, #2649, .T. ) ;
#2026 = ORIENTED_EDGE ( 'NONE', *, *, #4582, .F. ) ;
#2027 = LINE ( 'NONE', #5524, #946 ) ;
#2028 = CARTESIAN_POINT ( 'NONE',  ( 9.999999999999996400, -4.999999999999985800, -3.700411139573645900 ) ) ;
#2029 = CARTESIAN_POINT ( 'NONE',  ( -8.500000000000005300, 10.00000000000000500, 10.00000000000000000 ) ) ;
#2030 = ORIENTED_EDGE ( 'NONE', *, *, #537, .T. ) ;
#2031 = EDGE_CURVE ( 'NONE', #1980, #4820, #1164, .T. ) ;
#2032 = ORIENTED_EDGE ( 'NONE', *, *, #3683, .T. ) ;
#2033 = CARTESIAN_POINT ( 'NONE',  ( 12.49999999999999800, -9.068980551792391200, 2.600000000000014700 ) ) ;
#2034 = DIRECTION ( 'NONE',  ( 0.0000000000000000000, -1.000000000000000000, 0.0000000000000000000 ) ) ;
#2035 = ORIENTED_EDGE ( 'NONE', *, *, #3554, .F. ) ;
#2036 = DIRECTION ( 'NONE',  ( -1.232595164407830900E-032, 1.000000000000000000, -1.577021341797095600E-015 ) ) ;
#2037 = ORIENTED_EDGE ( 'NONE', *, *, #2500, .F. ) ;
#2038 = DIRECTION ( 'NONE',  ( 0.0000000000000000000, -1.000000000000000000, 0.0000000000000000000 ) ) ;
#2039 = EDGE_CURVE ( 'NONE', #4475, #320, #4703, .T. ) ;
#2040 = CARTESIAN_POINT ( 'NONE',  ( -5.592085271610453200, -5.284257486151134300E-016, -5.892828318099416800 ) ) ;
#2041 = EDGE_LOOP ( 'NONE', ( #1153, #1682, #1383, #2353 ) ) ;
#2042 = DIRECTION ( 'NONE',  ( 1.000000000000000000, 0.0000000000000000000, 0.0000000000000000000 ) ) ;
#2043 = DIRECTION ( 'NONE',  ( 0.0000000000000000000, 0.0000000000000000000, -1.000000000000000000 ) ) ;
#2044 = CARTESIAN_POINT ( 'NONE',  ( 10.01561501126347100, -4.000818348063798000, 6.701229487637424300 ) ) ;
#2045 = AXIS2_PLACEMENT_3D ( 'NONE', #5293, #231, #3448 ) ;
#2046 = VECTOR ( 'NONE', #3477, 1000.000000000000000 ) ;
#2047 = CARTESIAN_POINT ( 'NONE',  ( 12.49999999999999800, -6.999999999999993800, 1.520015985077529000 ) ) ;
#2048 = ORIENTED_EDGE ( 'NONE', *, *, #4860, .T. ) ;
#2049 = CARTESIAN_POINT ( 'NONE',  ( -3.636698961060974800, -6.636698961061011200, -8.500000000000000000 ) ) ;
#2050 = FACE_OUTER_BOUND ( 'NONE', #4989, .T. ) ;
#2051 = ADVANCED_FACE ( 'NONE', ( #2262, #4844 ), #3404, .F. ) ;
#2052 = LINE ( 'NONE', #5174, #659 ) ;
#2053 = DIRECTION ( 'NONE',  ( -0.05226442768871407400, 0.9972646886342372300, -0.05226442768871404600 ) ) ;
#2054 = DIRECTION ( 'NONE',  ( 0.05226442768871408800, -0.9972646886342373400, 0.05226442768871404600 ) ) ;
#2055 = FACE_OUTER_BOUND ( 'NONE', #5613, .T. ) ;
#2056 = DIRECTION ( 'NONE',  ( 0.0000000000000000000, -0.7071067811865470200, -0.7071067811865481300 ) ) ;
#2057 = ORIENTED_EDGE ( 'NONE', *, *, #3367, .F. ) ;
#2058 = ORIENTED_EDGE ( 'NONE', *, *, #4940, .T. ) ;
#2059 = ORIENTED_EDGE ( 'NONE', *, *, #2691, .F. ) ;
#2060 = EDGE_CURVE ( 'NONE', #1996, #632, #4565, .T. ) ;
#2061 = ORIENTED_EDGE ( 'NONE', *, *, #183, .T. ) ;
#2062 = EDGE_LOOP ( 'NONE', ( #3322, #2769, #5873, #2619, #4325, #2468, #5848 ) ) ;
#2063 = EDGE_CURVE ( 'NONE', #4071, #5656, #2104, .T. ) ;
#2064 = CARTESIAN_POINT ( 'NONE',  ( 3.999999999999996400, -6.636698961060942800, -8.500000000000000000 ) ) ;
#2065 = EDGE_CURVE ( 'NONE', #815, #2336, #3316, .T. ) ;
#2066 = VECTOR ( 'NONE', #4276, 1000.000000000000000 ) ;
#2067 = DIRECTION ( 'NONE',  ( 1.000000000000000000, 0.0000000000000000000, 0.0000000000000000000 ) ) ;
#2068 = DIRECTION ( 'NONE',  ( 0.0000000000000000000, 1.000000000000000000, 0.0000000000000000000 ) ) ;
#2069 = LINE ( 'NONE', #4810, #4526 ) ;
#2070 = CARTESIAN_POINT ( 'NONE',  ( -6.636698961060979200, 8.784299213127111400, -3.936287821487370200 ) ) ;
#2071 = SPHERICAL_SURFACE ( 'NONE', #5410, 0.2999999999999999900 ) ;
#2072 = ORIENTED_EDGE ( 'NONE', *, *, #4969, .F. ) ;
#2073 = EDGE_CURVE ( 'NONE', #375, #5777, #879, .T. ) ;
#2074 = DIRECTION ( 'NONE',  ( 0.0000000000000000000, -1.000000000000000000, -1.084202172485504400E-016 ) ) ;
#2075 = ORIENTED_EDGE ( 'NONE', *, *, #3715, .T. ) ;
#2076 = CARTESIAN_POINT ( 'NONE',  ( -5.034162428982035000, -3.056244552679662000, 5.034162428982044800 ) ) ;
#2077 = DIRECTION ( 'NONE',  ( 0.9972646886342372300, 0.05226442768871419900, -0.05226442768871403200 ) ) ;
#2078 = VECTOR ( 'NONE', #158, 1000.000000000000100 ) ;
#2079 = AXIS2_PLACEMENT_3D ( 'NONE', #4865, #5803, #3012 ) ;
#2080 = ORIENTED_EDGE ( 'NONE', *, *, #2833, .F. ) ;
#2081 = FACE_OUTER_BOUND ( 'NONE', #5127, .T. ) ;
#2082 = ADVANCED_FACE ( 'NONE', ( #5508, #1961 ), #3428, .T. ) ;
#2083 = DIRECTION ( 'NONE',  ( 0.05226442768871405300, 0.05226442768871403200, -0.9972646886342373400 ) ) ;
#2084 = CARTESIAN_POINT ( 'NONE',  ( 9.999999999999996400, -3.876005637310966800, 5.000000000000000000 ) ) ;
#2085 = ORIENTED_EDGE ( 'NONE', *, *, #3972, .T. ) ;
#2086 = VECTOR ( 'NONE', #5312, 1000.000000000000000 ) ;
#2087 =( BOUNDED_CURVE ( )  B_SPLINE_CURVE ( 3, ( #1979, #644, #1124, #4341 ),
 .UNSPECIFIED., .F., .F. ) 
 B_SPLINE_CURVE_WITH_KNOTS ( ( 4, 4 ),
 ( 3.141592653589786900, 4.660029102824854200 ),
 .UNSPECIFIED. ) 
 CURVE ( )  GEOMETRIC_REPRESENTATION_ITEM ( )  RATIONAL_B_SPLINE_CURVE ( ( 1.000000000000000000, 0.8169162473415250100, 0.8169162473415250100, 1.000000000000000000 ) ) 
 REPRESENTATION_ITEM ( '' )  );
#2088 = DIRECTION ( 'NONE',  ( -0.05226442768871432400, 0.9972646886342374500, 0.05226442768871424800 ) ) ;
#2089 = FACE_OUTER_BOUND ( 'NONE', #2062, .T. ) ;
#2090 = DIRECTION ( 'NONE',  ( 0.0000000000000000000, 0.0000000000000000000, -1.000000000000000000 ) ) ;
#2091 = FACE_OUTER_BOUND ( 'NONE', #1321, .T. ) ;
#2092 = ORIENTED_EDGE ( 'NONE', *, *, #1438, .F. ) ;
#2093 = DIRECTION ( 'NONE',  ( 0.0000000000000000000, -0.05233595624294422300, 0.9986295347545737200 ) ) ;
#2094 = CARTESIAN_POINT ( 'NONE',  ( 5.892828318099416800, -0.1977888768643989700, 5.592085271610463900 ) ) ;
#2095 = CARTESIAN_POINT ( 'NONE',  ( 9.999999999999994700, 10.00000000000000500, -8.000000000000000000 ) ) ;
#2096 = CARTESIAN_POINT ( 'NONE',  ( 6.499999999999995600, 10.00000000000000500, -3.149999999999999900 ) ) ;
#2097 = CIRCLE ( 'NONE', #615, 0.2999999999999999300 ) ;
#2098 = DIRECTION ( 'NONE',  ( 1.000000000000000000, -0.0000000000000000000, -0.0000000000000000000 ) ) ;
#2099 = ORIENTED_EDGE ( 'NONE', *, *, #4329, .F. ) ;
#2100 = CARTESIAN_POINT ( 'NONE',  ( -5.353898592029592500, 3.637140463113387700, -8.800000000000000700 ) ) ;
#2101 = EDGE_CURVE ( 'NONE', #4921, #2928, #4254, .T. ) ;
#2102 = ORIENTED_EDGE ( 'NONE', *, *, #2875, .T. ) ;
#2103 = EDGE_LOOP ( 'NONE', ( #3002, #2832, #1392, #2547, #3115, #2957 ) ) ;
#2104 = LINE ( 'NONE', #4811, #5646 ) ;
#2105 = ORIENTED_EDGE ( 'NONE', *, *, #2314, .T. ) ;
#2106 = CARTESIAN_POINT ( 'NONE',  ( 3.701229487637424800, 10.01561501126347200, 4.999181651936202000 ) ) ;
#2107 = EDGE_LOOP ( 'NONE', ( #310, #387, #2048, #3673 ) ) ;
#2108 = CARTESIAN_POINT ( 'NONE',  ( -4.139971166885874100, -4.139971166885895400, 4.139971166885886500 ) ) ;
#2109 = CARTESIAN_POINT ( 'NONE',  ( -10.00000000000000900, -9.999999999999994700, 10.00000000000000000 ) ) ;
#2110 = ORIENTED_EDGE ( 'NONE', *, *, #2944, .F. ) ;
#2111 = ORIENTED_EDGE ( 'NONE', *, *, #2039, .T. ) ;
#2112 = EDGE_CURVE ( 'NONE', #5168, #3179, #1820, .T. ) ;
#2113 = ORIENTED_EDGE ( 'NONE', *, *, #4898, .F. ) ;
#2114 = CARTESIAN_POINT ( 'NONE',  ( -5.363301038939042100, 8.499999999999996400, 3.999999999999980900 ) ) ;
#2115 = ADVANCED_FACE ( 'NONE', ( #562 ), #4117, .F. ) ;
#2116 = CARTESIAN_POINT ( 'NONE',  ( -5.900915317458196100, 0.4410931484899864900, 5.900915317458205000 ) ) ;
#2117 = DIRECTION ( 'NONE',  ( -1.000000000000000000, 0.0000000000000000000, -2.891205793294679000E-015 ) ) ;
#2118 = CIRCLE ( 'NONE', #3501, 0.2999999999999999300 ) ;
#2119 = DIRECTION ( 'NONE',  ( 0.001231182688944099000, 0.9999992420943060200, 0.0000000000000000000 ) ) ;
#2120 = CARTESIAN_POINT ( 'NONE',  ( -4.000000000000000900, -5.299588860426400300, -10.00000000000000000 ) ) ;
#2121 = AXIS2_PLACEMENT_3D ( 'NONE', #5492, #4096, #1807 ) ;
#2122 = VERTEX_POINT ( 'NONE', #752 ) ;
#2123 = AXIS2_PLACEMENT_3D ( 'NONE', #2988, #1595, #5275 ) ;
#2124 = LINE ( 'NONE', #1903, #581 ) ;
#2125 = CIRCLE ( 'NONE', #4215, 0.2999999999999999300 ) ;
#2126 = CARTESIAN_POINT ( 'NONE',  ( -8.586271053293986100, 0.0000000000000000000, 0.0000000000000000000 ) ) ;
#2127 = ORIENTED_EDGE ( 'NONE', *, *, #363, .T. ) ;
#2128 = FACE_OUTER_BOUND ( 'NONE', #3038, .T. ) ;
#2129 = VECTOR ( 'NONE', #1940, 1000.000000000000000 ) ;
#2130 =( BOUNDED_CURVE ( )  B_SPLINE_CURVE ( 3, ( #2696, #2351, #5581, #2805 ),
 .UNSPECIFIED., .F., .F. ) 
 B_SPLINE_CURVE_WITH_KNOTS ( ( 4, 4 ),
 ( 1.623156204354726500, 3.141592653589794900 ),
 .UNSPECIFIED. ) 
 CURVE ( )  GEOMETRIC_REPRESENTATION_ITEM ( )  RATIONAL_B_SPLINE_CURVE ( ( 1.000000000000000000, 0.8169162473415246800, 0.8169162473415246800, 1.000000000000000000 ) ) 
 REPRESENTATION_ITEM ( '' )  );
#2131 = ORIENTED_EDGE ( 'NONE', *, *, #5737, .F. ) ;
#2132 = CARTESIAN_POINT ( 'NONE',  ( 4.905009339994522000, 4.905009339994530000, 2.744697354824977300 ) ) ;
#2133 = PLANE ( 'NONE',  #4599 ) ;
#2134 = DIRECTION ( 'NONE',  ( -0.0000000000000000000, 1.834803676513931200E-015, 1.000000000000000000 ) ) ;
#2135 = DIRECTION ( 'NONE',  ( -1.000000000000000000, 0.0000000000000000000, -4.956352788505164300E-016 ) ) ;
#2136 = CARTESIAN_POINT ( 'NONE',  ( -9.068980551792392900, 12.49999999999999800, 2.081766411704376800 ) ) ;
#2137 = EDGE_CURVE ( 'NONE', #5436, #5463, #2884, .T. ) ;
#2138 = ORIENTED_EDGE ( 'NONE', *, *, #2397, .F. ) ;
#2139 = ORIENTED_EDGE ( 'NONE', *, *, #4031, .T. ) ;
#2140 = ORIENTED_EDGE ( 'NONE', *, *, #5318, .T. ) ;
#2141 = EDGE_LOOP ( 'NONE', ( #3808, #711, #997, #1433 ) ) ;
#2142 = ADVANCED_FACE ( 'NONE', ( #3024 ), #437, .F. ) ;
#2143 = LINE ( 'NONE', #1816, #5689 ) ;
#2144 = CARTESIAN_POINT ( 'NONE',  ( -6.683201122986682600, 9.687314107979180000, -3.683201122986699900 ) ) ;
#2145 = DIRECTION ( 'NONE',  ( 0.9972646886342374500, -0.05226442768871432400, -0.05226442768871447700 ) ) ;
#2146 = EDGE_CURVE ( 'NONE', #2645, #5791, #3953, .T. ) ;
#2147 = EDGE_CURVE ( 'NONE', #3497, #896, #5199, .T. ) ;
#2148 = VECTOR ( 'NONE', #4008, 1000.000000000000000 ) ;
#2149 = CARTESIAN_POINT ( 'NONE',  ( 5.375264080756554800, 5.375264080756558400, -1.634519072119995100 ) ) ;
#2150 = CARTESIAN_POINT ( 'NONE',  ( -4.000000000000000900, -5.000000000000027500, -10.00000000000000000 ) ) ;
#2151 = ORIENTED_EDGE ( 'NONE', *, *, #4762, .T. ) ;
#2152 = CARTESIAN_POINT ( 'NONE',  ( -3.999999999999999100, -5.123994362689060700, -10.00000000000000000 ) ) ;
#2153 = CARTESIAN_POINT ( 'NONE',  ( -3.700411139573629400, 9.999999999999996400, 7.000000000000000000 ) ) ;
#2154 = DIRECTION ( 'NONE',  ( -1.000000000000000000, 0.0000000000000000000, 1.748771539839117700E-032 ) ) ;
#2155 = EDGE_CURVE ( 'NONE', #4080, #5313, #1653, .T. ) ;
#2156 = CONICAL_SURFACE ( 'NONE', #5444, 6.008253627460649500, 0.02617993877990820700 ) ;
#2157 = DIRECTION ( 'NONE',  ( -0.0000000000000000000, -0.0000000000000000000, -1.000000000000000000 ) ) ;
#2158 = CARTESIAN_POINT ( 'NONE',  ( -6.990596312627109100, 3.639155538541258400, -8.800000000000000700 ) ) ;
#2159 = EDGE_LOOP ( 'NONE', ( #4638, #2299, #4433, #3062, #1276, #2790 ) ) ;
#2160 = LINE ( 'NONE', #3906, #936 ) ;
#2161 = CARTESIAN_POINT ( 'NONE',  ( 8.799999999999997200, -6.636698961060978300, -3.636698961060997900 ) ) ;
#2162 = DIRECTION ( 'NONE',  ( 1.000000000000000000, -0.0000000000000000000, -0.0000000000000000000 ) ) ;
#2163 = ADVANCED_FACE ( 'NONE', ( #2602 ), #4492, .T. ) ;
#2164 = EDGE_LOOP ( 'NONE', ( #3828, #1859, #322, #5235 ) ) ;
#2165 = EDGE_LOOP ( 'NONE', ( #3082, #4724, #2409, #53 ) ) ;
#2166 = CARTESIAN_POINT ( 'NONE',  ( -3.636698961060975700, 8.799999999999995400, 5.363301038939026100 ) ) ;
#2167 = ORIENTED_EDGE ( 'NONE', *, *, #3398, .F. ) ;
#2168 = CARTESIAN_POINT ( 'NONE',  ( -9.118645519832087500, 11.55233595624294200, 2.518645519832106100 ) ) ;
#2169 = VERTEX_POINT ( 'NONE', #334 ) ;
#2170 = DIRECTION ( 'NONE',  ( 0.0000000000000000000, 1.000000000000000000, 0.0000000000000000000 ) ) ;
#2171 = EDGE_LOOP ( 'NONE', ( #3319, #3528, #5068, #2032 ) ) ;
#2172 = FACE_OUTER_BOUND ( 'NONE', #1181, .T. ) ;
#2173 = DIRECTION ( 'NONE',  ( -0.9986295347545737200, 0.05233595624294414700, 0.0000000000000000000 ) ) ;
#2174 = ADVANCED_FACE ( 'NONE', ( #1512 ), #4916, .T. ) ;
#2175 = DIRECTION ( 'NONE',  ( 3.205751595667324500E-018, -0.9996573249755575900, 0.02617694830786553000 ) ) ;
#2176 = DIRECTION ( 'NONE',  ( 1.000000000000000000, -1.734723475976807100E-016, 0.0000000000000000000 ) ) ;
#2177 = DIRECTION ( 'NONE',  ( 0.9972646886342372300, 0.05226442768871401900, 0.05226442768871420600 ) ) ;
#2178 = EDGE_LOOP ( 'NONE', ( #3101, #3747 ) ) ;
#2179 = DIRECTION ( 'NONE',  ( -1.000000000000000000, -2.220446049250312800E-016, -3.423990449430563300E-015 ) ) ;
#2180 = CARTESIAN_POINT ( 'NONE',  ( -6.990517871295844000, 3.702867668766090400, -10.00000000000000000 ) ) ;
#2181 = VERTEX_POINT ( 'NONE', #821 ) ;
#2182 = CARTESIAN_POINT ( 'NONE',  ( 6.499999999999995600, 10.00000000000000500, -3.149999999999999900 ) ) ;
#2183 = VERTEX_POINT ( 'NONE', #4050 ) ;
#2184 = LINE ( 'NONE', #1532, #4476 ) ;
#2185 = EDGE_CURVE ( 'NONE', #81, #3692, #152, .T. ) ;
#2186 = EDGE_CURVE ( 'NONE', #3768, #2847, #1385, .T. ) ;
#2187 = ORIENTED_EDGE ( 'NONE', *, *, #3645, .T. ) ;
#2188 = CARTESIAN_POINT ( 'NONE',  ( -4.975919742068179600, -2.593151113081926700, -5.276662788557144000 ) ) ;
#2189 = ORIENTED_EDGE ( 'NONE', *, *, #210, .F. ) ;
#2190 = AXIS2_PLACEMENT_3D ( 'NONE', #4836, #5818, #3008 ) ;
#2191 = EDGE_CURVE ( 'NONE', #5270, #3095, #285, .T. ) ;
#2192 = FACE_OUTER_BOUND ( 'NONE', #1619, .T. ) ;
#2193 = DIRECTION ( 'NONE',  ( -0.05233595624294395300, 0.0000000000000000000, 0.9986295347545739400 ) ) ;
#2194 = CARTESIAN_POINT ( 'NONE',  ( 12.49999999999999600, -2.081766411704358600, 7.131019448207601900 ) ) ;
#2195 = LINE ( 'NONE', #4778, #5733 ) ;
#2196 = CARTESIAN_POINT ( 'NONE',  ( -7.131019448207609000, 11.55233595624294200, -2.518645519832078500 ) ) ;
#2197 = DIRECTION ( 'NONE',  ( 0.05226442768871379000, 0.9972646886342372300, 0.05226442768871422700 ) ) ;
#2198 = ADVANCED_FACE ( 'NONE', ( #3529 ), #380, .F. ) ;
#2199 = ORIENTED_EDGE ( 'NONE', *, *, #2811, .F. ) ;
#2200 = CARTESIAN_POINT ( 'NONE',  ( -5.493546175736381300, -5.493546175736399000, 2.134412750801108100 ) ) ;
#2201 = AXIS2_PLACEMENT_3D ( 'NONE', #5505, #898, #4114 ) ;
#2202 = FACE_OUTER_BOUND ( 'NONE', #1827, .T. ) ;
#2203 = AXIS2_PLACEMENT_3D ( 'NONE', #2725, #5976, #3178 ) ;
#2204 = CARTESIAN_POINT ( 'NONE',  ( -5.238267466867228900, 2.021133963446742700, -5.539010513356193300 ) ) ;
#2205 = VECTOR ( 'NONE', #5627, 1000.000000000000100 ) ;
#2206 = DIRECTION ( 'NONE',  ( 0.05233595624294395300, 1.665717401675535300E-016, -0.9986295347545739400 ) ) ;
#2207 = LINE ( 'NONE', #1302, #3275 ) ;
#2208 = ADVANCED_FACE ( 'NONE', ( #4766 ), #5868, .F. ) ;
#2209 = CARTESIAN_POINT ( 'NONE',  ( 12.49999999999999600, 2.600000000000000500, 9.068980551792396500 ) ) ;
#2210 = ORIENTED_EDGE ( 'NONE', *, *, #140, .F. ) ;
#2211 = ORIENTED_EDGE ( 'NONE', *, *, #4546, .F. ) ;
#2212 = EDGE_LOOP ( 'NONE', ( #1128, #5676, #333 ) ) ;
#2213 = EDGE_LOOP ( 'NONE', ( #3698, #3908, #1191, #2294 ) ) ;
#2214 = ORIENTED_EDGE ( 'NONE', *, *, #4625, .F. ) ;
#2215 = DIRECTION ( 'NONE',  ( 1.000000000000000000, -1.734723475976807100E-016, 0.0000000000000000000 ) ) ;
#2216 = CARTESIAN_POINT ( 'NONE',  ( -5.063712178512669300, 8.784299213127113100, 3.999999999999981800 ) ) ;
#2217 = DIRECTION ( 'NONE',  ( 1.000000000000000000, 0.0000000000000000000, 0.0000000000000000000 ) ) ;
#2218 = CIRCLE ( 'NONE', #3868, 1.499999999999999600 ) ;
#2219 = CARTESIAN_POINT ( 'NONE',  ( -4.000000000000001800, 10.00000000000000700, 5.123994362689032300 ) ) ;
#2220 = CARTESIAN_POINT ( 'NONE',  ( -5.396849251399979500, -5.396849251399995500, -2.361780868790905400 ) ) ;
#2221 = DIRECTION ( 'NONE',  ( 0.0000000000000000000, 1.000000000000000000, 4.956352788505164300E-016 ) ) ;
#2222 = EDGE_CURVE ( 'NONE', #3498, #3355, #1237, .T. ) ;
#2223 = PLANE ( 'NONE',  #5806 ) ;
#2224 = LINE ( 'NONE', #2513, #3287 ) ;
#2225 = CARTESIAN_POINT ( 'NONE',  ( 9.999999999999998200, -9.199999999999994000, 2.600000000000015600 ) ) ;
#2226 = CYLINDRICAL_SURFACE ( 'NONE', #4462, 0.2999999999999998800 ) ;
#2227 = ORIENTED_EDGE ( 'NONE', *, *, #5398, .T. ) ;
#2228 = DIRECTION ( 'NONE',  ( 0.7071067811865481300, -0.7071067811865470200, 0.0000000000000000000 ) ) ;
#2229 = ORIENTED_EDGE ( 'NONE', *, *, #1479, .F. ) ;
#2230 = CARTESIAN_POINT ( 'NONE',  ( -3.833554433795645100, 4.134297480284609500, -4.134297480284612200 ) ) ;
#2231 = CARTESIAN_POINT ( 'NONE',  ( 12.49999999999999600, 1.520015985077518800, 9.068980551792396500 ) ) ;
#2232 = ADVANCED_FACE ( 'NONE', ( #1078 ), #4633, .F. ) ;
#2233 = LINE ( 'NONE', #544, #991 ) ;
#2234 = EDGE_CURVE ( 'NONE', #3797, #5516, #3384, .T. ) ;
#2235 = PLANE ( 'NONE',  #330 ) ;
#2236 = VECTOR ( 'NONE', #3455, 1000.000000000000000 ) ;
#2237 = ORIENTED_EDGE ( 'NONE', *, *, #5365, .T. ) ;
#2238 = VECTOR ( 'NONE', #1587, 1000.000000000000000 ) ;
#2239 = DIRECTION ( 'NONE',  ( 0.05226442768871432400, -0.05226442768871379700, -0.9972646886342374500 ) ) ;
#2240 = CARTESIAN_POINT ( 'NONE',  ( 8.784299213127113100, -3.636698961060973000, 5.063712178512654200 ) ) ;
#2241 = AXIS2_PLACEMENT_3D ( 'NONE', #1358, #2765, #6019 ) ;
#2242 = ADVANCED_FACE ( 'NONE', ( #2172 ), #3245, .F. ) ;
#2243 = DIRECTION ( 'NONE',  ( 1.563239172129529500E-015, 0.05233595624294395300, 0.9986295347545739400 ) ) ;
#2244 = CARTESIAN_POINT ( 'NONE',  ( 3.921388331075435800, 8.499999999999996400, 6.636698961060973000 ) ) ;
#2245 = PLANE ( 'NONE',  #55 ) ;
#2246 = VECTOR ( 'NONE', #2504, 1000.000000000000000 ) ;
#2247 = EDGE_CURVE ( 'NONE', #4252, #5242, #4470, .T. ) ;
#2248 = VECTOR ( 'NONE', #4483, 1000.000000000000000 ) ;
#2249 = DIRECTION ( 'NONE',  ( 0.0000000000000000000, 0.0000000000000000000, -1.000000000000000000 ) ) ;
#2250 = CARTESIAN_POINT ( 'NONE',  ( 4.134297480284598000, -3.833554433795663700, -4.134297480284603300 ) ) ;
#2251 = EDGE_LOOP ( 'NONE', ( #2061, #5129, #4301, #3566 ) ) ;
#2252 = CARTESIAN_POINT ( 'NONE',  ( -5.362853473641110600, -3.636251946458865200, -8.800000000000000700 ) ) ;
#2253 = CARTESIAN_POINT ( 'NONE',  ( -5.298402444839941200, -3.700861872994493800, -10.03131579813635800 ) ) ;
#2254 = DIRECTION ( 'NONE',  ( -0.05226442768871399100, 0.9972646886342373400, 0.05226442768871385900 ) ) ;
#2255 = PRODUCT_DEFINITION_FORMATION_WITH_SPECIFIED_SOURCE ( 'ANY', '', #4423, .NOT_KNOWN. ) ;
#2256 = LINE ( 'NONE', #98, #5789 ) ;
#2257 = CARTESIAN_POINT ( 'NONE',  ( -5.343145144789271900, 5.643888191278233700, -1.718603881099361600 ) ) ;
#2258 = ORIENTED_EDGE ( 'NONE', *, *, #2803, .F. ) ;
#2259 = DIRECTION ( 'NONE',  ( -1.000000000000000000, -0.0000000000000000000, 0.0000000000000000000 ) ) ;
#2260 = VERTEX_POINT ( 'NONE', #894 ) ;
#2261 = ORIENTED_EDGE ( 'NONE', *, *, #1878, .T. ) ;
#2262 = FACE_OUTER_BOUND ( 'NONE', #247, .T. ) ;
#2263 = ORIENTED_EDGE ( 'NONE', *, *, #5761, .F. ) ;
#2264 = DIRECTION ( 'NONE',  ( 0.9986295347545739400, 0.05233595624294400100, 1.968575111071086300E-016 ) ) ;
#2265 = ORIENTED_EDGE ( 'NONE', *, *, #4219, .T. ) ;
#2266 = DIRECTION ( 'NONE',  ( -1.748771539839117700E-032, -0.0000000000000000000, -1.000000000000000000 ) ) ;
#2267 = DIRECTION ( 'NONE',  ( 0.0000000000000000000, -5.782411586589349400E-015, 1.000000000000000000 ) ) ;
#2268 = ADVANCED_FACE ( 'NONE', ( #5717 ), #5579, .F. ) ;
#2269 = ORIENTED_EDGE ( 'NONE', *, *, #5669, .T. ) ;
#2270 = CARTESIAN_POINT ( 'NONE',  ( -3.983977529785748000, -3.983977529785742700, -4.284720576274715100 ) ) ;
#2271 = ORIENTED_EDGE ( 'NONE', *, *, #1627, .F. ) ;
#2272 = AXIS2_PLACEMENT_3D ( 'NONE', #3869, #1123, #4340 ) ;
#2273 = CARTESIAN_POINT ( 'NONE',  ( -4.276064746282671500E-016, 5.599759547452976000, -5.599759547452976900 ) ) ;
#2274 = CARTESIAN_POINT ( 'NONE',  ( -6.636698961060980100, 8.799999999999995400, -3.636698961060997900 ) ) ;
#2275 = EDGE_CURVE ( 'NONE', #5138, #1202, #2027, .T. ) ;
#2276 = EDGE_CURVE ( 'NONE', #4253, #5641, #2332, .T. ) ;
#2277 = VECTOR ( 'NONE', #1684, 1000.000000000000000 ) ;
#2278 = EDGE_CURVE ( 'NONE', #2608, #4432, #785, .T. ) ;
#2279 = ORIENTED_EDGE ( 'NONE', *, *, #4364, .F. ) ;
#2280 = ADVANCED_FACE ( 'NONE', ( #3098 ), #4183, .T. ) ;
#2281 = CARTESIAN_POINT ( 'NONE',  ( -4.823447819025593800, 5.124190865514553800, 2.874958193507120900 ) ) ;
#2282 = TOROIDAL_SURFACE ( 'NONE', #1566, 6.970891157117670800, 1.000000000000000000 ) ;
#2283 = SPHERICAL_SURFACE ( 'NONE', #2473, 0.2999999999999999900 ) ;
#2284 = VECTOR ( 'NONE', #2528, 1000.000000000000000 ) ;
#2285 = EDGE_CURVE ( 'NONE', #5861, #4289, #5422, .T. ) ;
#2286 = EDGE_LOOP ( 'NONE', ( #3309, #73, #777, #2818 ) ) ;
#2287 = DIRECTION ( 'NONE',  ( -0.0000000000000000000, 1.000000000000000000, -0.0000000000000000000 ) ) ;
#2288 =( BOUNDED_CURVE ( )  B_SPLINE_CURVE ( 3, ( #2028, #5705, #5727, #2941 ),
 .UNSPECIFIED., .F., .F. ) 
 B_SPLINE_CURVE_WITH_KNOTS ( ( 4, 4 ),
 ( 2.357564018062738400, 3.925621289116846500 ),
 .UNSPECIFIED. ) 
 CURVE ( )  GEOMETRIC_REPRESENTATION_ITEM ( )  RATIONAL_B_SPLINE_CURVE ( ( 1.000000000000000000, 0.8053830134673591900, 0.8053830134673591900, 1.000000000000000000 ) ) 
 REPRESENTATION_ITEM ( '' )  );
#2289 = CIRCLE ( 'NONE', #3657, 2.599999999999999200 ) ;
#2290 = EDGE_LOOP ( 'NONE', ( #1242, #3685, #2337, #2873 ) ) ;
#2291 = CARTESIAN_POINT ( 'NONE',  ( -4.000000000000001800, 8.499999999999994700, 7.000000000000000000 ) ) ;
#2292 = CYLINDRICAL_SURFACE ( 'NONE', #2840, 0.2999999999999999300 ) ;
#2293 = CARTESIAN_POINT ( 'NONE',  ( 3.149999999999999900, 10.00000000000000500, -6.500000000000000900 ) ) ;
#2294 = ORIENTED_EDGE ( 'NONE', *, *, #4975, .F. ) ;
#2295 = DIRECTION ( 'NONE',  ( 0.9972646886342373400, -0.05226442768871431700, 0.05226442768871416400 ) ) ;
#2296 = DIRECTION ( 'NONE',  ( 0.0000000000000000000, 0.0000000000000000000, -1.000000000000000000 ) ) ;
#2297 = ADVANCED_FACE ( 'NONE', ( #1890 ), #499, .F. ) ;
#2298 = EDGE_LOOP ( 'NONE', ( #4030, #1647, #4603, #2092 ) ) ;
#2299 = ORIENTED_EDGE ( 'NONE', *, *, #2981, .T. ) ;
#2300 = ORIENTED_EDGE ( 'NONE', *, *, #2063, .F. ) ;
#2301 = DIRECTION ( 'NONE',  ( 1.000000000000000000, 0.0000000000000000000, 0.0000000000000000000 ) ) ;
#2302 = VERTEX_POINT ( 'NONE', #21 ) ;
#2303 = SURFACE_STYLE_FILL_AREA ( #2846 ) ;
#2304 = VECTOR ( 'NONE', #1331, 1000.000000000000000 ) ;
#2305 = DIRECTION ( 'NONE',  ( 0.0000000000000000000, 1.000000000000000000, 0.0000000000000000000 ) ) ;
#2306 = CARTESIAN_POINT ( 'NONE',  ( -9.068980551792401800, -2.081766411704360800, -12.50000000000000200 ) ) ;
#2307 = ADVANCED_FACE ( 'NONE', ( #2953 ), #4036, .F. ) ;
#2308 = CARTESIAN_POINT ( 'NONE',  ( 3.700411139573630800, -7.000000000000027500, -10.00000000000000000 ) ) ;
#2309 = CARTESIAN_POINT ( 'NONE',  ( -3.486994822281016300, 4.725024649351678500, 4.424281602862726500 ) ) ;
#2310 = CONICAL_SURFACE ( 'NONE', #3030, 6.008253627460649500, 0.02617993877990820700 ) ;
#2311 = DIRECTION ( 'NONE',  ( 1.000000000000000000, 2.220446049250313100E-016, 1.668003342285392300E-016 ) ) ;
#2312 = CARTESIAN_POINT ( 'NONE',  ( -7.131019448207608100, 2.600000000000000100, -12.50000000000000000 ) ) ;
#2313 = CARTESIAN_POINT ( 'NONE',  ( 3.636698961060972600, 8.799999999999997200, 6.636698961060973000 ) ) ;
#2314 = EDGE_CURVE ( 'NONE', #2, #4466, #5271, .T. ) ;
#2315 = VERTEX_POINT ( 'NONE', #1410 ) ;
#2316 = CARTESIAN_POINT ( 'NONE',  ( -2.518645519832026100, -7.081354480167936700, -11.55233595624294400 ) ) ;
#2317 = FACE_OUTER_BOUND ( 'NONE', #4177, .T. ) ;
#2318 = AXIS2_PLACEMENT_3D ( 'NONE', #5544, #2766, #6020 ) ;
#2319 = LINE ( 'NONE', #1699, #3234 ) ;
#2320 = AXIS2_PLACEMENT_3D ( 'NONE', #4785, #5247, #2489 ) ;
#2321 = EDGE_CURVE ( 'NONE', #2969, #2718, #2823, .T. ) ;
#2322 = CARTESIAN_POINT ( 'NONE',  ( 5.892828318099414100, -5.731101228534104100E-016, 5.592085271610462100 ) ) ;
#2323 = CARTESIAN_POINT ( 'NONE',  ( -3.636698961060974300, -6.636698961061011200, -8.800000000000000700 ) ) ;
#2324 = STYLED_ITEM ( 'NONE', ( #1560 ), #3630 ) ;
#2325 = ORIENTED_EDGE ( 'NONE', *, *, #5483, .T. ) ;
#2326 = ORIENTED_EDGE ( 'NONE', *, *, #3013, .F. ) ;
#2327 = DIRECTION ( 'NONE',  ( -0.05220004101858876500, 0.05232873513582459600, -0.9972646886342373400 ) ) ;
#2328 = CARTESIAN_POINT ( 'NONE',  ( -6.636698961060965900, 8.499999999999996400, 3.999999999999984500 ) ) ;
#2329 = DIRECTION ( 'NONE',  ( -0.0000000000000000000, -0.0000000000000000000, -1.000000000000000000 ) ) ;
#2330 = ORIENTED_EDGE ( 'NONE', *, *, #567, .F. ) ;
#2331 = ORIENTED_EDGE ( 'NONE', *, *, #5449, .F. ) ;
#2332 = CIRCLE ( 'NONE', #3224, 0.9999999999999991100 ) ;
#2333 = DIRECTION ( 'NONE',  ( -0.05233595624294395300, 0.0000000000000000000, -0.9986295347545739400 ) ) ;
#2334 = ORIENTED_EDGE ( 'NONE', *, *, #2980, .F. ) ;
#2335 = ADVANCED_FACE ( 'NONE', ( #361 ), #3877, .F. ) ;
#2336 = VERTEX_POINT ( 'NONE', #3719 ) ;
#2337 = ORIENTED_EDGE ( 'NONE', *, *, #485, .F. ) ;
#2338 = ORIENTED_EDGE ( 'NONE', *, *, #1550, .T. ) ;
#2339 = CARTESIAN_POINT ( 'NONE',  ( -6.876005637310973900, 10.00000000000000200, -4.000000000000024900 ) ) ;
#2340 = DIRECTION ( 'NONE',  ( 2.905134055610226800E-016, 1.000000000000000000, 0.0000000000000000000 ) ) ;
#2341 = EDGE_LOOP ( 'NONE', ( #1206, #2797, #162, #3467 ) ) ;
#2342 = CARTESIAN_POINT ( 'NONE',  ( -9.185795833911536000, -2.585795833911530100, -10.27103163466928700 ) ) ;
#2343 = ORIENTED_EDGE ( 'NONE', *, *, #3896, .F. ) ;
#2344 = EDGE_CURVE ( 'NONE', #5073, #4921, #5133, .T. ) ;
#2345 = CARTESIAN_POINT ( 'NONE',  ( 1.632687676797967900, -5.358580494337090300, -5.659323540826034300 ) ) ;
#2346 = CARTESIAN_POINT ( 'NONE',  ( -4.999999999999987600, 10.00000000000000500, -3.876005637310986800 ) ) ;
#2347 = FACE_OUTER_BOUND ( 'NONE', #4255, .T. ) ;
#2348 = AXIS2_PLACEMENT_3D ( 'NONE', #4939, #2176, #5404 ) ;
#2349 = VECTOR ( 'NONE', #2443, 1000.000000000000000 ) ;
#2350 = DIRECTION ( 'NONE',  ( -0.05226442768871380300, -0.9972646886342373400, -0.05226442768871422000 ) ) ;
#2351 = CARTESIAN_POINT ( 'NONE',  ( -2.489245774084694900, 12.11331652343349000, 7.110754225915306000 ) ) ;
#2352 = DIRECTION ( 'NONE',  ( 1.000000000000000000, 2.891205793294679000E-015, 0.0000000000000000000 ) ) ;
#2353 = ORIENTED_EDGE ( 'NONE', *, *, #1702, .F. ) ;
#2354 = EDGE_LOOP ( 'NONE', ( #14, #3437, #1133, #1012 ) ) ;
#2355 = EDGE_CURVE ( 'NONE', #5443, #2498, #634, .T. ) ;
#2356 = CIRCLE ( 'NONE', #3231, 5.549999999999998900 ) ;
#2357 = LINE ( 'NONE', #72, #3556 ) ;
#2358 = DIRECTION ( 'NONE',  ( 0.05226442768871401900, -0.05226442768871356100, -0.9972646886342373400 ) ) ;
#2359 = CARTESIAN_POINT ( 'NONE',  ( 5.752843088131471400, -5.452100041642535400, 1.275534838642721200 ) ) ;
#2360 = B_SPLINE_CURVE_WITH_KNOTS ( 'NONE', 3,
 ( #3945, #1657, #5366, #2596, #5842, #3048, #292, #3512, #748, #3969, #1229, #4441 ),
 .UNSPECIFIED., .F., .F.,
 ( 4, 2, 2, 2, 2, 4 ),
 ( 0.01044901683351695400, 0.01156182529612157000, 0.01211822952742387800, 0.01267463375872618700, 0.01378744222133080100, 0.01490025068393541700 ),
 .UNSPECIFIED. ) ;
#2361 = LINE ( 'NONE', #5338, #5893 ) ;
#2362 = EDGE_CURVE ( 'NONE', #1888, #2518, #2679, .T. ) ;
#2363 = CARTESIAN_POINT ( 'NONE',  ( -6.999999999999994700, 9.999999999999996400, 2.600000000000012100 ) ) ;
#2364 = ORIENTED_EDGE ( 'NONE', *, *, #4822, .F. ) ;
#2365 = CARTESIAN_POINT ( 'NONE',  ( 3.999999999999998200, 9.999999999999998200, 5.299588860426372800 ) ) ;
#2366 = ORIENTED_EDGE ( 'NONE', *, *, #1886, .T. ) ;
#2367 = EDGE_LOOP ( 'NONE', ( #2279, #4268, #3378, #1231, #1819, #3762, #1379 ) ) ;
#2368 = DIRECTION ( 'NONE',  ( -1.000000000000000000, -8.609759746444389100E-015, 1.445602896647339700E-015 ) ) ;
#2369 = ORIENTED_EDGE ( 'NONE', *, *, #3710, .F. ) ;
#2370 = DIRECTION ( 'NONE',  ( 0.0000000000000000000, 1.000000000000000000, 0.0000000000000000000 ) ) ;
#2371 = EDGE_LOOP ( 'NONE', ( #1548, #3421 ) ) ;
#2372 = AXIS2_PLACEMENT_3D ( 'NONE', #4373, #2553, #1160 ) ;
#2373 = FACE_OUTER_BOUND ( 'NONE', #2819, .T. ) ;
#2374 = VECTOR ( 'NONE', #3836, 1000.000000000000100 ) ;
#2375 = CARTESIAN_POINT ( 'NONE',  ( 9.999999999999994700, 10.00000000000000500, -10.00000000000000000 ) ) ;
#2376 = ORIENTED_EDGE ( 'NONE', *, *, #5592, .T. ) ;
#2377 = DIRECTION ( 'NONE',  ( -0.001231182688944133400, -0.9999992420943060200, 0.0000000000000000000 ) ) ;
#2378 = ORIENTED_EDGE ( 'NONE', *, *, #1130, .F. ) ;
#2379 = LINE ( 'NONE', #4281, #2078 ) ;
#2380 = CARTESIAN_POINT ( 'NONE',  ( 3.636698961060974800, -5.363301038939054500, -8.800000000000000700 ) ) ;
#2381 = VERTEX_POINT ( 'NONE', #4661 ) ;
#2382 = LINE ( 'NONE', #3910, #2236 ) ;
#2383 = EDGE_CURVE ( 'NONE', #701, #5655, #2531, .T. ) ;
#2384 = CARTESIAN_POINT ( 'NONE',  ( 4.284720576274695600, -3.983977529785759100, 3.983977529785743600 ) ) ;
#2385 = ORIENTED_EDGE ( 'NONE', *, *, #990, .T. ) ;
#2386 = EDGE_CURVE ( 'NONE', #5291, #5264, #219, .T. ) ;
#2387 = VECTOR ( 'NONE', #4347, 1000.000000000000000 ) ;
#2388 = EDGE_CURVE ( 'NONE', #2626, #3497, #77, .T. ) ;
#2389 = DIRECTION ( 'NONE',  ( -1.000000000000000000, 0.0000000000000000000, 0.0000000000000000000 ) ) ;
#2390 = CARTESIAN_POINT ( 'NONE',  ( 9.614344052491299300, -5.320623075575589700, -3.679376924424415200 ) ) ;
#2391 = FACE_OUTER_BOUND ( 'NONE', #2212, .T. ) ;
#2392 = DIRECTION ( 'NONE',  ( 0.0000000000000000000, 0.0000000000000000000, 1.000000000000000000 ) ) ;
#2393 = LINE ( 'NONE', #2196, #2248 ) ;
#2394 = EDGE_LOOP ( 'NONE', ( #3688, #1845, #3475, #1762 ) ) ;
#2395 = APPLICATION_CONTEXT ( 'automotive_design' ) ;
#2396 = CARTESIAN_POINT ( 'NONE',  ( 9.999999999999996400, -2.599999999999999600, 9.199999999999999300 ) ) ;
#2397 = EDGE_CURVE ( 'NONE', #84, #955, #4320, .T. ) ;
#2398 = CARTESIAN_POINT ( 'NONE',  ( -0.4191237492028421200, -5.900915317458200500, 5.900915317458190800 ) ) ;
#2399 = LINE ( 'NONE', #1002, #3457 ) ;
#2400 = ORIENTED_EDGE ( 'NONE', *, *, #2611, .F. ) ;
#2401 = CARTESIAN_POINT ( 'NONE',  ( 9.999999999999996400, -3.999999999999999100, 7.000000000000000000 ) ) ;
#2402 = DIRECTION ( 'NONE',  ( 0.05232873513582461700, 0.05220004101858879300, -0.9972646886342373400 ) ) ;
#2403 = ORIENTED_EDGE ( 'NONE', *, *, #2701, .T. ) ;
#2404 = ORIENTED_EDGE ( 'NONE', *, *, #1909, .F. ) ;
#2405 = LINE ( 'NONE', #4311, #5954 ) ;
#2406 = VERTEX_POINT ( 'NONE', #3296 ) ;
#2407 = CARTESIAN_POINT ( 'NONE',  ( -5.363301038939014600, 8.499999999999994700, -3.636698961060993400 ) ) ;
#2408 = CARTESIAN_POINT ( 'NONE',  ( 1.092740023106995900, -5.800154332104861000, 5.800154332104851200 ) ) ;
#2409 = ORIENTED_EDGE ( 'NONE', *, *, #128, .F. ) ;
#2410 = CARTESIAN_POINT ( 'NONE',  ( -3.983977529785740900, 4.284720576274704500, 3.983977529785753800 ) ) ;
#2411 = EDGE_LOOP ( 'NONE', ( #4890, #3329 ) ) ;
#2412 = EDGE_LOOP ( 'NONE', ( #3500, #5755, #2644, #566 ) ) ;
#2413 = APPLICATION_PROTOCOL_DEFINITION ( 'draft international standard', 'automotive_design', 1998, #5169 ) ;
#2414 = CARTESIAN_POINT ( 'NONE',  ( -3.903339473522420300, -4.385702917731331100, 4.385702917731323100 ) ) ;
#2415 = ORIENTED_EDGE ( 'NONE', *, *, #277, .T. ) ;
#2416 = ORIENTED_EDGE ( 'NONE', *, *, #3740, .T. ) ;
#2417 = EDGE_CURVE ( 'NONE', #4394, #5715, #4838, .T. ) ;
#2418 = CARTESIAN_POINT ( 'NONE',  ( 3.999999999999998200, 9.999999999999998200, 5.299588860426372800 ) ) ;
#2419 = LINE ( 'NONE', #4077, #5977 ) ;
#2420 = FACE_OUTER_BOUND ( 'NONE', #5416, .T. ) ;
#2421 = LINE ( 'NONE', #2064, #3766 ) ;
#2422 = EDGE_LOOP ( 'NONE', ( #571, #1884, #5355, #3239, #3193, #1724 ) ) ;
#2423 = DIRECTION ( 'NONE',  ( -0.9986295347545739400, 0.0000000000000000000, 0.05233595624294395300 ) ) ;
#2424 = CARTESIAN_POINT ( 'NONE',  ( 2.724811302666568100, 5.219446831006525400, 4.918703784517571600 ) ) ;
#2425 = ORIENTED_EDGE ( 'NONE', *, *, #2842, .T. ) ;
#2426 = LINE ( 'NONE', #3268, #3636 ) ;
#2427 = CARTESIAN_POINT ( 'NONE',  ( 3.989444925404550500, 3.989444925404560300, -3.989444925404555000 ) ) ;
#2428 = DIRECTION ( 'NONE',  ( 0.0000000000000000000, 5.782411586589349400E-015, -1.000000000000000000 ) ) ;
#2429 = LINE ( 'NONE', #57, #4727 ) ;
#2430 = EDGE_CURVE ( 'NONE', #2381, #3108, #2399, .T. ) ;
#2431 = EDGE_LOOP ( 'NONE', ( #1022, #3, #1511, #4765 ) ) ;
#2432 = CARTESIAN_POINT ( 'NONE',  ( 9.999999999999998200, -6.700411139573630800, -4.000000000000024000 ) ) ;
#2433 = CARTESIAN_POINT ( 'NONE',  ( 9.999999999999998200, -7.000000000000013300, 3.999999999999975100 ) ) ;
#2434 = AXIS2_PLACEMENT_3D ( 'NONE', #5990, #3656, #903 ) ;
#2435 = EDGE_LOOP ( 'NONE', ( #4176, #5246, #2992, #4178 ) ) ;
#2436 = ORIENTED_EDGE ( 'NONE', *, *, #4375, .T. ) ;
#2437 = CARTESIAN_POINT ( 'NONE',  ( -5.000000000000027500, -3.999999999999983600, -10.00000000000000000 ) ) ;
#2438 = VECTOR ( 'NONE', #3133, 1000.000000000000200 ) ;
#2439 = CARTESIAN_POINT ( 'NONE',  ( -3.936287821487346200, -6.636698961061011200, -8.784299213127116700 ) ) ;
#2440 = CARTESIAN_POINT ( 'NONE',  ( -2.081766411704363500, 12.49999999999999600, 9.068980551792394700 ) ) ;
#2441 = CARTESIAN_POINT ( 'NONE',  ( 6.499999999999995600, 3.149999999999999900, -10.00000000000000200 ) ) ;
#2442 = SPHERICAL_SURFACE ( 'NONE', #5844, 0.2999999999999999900 ) ;
#2443 = DIRECTION ( 'NONE',  ( 0.02617694830786641800, 0.0000000000000000000, 0.9996573249755574800 ) ) ;
#2444 = CARTESIAN_POINT ( 'NONE',  ( -9.199999999999995700, 9.999999999999996400, 2.600000000000015600 ) ) ;
#2445 = LINE ( 'NONE', #4566, #3665 ) ;
#2446 = EDGE_CURVE ( 'NONE', #507, #4528, #4697, .T. ) ;
#2447 = CARTESIAN_POINT ( 'NONE',  ( 4.284720576274695600, -3.983977529785759100, 3.983977529785743600 ) ) ;
#2448 = VECTOR ( 'NONE', #1578, 1000.000000000000100 ) ;
#2449 = DIRECTION ( 'NONE',  ( -0.0000000000000000000, 1.000000000000000000, 3.469446951953614200E-015 ) ) ;
#2450 = DIRECTION ( 'NONE',  ( 0.0000000000000000000, -0.9996573249755575900, -0.02617694830786553000 ) ) ;
#2451 = AXIS2_PLACEMENT_3D ( 'NONE', #1596, #2068, #5298 ) ;
#2452 = CARTESIAN_POINT ( 'NONE',  ( 8.784299213127114900, -5.363301038939038500, 3.936287821487327100 ) ) ;
#2453 = DIRECTION ( 'NONE',  ( 1.000000000000000000, -1.805304455399569900E-016, -0.0000000000000000000 ) ) ;
#2454 = CARTESIAN_POINT ( 'NONE',  ( -5.299588860426387900, 9.999999999999996400, 3.999999999999980900 ) ) ;
#2455 = CARTESIAN_POINT ( 'NONE',  ( 9.999999999999998200, -5.000000000000012400, 3.700411139573609500 ) ) ;
#2456 = EDGE_CURVE ( 'NONE', #5509, #5401, #2256, .T. ) ;
#2457 = EDGE_CURVE ( 'NONE', #4774, #4323, #1009, .T. ) ;
#2458 = FACE_OUTER_BOUND ( 'NONE', #1077, .T. ) ;
#2459 = CARTESIAN_POINT ( 'NONE',  ( -6.990596312627109100, 3.639155538541259300, -8.500000000000000000 ) ) ;
#2460 = ORIENTED_EDGE ( 'NONE', *, *, #374, .T. ) ;
#2461 = ORIENTED_EDGE ( 'NONE', *, *, #646, .T. ) ;
#2462 = ORIENTED_EDGE ( 'NONE', *, *, #943, .F. ) ;
#2463 = EDGE_LOOP ( 'NONE', ( #1393, #1325, #4759, #1563 ) ) ;
#2464 = VECTOR ( 'NONE', #4967, 1000.000000000000000 ) ;
#2465 = AXIS2_PLACEMENT_3D ( 'NONE', #5514, #2266, #5992 ) ;
#2466 = VERTEX_POINT ( 'NONE', #5257 ) ;
#2467 = EDGE_CURVE ( 'NONE', #5171, #3709, #870, .T. ) ;
#2468 = ORIENTED_EDGE ( 'NONE', *, *, #1129, .T. ) ;
#2469 = ORIENTED_EDGE ( 'NONE', *, *, #3576, .F. ) ;
#2470 = ORIENTED_EDGE ( 'NONE', *, *, #1829, .T. ) ;
#2471 = DIRECTION ( 'NONE',  ( -0.0000000000000000000, -0.0000000000000000000, 1.000000000000000000 ) ) ;
#2472 = CARTESIAN_POINT ( 'NONE',  ( -3.149999999999999900, 6.500000000000005300, -6.500000000000000900 ) ) ;
#2473 = AXIS2_PLACEMENT_3D ( 'NONE', #1914, #2370, #5140 ) ;
#2474 = EDGE_LOOP ( 'NONE', ( #4572, #877, #3383, #3470 ) ) ;
#2475 = CARTESIAN_POINT ( 'NONE',  ( 1.558083341498087900, 5.398255278253543600, -5.398255278253543600 ) ) ;
#2476 = DIRECTION ( 'NONE',  ( -0.0000000000000000000, 1.000000000000000000, -0.0000000000000000000 ) ) ;
#2477 = CARTESIAN_POINT ( 'NONE',  ( -8.560094104986101000, -2.393042822290325200E-016, 0.0000000000000000000 ) ) ;
#2478 = DIRECTION ( 'NONE',  ( 0.0000000000000000000, -1.000000000000000000, 0.0000000000000000000 ) ) ;
#2479 = ORIENTED_EDGE ( 'NONE', *, *, #18, .T. ) ;
#2480 = CARTESIAN_POINT ( 'NONE',  ( 8.499999999999996400, -6.636698961060977500, -3.636698961060997400 ) ) ;
#2481 = LINE ( 'NONE', #3806, #4786 ) ;
#2482 = VECTOR ( 'NONE', #4741, 1000.000000000000000 ) ;
#2483 = DIRECTION ( 'NONE',  ( -8.758115402030106700E-047, -1.000000000000000000, -3.469446951953614600E-015 ) ) ;
#2484 = ORIENTED_EDGE ( 'NONE', *, *, #2031, .T. ) ;
#2485 = EDGE_LOOP ( 'NONE', ( #5647, #1922, #86, #1311 ) ) ;
#2486 = LINE ( 'NONE', #2472, #34 ) ;
#2487 = CARTESIAN_POINT ( 'NONE',  ( -2.585795833911531900, 10.27103163466928300, 9.185795833911530700 ) ) ;
#2488 = EDGE_CURVE ( 'NONE', #3077, #2551, #4555, .T. ) ;
#2489 = DIRECTION ( 'NONE',  ( 0.0000000000000000000, 0.0000000000000000000, 1.000000000000000000 ) ) ;
#2490 = EDGE_CURVE ( 'NONE', #2963, #5138, #4390, .T. ) ;
#2491 = VECTOR ( 'NONE', #724, 1000.000000000000000 ) ;
#2492 = DIRECTION ( 'NONE',  ( 0.0000000000000000000, 1.000000000000000000, 0.0000000000000000000 ) ) ;
#2493 = DIRECTION ( 'NONE',  ( -1.000000000000000000, -2.220446049250313100E-016, 0.0000000000000000000 ) ) ;
#2494 = CARTESIAN_POINT ( 'NONE',  ( 2.585795833911614100, -9.185795833911511100, -10.27103163466928500 ) ) ;
#2495 = AXIS2_PLACEMENT_3D ( 'NONE', #2579, #4418, #1654 ) ;
#2496 = VERTEX_POINT ( 'NONE', #3409 ) ;
#2497 = DIRECTION ( 'NONE',  ( -0.0000000000000000000, -1.334402673828313600E-015, -1.000000000000000000 ) ) ;
#2498 = VERTEX_POINT ( 'NONE', #5279 ) ;
#2499 = ORIENTED_EDGE ( 'NONE', *, *, #4799, .F. ) ;
#2500 = EDGE_CURVE ( 'NONE', #2718, #5242, #2097, .T. ) ;
#2501 = ORIENTED_EDGE ( 'NONE', *, *, #5082, .T. ) ;
#2502 = ORIENTED_EDGE ( 'NONE', *, *, #1504, .F. ) ;
#2503 = LINE ( 'NONE', #4694, #1122 ) ;
#2504 = DIRECTION ( 'NONE',  ( 1.000000000000000000, -0.0000000000000000000, -0.0000000000000000000 ) ) ;
#2505 = AXIS2_PLACEMENT_3D ( 'NONE', #1027, #4246, #1492 ) ;
#2506 = AXIS2_PLACEMENT_3D ( 'NONE', #891, #4105, #1356 ) ;
#2507 = ADVANCED_FACE ( 'NONE', ( #5943 ), #216, .T. ) ;
#2508 = CARTESIAN_POINT ( 'NONE',  ( 11.55233595624294200, -2.518645519832090100, 9.118645519832091000 ) ) ;
#2509 = ORIENTED_EDGE ( 'NONE', *, *, #95, .F. ) ;
#2510 = DIRECTION ( 'NONE',  ( -0.0000000000000000000, -0.0000000000000000000, -1.000000000000000000 ) ) ;
#2511 = ORIENTED_EDGE ( 'NONE', *, *, #1954, .T. ) ;
#2512 = CARTESIAN_POINT ( 'NONE',  ( 8.784299213127113100, -6.636698961060977500, -3.936287821487370200 ) ) ;
#2513 = CARTESIAN_POINT ( 'NONE',  ( 9.999999999999996400, 8.000000000000005300, -10.00000000000000200 ) ) ;
#2514 = VECTOR ( 'NONE', #1486, 1000.000000000000000 ) ;
#2515 = CARTESIAN_POINT ( 'NONE',  ( 8.799999999999998900, -5.363301038939038500, 3.636698961060955200 ) ) ;
#2516 = VECTOR ( 'NONE', #5751, 1000.000000000000200 ) ;
#2517 = CARTESIAN_POINT ( 'NONE',  ( 8.515615011263472300, -3.622617818712863700, 6.922206679139234700 ) ) ;
#2518 = VERTEX_POINT ( 'NONE', #2070 ) ;
#2519 = VECTOR ( 'NONE', #4306, 1000.000000000000000 ) ;
#2520 = CARTESIAN_POINT ( 'NONE',  ( -3.922206679139237800, 8.515615011263470500, 6.622617818712861900 ) ) ;
#2521 = CARTESIAN_POINT ( 'NONE',  ( -5.900915317458196100, -0.2092143362362514100, 5.900915317458205900 ) ) ;
#2522 = CARTESIAN_POINT ( 'NONE',  ( -5.363301038939041200, 8.784299213127113100, 3.936287821487327100 ) ) ;
#2523 = LINE ( 'NONE', #2723, #1299 ) ;
#2524 = EDGE_CURVE ( 'NONE', #436, #4292, #5026, .T. ) ;
#2525 = ORIENTED_EDGE ( 'NONE', *, *, #5911, .F. ) ;
#2526 = CARTESIAN_POINT ( 'NONE',  ( 9.999999999999998200, 6.500000000000005300, -3.149999999999999900 ) ) ;
#2527 = CARTESIAN_POINT ( 'NONE',  ( 8.799999999999997200, -5.363301038939011900, -3.636698961060993900 ) ) ;
#2528 = DIRECTION ( 'NONE',  ( 0.0000000000000000000, -1.000000000000000000, -1.668003342285392000E-016 ) ) ;
#2529 = AXIS2_PLACEMENT_3D ( 'NONE', #4962, #3109, #348 ) ;
#2530 =( BOUNDED_CURVE ( )  B_SPLINE_CURVE ( 3, ( #2508, #2959, #3420, #647 ),
 .UNSPECIFIED., .F., .F. ) 
 B_SPLINE_CURVE_WITH_KNOTS ( ( 4, 4 ),
 ( 4.764748857944516300, 6.283185307179584500 ),
 .UNSPECIFIED. ) 
 CURVE ( )  GEOMETRIC_REPRESENTATION_ITEM ( )  RATIONAL_B_SPLINE_CURVE ( ( 1.000000000000000000, 0.8169162473415246800, 0.8169162473415246800, 1.000000000000000000 ) ) 
 REPRESENTATION_ITEM ( '' )  );
#2531 = LINE ( 'NONE', #3277, #1304 ) ;
#2532 = DIRECTION ( 'NONE',  ( 3.577867169202164600E-015, 7.944461020597347900E-031, -1.000000000000000000 ) ) ;
#2533 = CARTESIAN_POINT ( 'NONE',  ( -5.362853473641110600, -3.636251946458865200, -8.800000000000000700 ) ) ;
#2534 = AXIS2_PLACEMENT_3D ( 'NONE', #37, #4162, #2825 ) ;
#2535 = EDGE_CURVE ( 'NONE', #3218, #5311, #5920, .T. ) ;
#2536 = ORIENTED_EDGE ( 'NONE', *, *, #3788, .T. ) ;
#2537 = DIRECTION ( 'NONE',  ( -1.000000000000000000, 1.515216750768385200E-016, -2.891205793294679400E-015 ) ) ;
#2538 = VECTOR ( 'NONE', #3781, 1000.000000000000000 ) ;
#2539 = ADVANCED_FACE ( 'NONE', ( #4247 ), #1810, .F. ) ;
#2540 = CYLINDRICAL_SURFACE ( 'NONE', #59, 0.2999999999999998800 ) ;
#2541 = CARTESIAN_POINT ( 'NONE',  ( 4.511701359752509100, -3.748591083751737800, 4.210958313263555300 ) ) ;
#2542 = ORIENTED_EDGE ( 'NONE', *, *, #363, .F. ) ;
#2543 = ORIENTED_EDGE ( 'NONE', *, *, #742, .T. ) ;
#2544 = ORIENTED_EDGE ( 'NONE', *, *, #3369, .T. ) ;
#2545 = CARTESIAN_POINT ( 'NONE',  ( -4.384874853419027800, -3.904136872555148900, 4.384874853419040300 ) ) ;
#2546 = ORIENTED_EDGE ( 'NONE', *, *, #4339, .T. ) ;
#2547 = ORIENTED_EDGE ( 'NONE', *, *, #5052, .T. ) ;
#2548 = CARTESIAN_POINT ( 'NONE',  ( 9.999999999999996400, -3.999999999999999100, 5.299588860426372800 ) ) ;
#2549 = PRODUCT_RELATED_PRODUCT_CATEGORY ( 'part', '', ( #4423 ) ) ;
#2550 = SPHERICAL_SURFACE ( 'NONE', #1032, 0.2999999999999999900 ) ;
#2551 = VERTEX_POINT ( 'NONE', #265 ) ;
#2552 = DIRECTION ( 'NONE',  ( -0.9996573249755574800, 3.205751595667438900E-018, -0.02617694830786646300 ) ) ;
#2553 = DIRECTION ( 'NONE',  ( -0.05232873513582462400, -0.05220004101858879300, 0.9972646886342374500 ) ) ;
#2554 = VERTEX_POINT ( 'NONE', #3493 ) ;
#2555 = VECTOR ( 'NONE', #5462, 1000.000000000000000 ) ;
#2556 = CARTESIAN_POINT ( 'NONE',  ( 4.349375588130148400, 4.349375588130156300, 3.593320215096964500 ) ) ;
#2557 = CARTESIAN_POINT ( 'NONE',  ( 3.876005637310966800, 10.00000000000000700, 6.999999999999998200 ) ) ;
#2558 = LINE ( 'NONE', #504, #5978 ) ;
#2559 = LINE ( 'NONE', #2044, #101 ) ;
#2560 = ORIENTED_EDGE ( 'NONE', *, *, #3096, .T. ) ;
#2561 = CARTESIAN_POINT ( 'NONE',  ( -4.247323445741763200, 4.049275137276571200, 4.247323445741772100 ) ) ;
#2562 = ORIENTED_EDGE ( 'NONE', *, *, #2186, .T. ) ;
#2563 = FACE_OUTER_BOUND ( 'NONE', #893, .T. ) ;
#2564 = CARTESIAN_POINT ( 'NONE',  ( 0.0000000000000000000, -9.999999999999994700, 0.0000000000000000000 ) ) ;
#2565 = DIRECTION ( 'NONE',  ( 0.0000000000000000000, 0.0000000000000000000, -1.000000000000000000 ) ) ;
#2566 = VECTOR ( 'NONE', #1900, 1000.000000000000000 ) ;
#2567 = EDGE_LOOP ( 'NONE', ( #948, #2210, #2080, #1415 ) ) ;
#2568 = ADVANCED_FACE ( 'NONE', ( #709 ), #3025, .T. ) ;
#2569 = CARTESIAN_POINT ( 'NONE',  ( 10.11466723005238700, 2.593990545116417100, 7.006009454883583000 ) ) ;
#2570 = EDGE_CURVE ( 'NONE', #4519, #2627, #556, .T. ) ;
#2571 = EDGE_CURVE ( 'NONE', #878, #5799, #5501, .T. ) ;
#2572 = EDGE_CURVE ( 'NONE', #1316, #815, #3016, .T. ) ;
#2573 = CARTESIAN_POINT ( 'NONE',  ( -6.935839064013793900, -3.634315312362251600, -8.784299213127116700 ) ) ;
#2574 = CARTESIAN_POINT ( 'NONE',  ( 2.518645519832088700, 11.55233595624294200, 9.199999999999999300 ) ) ;
#2575 = ORIENTED_EDGE ( 'NONE', *, *, #5626, .T. ) ;
#2576 = CARTESIAN_POINT ( 'NONE',  ( -6.999551194238624600, -3.634236871030990900, -8.800000000000000700 ) ) ;
#2577 = CARTESIAN_POINT ( 'NONE',  ( -9.068980551792400000, 2.518645519832091000, -11.55233595624294400 ) ) ;
#2578 = CIRCLE ( 'NONE', #3274, 2.600000000000001000 ) ;
#2579 = CARTESIAN_POINT ( 'NONE',  ( -2.600000000000001400, 9.999999999999996400, 9.199999999999999300 ) ) ;
#2580 = LINE ( 'NONE', #1291, #2438 ) ;
#2581 = CARTESIAN_POINT ( 'NONE',  ( 3.557481457854005800E-015, 0.0000000000000000000, 8.973109937359515300 ) ) ;
#2582 = EDGE_CURVE ( 'NONE', #3478, #5608, #267, .T. ) ;
#2583 = DIRECTION ( 'NONE',  ( 2.220446049250305400E-016, -1.000000000000000000, 2.168404344971008900E-016 ) ) ;
#2584 = CARTESIAN_POINT ( 'NONE',  ( -6.990301682389954900, 3.878462033419359100, -10.00000000000000000 ) ) ;
#2585 = CYLINDRICAL_SURFACE ( 'NONE', #3340, 0.2999999999999999300 ) ;
#2586 = DIRECTION ( 'NONE',  ( 2.905134055610226800E-016, 1.000000000000000000, 0.0000000000000000000 ) ) ;
#2587 = EDGE_LOOP ( 'NONE', ( #2229, #1207, #3104, #5684, #3469, #232, #5584 ) ) ;
#2588 = PLANE ( 'NONE',  #4461 ) ;
#2589 = LINE ( 'NONE', #3840, #423 ) ;
#2590 = DIRECTION ( 'NONE',  ( 1.734723475976807100E-016, -1.000000000000000000, 0.0000000000000000000 ) ) ;
#2591 = CARTESIAN_POINT ( 'NONE',  ( 5.137981081611743900, 5.137981081611751000, 2.264319683272646900 ) ) ;
#2592 = ORIENTED_EDGE ( 'NONE', *, *, #5310, .F. ) ;
#2593 = CARTESIAN_POINT ( 'NONE',  ( 12.11331652343349000, 2.489245774084695400, 9.089245774084693300 ) ) ;
#2594 = ADVANCED_FACE ( 'NONE', ( #1646 ), #279, .F. ) ;
#2595 = CARTESIAN_POINT ( 'NONE',  ( 8.499999999999996400, -3.636698961060973900, 7.000000000000000000 ) ) ;
#2596 = CARTESIAN_POINT ( 'NONE',  ( -1.295296058570566600, 5.454895446108831300, -5.454895446108833900 ) ) ;
#2597 = VECTOR ( 'NONE', #3616, 1000.000000000000000 ) ;
#2598 = VERTEX_POINT ( 'NONE', #1247 ) ;
#2599 = EDGE_CURVE ( 'NONE', #4021, #3282, #1505, .T. ) ;
#2600 = ORIENTED_EDGE ( 'NONE', *, *, #2866, .F. ) ;
#2601 = ORIENTED_EDGE ( 'NONE', *, *, #2362, .F. ) ;
#2602 = FACE_OUTER_BOUND ( 'NONE', #1395, .T. ) ;
#2603 = CARTESIAN_POINT ( 'NONE',  ( 3.636698961060972600, 8.799999999999997200, 5.363301038939027000 ) ) ;
#2604 = ORIENTED_EDGE ( 'NONE', *, *, #3669, .T. ) ;
#2605 = AXIS2_PLACEMENT_3D ( 'NONE', #1360, #4587, #1823 ) ;
#2606 = ORIENTED_EDGE ( 'NONE', *, *, #3410, .F. ) ;
#2607 = DIRECTION ( 'NONE',  ( 3.497543079678235300E-032, -0.0000000000000000000, 1.000000000000000000 ) ) ;
#2608 = VERTEX_POINT ( 'NONE', #5403 ) ;
#2609 = VERTEX_POINT ( 'NONE', #5879 ) ;
#2610 = AXIS2_PLACEMENT_3D ( 'NONE', #5268, #2510, #5742 ) ;
#2611 = EDGE_CURVE ( 'NONE', #5498, #4090, #5344, .T. ) ;
#2612 = CARTESIAN_POINT ( 'NONE',  ( 4.966596636500485200, 4.966596636500492300, -2.646668167517462600 ) ) ;
#2613 = VERTEX_POINT ( 'NONE', #2634 ) ;
#2614 = CARTESIAN_POINT ( 'NONE',  ( -4.000000000000000000, -6.700411139573665400, -10.00000000000000000 ) ) ;
#2615 = ADVANCED_FACE ( 'NONE', ( #5062 ), #4112, .F. ) ;
#2616 = CARTESIAN_POINT ( 'NONE',  ( 8.784299213127113100, -5.063712178512639100, -3.636698961060993000 ) ) ;
#2617 = CARTESIAN_POINT ( 'NONE',  ( 6.499999999999995600, -3.149999999999999900, -10.00000000000000200 ) ) ;
#2618 = CARTESIAN_POINT ( 'NONE',  ( 8.799999999999997200, -3.636698961060973900, 6.636698961060972100 ) ) ;
#2619 = ORIENTED_EDGE ( 'NONE', *, *, #2767, .T. ) ;
#2620 = AXIS2_PLACEMENT_3D ( 'NONE', #1324, #2264, #5493 ) ;
#2621 = CARTESIAN_POINT ( 'NONE',  ( 12.50000000000000000, -7.131019448207597500, 2.081766411704374200 ) ) ;
#2622 = LINE ( 'NONE', #2876, #1255 ) ;
#2623 = ADVANCED_FACE ( 'NONE', ( #5191 ), #5424, .T. ) ;
#2624 = LINE ( 'NONE', #3773, #1399 ) ;
#2625 = CARTESIAN_POINT ( 'NONE',  ( 11.49999999999999600, -1.520015985077516300, 9.199999999999999300 ) ) ;
#2626 = VERTEX_POINT ( 'NONE', #3547 ) ;
#2627 = VERTEX_POINT ( 'NONE', #347 ) ;
#2628 = VECTOR ( 'NONE', #3794, 1000.000000000000000 ) ;
#2629 = DIRECTION ( 'NONE',  ( -0.9986295347545737200, -0.05233595624294422300, 0.0000000000000000000 ) ) ;
#2630 = FACE_OUTER_BOUND ( 'NONE', #5673, .T. ) ;
#2631 = CARTESIAN_POINT ( 'NONE',  ( 1.520015985077579800, -7.131019448207593900, -12.50000000000000000 ) ) ;
#2632 = CARTESIAN_POINT ( 'NONE',  ( 0.0000000000000000000, 7.500000000000007100, 0.0000000000000000000 ) ) ;
#2633 = CARTESIAN_POINT ( 'NONE',  ( -5.299218776322763200, -3.999631379062490700, -10.00000000000000000 ) ) ;
#2634 = CARTESIAN_POINT ( 'NONE',  ( -9.118645519832094600, 11.55233595624294200, -2.518645519832075400 ) ) ;
#2635 = CARTESIAN_POINT ( 'NONE',  ( -4.391922499656962100, -4.391922499656979000, 3.897350218173800700 ) ) ;
#2636 = DIRECTION ( 'NONE',  ( 0.0000000000000000000, 1.000000000000000000, 0.0000000000000000000 ) ) ;
#2637 = CARTESIAN_POINT ( 'NONE',  ( 3.636698961060974800, -5.063712178512681700, -8.784299213127116700 ) ) ;
#2638 = ORIENTED_EDGE ( 'NONE', *, *, #2869, .T. ) ;
#2639 = EDGE_CURVE ( 'NONE', #3077, #48, #3799, .T. ) ;
#2640 = CARTESIAN_POINT ( 'NONE',  ( -6.636250430647525200, -3.634684160981009000, -8.800000000000000700 ) ) ;
#2641 = ORIENTED_EDGE ( 'NONE', *, *, #3400, .F. ) ;
#2642 = VERTEX_POINT ( 'NONE', #3572 ) ;
#2643 = CARTESIAN_POINT ( 'NONE',  ( -8.500000000000008900, -9.999999999999994700, 10.00000000000000000 ) ) ;
#2644 = ORIENTED_EDGE ( 'NONE', *, *, #1214, .T. ) ;
#2645 = VERTEX_POINT ( 'NONE', #4507 ) ;
#2646 = AXIS2_PLACEMENT_3D ( 'NONE', #3069, #307, #3531 ) ;
#2647 = CARTESIAN_POINT ( 'NONE',  ( -5.275153271832008000, -1.916814378775055800, -5.575896318320963600 ) ) ;
#2648 = ADVANCED_FACE ( 'NONE', ( #1378 ), #144, .F. ) ;
#2649 = EDGE_CURVE ( 'NONE', #5715, #4394, #3948, .T. ) ;
#2650 = FACE_OUTER_BOUND ( 'NONE', #3999, .T. ) ;
#2651 = EDGE_LOOP ( 'NONE', ( #3034, #5076, #1681 ) ) ;
#2652 = CARTESIAN_POINT ( 'NONE',  ( 0.0000000000000000000, 7.500000000000007100, 0.0000000000000000000 ) ) ;
#2653 = CARTESIAN_POINT ( 'NONE',  ( 3.557481457854005800E-015, 0.0000000000000000000, 8.973109937359515300 ) ) ;
#2654 = AXIS2_PLACEMENT_3D ( 'NONE', #523, #502, #3745 ) ;
#2655 = VERTEX_POINT ( 'NONE', #840 ) ;
#2656 = CARTESIAN_POINT ( 'NONE',  ( 12.49999999999999600, -1.520015985077513900, 7.131019448207601900 ) ) ;
#2657 = AXIS2_PLACEMENT_3D ( 'NONE', #4931, #2162, #5393 ) ;
#2658 = ADVANCED_FACE ( 'NONE', ( #2458 ), #5003, .T. ) ;
#2659 = CARTESIAN_POINT ( 'NONE',  ( 9.999999999999998200, -9.199999999999994000, 2.600000000000015600 ) ) ;
#2660 = DIRECTION ( 'NONE',  ( 1.000000000000000000, 0.0000000000000000000, 0.0000000000000000000 ) ) ;
#2661 = DIRECTION ( 'NONE',  ( 0.0000000000000000000, -1.000000000000000000, 0.0000000000000000000 ) ) ;
#2662 = EDGE_CURVE ( 'NONE', #3960, #4126, #1230, .T. ) ;
#2663 = LINE ( 'NONE', #5614, #5113 ) ;
#2664 = CARTESIAN_POINT ( 'NONE',  ( -5.690366903605918100, -5.690366903605934100, 1.554859889374049300 ) ) ;
#2665 = CARTESIAN_POINT ( 'NONE',  ( 10.01561501126347100, -3.701229487637424800, 4.999181651936202000 ) ) ;
#2666 = CARTESIAN_POINT ( 'NONE',  ( -6.936287821487352000, 8.784299213127111400, -3.636698961060997400 ) ) ;
#2667 = VECTOR ( 'NONE', #2311, 1000.000000000000000 ) ;
#2668 = CARTESIAN_POINT ( 'NONE',  ( -4.726657394639629800, 3.051913810587397100, -5.027400441128596900 ) ) ;
#2669 = DIRECTION ( 'NONE',  ( 0.0000000000000000000, -1.734723475976807100E-015, -1.000000000000000000 ) ) ;
#2670 = ORIENTED_EDGE ( 'NONE', *, *, #2073, .T. ) ;
#2672 = CYLINDRICAL_SURFACE ( 'NONE', #3689, 0.3000000000000003200 ) ;
#2671 = AXIS2_PLACEMENT_3D ( 'NONE', #5792, #3468, #2090 ) ;
#2673 = FACE_OUTER_BOUND ( 'NONE', #5989, .T. ) ;
#2674 = DIRECTION ( 'NONE',  ( 0.05233595624294414700, 0.0000000000000000000, 0.9986295347545737200 ) ) ;
#2675 = ORIENTED_EDGE ( 'NONE', *, *, #2736, .F. ) ;
#2676 = ORIENTED_EDGE ( 'NONE', *, *, #4593, .T. ) ;
#2677 = CARTESIAN_POINT ( 'NONE',  ( 9.999999999999994700, 3.876005637310969000, 5.000000000000000900 ) ) ;
#2678 = CARTESIAN_POINT ( 'NONE',  ( -3.149999999999999900, 10.00000000000000500, -6.500000000000000900 ) ) ;
#2679 = LINE ( 'NONE', #5596, #4992 ) ;
#2680 = DIRECTION ( 'NONE',  ( 0.0000000000000000000, 1.000000000000000000, 0.0000000000000000000 ) ) ;
#2681 = CARTESIAN_POINT ( 'NONE',  ( -4.000000000000001800, 9.999999999999994700, 5.299588860426373700 ) ) ;
#2682 = ADVANCED_FACE ( 'NONE', ( #1 ), #5945, .F. ) ;
#2683 = CARTESIAN_POINT ( 'NONE',  ( -5.127346453142638300, -5.127346453142656900, -2.885966702101586500 ) ) ;
#2684 = CARTESIAN_POINT ( 'NONE',  ( 5.599759547452980400, -0.3734207397880230900, -5.599759547452982200 ) ) ;
#2685 = LINE ( 'NONE', #1037, #2538 ) ;
#2686 = DIRECTION ( 'NONE',  ( 1.000000000000000000, 0.0000000000000000000, -0.0000000000000000000 ) ) ;
#2687 = FACE_OUTER_BOUND ( 'NONE', #3097, .T. ) ;
#2688 = CARTESIAN_POINT ( 'NONE',  ( -6.876004215475644400, -3.997690294334959900, -10.00000000000000000 ) ) ;
#2689 = ORIENTED_EDGE ( 'NONE', *, *, #314, .T. ) ;
#2690 = DIRECTION ( 'NONE',  ( 0.05220004101858876500, -0.05232873513582458900, 0.9972646886342373400 ) ) ;
#2691 = EDGE_CURVE ( 'NONE', #1174, #4833, #699, .T. ) ;
#2692 = EDGE_CURVE ( 'NONE', #2627, #1561, #3670, .T. ) ;
#2693 = EDGE_CURVE ( 'NONE', #2655, #1980, #127, .T. ) ;
#2694 = ORIENTED_EDGE ( 'NONE', *, *, #3812, .T. ) ;
#2695 = ADVANCED_FACE ( 'NONE', ( #961 ), #4910, .T. ) ;
#2696 = CARTESIAN_POINT ( 'NONE',  ( -2.518645519832092300, 11.55233595624294000, 7.081354480167908200 ) ) ;
#2697 = CARTESIAN_POINT ( 'NONE',  ( -3.876005637310968600, -7.000000000000038200, -10.00000000000000200 ) ) ;
#2698 = EDGE_LOOP ( 'NONE', ( #2325, #5572, #939, #5390 ) ) ;
#2699 = CARTESIAN_POINT ( 'NONE',  ( -2.600000000000001400, 12.49999999999999600, 9.199999999999999300 ) ) ;
#2700 = ORIENTED_EDGE ( 'NONE', *, *, #5430, .T. ) ;
#2701 = EDGE_CURVE ( 'NONE', #3150, #5777, #5259, .T. ) ;
#2702 = SPHERICAL_SURFACE ( 'NONE', #4867, 0.2999999999999999900 ) ;
#2703 = DIRECTION ( 'NONE',  ( -3.497543079678235300E-032, 0.0000000000000000000, -1.000000000000000000 ) ) ;
#2704 = ORIENTED_EDGE ( 'NONE', *, *, #608, .T. ) ;
#2705 = ORIENTED_EDGE ( 'NONE', *, *, #4339, .F. ) ;
#2706 = CARTESIAN_POINT ( 'NONE',  ( 3.557481457854005800E-015, 0.0000000000000000000, 10.00000000000000000 ) ) ;
#2707 = VECTOR ( 'NONE', #5915, 1000.000000000000000 ) ;
#2708 = VECTOR ( 'NONE', #3676, 1000.000000000000200 ) ;
#2709 = DIRECTION ( 'NONE',  ( -0.001231182688946990100, -0.9999992420943060200, 0.0000000000000000000 ) ) ;
#2710 = LINE ( 'NONE', #3381, #246 ) ;
#2711 = EDGE_LOOP ( 'NONE', ( #4290, #2138, #1029, #5025 ) ) ;
#2712 = DIRECTION ( 'NONE',  ( -0.05220004101858877900, 0.05232873513582474200, 0.9972646886342373400 ) ) ;
#2713 = CARTESIAN_POINT ( 'NONE',  ( 8.499999999999996400, -6.636698961060978300, -3.921388331075458500 ) ) ;
#2714 = ORIENTED_EDGE ( 'NONE', *, *, #3972, .F. ) ;
#2715 = FACE_OUTER_BOUND ( 'NONE', #1075, .T. ) ;
#2716 = CARTESIAN_POINT ( 'NONE',  ( -5.518619233915012000, 5.819362280403970200, -0.9372942235171198800 ) ) ;
#2717 = ADVANCED_FACE ( 'NONE', ( #2814 ), #5120, .F. ) ;
#2718 = VERTEX_POINT ( 'NONE', #1047 ) ;
#2719 = ORIENTED_EDGE ( 'NONE', *, *, #4031, .F. ) ;
#2720 = FILL_AREA_STYLE_COLOUR ( '', #3850 ) ;
#2721 = B_SPLINE_CURVE_WITH_KNOTS ( 'NONE', 3,
 ( #5928, #2684, #3134, #377, #3596, #845, #4063, #1310, #4537, #1773, #5008, #2250 ),
 .UNSPECIFIED., .F., .F.,
 ( 4, 2, 2, 2, 2, 4 ),
 ( 0.01044901683351695200, 0.01156182529612157500, 0.01211822952742388500, 0.01267463375872619600, 0.01378744222133082000, 0.01490025068393544500 ),
 .UNSPECIFIED. ) ;
#2722 = ADVANCED_FACE ( 'NONE', ( #1572 ), #2672, .F. ) ;
#2723 = CARTESIAN_POINT ( 'NONE',  ( -9.200000000000004600, 2.600000000000000100, -10.00000000000000000 ) ) ;
#2724 = PLANE ( 'NONE',  #5225 ) ;
#2725 = CARTESIAN_POINT ( 'NONE',  ( -5.363301038939014600, 8.799999999999995400, -3.636698961060993400 ) ) ;
#2726 = DIRECTION ( 'NONE',  ( -0.7071067811865496800, 8.659560562354958700E-017, 0.7071067811865454600 ) ) ;
#2727 = EDGE_CURVE ( 'NONE', #3345, #150, #1834, .T. ) ;
#2728 = FACE_BOUND ( 'NONE', #2178, .T. ) ;
#2729 = CARTESIAN_POINT ( 'NONE',  ( -3.636698961060974800, -5.363301038939054500, -8.800000000000000700 ) ) ;
#2730 = VECTOR ( 'NONE', #1745, 1000.000000000000000 ) ;
#2731 = DIRECTION ( 'NONE',  ( 1.000000000000000000, 0.0000000000000000000, -1.445602896647339500E-015 ) ) ;
#2732 = AXIS2_PLACEMENT_3D ( 'NONE', #5229, #2478, #5706 ) ;
#2733 = CARTESIAN_POINT ( 'NONE',  ( -4.431802751448321600, 4.732545797937280700, 3.478353961794480800 ) ) ;
#2734 = AXIS2_PLACEMENT_3D ( 'NONE', #2323, #5553, #2778 ) ;
#2735 = CIRCLE ( 'NONE', #1811, 0.2999999999999998800 ) ;
#2736 = EDGE_CURVE ( 'NONE', #2554, #5401, #3867, .T. ) ;
#2737 = CARTESIAN_POINT ( 'NONE',  ( 0.0000000000000000000, -8.560094104986090400, 0.0000000000000000000 ) ) ;
#2738 = LINE ( 'NONE', #5437, #268 ) ;
#2739 = CARTESIAN_POINT ( 'NONE',  ( 3.149999999999999900, 6.500000000000005300, -10.00000000000000200 ) ) ;
#2740 = AXIS2_PLACEMENT_3D ( 'NONE', #925, #4596, #1852 ) ;
#2741 = ADVANCED_FACE ( 'NONE', ( #1434 ), #4760, .T. ) ;
#2742 = FACE_OUTER_BOUND ( 'NONE', #4851, .T. ) ;
#2743 = CARTESIAN_POINT ( 'NONE',  ( 2.599999999999998300, 12.49999999999999800, 7.131019448207602800 ) ) ;
#2744 = DIRECTION ( 'NONE',  ( 0.05226442768871417800, 0.9972646886342374500, 0.05226442768871424800 ) ) ;
#2745 = ORIENTED_EDGE ( 'NONE', *, *, #5310, .T. ) ;
#2746 = VECTOR ( 'NONE', #2175, 999.9999999999998900 ) ;
#2747 = ADVANCED_FACE ( 'NONE', ( #4023 ), #1086, .T. ) ;
#2748 = ORIENTED_EDGE ( 'NONE', *, *, #5010, .F. ) ;
#2749 = VERTEX_POINT ( 'NONE', #3832 ) ;
#2750 = DIRECTION ( 'NONE',  ( -0.0000000000000000000, 1.000000000000000000, -0.0000000000000000000 ) ) ;
#2751 = VERTEX_POINT ( 'NONE', #5244 ) ;
#2752 = EDGE_LOOP ( 'NONE', ( #4236, #5145, #3581 ) ) ;
#2753 = VECTOR ( 'NONE', #5886, 1000.000000000000000 ) ;
#2754 = EDGE_LOOP ( 'NONE', ( #5820, #30 ) ) ;
#2755 = CARTESIAN_POINT ( 'NONE',  ( -7.081354480167913600, -2.518645519832091000, -11.55233595624294400 ) ) ;
#2756 = EDGE_CURVE ( 'NONE', #3127, #5073, #209, .T. ) ;
#2757 = ORIENTED_EDGE ( 'NONE', *, *, #1562, .F. ) ;
#2758 = CARTESIAN_POINT ( 'NONE',  ( -2.907562294565454700, 5.104984485813907300, 4.804241439324954400 ) ) ;
#2759 = ORIENTED_EDGE ( 'NONE', *, *, #578, .F. ) ;
#2760 = ORIENTED_EDGE ( 'NONE', *, *, #3992, .F. ) ;
#2761 = CARTESIAN_POINT ( 'NONE',  ( 7.500000000000005300, 3.184081677783119700E-016, 2.600000000000001000 ) ) ;
#2762 = DIRECTION ( 'NONE',  ( 0.0000000000000000000, 0.0000000000000000000, 1.000000000000000000 ) ) ;
#2763 = AXIS2_PLACEMENT_3D ( 'NONE', #5975, #3177, #418 ) ;
#2764 = ORIENTED_EDGE ( 'NONE', *, *, #4328, .T. ) ;
#2765 = DIRECTION ( 'NONE',  ( -1.000000000000000000, -7.523163845262640100E-031, 2.168404344971008900E-016 ) ) ;
#2766 = DIRECTION ( 'NONE',  ( -0.0000000000000000000, -1.000000000000000000, -0.0000000000000000000 ) ) ;
#2767 = EDGE_CURVE ( 'NONE', #5375, #5146, #342, .T. ) ;
#2768 = EDGE_CURVE ( 'NONE', #1738, #989, #3732, .T. ) ;
#2769 = ORIENTED_EDGE ( 'NONE', *, *, #4364, .T. ) ;
#2770 = CARTESIAN_POINT ( 'NONE',  ( 19.27879200441636700, 0.0000000000000000000, -2.600000000000001000 ) ) ;
#2771 = CYLINDRICAL_SURFACE ( 'NONE', #4673, 0.3000000000000003200 ) ;
#2772 = AXIS2_PLACEMENT_3D ( 'NONE', #5222, #2471, #5699 ) ;
#2773 = LINE ( 'NONE', #120, #4938 ) ;
#2774 = EDGE_CURVE ( 'NONE', #4559, #2791, #1296, .T. ) ;
#2775 = ORIENTED_EDGE ( 'NONE', *, *, #4445, .T. ) ;
#2776 = ORIENTED_EDGE ( 'NONE', *, *, #5591, .T. ) ;
#2777 = PLANE ( 'NONE',  #3338 ) ;
#2778 = DIRECTION ( 'NONE',  ( 0.0000000000000000000, 0.0000000000000000000, 1.000000000000000000 ) ) ;
#2779 = VECTOR ( 'NONE', #1049, 1000.000000000000000 ) ;
#2780 = ADVANCED_FACE ( 'NONE', ( #4829 ), #5740, .T. ) ;
#2781 = CARTESIAN_POINT ( 'NONE',  ( 6.499999999999995600, -3.149999999999999900, -10.00000000000000200 ) ) ;
#2782 = LINE ( 'NONE', #3359, #5220 ) ;
#2783 = DIRECTION ( 'NONE',  ( 1.823439550883168000E-015, 2.168404344971012800E-016, 1.000000000000000000 ) ) ;
#2784 = DIRECTION ( 'NONE',  ( 0.9972646886342374500, -0.05226442768871424800, 0.05226442768871424800 ) ) ;
#2785 = AXIS2_PLACEMENT_3D ( 'NONE', #3816, #1072, #594 ) ;
#2786 = VECTOR ( 'NONE', #4878, 1000.000000000000000 ) ;
#2787 = PLANE ( 'NONE',  #3458 ) ;
#2788 = CARTESIAN_POINT ( 'NONE',  ( 9.958345742648473800, -6.697405289075136100, 3.697405289075122300 ) ) ;
#2789 = ORIENTED_EDGE ( 'NONE', *, *, #51, .T. ) ;
#2790 = ORIENTED_EDGE ( 'NONE', *, *, #3518, .F. ) ;
#2791 = VERTEX_POINT ( 'NONE', #1127 ) ;
#2792 = CARTESIAN_POINT ( 'NONE',  ( 4.599281986414984800, -4.298538939926047000, -3.646442513372879300 ) ) ;
#2793 = ORIENTED_EDGE ( 'NONE', *, *, #822, .T. ) ;
#2794 = FACE_OUTER_BOUND ( 'NONE', #3507, .T. ) ;
#2795 = DIRECTION ( 'NONE',  ( -0.05226442768871403900, -0.05226442768871403900, 0.9972646886342373400 ) ) ;
#2796 = CARTESIAN_POINT ( 'NONE',  ( 2.197800909326216500, -5.158061421267286800, -5.458804467756232600 ) ) ;
#2797 = ORIENTED_EDGE ( 'NONE', *, *, #3783, .T. ) ;
#2798 = FACE_BOUND ( 'NONE', #1458, .T. ) ;
#2799 = CARTESIAN_POINT ( 'NONE',  ( -8.560094104986101000, -2.393042822290325200E-016, 0.0000000000000000000 ) ) ;
#2800 = DIRECTION ( 'NONE',  ( 1.000000000000000000, -0.0000000000000000000, -0.0000000000000000000 ) ) ;
#2801 = ORIENTED_EDGE ( 'NONE', *, *, #2935, .F. ) ;
#2802 = EDGE_CURVE ( 'NONE', #5100, #4921, #1147, .T. ) ;
#2803 = EDGE_CURVE ( 'NONE', #161, #4080, #5933, .T. ) ;
#2804 = ORIENTED_EDGE ( 'NONE', *, *, #3194, .T. ) ;
#2805 = CARTESIAN_POINT ( 'NONE',  ( -1.520015985077517500, 12.49999999999999600, 7.131019448207601900 ) ) ;
#2806 = DIRECTION ( 'NONE',  ( -1.000000000000000000, -2.220446049250312800E-016, -1.668003342285391600E-016 ) ) ;
#2807 = CIRCLE ( 'NONE', #3154, 0.9999999999999991100 ) ;
#2808 = AXIS2_PLACEMENT_3D ( 'NONE', #3043, #766, #1679 ) ;
#2809 = FACE_OUTER_BOUND ( 'NONE', #4029, .T. ) ;
#2810 = CARTESIAN_POINT ( 'NONE',  ( -5.353898592029591600, 3.637140463113387700, -8.800000000000000700 ) ) ;
#2811 = EDGE_CURVE ( 'NONE', #5073, #4632, #4977, .T. ) ;
#2812 = CARTESIAN_POINT ( 'NONE',  ( 5.591677586283226200, -5.290934539794287500, 1.845126608327472000 ) ) ;
#2813 = VERTEX_POINT ( 'NONE', #4825 ) ;
#2814 = FACE_OUTER_BOUND ( 'NONE', #2463, .T. ) ;
#2815 = VECTOR ( 'NONE', #2197, 1000.000000000000200 ) ;
#2816 = AXIS2_PLACEMENT_3D ( 'NONE', #1867, #5093, #2340 ) ;
#2818 = ORIENTED_EDGE ( 'NONE', *, *, #1026, .F. ) ;
#2817 = AXIS2_PLACEMENT_3D ( 'NONE', #3662, #912, #4128 ) ;
#2819 = EDGE_LOOP ( 'NONE', ( #5, #5067, #2102, #560 ) ) ;
#2820 = CARTESIAN_POINT ( 'NONE',  ( 9.999999999999998200, -7.000000000000012400, 3.700411139573604600 ) ) ;
#2821 = DIRECTION ( 'NONE',  ( 1.000000000000000000, 0.0000000000000000000, 0.0000000000000000000 ) ) ;
#2822 = ORIENTED_EDGE ( 'NONE', *, *, #5196, .F. ) ;
#2823 = LINE ( 'NONE', #4644, #1582 ) ;
#2824 = DIRECTION ( 'NONE',  ( 9.856807757817055100E-033, -1.000000000000000000, -3.423990449430562900E-015 ) ) ;
#2825 = DIRECTION ( 'NONE',  ( -1.734723475976807100E-015, 0.0000000000000000000, -1.000000000000000000 ) ) ;
#2826 = CIRCLE ( 'NONE', #542, 2.599999999999996500 ) ;
#2827 = CIRCLE ( 'NONE', #3259, 0.2999999999999999300 ) ;
#2828 = B_SPLINE_CURVE_WITH_KNOTS ( 'NONE', 3,
 ( #2427, #5652, #114, #3330, #557, #3784, #1040, #4260, #1499, #4735, #1973, #5193 ),
 .UNSPECIFIED., .F., .F.,
 ( 4, 2, 2, 2, 2, 4 ),
 ( 0.005736624348041771700, 0.006914722469410566700, 0.008092820590779361800, 0.009270918712148155900, 0.009859967772832553900, 0.01044901683351695200 ),
 .UNSPECIFIED. ) ;
#2829 = CARTESIAN_POINT ( 'NONE',  ( -7.008253627460662800, 8.582635372482533100E-016, 10.00000000000000000 ) ) ;
#2830 = ORIENTED_EDGE ( 'NONE', *, *, #5521, .T. ) ;
#2831 = CARTESIAN_POINT ( 'NONE',  ( 0.0000000000000000000, 10.00000000000000500, 0.0000000000000000000 ) ) ;
#2832 = ORIENTED_EDGE ( 'NONE', *, *, #4287, .T. ) ;
#2833 = EDGE_CURVE ( 'NONE', #5932, #3818, #3445, .T. ) ;
#2834 = CARTESIAN_POINT ( 'NONE',  ( -5.063712178512641800, 8.784299213127111400, -3.636698961060993000 ) ) ;
#2835 = FACE_OUTER_BOUND ( 'NONE', #5964, .T. ) ;
#2836 = AXIS2_PLACEMENT_3D ( 'NONE', #372, #3593, #841 ) ;
#2837 = ORIENTED_EDGE ( 'NONE', *, *, #1403, .F. ) ;
#2838 = CARTESIAN_POINT ( 'NONE',  ( -2.599999999999936100, -7.000000000000027500, -10.00000000000000000 ) ) ;
#2839 = DIRECTION ( 'NONE',  ( -0.9972646886342373400, -0.05226442768871440000, 0.05226442768871385900 ) ) ;
#2840 = AXIS2_PLACEMENT_3D ( 'NONE', #4682, #4203, #1444 ) ;
#2841 = VERTEX_POINT ( 'NONE', #4368 ) ;
#2842 = EDGE_CURVE ( 'NONE', #4841, #3054, #3303, .T. ) ;
#2843 = FACE_OUTER_BOUND ( 'NONE', #472, .T. ) ;
#2844 = CIRCLE ( 'NONE', #298, 0.2999999999999999300 ) ;
#2845 = LINE ( 'NONE', #4763, #1607 ) ;
#2846 = FILL_AREA_STYLE ('',( #5617 ) ) ;
#2847 = VERTEX_POINT ( 'NONE', #4845 ) ;
#2848 = ORIENTED_EDGE ( 'NONE', *, *, #2417, .T. ) ;
#2849 = LINE ( 'NONE', #2363, #3487 ) ;
#2850 = AXIS2_PLACEMENT_3D ( 'NONE', #3681, #5085, #2333 ) ;
#2851 = ORIENTED_EDGE ( 'NONE', *, *, #406, .T. ) ;
#2852 = CARTESIAN_POINT ( 'NONE',  ( -5.363301038939040300, 8.499999999999996400, 3.636698961060954800 ) ) ;
#2853 = DIRECTION ( 'NONE',  ( 1.000000000000000000, 0.0000000000000000000, 0.0000000000000000000 ) ) ;
#2854 = ORIENTED_EDGE ( 'NONE', *, *, #2275, .T. ) ;
#2855 = CARTESIAN_POINT ( 'NONE',  ( 0.4439361094654020200, -5.887931617538209000, 5.887931617538199300 ) ) ;
#2856 = DIRECTION ( 'NONE',  ( -8.673617379884037000E-015, 1.000000000000000000, 0.0000000000000000000 ) ) ;
#2857 = FACE_OUTER_BOUND ( 'NONE', #5547, .T. ) ;
#2858 = VECTOR ( 'NONE', #3072, 1000.000000000000000 ) ;
#2859 = DIRECTION ( 'NONE',  ( 0.0000000000000000000, 1.000000000000000000, 0.0000000000000000000 ) ) ;
#2860 =( BOUNDED_CURVE ( )  B_SPLINE_CURVE ( 3, ( #2308, #1832, #4601, #5538 ),
 .UNSPECIFIED., .F., .F. ) 
 B_SPLINE_CURVE_WITH_KNOTS ( ( 4, 4 ),
 ( 5.499156671652537300, 7.067213942706634300 ),
 .UNSPECIFIED. ) 
 CURVE ( )  GEOMETRIC_REPRESENTATION_ITEM ( )  RATIONAL_B_SPLINE_CURVE ( ( 1.000000000000000000, 0.8053830134673616300, 0.8053830134673616300, 1.000000000000000000 ) ) 
 REPRESENTATION_ITEM ( '' )  );
#2861 = ORIENTED_EDGE ( 'NONE', *, *, #579, .F. ) ;
#2862 = VECTOR ( 'NONE', #4881, 1000.000000000000000 ) ;
#2863 = CARTESIAN_POINT ( 'NONE',  ( 9.999999999999996400, 2.600000000000000500, 9.199999999999999300 ) ) ;
#2864 = CARTESIAN_POINT ( 'NONE',  ( 5.599759547452979500, 8.989884717214857100E-016, -5.599759547452982200 ) ) ;
#2865 = AXIS2_PLACEMENT_3D ( 'NONE', #4864, #2098, #5329 ) ;
#2866 = EDGE_CURVE ( 'NONE', #4090, #4933, #998, .T. ) ;
#2867 = DIRECTION ( 'NONE',  ( -0.6883545756937606800, 0.7253743710122811900, 8.883274016437145200E-017 ) ) ;
#2868 = CARTESIAN_POINT ( 'NONE',  ( 3.638129544068752000, 4.606929764139376700, 4.306186717650418500 ) ) ;
#2869 = EDGE_CURVE ( 'NONE', #4323, #4060, #856, .T. ) ;
#2870 = CIRCLE ( 'NONE', #2657, 2.600000000000001000 ) ;
#2871 = EDGE_CURVE ( 'NONE', #1118, #4513, #5629, .T. ) ;
#2872 = VECTOR ( 'NONE', #1074, 1000.000000000000000 ) ;
#2873 = ORIENTED_EDGE ( 'NONE', *, *, #2488, .F. ) ;
#2874 = CARTESIAN_POINT ( 'NONE',  ( 1.520015985077515900, 12.49999999999999800, 7.131019448207602800 ) ) ;
#2875 = EDGE_CURVE ( 'NONE', #4489, #4071, #5778, .T. ) ;
#2876 = CARTESIAN_POINT ( 'NONE',  ( -7.000818348063805100, 10.01561501126347100, -3.701229487637449600 ) ) ;
#2877 = VECTOR ( 'NONE', #2134, 1000.000000000000000 ) ;
#2878 = ORIENTED_EDGE ( 'NONE', *, *, #93, .F. ) ;
#2879 = DIRECTION ( 'NONE',  ( 0.0000000000000000000, 0.0000000000000000000, -1.000000000000000000 ) ) ;
#2880 = CARTESIAN_POINT ( 'NONE',  ( 2.599999999999998300, 9.999999999999996400, 9.199999999999999300 ) ) ;
#2881 = AXIS2_PLACEMENT_3D ( 'NONE', #2618, #5859, #3073 ) ;
#2882 = ORIENTED_EDGE ( 'NONE', *, *, #1440, .F. ) ;
#2883 = EDGE_LOOP ( 'NONE', ( #4388, #1729 ) ) ;
#2884 = CIRCLE ( 'NONE', #4258, 7.035495700303526300 ) ;
#2885 = VERTEX_POINT ( 'NONE', #5807 ) ;
#2886 = CARTESIAN_POINT ( 'NONE',  ( 4.000000000000000000, -5.363301038939054500, -8.800000000000000700 ) ) ;
#2887 = DIRECTION ( 'NONE',  ( 0.0000000000000000000, 1.000000000000000000, 0.0000000000000000000 ) ) ;
#2888 = CARTESIAN_POINT ( 'NONE',  ( 8.799999999999997200, -5.363301038939011900, -3.636698961060993400 ) ) ;
#2889 = ORIENTED_EDGE ( 'NONE', *, *, #4593, .F. ) ;
#2890 = ORIENTED_EDGE ( 'NONE', *, *, #4700, .F. ) ;
#2891 = CARTESIAN_POINT ( 'NONE',  ( 9.999999999999994700, -3.149999999999999900, -6.500000000000000900 ) ) ;
#2892 = ORIENTED_EDGE ( 'NONE', *, *, #5092, .T. ) ;
#2893 = VERTEX_POINT ( 'NONE', #5332 ) ;
#2894 = ORIENTED_EDGE ( 'NONE', *, *, #4898, .T. ) ;
#2895 = DIRECTION ( 'NONE',  ( -1.000000000000000000, -2.220446049250313100E-016, 1.577021341797095600E-015 ) ) ;
#2896 = DIRECTION ( 'NONE',  ( 0.0000000000000000000, 0.0000000000000000000, -1.000000000000000000 ) ) ;
#2897 = CARTESIAN_POINT ( 'NONE',  ( 3.700411139573626300, 9.999999999999998200, 5.000000000000000900 ) ) ;
#2898 = EDGE_CURVE ( 'NONE', #2813, #4528, #3166, .T. ) ;
#2899 = CARTESIAN_POINT ( 'NONE',  ( 9.999999999999998200, -9.999999999999994700, 8.500000000000000000 ) ) ;
#2900 = LINE ( 'NONE', #5658, #5083 ) ;
#2901 = CYLINDRICAL_SURFACE ( 'NONE', #402, 1.000000000000000900 ) ;
#2902 = DIRECTION ( 'NONE',  ( -0.0000000000000000000, 0.0000000000000000000, -1.000000000000000000 ) ) ;
#2903 = ORIENTED_EDGE ( 'NONE', *, *, #875, .F. ) ;
#2904 = ORIENTED_EDGE ( 'NONE', *, *, #5280, .F. ) ;
#2905 = AXIS2_PLACEMENT_3D ( 'NONE', #1797, #2254, #4568 ) ;
#2906 = LINE ( 'NONE', #573, #2779 ) ;
#2907 = DIRECTION ( 'NONE',  ( 0.9999992420943060200, -0.001231182688943808800, 0.0000000000000000000 ) ) ;
#2908 = DIRECTION ( 'NONE',  ( 0.0000000000000000000, 0.9986295347545739400, 0.05233595624294395300 ) ) ;
#2909 = VECTOR ( 'NONE', #3341, 1000.000000000000000 ) ;
#2910 = AXIS2_PLACEMENT_3D ( 'NONE', #2024, #631, #3853 ) ;
#2911 = EDGE_CURVE ( 'NONE', #2598, #4955, #695, .T. ) ;
#2912 = LINE ( 'NONE', #1573, #1689 ) ;
#2913 = CARTESIAN_POINT ( 'NONE',  ( 12.49999999999999800, -7.131019448207602800, -1.520015985077502100 ) ) ;
#2914 = CARTESIAN_POINT ( 'NONE',  ( -2.913267831049247000, -4.809726290914272600, -5.110469337403219300 ) ) ;
#2915 = PRESENTATION_LAYER_ASSIGNMENT (  '', '', ( #2324 ) ) ;
#2916 = PLANE ( 'NONE',  #1803 ) ;
#2917 = VERTEX_POINT ( 'NONE', #1644 ) ;
#2918 = CARTESIAN_POINT ( 'NONE',  ( -7.000000000000004400, 2.600000000000000100, -10.00000000000000000 ) ) ;
#2919 = ORIENTED_EDGE ( 'NONE', *, *, #608, .F. ) ;
#2920 = CARTESIAN_POINT ( 'NONE',  ( 2.518645519832089200, 11.55233595624294200, 7.081354480167908200 ) ) ;
#2921 = ORIENTED_EDGE ( 'NONE', *, *, #3094, .F. ) ;
#2922 = ORIENTED_EDGE ( 'NONE', *, *, #404, .T. ) ;
#2923 = CARTESIAN_POINT ( 'NONE',  ( -5.353898592029592500, 3.637140463113387700, -8.800000000000000700 ) ) ;
#2924 = CARTESIAN_POINT ( 'NONE',  ( 0.7876565179618820700, 5.548947496498201700, -5.548947496498202600 ) ) ;
#2925 = FACE_BOUND ( 'NONE', #587, .T. ) ;
#2926 = DIRECTION ( 'NONE',  ( 1.000000000000000000, 8.673617379884035500E-015, 0.0000000000000000000 ) ) ;
#2927 = DIRECTION ( 'NONE',  ( 0.05226442768871451100, -0.05226442768871355400, 0.9972646886342373400 ) ) ;
#2928 = VERTEX_POINT ( 'NONE', #259 ) ;
#2929 = DIRECTION ( 'NONE',  ( -0.05220004101858901500, 0.05232873513582463100, -0.9972646886342373400 ) ) ;
#2930 =( BOUNDED_CURVE ( )  B_SPLINE_CURVE ( 3, ( #3991, #767, #747, #1248 ),
 .UNSPECIFIED., .F., .F. ) 
 B_SPLINE_CURVE_WITH_KNOTS ( ( 4, 4 ),
 ( 1.623156204354732100, 3.141592653589799800 ),
 .UNSPECIFIED. ) 
 CURVE ( )  GEOMETRIC_REPRESENTATION_ITEM ( )  RATIONAL_B_SPLINE_CURVE ( ( 1.000000000000000000, 0.8169162473415247900, 0.8169162473415247900, 1.000000000000000000 ) ) 
 REPRESENTATION_ITEM ( '' )  );
#2931 = VECTOR ( 'NONE', #4033, 1000.000000000000000 ) ;
#2932 = ORIENTED_EDGE ( 'NONE', *, *, #4732, .T. ) ;
#2933 = CARTESIAN_POINT ( 'NONE',  ( -7.081354480167904700, 11.55233595624294200, 2.518645519832102900 ) ) ;
#2934 = VECTOR ( 'NONE', #4643, 1000.000000000000000 ) ;
#2935 = EDGE_CURVE ( 'NONE', #5724, #157, #3517, .T. ) ;
#2936 = CIRCLE ( 'NONE', #4928, 7.008253627460666400 ) ;
#2937 = ORIENTED_EDGE ( 'NONE', *, *, #5701, .T. ) ;
#2938 = CARTESIAN_POINT ( 'NONE',  ( 3.989444925404550500, 3.989444925404560300, -3.989444925404555000 ) ) ;
#2939 = AXIS2_PLACEMENT_3D ( 'NONE', #3084, #326, #3548 ) ;
#2940 = CARTESIAN_POINT ( 'NONE',  ( 9.999999999999996400, 4.000000000000000900, 6.876005637310965900 ) ) ;
#2941 = CARTESIAN_POINT ( 'NONE',  ( 9.999999999999996400, -5.299588860426356800, -4.000000000000019500 ) ) ;
#2942 = CARTESIAN_POINT ( 'NONE',  ( -5.298402444839941200, -4.000449723131079200, -10.01559574563838100 ) ) ;
#2943 = FACE_OUTER_BOUND ( 'NONE', #4926, .T. ) ;
#2944 = EDGE_CURVE ( 'NONE', #5099, #2626, #1798, .T. ) ;
#2945 = VERTEX_POINT ( 'NONE', #5828 ) ;
#2946 = CARTESIAN_POINT ( 'NONE',  ( -7.081354480167913600, 11.55233595624294200, -2.518645519832078500 ) ) ;
#2947 = ORIENTED_EDGE ( 'NONE', *, *, #1300, .T. ) ;
#2948 = ADVANCED_FACE ( 'NONE', ( #547 ), #1636, .F. ) ;
#2949 = EDGE_LOOP ( 'NONE', ( #3256, #4427, #621 ) ) ;
#2950 = DIRECTION ( 'NONE',  ( -0.05232873513582461700, -0.05220004101858879300, 0.9972646886342373400 ) ) ;
#2951 = AXIS2_PLACEMENT_3D ( 'NONE', #1934, #2853, #90 ) ;
#2952 = ORIENTED_EDGE ( 'NONE', *, *, #2570, .F. ) ;
#2953 = FACE_OUTER_BOUND ( 'NONE', #4472, .T. ) ;
#2954 = AXIS2_PLACEMENT_3D ( 'NONE', #2144, #275, #5372 ) ;
#2955 = EDGE_CURVE ( 'NONE', #1518, #4126, #2870, .T. ) ;
#2956 = DIRECTION ( 'NONE',  ( 2.895173527994269700E-015, 0.0000000000000000000, 1.000000000000000000 ) ) ;
#2957 = ORIENTED_EDGE ( 'NONE', *, *, #2018, .F. ) ;
#2958 = LINE ( 'NONE', #3544, #1896 ) ;
#2959 = CARTESIAN_POINT ( 'NONE',  ( 12.11331652343349100, -2.489245774084694100, 9.089245774084693300 ) ) ;
#2960 = CARTESIAN_POINT ( 'NONE',  ( 1.520015985077597200, -9.068980551792389400, -12.50000000000000000 ) ) ;
#2961 = AXIS2_PLACEMENT_3D ( 'NONE', #2109, #721, #3939 ) ;
#2962 = B_SPLINE_CURVE_WITH_KNOTS ( 'NONE', 3,
 ( #3491, #2556, #1649, #4899, #2132, #5361, #2591, #5835, #3040, #282, #3506, #744, #3961, #1223, #4434, #1674, #4912, #2149, #5378, #2612, #5855, #3065, #303, #3525 ),
 .UNSPECIFIED., .F., .F.,
 ( 4, 2, 2, 2, 2, 2, 2, 2, 2, 2, 2, 4 ),
 ( 0.005990845493785465500, 0.007136511048294946100, 0.007709343825549684600, 0.008282176602804424900, 0.009427842157313903700, 0.01000067493456864200, 0.01057350771182338100, 0.01114634048907812100, 0.01171917326633286100, 0.01286483882084233900, 0.01401050437535181600, 0.01515616992986129300 ),
 .UNSPECIFIED. ) ;
#2963 = VERTEX_POINT ( 'NONE', #757 ) ;
#2964 = PLANE ( 'NONE',  #1110 ) ;
#2965 = DIRECTION ( 'NONE',  ( -0.0000000000000000000, -1.000000000000000000, 1.577021341797095800E-015 ) ) ;
#2966 = ORIENTED_EDGE ( 'NONE', *, *, #4193, .T. ) ;
#2967 = DIRECTION ( 'NONE',  ( 0.0000000000000000000, 1.000000000000000000, 1.445602896647339500E-015 ) ) ;
#2968 = PLANE ( 'NONE',  #2451 ) ;
#2969 = VERTEX_POINT ( 'NONE', #1690 ) ;
#2970 = CARTESIAN_POINT ( 'NONE',  ( -2.599999999999916200, -9.200000000000029500, -10.00000000000000000 ) ) ;
#2971 = VERTEX_POINT ( 'NONE', #3977 ) ;
#2972 = B_SPLINE_CURVE_WITH_KNOTS ( 'NONE', 3,
 ( #5881, #2635, #4014, #1272, #4487, #1722, #4964, #2200, #5427, #2664, #5900, #3112, #352, #3577, #816, #4042, #1290, #4511, #1744, #4985, #2220, #5451, #2683, #5927, #3132, #376, #3595, #844 ),
 .UNSPECIFIED., .F., .F.,
 ( 4, 2, 2, 2, 2, 2, 2, 2, 2, 2, 2, 2, 2, 4 ),
 ( 0.006323767137134858300, 0.007598600638824502500, 0.008236017389669324600, 0.008873434140514148400, 0.009510850891358970500, 0.01014826764220379300, 0.01142310114389344000, 0.01206051789473826200, 0.01269793464558308600, 0.01333535139642790800, 0.01397276814727273200, 0.01461018489811755400, 0.01524760164896237600, 0.01652243515065202100 ),
 .UNSPECIFIED. ) ;
#2973 = LINE ( 'NONE', #806, #2707 ) ;
#2974 = VECTOR ( 'NONE', #2726, 1000.000000000000100 ) ;
#2975 = ADVANCED_FACE ( 'NONE', ( #4095 ), #3936, .T. ) ;
#2976 = CYLINDRICAL_SURFACE ( 'NONE', #446, 1.499999999999999600 ) ;
#2977 = EDGE_LOOP ( 'NONE', ( #3899, #2714, #102, #902 ) ) ;
#2978 = DIRECTION ( 'NONE',  ( -0.05226442768871417800, 0.9972646886342374500, 0.05226442768871417800 ) ) ;
#2979 = DIRECTION ( 'NONE',  ( -0.05233595624294414700, 0.9986295347545737200, 0.0000000000000000000 ) ) ;
#2980 = EDGE_CURVE ( 'NONE', #5583, #5234, #1908, .T. ) ;
#2981 = EDGE_CURVE ( 'NONE', #5557, #198, #5184, .T. ) ;
#2982 = DIRECTION ( 'NONE',  ( 1.000000000000000000, 2.220446049250313100E-016, 3.469446951953614200E-015 ) ) ;
#2983 = VERTEX_POINT ( 'NONE', #4496 ) ;
#2984 = EDGE_CURVE ( 'NONE', #5509, #4291, #422, .T. ) ;
#2985 = VECTOR ( 'NONE', #1347, 1000.000000000000000 ) ;
#2986 = DIRECTION ( 'NONE',  ( -0.9999992420943060200, 0.001231182688945544400, 0.0000000000000000000 ) ) ;
#2987 = ORIENTED_EDGE ( 'NONE', *, *, #5054, .F. ) ;
#2988 = CARTESIAN_POINT ( 'NONE',  ( -5.363301038939042100, 8.799999999999997200, 3.999999999999980900 ) ) ;
#2989 = CARTESIAN_POINT ( 'NONE',  ( 5.013666201310801500, -3.057374726957986500, 4.712923154821850400 ) ) ;
#2990 = DIRECTION ( 'NONE',  ( -0.001231182688944133400, -0.9999992420943060200, -0.0000000000000000000 ) ) ;
#2991 = EDGE_LOOP ( 'NONE', ( #5905, #3139, #426, #5718 ) ) ;
#2992 = ORIENTED_EDGE ( 'NONE', *, *, #1021, .F. ) ;
#2993 = EDGE_CURVE ( 'NONE', #2841, #1426, #2738, .T. ) ;
#2994 = EDGE_LOOP ( 'NONE', ( #2369, #5315, #3461, #222, #714, #2502, #921, #977, #3063, #2140 ) ) ;
#2995 = ORIENTED_EDGE ( 'NONE', *, *, #5626, .F. ) ;
#2996 = CYLINDRICAL_SURFACE ( 'NONE', #368, 1.000000000000000000 ) ;
#2997 = CARTESIAN_POINT ( 'NONE',  ( -7.000000000000016000, 9.999999999999996400, 3.999999999999975100 ) ) ;
#2998 = CARTESIAN_POINT ( 'NONE',  ( 8.799999999999998900, -5.363301038939037600, 3.636698961060954800 ) ) ;
#2999 = CYLINDRICAL_SURFACE ( 'NONE', #2045, 0.2999999999999999300 ) ;
#3000 = LINE ( 'NONE', #5383, #2858 ) ;
#3001 = CARTESIAN_POINT ( 'NONE',  ( 4.000818348063798900, -5.298770512362601400, -10.01561501126347400 ) ) ;
#3002 = ORIENTED_EDGE ( 'NONE', *, *, #3992, .T. ) ;
#3003 = CARTESIAN_POINT ( 'NONE',  ( 9.999999999999996400, -3.700411139573626800, 7.000000000000000000 ) ) ;
#3004 = CARTESIAN_POINT ( 'NONE',  ( -3.636698961060975700, 8.784299213127111400, 5.063712178512654200 ) ) ;
#3005 = VECTOR ( 'NONE', #2497, 1000.000000000000000 ) ;
#3006 = DIRECTION ( 'NONE',  ( -0.0000000000000000000, 1.000000000000000000, 1.668003342285392000E-016 ) ) ;
#3007 = ADVANCED_FACE ( 'NONE', ( #3009 ), #1365, .T. ) ;
#3008 = DIRECTION ( 'NONE',  ( 0.9986261671219497400, 0.0000000000000000000, -0.05240017499325590900 ) ) ;
#3009 = FACE_OUTER_BOUND ( 'NONE', #1818, .T. ) ;
#3010 = CARTESIAN_POINT ( 'NONE',  ( -3.622617818712861900, -6.922206679139273800, -8.515615011263475900 ) ) ;
#3011 = VECTOR ( 'NONE', #3351, 1000.000000000000100 ) ;
#3012 = DIRECTION ( 'NONE',  ( 0.05233595624294400100, -0.9986295347545739400, 0.0000000000000000000 ) ) ;
#3013 = EDGE_CURVE ( 'NONE', #1608, #4737, #1632, .T. ) ;
#3014 = VERTEX_POINT ( 'NONE', #1257 ) ;
#3015 = AXIS2_PLACEMENT_3D ( 'NONE', #613, #3837, #1093 ) ;
#3016 = LINE ( 'NONE', #3508, #2877 ) ;
#3017 = VERTEX_POINT ( 'NONE', #4515 ) ;
#3018 = PLANE ( 'NONE',  #3583 ) ;
#3019 = EDGE_CURVE ( 'NONE', #3538, #754, #3162, .T. ) ;
#3020 = DIRECTION ( 'NONE',  ( 1.000000000000000000, -0.0000000000000000000, -0.0000000000000000000 ) ) ;
#3021 = EDGE_LOOP ( 'NONE', ( #5347, #633, #1217, #1703 ) ) ;
#3022 = DIRECTION ( 'NONE',  ( -1.000000000000000000, -0.0000000000000000000, -0.0000000000000000000 ) ) ;
#3023 = ORIENTED_EDGE ( 'NONE', *, *, #2774, .T. ) ;
#3024 = FACE_OUTER_BOUND ( 'NONE', #922, .T. ) ;
#3025 = PLANE ( 'NONE',  #2495 ) ;
#3026 = DIRECTION ( 'NONE',  ( 0.9972646886342374500, 0.05226442768871417800, -0.05226442768871424800 ) ) ;
#3027 = ORIENTED_EDGE ( 'NONE', *, *, #6004, .T. ) ;
#3028 = CARTESIAN_POINT ( 'NONE',  ( -6.999998484188642700, -3.997537634622090800, -10.00000000000000000 ) ) ;
#3029 = DIRECTION ( 'NONE',  ( 1.000000000000000000, -1.734723475976807100E-016, 0.0000000000000000000 ) ) ;
#3030 = AXIS2_PLACEMENT_3D ( 'NONE', #5814, #1208, #702 ) ;
#3031 = VERTEX_POINT ( 'NONE', #4069 ) ;
#3032 = ORIENTED_EDGE ( 'NONE', *, *, #3684, .T. ) ;
#3033 = ORIENTED_EDGE ( 'NONE', *, *, #2386, .T. ) ;
#3034 = ORIENTED_EDGE ( 'NONE', *, *, #4234, .T. ) ;
#3035 = ADVANCED_FACE ( 'NONE', ( #3790 ), #849, .T. ) ;
#3036 = CARTESIAN_POINT ( 'NONE',  ( -2.489245774084611000, -9.089245774084725200, -12.11331652343349500 ) ) ;
#3037 = DIRECTION ( 'NONE',  ( -1.000000000000000000, 0.0000000000000000000, -0.0000000000000000000 ) ) ;
#3038 = EDGE_LOOP ( 'NONE', ( #5694, #87, #2110, #570 ) ) ;
#3039 = CIRCLE ( 'NONE', #2816, 5.971233832142132800 ) ;
#3040 = CARTESIAN_POINT ( 'NONE',  ( 5.439932601389803500, 5.439932601389808800, 1.399373722289949400 ) ) ;
#3041 = VECTOR ( 'NONE', #1990, 1000.000000000000000 ) ;
#3042 = VECTOR ( 'NONE', #2358, 1000.000000000000100 ) ;
#3043 = CARTESIAN_POINT ( 'NONE',  ( -10.00000000000000900, 0.0000000000000000000, 0.0000000000000000000 ) ) ;
#3044 = DIRECTION ( 'NONE',  ( 0.0000000000000000000, 0.0000000000000000000, 1.000000000000000000 ) ) ;
#3045 = DIRECTION ( 'NONE',  ( -0.9986295347545739400, 0.05233595624294390400, 1.332573921340428300E-015 ) ) ;
#3046 = ORIENTED_EDGE ( 'NONE', *, *, #5603, .F. ) ;
#3047 = EDGE_LOOP ( 'NONE', ( #2947, #3754, #3353, #4053 ) ) ;
#3048 = CARTESIAN_POINT ( 'NONE',  ( -1.818839146321174600, 5.307323517051787400, -5.307323517051791000 ) ) ;
#3049 = EDGE_CURVE ( 'NONE', #2983, #5463, #5053, .T. ) ;
#3050 = LINE ( 'NONE', #2863, #739 ) ;
#3051 = DIRECTION ( 'NONE',  ( 0.9986295347545739400, -0.05233595624294377900, 0.0000000000000000000 ) ) ;
#3052 = FACE_OUTER_BOUND ( 'NONE', #2485, .T. ) ;
#3053 = DIRECTION ( 'NONE',  ( 1.000000000000000000, 0.0000000000000000000, 0.0000000000000000000 ) ) ;
#3054 = VERTEX_POINT ( 'NONE', #2231 ) ;
#3055 = AXIS2_PLACEMENT_3D ( 'NONE', #5774, #1142, #3453 ) ;
#3056 = DIRECTION ( 'NONE',  ( 1.000000000000000000, 0.0000000000000000000, -2.891205793294674700E-015 ) ) ;
#3057 = ADVANCED_FACE ( 'NONE', ( #4901 ), #4750, .F. ) ;
#3058 = EDGE_CURVE ( 'NONE', #2609, #2608, #2445, .T. ) ;
#3059 = EDGE_CURVE ( 'NONE', #2498, #2466, #6010, .T. ) ;
#3060 = DIRECTION ( 'NONE',  ( 3.497543079678235300E-032, -0.0000000000000000000, 1.000000000000000000 ) ) ;
#3061 = VERTEX_POINT ( 'NONE', #2273 ) ;
#3062 = ORIENTED_EDGE ( 'NONE', *, *, #208, .F. ) ;
#3063 = ORIENTED_EDGE ( 'NONE', *, *, #1185, .F. ) ;
#3064 = ORIENTED_EDGE ( 'NONE', *, *, #277, .F. ) ;
#3065 = CARTESIAN_POINT ( 'NONE',  ( 4.414734573012935900, 4.414734573012943900, -3.511456260973789600 ) ) ;
#3066 = DIRECTION ( 'NONE',  ( 0.0000000000000000000, -0.9996573249755575900, -0.02617694830786553000 ) ) ;
#3067 = ADVANCED_FACE ( 'NONE', ( #2317 ), #2156, .F. ) ;
#3068 = FACE_OUTER_BOUND ( 'NONE', #4265, .T. ) ;
#3069 = CARTESIAN_POINT ( 'NONE',  ( -6.999999999999994700, 9.999999999999996400, 2.600000000000012100 ) ) ;
#3070 = DIRECTION ( 'NONE',  ( 0.0000000000000000000, 1.000000000000000000, 2.891205793294679000E-015 ) ) ;
#3071 = EDGE_CURVE ( 'NONE', #5980, #3618, #3368, .T. ) ;
#3072 = DIRECTION ( 'NONE',  ( -9.067872715333304600E-015, 1.000000000000000000, -0.0000000000000000000 ) ) ;
#3073 = DIRECTION ( 'NONE',  ( 0.0000000000000000000, 0.0000000000000000000, 1.000000000000000000 ) ) ;
#3074 = LINE ( 'NONE', #2678, #2931 ) ;
#3075 = DIRECTION ( 'NONE',  ( 0.0000000000000000000, 1.000000000000000000, 0.0000000000000000000 ) ) ;
#3076 = AXIS2_PLACEMENT_3D ( 'NONE', #4241, #1483, #4714 ) ;
#3077 = VERTEX_POINT ( 'NONE', #4586 ) ;
#3078 = DIRECTION ( 'NONE',  ( 0.0000000000000000000, 1.000000000000000000, 0.0000000000000000000 ) ) ;
#3079 = B_SPLINE_CURVE_WITH_KNOTS ( 'NONE', 3,
 ( #2230, #5934, #1318, #4547, #1784, #5016, #2257, #5488, #2716, #5959, #3168, #408, #3626, #872, #4091, #1342, #4571, #1800, #5039, #2281, #5502, #2733, #5986, #3190 ),
 .UNSPECIFIED., .F., .F.,
 ( 4, 2, 2, 2, 2, 2, 2, 2, 2, 2, 2, 4 ),
 ( 0.005893135281906604700, 0.007101334002022315400, 0.008309532722138026100, 0.009517731442253736900, 0.01012183080231159200, 0.01072593016236944800, 0.01193412888248515800, 0.01253822824254301400, 0.01314232760260086900, 0.01374642696265872400, 0.01435052632271658000, 0.01555872504283229000 ),
 .UNSPECIFIED. ) ;
#3080 = FACE_BOUND ( 'NONE', #1482, .T. ) ;
#3081 = VECTOR ( 'NONE', #1815, 1000.000000000000000 ) ;
#3082 = ORIENTED_EDGE ( 'NONE', *, *, #5701, .F. ) ;
#3083 = DIRECTION ( 'NONE',  ( 0.0000000000000000000, 1.000000000000000000, 0.0000000000000000000 ) ) ;
#3084 = CARTESIAN_POINT ( 'NONE',  ( -9.285468475998381900, -2.167042476938383400E-016, 0.0000000000000000000 ) ) ;
#3085 = ADVANCED_FACE ( 'NONE', ( #3511 ), #3646, .T. ) ;
#3086 = CONICAL_SURFACE ( 'NONE', #1088, 5.981363564820174600, 0.7853981633974512800 ) ;
#3087 = DIRECTION ( 'NONE',  ( -0.9972646886342373400, 0.05226442768871376900, -0.05226442768871412300 ) ) ;
#3088 = CARTESIAN_POINT ( 'NONE',  ( 3.636698961060975200, -5.363301038939054500, -8.800000000000000700 ) ) ;
#3089 = ORIENTED_EDGE ( 'NONE', *, *, #3978, .T. ) ;
#3090 = ORIENTED_EDGE ( 'NONE', *, *, #4940, .F. ) ;
#3091 = DIRECTION ( 'NONE',  ( 1.000000000000000000, 0.0000000000000000000, 0.0000000000000000000 ) ) ;
#3092 = EDGE_LOOP ( 'NONE', ( #2470, #5826, #5074, #1986 ) ) ;
#3093 = CARTESIAN_POINT ( 'NONE',  ( -6.701229487637419900, 10.01561501126347200, 4.000818348063774900 ) ) ;
#3094 = EDGE_CURVE ( 'NONE', #1888, #4840, #1065, .T. ) ;
#3095 = VERTEX_POINT ( 'NONE', #916 ) ;
#3096 = EDGE_CURVE ( 'NONE', #2893, #3802, #5851, .T. ) ;
#3097 = EDGE_LOOP ( 'NONE', ( #3141, #2903, #5651, #299 ) ) ;
#3098 = FACE_OUTER_BOUND ( 'NONE', #5263, .T. ) ;
#3099 = ADVANCED_FACE ( 'NONE', ( #5697 ), #1840, .F. ) ;
#3100 = CARTESIAN_POINT ( 'NONE',  ( -5.510984690482841200, -0.9811323787337420400, -5.811727736971804800 ) ) ;
#3101 = ORIENTED_EDGE ( 'NONE', *, *, #2137, .T. ) ;
#3102 = DIRECTION ( 'NONE',  ( 3.497543079678235300E-032, -0.0000000000000000000, 1.000000000000000000 ) ) ;
#3103 = VERTEX_POINT ( 'NONE', #2316 ) ;
#3104 = ORIENTED_EDGE ( 'NONE', *, *, #5115, .T. ) ;
#3105 = VECTOR ( 'NONE', #4959, 1000.000000000000000 ) ;
#3106 = EDGE_CURVE ( 'NONE', #2718, #3478, #934, .T. ) ;
#3107 = CARTESIAN_POINT ( 'NONE',  ( -10.00000000000000500, 10.00000000000000500, 10.00000000000000000 ) ) ;
#3108 = VERTEX_POINT ( 'NONE', #932 ) ;
#3109 = DIRECTION ( 'NONE',  ( 0.9986295347545739400, -0.05233595624294390400, 3.584312378085564400E-015 ) ) ;
#3110 = DIRECTION ( 'NONE',  ( 0.0000000000000000000, 1.000000000000000000, 0.0000000000000000000 ) ) ;
#3111 = CARTESIAN_POINT ( 'NONE',  ( 6.499999999999995600, -3.149999999999999900, -6.500000000000000900 ) ) ;
#3112 = CARTESIAN_POINT ( 'NONE',  ( -5.870497185240813200, -5.870497185240828300, 0.7272197483052833500 ) ) ;
#3113 = DIRECTION ( 'NONE',  ( 0.9972646886342372300, -0.05226442768871386600, -0.05226442768871403200 ) ) ;
#3114 = PLANE ( 'NONE',  #5066 ) ;
#3115 = ORIENTED_EDGE ( 'NONE', *, *, #2524, .T. ) ;
#3116 = AXIS2_PLACEMENT_3D ( 'NONE', #3653, #1364, #2301 ) ;
#3117 = AXIS2_PLACEMENT_3D ( 'NONE', #5035, #419, #4581 ) ;
#3118 = CARTESIAN_POINT ( 'NONE',  ( -4.077500542759755000, 3.899385302045532700, -4.378243589248720400 ) ) ;
#3119 = VECTOR ( 'NONE', #1215, 1000.000000000000000 ) ;
#3120 = CARTESIAN_POINT ( 'NONE',  ( 8.799999999999997200, 3.636698961060974800, 5.363301038939027000 ) ) ;
#3121 = ADVANCED_FACE ( 'NONE', ( #2012 ), #1862, .T. ) ;
#3122 = ORIENTED_EDGE ( 'NONE', *, *, #1955, .F. ) ;
#3123 = DIRECTION ( 'NONE',  ( -0.9972646886342373400, 0.05226442768871386600, 0.05226442768871404600 ) ) ;
#3124 = LINE ( 'NONE', #2569, #656 ) ;
#3125 = FACE_OUTER_BOUND ( 'NONE', #569, .T. ) ;
#3126 = CIRCLE ( 'NONE', #139, 0.2999999999999999300 ) ;
#3127 = VERTEX_POINT ( 'NONE', #4622 ) ;
#3128 = CARTESIAN_POINT ( 'NONE',  ( 5.549999999999998900, 0.0000000000000000000, -7.500000000000007100 ) ) ;
#3129 = CIRCLE ( 'NONE', #5326, 0.2999999999999998800 ) ;
#3130 = ADVANCED_FACE ( 'NONE', ( #1219, #5560, #4304, #3080 ), #2787, .F. ) ;
#3131 = CARTESIAN_POINT ( 'NONE',  ( 6.499999999999995600, -3.149999999999999900, -6.500000000000000900 ) ) ;
#3132 = CARTESIAN_POINT ( 'NONE',  ( -4.818558435486322000, -4.818558435486339800, -3.361836178813155700 ) ) ;
#3133 = DIRECTION ( 'NONE',  ( 0.05226442768871417800, 0.9972646886342372300, -0.05226442768871384500 ) ) ;
#3134 = CARTESIAN_POINT ( 'NONE',  ( 5.562001655461860300, -0.7536584691352816700, -5.562001655461864800 ) ) ;
#3135 = ORIENTED_EDGE ( 'NONE', *, *, #4667, .F. ) ;
#3136 = EDGE_CURVE ( 'NONE', #3014, #1202, #614, .T. ) ;
#3137 = CARTESIAN_POINT ( 'NONE',  ( 0.0000000000000000000, -9.999999999999994700, -7.035495700303526300 ) ) ;
#3138 = ORIENTED_EDGE ( 'NONE', *, *, #2234, .T. ) ;
#3139 = ORIENTED_EDGE ( 'NONE', *, *, #4968, .F. ) ;
#3140 = ORIENTED_EDGE ( 'NONE', *, *, #4544, .T. ) ;
#3141 = ORIENTED_EDGE ( 'NONE', *, *, #1878, .F. ) ;
#3142 = AXIS2_PLACEMENT_3D ( 'NONE', #2659, #1742, #4982 ) ;
#3143 = VECTOR ( 'NONE', #1091, 1000.000000000000000 ) ;
#3144 = AXIS2_PLACEMENT_3D ( 'NONE', #2390, #2839, #5144 ) ;
#3145 = EDGE_CURVE ( 'NONE', #2971, #3031, #1869, .T. ) ;
#3146 = DIRECTION ( 'NONE',  ( -2.220446049250313100E-016, 1.000000000000000000, 0.0000000000000000000 ) ) ;
#3147 =( BOUNDED_CURVE ( )  B_SPLINE_CURVE ( 3, ( #635, #3402, #2940, #3856 ),
 .UNSPECIFIED., .F., .F. ) 
 B_SPLINE_CURVE_WITH_KNOTS ( ( 4, 4 ),
 ( 5.499156671652532000, 7.067213942706638700 ),
 .UNSPECIFIED. ) 
 CURVE ( )  GEOMETRIC_REPRESENTATION_ITEM ( )  RATIONAL_B_SPLINE_CURVE ( ( 1.000000000000000000, 0.8053830134673594100, 0.8053830134673594100, 1.000000000000000000 ) ) 
 REPRESENTATION_ITEM ( '' )  );
#3148 = VECTOR ( 'NONE', #682, 1000.000000000000100 ) ;
#3149 = VECTOR ( 'NONE', #5801, 1000.000000000000000 ) ;
#3150 = VERTEX_POINT ( 'NONE', #4166 ) ;
#3151 = CARTESIAN_POINT ( 'NONE',  ( 9.999999999999998200, -6.700411139573630800, -4.000000000000024000 ) ) ;
#3152 =( BOUNDED_CURVE ( )  B_SPLINE_CURVE ( 3, ( #2016, #5241, #5719, #2933 ),
 .UNSPECIFIED., .F., .F. ) 
 B_SPLINE_CURVE_WITH_KNOTS ( ( 4, 4 ),
 ( 3.141592653589798400, 4.660029102824863900 ),
 .UNSPECIFIED. ) 
 CURVE ( )  GEOMETRIC_REPRESENTATION_ITEM ( )  RATIONAL_B_SPLINE_CURVE ( ( 1.000000000000000000, 0.8169162473415252400, 0.8169162473415252400, 1.000000000000000000 ) ) 
 REPRESENTATION_ITEM ( '' )  );
#3153 = EDGE_LOOP ( 'NONE', ( #2265, #2376, #2072, #5961 ) ) ;
#3154 = AXIS2_PLACEMENT_3D ( 'NONE', #508, #3733, #978 ) ;
#3155 = DIRECTION ( 'NONE',  ( 0.05226442768871407400, -0.9972646886342372300, 0.05226442768871403200 ) ) ;
#3156 = DIRECTION ( 'NONE',  ( 0.0000000000000000000, -0.9986295347545739400, 0.05233595624294395300 ) ) ;
#3157 = DIRECTION ( 'NONE',  ( 0.05233595624294395300, 0.0000000000000000000, -0.9986295347545739400 ) ) ;
#3158 = ADVANCED_FACE ( 'NONE', ( #4168 ), #4013, .F. ) ;
#3159 = VECTOR ( 'NONE', #4794, 1000.000000000000000 ) ;
#3160 = CARTESIAN_POINT ( 'NONE',  ( 1.520015985077597200, -9.068980551792389400, -12.50000000000000000 ) ) ;
#3161 = DIRECTION ( 'NONE',  ( 0.0000000000000000000, -1.000000000000000000, 0.0000000000000000000 ) ) ;
#3162 =( BOUNDED_CURVE ( )  B_SPLINE_CURVE ( 3, ( #1749, #5459, #2688, #5931 ),
 .UNSPECIFIED., .F., .T. ) 
 B_SPLINE_CURVE_WITH_KNOTS ( ( 4, 4 ),
 ( 2.357564018062742000, 3.925621289116843800 ),
 .UNSPECIFIED. ) 
 CURVE ( )  GEOMETRIC_REPRESENTATION_ITEM ( )  RATIONAL_B_SPLINE_CURVE ( ( 1.000000000000000000, 0.8053830134673605200, 0.8053830134673605200, 1.000000000000000000 ) ) 
 REPRESENTATION_ITEM ( '' )  );
#3163 = DIRECTION ( 'NONE',  ( -1.734723475976807100E-016, 1.000000000000000000, -0.0000000000000000000 ) ) ;
#3164 = DIRECTION ( 'NONE',  ( 1.000000000000000000, 0.0000000000000000000, 0.0000000000000000000 ) ) ;
#3165 = DIRECTION ( 'NONE',  ( 0.0000000000000000000, 1.000000000000000000, 0.0000000000000000000 ) ) ;
#3166 = CIRCLE ( 'NONE', #787, 0.2999999999999998200 ) ;
#3167 = ADVANCED_FACE ( 'NONE', ( #486 ), #1565, .F. ) ;
#3168 = CARTESIAN_POINT ( 'NONE',  ( -5.585844273109557000, 5.886587319598514300, -0.3356016194873204800 ) ) ;
#3169 = VECTOR ( 'NONE', #710, 1000.000000000000000 ) ;
#3170 = DIRECTION ( 'NONE',  ( -0.0000000000000000000, 1.000000000000000000, -0.0000000000000000000 ) ) ;
#3171 = ORIENTED_EDGE ( 'NONE', *, *, #5660, .F. ) ;
#3172 = CARTESIAN_POINT ( 'NONE',  ( -3.695766346834170600, 9.927072861725088500, 5.304233653165832500 ) ) ;
#3173 = VECTOR ( 'NONE', #5731, 1000.000000000000000 ) ;
#3174 = CARTESIAN_POINT ( 'NONE',  ( 19.27879200441636700, 0.0000000000000000000, 0.0000000000000000000 ) ) ;
#3175 = PLANE ( 'NONE',  #5630 ) ;
#3176 = ORIENTED_EDGE ( 'NONE', *, *, #434, .F. ) ;
#3177 = DIRECTION ( 'NONE',  ( -0.0000000000000000000, 1.000000000000000000, -0.0000000000000000000 ) ) ;
#3178 = DIRECTION ( 'NONE',  ( 1.000000000000000000, 0.0000000000000000000, 2.891205793294679000E-015 ) ) ;
#3179 = VERTEX_POINT ( 'NONE', #1899 ) ;
#3180 = AXIS2_PLACEMENT_3D ( 'NONE', #643, #4821, #2056 ) ;
#3181 = ORIENTED_EDGE ( 'NONE', *, *, #512, .T. ) ;
#3182 = VECTOR ( 'NONE', #2965, 1000.000000000000000 ) ;
#3183 = DIRECTION ( 'NONE',  ( -0.9986295347545737200, 0.0000000000000000000, 0.05233595624294422300 ) ) ;
#3184 = ORIENTED_EDGE ( 'NONE', *, *, #5787, .F. ) ;
#3185 = CARTESIAN_POINT ( 'NONE',  ( -6.686290167298845500, 3.697848312339772700, -9.927072861725093800 ) ) ;
#3186 = EDGE_CURVE ( 'NONE', #543, #3707, #5407, .T. ) ;
#3187 = EDGE_CURVE ( 'NONE', #3282, #2983, #2807, .T. ) ;
#3188 = EDGE_CURVE ( 'NONE', #2749, #2645, #1710, .T. ) ;
#3189 = ORIENTED_EDGE ( 'NONE', *, *, #5635, .T. ) ;
#3190 = CARTESIAN_POINT ( 'NONE',  ( -3.983977529785740900, 4.284720576274704500, 3.983977529785753800 ) ) ;
#3191 = ADVANCED_FACE ( 'NONE', ( #338 ), #201, .F. ) ;
#3192 = ORIENTED_EDGE ( 'NONE', *, *, #3397, .T. ) ;
#3193 = ORIENTED_EDGE ( 'NONE', *, *, #4331, .T. ) ;
#3194 = EDGE_CURVE ( 'NONE', #4468, #637, #2663, .T. ) ;
#3195 = LINE ( 'NONE', #5901, #4861 ) ;
#3196 = ORIENTED_EDGE ( 'NONE', *, *, #3602, .F. ) ;
#3197 = ADVANCED_FACE ( 'NONE', ( #3861 ), #3749, .T. ) ;
#3198 = DIRECTION ( 'NONE',  ( -2.220446049250313100E-016, 1.000000000000000000, 0.0000000000000000000 ) ) ;
#3199 = DIRECTION ( 'NONE',  ( 0.0000000000000000000, -0.0000000000000000000, -1.000000000000000000 ) ) ;
#3200 = CARTESIAN_POINT ( 'NONE',  ( -4.000000000000001800, 9.999999999999994700, 6.700411139573626300 ) ) ;
#3201 = AXIS2_PLACEMENT_3D ( 'NONE', #4903, #3970, #1658 ) ;
#3202 = VECTOR ( 'NONE', #4, 1000.000000000000000 ) ;
#3203 = LINE ( 'NONE', #1036, #1976 ) ;
#3204 = CYLINDRICAL_SURFACE ( 'NONE', #5477, 0.2999999999999998200 ) ;
#3205 = DIRECTION ( 'NONE',  ( -0.9986295347545739400, 0.05233595624294377900, 0.0000000000000000000 ) ) ;
#3206 = CARTESIAN_POINT ( 'NONE',  ( -8.500000000000008900, -8.499999999999994700, 10.00000000000000000 ) ) ;
#3207 = ORIENTED_EDGE ( 'NONE', *, *, #2446, .F. ) ;
#3208 = LINE ( 'NONE', #4238, #1981 ) ;
#3209 = VECTOR ( 'NONE', #2177, 1000.000000000000200 ) ;
#3210 = CARTESIAN_POINT ( 'NONE',  ( 3.999999999999998200, 9.999999999999998200, 7.000000000000000900 ) ) ;
#3211 = ORIENTED_EDGE ( 'NONE', *, *, #5747, .F. ) ;
#3212 = CARTESIAN_POINT ( 'NONE',  ( 5.892828318099414100, 0.2083462230233630900, 5.592085271610462100 ) ) ;
#3213 = CARTESIAN_POINT ( 'NONE',  ( -9.118645519832096400, -2.518645519832091000, -11.55233595624294400 ) ) ;
#3214 = CARTESIAN_POINT ( 'NONE',  ( -2.427504097817905700, 5.357414097323500700, 5.056671050834559400 ) ) ;
#3215 = ORIENTED_EDGE ( 'NONE', *, *, #1955, .T. ) ;
#3216 = VERTEX_POINT ( 'NONE', #5166 ) ;
#3217 = DIRECTION ( 'NONE',  ( -1.000000000000000000, 0.0000000000000000000, -0.0000000000000000000 ) ) ;
#3218 = VERTEX_POINT ( 'NONE', #2410 ) ;
#3219 = DIRECTION ( 'NONE',  ( 0.9972646886342373400, -0.05226442768871376200, 0.05226442768871385900 ) ) ;
#3220 = ORIENTED_EDGE ( 'NONE', *, *, #2869, .F. ) ;
#3221 = EDGE_CURVE ( 'NONE', #957, #1590, #1429, .T. ) ;
#3222 = DIRECTION ( 'NONE',  ( -0.05226442768871408100, 0.9972646886342372300, 0.05226442768871401900 ) ) ;
#3223 = TOROIDAL_SURFACE ( 'NONE', #3729, 6.970891157117670800, 1.000000000000000000 ) ;
#3224 = AXIS2_PLACEMENT_3D ( 'NONE', #1376, #4610, #1841 ) ;
#3225 = ADVANCED_FACE ( 'NONE', ( #60 ), #3587, .F. ) ;
#3226 = CONICAL_SURFACE ( 'NONE', #4905, 5.549999999999998900, 0.02617993877990731600 ) ;
#3227 = EDGE_CURVE ( 'NONE', #5608, #5058, #1289, .T. ) ;
#3228 = ORIENTED_EDGE ( 'NONE', *, *, #585, .T. ) ;
#3229 = VECTOR ( 'NONE', #3222, 1000.000000000000200 ) ;
#3230 = CARTESIAN_POINT ( 'NONE',  ( 5.835555580739178800, 0.8352982495935386000, 5.534812534250225900 ) ) ;
#3231 = AXIS2_PLACEMENT_3D ( 'NONE', #3935, #1204, #4407 ) ;
#3232 = MECHANICAL_DESIGN_GEOMETRIC_PRESENTATION_REPRESENTATION (  '', ( #2324 ), #3535 ) ;
#3233 = CARTESIAN_POINT ( 'NONE',  ( 2.269587920931850900E-016, 5.892828318099410500, 5.592085271610458500 ) ) ;
#3234 = VECTOR ( 'NONE', #2179, 1000.000000000000000 ) ;
#3235 = CARTESIAN_POINT ( 'NONE',  ( 2.518645519832154500, -6.999999999999982200, -11.55233595624294400 ) ) ;
#3236 = CARTESIAN_POINT ( 'NONE',  ( -5.299588860426360300, 9.999999999999994700, -4.000000000000019500 ) ) ;
#3237 = CARTESIAN_POINT ( 'NONE',  ( -10.00000000000000500, 10.00000000000000500, 10.00000000000000000 ) ) ;
#3238 = CIRCLE ( 'NONE', #2348, 7.035495700303544100 ) ;
#3239 = ORIENTED_EDGE ( 'NONE', *, *, #4498, .T. ) ;
#3240 = ORIENTED_EDGE ( 'NONE', *, *, #3293, .T. ) ;
#3241 = EDGE_LOOP ( 'NONE', ( #1014, #784, #2404, #2416 ) ) ;
#3242 = CARTESIAN_POINT ( 'NONE',  ( 5.195686610623099000, -4.894943564134160300, -2.767389377280841300 ) ) ;
#3243 = VERTEX_POINT ( 'NONE', #97 ) ;
#3244 = ORIENTED_EDGE ( 'NONE', *, *, #2397, .T. ) ;
#3245 = CYLINDRICAL_SURFACE ( 'NONE', #2905, 0.3000000000000003200 ) ;
#3246 = DIRECTION ( 'NONE',  ( 0.05226442768871417800, -0.9972646886342372300, 0.05226442768871394900 ) ) ;
#3247 = ORIENTED_EDGE ( 'NONE', *, *, #1603, .T. ) ;
#3248 = EDGE_CURVE ( 'NONE', #1339, #3095, #3726, .T. ) ;
#3249 = CARTESIAN_POINT ( 'NONE',  ( 3.046203317016990700, -4.730447240883415300, -5.031190287372355700 ) ) ;
#3250 = ORIENTED_EDGE ( 'NONE', *, *, #505, .F. ) ;
#3251 = ORIENTED_EDGE ( 'NONE', *, *, #1711, .T. ) ;
#3252 = LINE ( 'NONE', #553, #951 ) ;
#3253 = CARTESIAN_POINT ( 'NONE',  ( 11.55233595624294000, 2.518645519832091400, 9.118645519832091000 ) ) ;
#3254 = DIRECTION ( 'NONE',  ( -1.000000000000000000, 0.0000000000000000000, 0.0000000000000000000 ) ) ;
#3255 = AXIS2_PLACEMENT_3D ( 'NONE', #1270, #4484, #1718 ) ;
#3256 = ORIENTED_EDGE ( 'NONE', *, *, #2611, .T. ) ;
#3257 = CARTESIAN_POINT ( 'NONE',  ( 0.0000000000000000000, 18.78173290805382900, 0.0000000000000000000 ) ) ;
#3258 = DIRECTION ( 'NONE',  ( 1.000000000000000000, 2.220446049250313100E-016, -1.577021341797097600E-015 ) ) ;
#3259 = AXIS2_PLACEMENT_3D ( 'NONE', #386, #3604, #853 ) ;
#3260 = EDGE_CURVE ( 'NONE', #763, #660, #2828, .T. ) ;
#3261 = VERTEX_POINT ( 'NONE', #5180 ) ;
#3262 = DIRECTION ( 'NONE',  ( -0.9986261671219497400, 0.0000000000000000000, -0.05240017499325590900 ) ) ;
#3263 = CARTESIAN_POINT ( 'NONE',  ( 5.379285489895570600, -5.078542443406633700, 2.380473717347674400 ) ) ;
#3264 = LINE ( 'NONE', #1150, #4648 ) ;
#3265 = AXIS2_PLACEMENT_3D ( 'NONE', #3120, #362, #3586 ) ;
#3266 = EDGE_CURVE ( 'NONE', #1412, #4559, #4823, .T. ) ;
#3267 = ORIENTED_EDGE ( 'NONE', *, *, #4490, .F. ) ;
#3268 = CARTESIAN_POINT ( 'NONE',  ( -9.068980551792400000, -1.520015985077517000, -12.50000000000000000 ) ) ;
#3269 = CARTESIAN_POINT ( 'NONE',  ( 4.000000000000000900, -5.123994362689059800, -10.00000000000000000 ) ) ;
#3270 = LINE ( 'NONE', #3894, #4499 ) ;
#3271 = VECTOR ( 'NONE', #4713, 1000.000000000000000 ) ;
#3272 = CARTESIAN_POINT ( 'NONE',  ( 10.00000000000000000, -6.999999999999990200, 3.876005637310943700 ) ) ;
#3273 = CARTESIAN_POINT ( 'NONE',  ( -2.518645519832007500, -9.118645519832119500, -11.55233595624294400 ) ) ;
#3274 = AXIS2_PLACEMENT_3D ( 'NONE', #3958, #1222, #4429 ) ;
#3275 = VECTOR ( 'NONE', #4055, 1000.000000000000000 ) ;
#3276 = CARTESIAN_POINT ( 'NONE',  ( 2.599999999999998800, 9.999999999999998200, 7.000000000000000900 ) ) ;
#3277 = CARTESIAN_POINT ( 'NONE',  ( 9.999999999999998200, -9.999999999999994700, 10.00000000000000000 ) ) ;
#3278 = ORIENTED_EDGE ( 'NONE', *, *, #4024, .F. ) ;
#3279 = CARTESIAN_POINT ( 'NONE',  ( -7.000000000000004400, -1.520015985077517000, -11.50000000000000000 ) ) ;
#3280 = ORIENTED_EDGE ( 'NONE', *, *, #3106, .T. ) ;
#3281 = EDGE_LOOP ( 'NONE', ( #1831, #2227, #8 ) ) ;
#3282 = VERTEX_POINT ( 'NONE', #3350 ) ;
#3283 = CARTESIAN_POINT ( 'NONE',  ( -4.000000000000001800, 9.999999999999994700, 5.299588860426373700 ) ) ;
#3284 = EDGE_LOOP ( 'NONE', ( #2366, #450, #2237, #3902 ) ) ;
#3285 = CYLINDRICAL_SURFACE ( 'NONE', #5132, 0.2999999999999999300 ) ;
#3286 = DIRECTION ( 'NONE',  ( 0.0000000000000000000, 0.0000000000000000000, 1.000000000000000000 ) ) ;
#3287 = VECTOR ( 'NONE', #5746, 999.9999999999998900 ) ;
#3288 = VECTOR ( 'NONE', #2074, 1000.000000000000000 ) ;
#3289 = ORIENTED_EDGE ( 'NONE', *, *, #5672, .T. ) ;
#3290 = EDGE_CURVE ( 'NONE', #3405, #878, #4683, .T. ) ;
#3291 = CARTESIAN_POINT ( 'NONE',  ( 3.783144444743479900, -4.496265248818083600, 4.496265248818069400 ) ) ;
#3292 = EDGE_CURVE ( 'NONE', #3709, #1451, #2233, .T. ) ;
#3293 = EDGE_CURVE ( 'NONE', #1418, #2813, #5926, .T. ) ;
#3294 = ORIENTED_EDGE ( 'NONE', *, *, #5054, .T. ) ;
#3295 = CARTESIAN_POINT ( 'NONE',  ( 0.0000000000000000000, 18.78173290805382900, 2.599999999999999200 ) ) ;
#3296 = CARTESIAN_POINT ( 'NONE',  ( 9.999999999999996400, -2.600000000000000100, 9.199999999999999300 ) ) ;
#3297 = LINE ( 'NONE', #1538, #3159 ) ;
#3298 = LINE ( 'NONE', #5364, #4459 ) ;
#3299 = SURFACE_STYLE_USAGE ( .BOTH. , #83 ) ;
#3300 = EDGE_CURVE ( 'NONE', #5270, #1523, #2379, .T. ) ;
#3301 = CARTESIAN_POINT ( 'NONE',  ( 6.499999999999995600, 6.500000000000005300, 3.149999999999999900 ) ) ;
#3302 = ORIENTED_EDGE ( 'NONE', *, *, #3683, .F. ) ;
#3303 = LINE ( 'NONE', #674, #2086 ) ;
#3304 = LINE ( 'NONE', #2997, #1001 ) ;
#3305 = VECTOR ( 'NONE', #5471, 1000.000000000000000 ) ;
#3306 = DIRECTION ( 'NONE',  ( -1.000000000000000000, 0.0000000000000000000, 0.0000000000000000000 ) ) ;
#3307 = PLANE ( 'NONE',  #5829 ) ;
#3308 = AXIS2_PLACEMENT_3D ( 'NONE', #5346, #3930, #729 ) ;
#3309 = ORIENTED_EDGE ( 'NONE', *, *, #1218, .T. ) ;
#3310 = CARTESIAN_POINT ( 'NONE',  ( 3.936287821487347100, -5.363301038939053600, -8.784299213127116700 ) ) ;
#3311 = CARTESIAN_POINT ( 'NONE',  ( 1.158835939120385000E-015, -5.900915317458199600, 5.900915317458190800 ) ) ;
#3312 = VECTOR ( 'NONE', #2036, 1000.000000000000000 ) ;
#3313 = ORIENTED_EDGE ( 'NONE', *, *, #1264, .T. ) ;
#3314 = EDGE_LOOP ( 'NONE', ( #4686, #1273, #5112, #2415 ) ) ;
#3315 = VERTEX_POINT ( 'NONE', #2891 ) ;
#3316 = LINE ( 'NONE', #2047, #3182 ) ;
#3317 = DIRECTION ( 'NONE',  ( 1.000000000000000000, -0.0000000000000000000, -0.0000000000000000000 ) ) ;
#3318 = ORIENTED_EDGE ( 'NONE', *, *, #1843, .T. ) ;
#3319 = ORIENTED_EDGE ( 'NONE', *, *, #4187, .T. ) ;
#3320 = EDGE_LOOP ( 'NONE', ( #3046, #3843, #5450, #5151 ) ) ;
#3321 = ORIENTED_EDGE ( 'NONE', *, *, #4411, .T. ) ;
#3322 = ORIENTED_EDGE ( 'NONE', *, *, #2980, .T. ) ;
#3323 = EDGE_CURVE ( 'NONE', #5837, #5721, #5771, .T. ) ;
#3324 = CARTESIAN_POINT ( 'NONE',  ( 8.784299213127113100, -5.063712178512638200, -3.921388331075454000 ) ) ;
#3325 = DIRECTION ( 'NONE',  ( 3.497543079678235300E-032, -0.0000000000000000000, 1.000000000000000000 ) ) ;
#3326 = CARTESIAN_POINT ( 'NONE',  ( 4.134297480284596200, 4.134297480284619300, 3.833554433795661100 ) ) ;
#3327 = FACE_OUTER_BOUND ( 'NONE', #1105, .T. ) ;
#3328 =( BOUNDED_CURVE ( )  B_SPLINE_CURVE ( 3, ( #4749, #1515, #5210, #2454 ),
 .UNSPECIFIED., .F., .F. ) 
 B_SPLINE_CURVE_WITH_KNOTS ( ( 4, 4 ),
 ( 2.357564018062736200, 3.925621289116847400 ),
 .UNSPECIFIED. ) 
 CURVE ( )  GEOMETRIC_REPRESENTATION_ITEM ( )  RATIONAL_B_SPLINE_CURVE ( ( 1.000000000000000000, 0.8053830134673584100, 0.8053830134673584100, 1.000000000000000000 ) ) 
 REPRESENTATION_ITEM ( '' )  );
#3329 = ORIENTED_EDGE ( 'NONE', *, *, #5010, .T. ) ;
#3330 = CARTESIAN_POINT ( 'NONE',  ( 4.816226647782155400, 2.917349657982432700, -4.816226647782158900 ) ) ;
#3332 = ORIENTED_EDGE ( 'NONE', *, *, #5594, .T. ) ;
#3331 = EDGE_CURVE ( 'NONE', #2847, #1451, #854, .T. ) ;
#3333 = FACE_OUTER_BOUND ( 'NONE', #5766, .T. ) ;
#3334 = LINE ( 'NONE', #5649, #4584 ) ;
#3335 = VECTOR ( 'NONE', #5602, 1000.000000000000000 ) ;
#3336 = DIRECTION ( 'NONE',  ( 0.0000000000000000000, -1.000000000000000000, 0.0000000000000000000 ) ) ;
#3337 = EDGE_LOOP ( 'NONE', ( #2995, #4738, #5994, #2300 ) ) ;
#3338 = AXIS2_PLACEMENT_3D ( 'NONE', #5568, #956, #4174 ) ;
#3339 = LINE ( 'NONE', #2401, #905 ) ;
#3340 = AXIS2_PLACEMENT_3D ( 'NONE', #5320, #4377, #3923 ) ;
#3341 = DIRECTION ( 'NONE',  ( 1.971276677246371500E-016, 4.377113509970990200E-032, -1.000000000000000000 ) ) ;
#3342 = LINE ( 'NONE', #3295, #2129 ) ;
#3343 = DIRECTION ( 'NONE',  ( 0.05220004101858902900, -0.05232873513582508200, -0.9972646886342374500 ) ) ;
#3344 = CARTESIAN_POINT ( 'NONE',  ( -2.599999999999993000, 3.184081677783113800E-016, -9.999999999999998200 ) ) ;
#3345 = VERTEX_POINT ( 'NONE', #4772 ) ;
#3346 = CARTESIAN_POINT ( 'NONE',  ( -6.636698961060966800, 8.799999999999997200, 3.636698961060950800 ) ) ;
#3347 = DIRECTION ( 'NONE',  ( 0.0000000000000000000, -0.0000000000000000000, -1.000000000000000000 ) ) ;
#3348 = DIRECTION ( 'NONE',  ( 1.000000000000000000, -0.0000000000000000000, 0.0000000000000000000 ) ) ;
#3349 = DIRECTION ( 'NONE',  ( 0.0000000000000000000, -1.000000000000000000, -2.891205793294679000E-015 ) ) ;
#3350 = CARTESIAN_POINT ( 'NONE',  ( 7.312652399493223100E-016, -8.586271053293955900, 5.971233832142113200 ) ) ;
#3351 = DIRECTION ( 'NONE',  ( 0.0000000000000000000, -0.6883545756937593500, -0.7253743710122824200 ) ) ;
#3352 = ORIENTED_EDGE ( 'NONE', *, *, #771, .F. ) ;
#3353 = ORIENTED_EDGE ( 'NONE', *, *, #2736, .T. ) ;
#3354 = ORIENTED_EDGE ( 'NONE', *, *, #2570, .T. ) ;
#3355 = VERTEX_POINT ( 'NONE', #2480 ) ;
#3356 = SPHERICAL_SURFACE ( 'NONE', #3117, 0.2999999999999999900 ) ;
#3357 = DIRECTION ( 'NONE',  ( -1.000000000000000000, -2.220446049250313100E-016, -3.469446951953614200E-015 ) ) ;
#3358 = EDGE_CURVE ( 'NONE', #3606, #4489, #1942, .T. ) ;
#3359 = CARTESIAN_POINT ( 'NONE',  ( 10.01561501126347100, -4.999181651936187800, -3.701229487637444700 ) ) ;
#3360 = FACE_OUTER_BOUND ( 'NONE', #3915, .T. ) ;
#3361 = CARTESIAN_POINT ( 'NONE',  ( -9.068980551792401800, 1.520015985077517000, -12.50000000000000000 ) ) ;
#3362 = CARTESIAN_POINT ( 'NONE',  ( -3.936287821487347100, -5.000000000000027500, -8.784299213127116700 ) ) ;
#3363 = VERTEX_POINT ( 'NONE', #616 ) ;
#3364 = DIRECTION ( 'NONE',  ( 1.549508234402153200E-016, 0.05233595624294395300, -0.9986295347545739400 ) ) ;
#3365 = CARTESIAN_POINT ( 'NONE',  ( 3.700411139573626300, 9.999999999999998200, 7.000000000000000900 ) ) ;
#3366 = DIRECTION ( 'NONE',  ( 0.0000000000000000000, 0.0000000000000000000, 1.000000000000000000 ) ) ;
#3367 = EDGE_CURVE ( 'NONE', #1693, #2928, #3297, .T. ) ;
#3368 = CIRCLE ( 'NONE', #667, 0.3000000000000003200 ) ;
#3369 = EDGE_CURVE ( 'NONE', #2336, #425, #5489, .T. ) ;
#3370 = FACE_OUTER_BOUND ( 'NONE', #1959, .T. ) ;
#3371 = CARTESIAN_POINT ( 'NONE',  ( -2.599999999999916200, -9.200000000000029500, -10.00000000000000000 ) ) ;
#3372 = AXIS2_PLACEMENT_3D ( 'NONE', #3174, #4100, #2879 ) ;
#3373 = CARTESIAN_POINT ( 'NONE',  ( 11.55233595624294400, -7.081354480167910000, -2.518645519832079000 ) ) ;
#3374 = EDGE_CURVE ( 'NONE', #4126, #1518, #4237, .T. ) ;
#3375 = CARTESIAN_POINT ( 'NONE',  ( -1.917136887557132600, -5.275176260627911300, -5.575919307116855400 ) ) ;
#3376 = ORIENTED_EDGE ( 'NONE', *, *, #3690, .T. ) ;
#3377 = DIRECTION ( 'NONE',  ( 0.9986295347545739400, -0.05233595624294390400, 0.0000000000000000000 ) ) ;
#3378 = ORIENTED_EDGE ( 'NONE', *, *, #208, .T. ) ;
#3379 = VERTEX_POINT ( 'NONE', #1096 ) ;
#3380 = DIRECTION ( 'NONE',  ( -0.05233595624294395300, 0.0000000000000000000, -0.9986295347545739400 ) ) ;
#3381 = CARTESIAN_POINT ( 'NONE',  ( -4.000818348063798900, -6.701229487637463400, -10.01561501126347400 ) ) ;
#3382 = VERTEX_POINT ( 'NONE', #4314 ) ;
#3383 = ORIENTED_EDGE ( 'NONE', *, *, #3290, .F. ) ;
#3384 = CIRCLE ( 'NONE', #1669, 0.2999999999999999300 ) ;
#3385 = CARTESIAN_POINT ( 'NONE',  ( 0.1976648663305134200, 5.599759547452976000, -5.599759547452977800 ) ) ;
#3386 = EDGE_LOOP ( 'NONE', ( #2921, #1314, #3611, #1246 ) ) ;
#3387 = CARTESIAN_POINT ( 'NONE',  ( -1.520015985077433300, -9.200000000000018800, -11.50000000000000000 ) ) ;
#3388 = DIRECTION ( 'NONE',  ( 0.0000000000000000000, 0.0000000000000000000, -1.000000000000000000 ) ) ;
#3389 = ORIENTED_EDGE ( 'NONE', *, *, #2355, .T. ) ;
#3390 = DIRECTION ( 'NONE',  ( 1.000000000000000000, 2.220446049250313100E-016, 1.668003342285392300E-016 ) ) ;
#3391 = VERTEX_POINT ( 'NONE', #2946 ) ;
#3392 = CIRCLE ( 'NONE', #4624, 0.2999999999999999300 ) ;
#3393 = ORIENTED_EDGE ( 'NONE', *, *, #4175, .T. ) ;
#3394 = CARTESIAN_POINT ( 'NONE',  ( 9.999999999999996400, 2.600000000000000500, 9.199999999999999300 ) ) ;
#3395 = ORIENTED_EDGE ( 'NONE', *, *, #5591, .F. ) ;
#3396 = DIRECTION ( 'NONE',  ( 0.0000000000000000000, -1.000000000000000000, 0.0000000000000000000 ) ) ;
#3397 = EDGE_CURVE ( 'NONE', #4820, #4466, #4374, .T. ) ;
#3398 = EDGE_CURVE ( 'NONE', #1194, #1561, #1793, .T. ) ;
#3399 = LINE ( 'NONE', #670, #4493 ) ;
#3400 = EDGE_CURVE ( 'NONE', #161, #5516, #5331, .T. ) ;
#3401 = UNCERTAINTY_MEASURE_WITH_UNIT (LENGTH_MEASURE( 1.000000000000000100E-005 ), #1348, 'distance_accuracy_value', 'NONE');
#3402 = CARTESIAN_POINT ( 'NONE',  ( 9.999999999999996400, 3.876005637310968600, 6.999999999999998200 ) ) ;
#3403 = DIRECTION ( 'NONE',  ( 0.0000000000000000000, 0.0000000000000000000, 1.000000000000000000 ) ) ;
#3404 = PLANE ( 'NONE',  #3937 ) ;
#3405 = VERTEX_POINT ( 'NONE', #2049 ) ;
#3406 = CIRCLE ( 'NONE', #1066, 0.3000000000000003200 ) ;
#3407 = DIRECTION ( 'NONE',  ( 0.0000000000000000000, -0.05233595624294414700, -0.9986295347545737200 ) ) ;
#3408 = VECTOR ( 'NONE', #993, 1000.000000000000100 ) ;
#3409 = CARTESIAN_POINT ( 'NONE',  ( -1.520015985077452600, -7.131019448207621500, -12.50000000000000000 ) ) ;
#3410 = EDGE_CURVE ( 'NONE', #2841, #2466, #5182, .T. ) ;
#3411 = FACE_OUTER_BOUND ( 'NONE', #1613, .T. ) ;
#3412 = CARTESIAN_POINT ( 'NONE',  ( 11.55233595624294400, -7.081354480167910000, -2.518645519832079000 ) ) ;
#3413 = CARTESIAN_POINT ( 'NONE',  ( -3.636698961060975700, 8.499999999999994700, 6.636698961060972100 ) ) ;
#3414 = ORIENTED_EDGE ( 'NONE', *, *, #166, .F. ) ;
#3415 = AXIS2_PLACEMENT_3D ( 'NONE', #4132, #1382, #3668 ) ;
#3416 = AXIS2_PLACEMENT_3D ( 'NONE', #5574, #2800, #38 ) ;
#3417 = ORIENTED_EDGE ( 'NONE', *, *, #4860, .F. ) ;
#3418 = DIRECTION ( 'NONE',  ( 0.9986295347545739400, 0.0000000000000000000, -0.05233595624294395300 ) ) ;
#3419 = VERTEX_POINT ( 'NONE', #4353 ) ;
#3420 = CARTESIAN_POINT ( 'NONE',  ( 12.50000000000000200, -2.081766411704359500, 9.068980551792394700 ) ) ;
#3421 = ORIENTED_EDGE ( 'NONE', *, *, #1411, .T. ) ;
#3422 = EDGE_LOOP ( 'NONE', ( #3023, #4803, #311, #2460 ) ) ;
#3423 = DIRECTION ( 'NONE',  ( -0.9986295347545737200, -0.05233595624294422300, 0.0000000000000000000 ) ) ;
#3424 = DIRECTION ( 'NONE',  ( 9.067872715333312500E-015, -1.000000000000000000, 0.0000000000000000000 ) ) ;
#3425 = LINE ( 'NONE', #1555, #535 ) ;
#3426 = CARTESIAN_POINT ( 'NONE',  ( -6.636250430647526100, -3.634684160981008500, -8.800000000000000700 ) ) ;
#3427 = DIRECTION ( 'NONE',  ( -0.9986295347545739400, -0.05233595624294412600, 0.0000000000000000000 ) ) ;
#3428 = PLANE ( 'NONE',  #4589 ) ;
#3429 = CARTESIAN_POINT ( 'NONE',  ( -6.936287821487341400, 8.784299213127113100, 2.600000000000012100 ) ) ;
#3430 = ADVANCED_FACE ( 'NONE', ( #417 ), #1494, .F. ) ;
#3431 = CARTESIAN_POINT ( 'NONE',  ( 8.799999999999997200, 3.636698961060974800, 5.363301038939026100 ) ) ;
#3432 = CARTESIAN_POINT ( 'NONE',  ( -3.636698961060975700, 8.799999999999995400, 6.636698961060972100 ) ) ;
#3433 = LINE ( 'NONE', #2520, #5917 ) ;
#3434 = CARTESIAN_POINT ( 'NONE',  ( 9.999999999999998200, 0.0000000000000000000, -2.600000000000001000 ) ) ;
#3435 = EDGE_LOOP ( 'NONE', ( #5197, #3393, #4929, #5588, #4332, #4152, #2501 ) ) ;
#3436 = PLANE ( 'NONE',  #4782 ) ;
#3437 = ORIENTED_EDGE ( 'NONE', *, *, #1626, .T. ) ;
#3438 = CARTESIAN_POINT ( 'NONE',  ( -5.843546003618127900, -0.8363776476908203500, 5.843546003618136800 ) ) ;
#3439 = DIRECTION ( 'NONE',  ( 0.0000000000000000000, 0.05233595624294395300, -0.9986295347545739400 ) ) ;
#3440 = VECTOR ( 'NONE', #136, 1000.000000000000000 ) ;
#3441 = EDGE_CURVE ( 'NONE', #5249, #5983, #2735, .T. ) ;
#3442 = CIRCLE ( 'NONE', #773, 0.3000000000000003200 ) ;
#3443 = DIRECTION ( 'NONE',  ( 0.05220004101858877200, -0.05232873513582473500, -0.9972646886342372300 ) ) ;
#3444 = ORIENTED_EDGE ( 'NONE', *, *, #5439, .T. ) ;
#3445 = LINE ( 'NONE', #1154, #4687 ) ;
#3446 = CARTESIAN_POINT ( 'NONE',  ( -3.936287821487348000, 8.784299213127111400, 6.636698961060972100 ) ) ;
#3447 = LINE ( 'NONE', #622, #2246 ) ;
#3448 = DIRECTION ( 'NONE',  ( -1.000000000000000000, 0.0000000000000000000, 1.445602896647339500E-015 ) ) ;
#3449 = AXIS2_PLACEMENT_3D ( 'NONE', #79, #3045, #289 ) ;
#3450 = FACE_OUTER_BOUND ( 'NONE', #469, .T. ) ;
#3451 = EDGE_CURVE ( 'NONE', #1966, #4118, #5221, .T. ) ;
#3452 = ORIENTED_EDGE ( 'NONE', *, *, #3601, .T. ) ;
#3453 = DIRECTION ( 'NONE',  ( 0.0000000000000000000, 0.05233595624294395300, 0.9986295347545739400 ) ) ;
#3454 = CARTESIAN_POINT ( 'NONE',  ( 5.276662788556952100, -2.593151113082280600, 4.975919742068000100 ) ) ;
#3455 = DIRECTION ( 'NONE',  ( -1.000000000000000000, -2.220446049250313100E-016, 1.577021341797095600E-015 ) ) ;
#3456 = DIRECTION ( 'NONE',  ( 3.497543079678235300E-032, -0.0000000000000000000, 1.000000000000000000 ) ) ;
#3457 = VECTOR ( 'NONE', #4229, 1000.000000000000000 ) ;
#3458 = AXIS2_PLACEMENT_3D ( 'NONE', #3237, #474, #3697 ) ;
#3459 = ORIENTED_EDGE ( 'NONE', *, *, #3094, .T. ) ;
#3460 = DIRECTION ( 'NONE',  ( 0.05233595624294422300, 0.0000000000000000000, -0.9986295347545737200 ) ) ;
#3461 = ORIENTED_EDGE ( 'NONE', *, *, #4635, .F. ) ;
#3462 = ORIENTED_EDGE ( 'NONE', *, *, #4776, .F. ) ;
#3463 = VECTOR ( 'NONE', #5252, 1000.000000000000200 ) ;
#3464 = ADVANCED_FACE ( 'NONE', ( #262 ), #2585, .F. ) ;
#3465 = CARTESIAN_POINT ( 'NONE',  ( 10.11466723005238900, -7.006009454883575800, 2.593990545116428700 ) ) ;
#3466 = ORIENTED_EDGE ( 'NONE', *, *, #730, .T. ) ;
#3467 = ORIENTED_EDGE ( 'NONE', *, *, #1441, .T. ) ;
#3468 = DIRECTION ( 'NONE',  ( 1.000000000000000000, -0.0000000000000000000, -0.0000000000000000000 ) ) ;
#3469 = ORIENTED_EDGE ( 'NONE', *, *, #25, .T. ) ;
#3470 = ORIENTED_EDGE ( 'NONE', *, *, #792, .F. ) ;
#3471 = CARTESIAN_POINT ( 'NONE',  ( -4.840589385223756500, 3.331347387415988700, 4.840589385223767100 ) ) ;
#3472 = CARTESIAN_POINT ( 'NONE',  ( 3.557481457854005800E-015, 0.0000000000000000000, 8.574287104857957000 ) ) ;
#3473 = CYLINDRICAL_SURFACE ( 'NONE', #3201, 0.2999999999999999300 ) ;
#3474 = CARTESIAN_POINT ( 'NONE',  ( -1.520015985077517900, 12.49999999999999600, 9.068980551792396500 ) ) ;
#3475 = ORIENTED_EDGE ( 'NONE', *, *, #4850, .T. ) ;
#3476 = CARTESIAN_POINT ( 'NONE',  ( -7.000000000000004400, 2.600000000000000100, -10.00000000000000000 ) ) ;
#3477 = DIRECTION ( 'NONE',  ( -1.000000000000000000, -9.340818716798192300E-015, -0.0000000000000000000 ) ) ;
#3478 = VERTEX_POINT ( 'NONE', #4393 ) ;
#3479 = VECTOR ( 'NONE', #1805, 1000.000000000000200 ) ;
#3480 = AXIS2_PLACEMENT_3D ( 'NONE', #4384, #220, #1171 ) ;
#3481 = VECTOR ( 'NONE', #1439, 1000.000000000000000 ) ;
#3482 = CYLINDRICAL_SURFACE ( 'NONE', #4454, 0.2999999999999998800 ) ;
#3483 = EDGE_CURVE ( 'NONE', #632, #4056, #5047, .T. ) ;
#3484 = EDGE_CURVE ( 'NONE', #5142, #3345, #3786, .T. ) ;
#3485 = ORIENTED_EDGE ( 'NONE', *, *, #3019, .F. ) ;
#3486 = EDGE_CURVE ( 'NONE', #5724, #4887, #3931, .T. ) ;
#3487 = VECTOR ( 'NONE', #3246, 1000.000000000000100 ) ;
#3488 = PLANE ( 'NONE',  #2961 ) ;
#3489 = FACE_OUTER_BOUND ( 'NONE', #3047, .T. ) ;
#3490 = ORIENTED_EDGE ( 'NONE', *, *, #1886, .F. ) ;
#3491 = CARTESIAN_POINT ( 'NONE',  ( 4.134297480284596200, 4.134297480284619300, 3.833554433795661100 ) ) ;
#3492 = ADVANCED_FACE ( 'NONE', ( #1363 ), #2310, .F. ) ;
#3493 = CARTESIAN_POINT ( 'NONE',  ( 8.784299213127113100, 3.936287821487347100, 6.636698961060973000 ) ) ;
#3494 = CARTESIAN_POINT ( 'NONE',  ( -5.299218776322763200, -3.999631379062490700, -10.00000000000000000 ) ) ;
#3495 = EDGE_CURVE ( 'NONE', #3054, #284, #4479, .T. ) ;
#3496 = CARTESIAN_POINT ( 'NONE',  ( 8.784299213127113100, -6.936287821487350200, -3.636698961060997400 ) ) ;
#3497 = VERTEX_POINT ( 'NONE', #3943 ) ;
#3498 = VERTEX_POINT ( 'NONE', #5362 ) ;
#3499 = ORIENTED_EDGE ( 'NONE', *, *, #1292, .T. ) ;
#3500 = ORIENTED_EDGE ( 'NONE', *, *, #3049, .F. ) ;
#3501 = AXIS2_PLACEMENT_3D ( 'NONE', #3088, #329, #3553 ) ;
#3502 = COLOUR_RGB ( '',0.8666666666666667000, 0.9098039215686274400, 1.000000000000000000 ) ;
#3503 = CIRCLE ( 'NONE', #2506, 5.549999999999998900 ) ;
#3504 = CARTESIAN_POINT ( 'NONE',  ( -2.081766411704279100, -9.068980551792423100, -12.50000000000000000 ) ) ;
#3505 = DIRECTION ( 'NONE',  ( -0.9972646886342372300, -0.05226442768871419900, -0.05226442768871403900 ) ) ;
#3506 = CARTESIAN_POINT ( 'NONE',  ( 5.567049482360908500, 5.567049482360912900, 0.6416350559236907400 ) ) ;
#3507 = EDGE_LOOP ( 'NONE', ( #2759, #2600, #2400, #931 ) ) ;
#3508 = CARTESIAN_POINT ( 'NONE',  ( 12.49999999999999800, -7.131019448207594800, 2.600000000000012500 ) ) ;
#3509 = ADVANCED_FACE ( 'NONE', ( #4744 ), #2133, .F. ) ;
#3510 = CARTESIAN_POINT ( 'NONE',  ( 3.557481457854005800E-015, 0.0000000000000000000, 8.548110156550091400 ) ) ;
#3511 = FACE_OUTER_BOUND ( 'NONE', #5216, .T. ) ;
#3512 = CARTESIAN_POINT ( 'NONE',  ( -2.479905411183351800, 5.049107018288737900, -5.049107018288740500 ) ) ;
#3513 = CARTESIAN_POINT ( 'NONE',  ( 0.0000000000000000000, 7.500000000000007100, -5.549999999999998900 ) ) ;
#3514 = FACE_OUTER_BOUND ( 'NONE', #1079, .T. ) ;
#3515 = CARTESIAN_POINT ( 'NONE',  ( 12.11331652343349500, -7.110754225915298900, 2.489245774084705600 ) ) ;
#3516 = DIRECTION ( 'NONE',  ( 0.0000000000000000000, 1.000000000000000000, 0.0000000000000000000 ) ) ;
#3517 =( BOUNDED_CURVE ( )  B_SPLINE_CURVE ( 3, ( #4893, #3036, #3504, #735 ),
 .UNSPECIFIED., .F., .T. ) 
 B_SPLINE_CURVE_WITH_KNOTS ( ( 4, 4 ),
 ( 1.623156204354722300, 3.141592653589787300 ),
 .UNSPECIFIED. ) 
 CURVE ( )  GEOMETRIC_REPRESENTATION_ITEM ( )  RATIONAL_B_SPLINE_CURVE ( ( 1.000000000000000000, 0.8169162473415254600, 0.8169162473415254600, 1.000000000000000000 ) ) 
 REPRESENTATION_ITEM ( '' )  );
#3518 = EDGE_CURVE ( 'NONE', #5460, #3061, #4897, .T. ) ;
#3519 = ADVANCED_FACE ( 'NONE', ( #6006 ), #304, .F. ) ;
#3520 = AXIS2_PLACEMENT_3D ( 'NONE', #3185, #3647, #5982 ) ;
#3521 = EDGE_LOOP ( 'NONE', ( #5830, #1995, #1401, #2575, #5419, #5027 ) ) ;
#3522 = DIRECTION ( 'NONE',  ( 1.000000000000000000, 0.0000000000000000000, 0.0000000000000000000 ) ) ;
#3523 = ORIENTED_EDGE ( 'NONE', *, *, #3524, .T. ) ;
#3524 = EDGE_CURVE ( 'NONE', #5688, #637, #5846, .T. ) ;
#3525 = CARTESIAN_POINT ( 'NONE',  ( 3.989444925404550500, 3.989444925404560300, -3.989444925404555000 ) ) ;
#3526 = ORIENTED_EDGE ( 'NONE', *, *, #776, .T. ) ;
#3527 = DIRECTION ( 'NONE',  ( -0.9986295347545739400, -4.330865244356391300E-016, 0.05233595624294395300 ) ) ;
#3528 = ORIENTED_EDGE ( 'NONE', *, *, #4691, .F. ) ;
#3529 = FACE_OUTER_BOUND ( 'NONE', #5348, .T. ) ;
#3530 = CARTESIAN_POINT ( 'NONE',  ( -5.299342061834999600, -3.999631379062489800, -10.00000000000000200 ) ) ;
#3531 = DIRECTION ( 'NONE',  ( -0.05233595624294400100, 0.9986295347545739400, 0.0000000000000000000 ) ) ;
#3532 = ORIENTED_EDGE ( 'NONE', *, *, #5269, .T. ) ;
#3533 = CARTESIAN_POINT ( 'NONE',  ( 8.515615011263472300, -6.922206679139240900, -3.622617818712887700 ) ) ;
#3534 = AXIS2_PLACEMENT_3D ( 'NONE', #4847, #1178, #4389 ) ;
#3535 =( GEOMETRIC_REPRESENTATION_CONTEXT ( 3 ) GLOBAL_UNCERTAINTY_ASSIGNED_CONTEXT ( ( #3401 ) ) GLOBAL_UNIT_ASSIGNED_CONTEXT ( ( #1348, #4576, #1808 ) ) REPRESENTATION_CONTEXT ( 'NONE', 'WORKASPACE' ) );
#3536 = ORIENTED_EDGE ( 'NONE', *, *, #3601, .F. ) ;
#3537 = VERTEX_POINT ( 'NONE', #1245 ) ;
#3538 = VERTEX_POINT ( 'NONE', #5400 ) ;
#3539 = ORIENTED_EDGE ( 'NONE', *, *, #3862, .F. ) ;
#3540 = CARTESIAN_POINT ( 'NONE',  ( -3.983977529785748000, -3.983977529785742700, -4.284720576274715100 ) ) ;
#3541 = ADVANCED_FACE ( 'NONE', ( #4611 ), #3226, .F. ) ;
#3542 = EDGE_LOOP ( 'NONE', ( #4405, #884, #3523, #495 ) ) ;
#3543 = LINE ( 'NONE', #4755, #1099 ) ;
#3544 = CARTESIAN_POINT ( 'NONE',  ( 8.499999999999996400, -5.078611668924548200, -3.636698961060992600 ) ) ;
#3545 = ADVANCED_FACE ( 'NONE', ( #3360 ), #2442, .F. ) ;
#3546 = LINE ( 'NONE', #4266, #2349 ) ;
#3547 = CARTESIAN_POINT ( 'NONE',  ( 3.936287821487344500, 8.784299213127113100, 5.363301038939026100 ) ) ;
#3548 = DIRECTION ( 'NONE',  ( 2.761183247394055600E-016, 1.000000000000000000, 0.0000000000000000000 ) ) ;
#3549 = CARTESIAN_POINT ( 'NONE',  ( -5.114316331721365600, 4.000146807645518400, -10.00000000000000000 ) ) ;
#3550 = ORIENTED_EDGE ( 'NONE', *, *, #3059, .T. ) ;
#3551 = ORIENTED_EDGE ( 'NONE', *, *, #5911, .T. ) ;
#3552 = CARTESIAN_POINT ( 'NONE',  ( -6.636698961060980100, 8.499999999999994700, -3.636698961060997900 ) ) ;
#3553 = DIRECTION ( 'NONE',  ( 1.445602896647339500E-015, -1.000000000000000000, 0.0000000000000000000 ) ) ;
#3554 = EDGE_CURVE ( 'NONE', #955, #1104, #4443, .T. ) ;
#3555 = VECTOR ( 'NONE', #2023, 1000.000000000000200 ) ;
#3556 = VECTOR ( 'NONE', #3741, 1000.000000000000100 ) ;
#3557 = DIRECTION ( 'NONE',  ( -0.05226442768871399100, 0.9972646886342372300, 0.05226442768871384500 ) ) ;
#3558 = LINE ( 'NONE', #4007, #4504 ) ;
#3559 = CARTESIAN_POINT ( 'NONE',  ( -5.581887067214321300, -0.3944475909019003500, -5.882630113703285700 ) ) ;
#3560 = AXIS2_PLACEMENT_3D ( 'NONE', #4521, #1755, #4994 ) ;
#3561 = EDGE_CURVE ( 'NONE', #1958, #319, #5693, .T. ) ;
#3562 = DIRECTION ( 'NONE',  ( 1.000000000000000000, 0.0000000000000000000, 0.0000000000000000000 ) ) ;
#3563 = EDGE_LOOP ( 'NONE', ( #3122, #5075, #1330, #1734 ) ) ;
#3564 = ORIENTED_EDGE ( 'NONE', *, *, #2756, .F. ) ;
#3565 = ORIENTED_EDGE ( 'NONE', *, *, #537, .F. ) ;
#3566 = ORIENTED_EDGE ( 'NONE', *, *, #2222, .T. ) ;
#3567 = ORIENTED_EDGE ( 'NONE', *, *, #1175, .T. ) ;
#3568 = CARTESIAN_POINT ( 'NONE',  ( -8.560094104986099200, 6.970891157117690400, 0.0000000000000000000 ) ) ;
#3569 = AXIS2_PLACEMENT_3D ( 'NONE', #1481, #5176, #2423 ) ;
#3570 = AXIS2_PLACEMENT_3D ( 'NONE', #2625, #4447, #3078 ) ;
#3571 = CARTESIAN_POINT ( 'NONE',  ( 8.784299213127113100, -3.636698961060973900, 6.936287821487344900 ) ) ;
#3572 = CARTESIAN_POINT ( 'NONE',  ( 2.600000000000000100, 0.0000000000000000000, -9.999999999999998200 ) ) ;
#3573 = CYLINDRICAL_SURFACE ( 'NONE', #2654, 1.000000000000000900 ) ;
#3574 = ADVANCED_FACE ( 'NONE', ( #5554 ), #5397, .F. ) ;
#3575 = CARTESIAN_POINT ( 'NONE',  ( 12.49999999999999800, -9.068980551792394700, -1.520015985077499200 ) ) ;
#3576 = EDGE_CURVE ( 'NONE', #3355, #84, #606, .T. ) ;
#3577 = CARTESIAN_POINT ( 'NONE',  ( -5.894713102426422300, -5.894713102426438300, -0.3431729311783522900 ) ) ;
#3578 = CARTESIAN_POINT ( 'NONE',  ( 9.999999999999996400, 3.700411139573628500, 7.000000000000000900 ) ) ;
#3579 = DIRECTION ( 'NONE',  ( 1.971276677246370500E-016, 4.377113509970988000E-032, -1.000000000000000000 ) ) ;
#3580 = LINE ( 'NONE', #612, #2374 ) ;
#3581 = ORIENTED_EDGE ( 'NONE', *, *, #1300, .F. ) ;
#3582 = CARTESIAN_POINT ( 'NONE',  ( -1.520015985077519000, 12.49999999999999600, 9.199999999999999300 ) ) ;
#3583 = AXIS2_PLACEMENT_3D ( 'NONE', #4896, #5358, #2590 ) ;
#3584 = ORIENTED_EDGE ( 'NONE', *, *, #1672, .T. ) ;
#3585 = ADVANCED_FACE ( 'NONE', ( #1865, #2005 ), #810, .F. ) ;
#3586 = DIRECTION ( 'NONE',  ( 0.0000000000000000000, 1.445602896647339500E-015, -1.000000000000000000 ) ) ;
#3587 = CYLINDRICAL_SURFACE ( 'NONE', #255, 0.2999999999999999300 ) ;
#3588 = CARTESIAN_POINT ( 'NONE',  ( 6.499999999999995600, 10.00000000000000500, 3.149999999999999900 ) ) ;
#3589 = LINE ( 'NONE', #3886, #4684 ) ;
#3590 = VERTEX_POINT ( 'NONE', #344 ) ;
#3591 = VECTOR ( 'NONE', #2042, 1000.000000000000000 ) ;
#3592 =( BOUNDED_CURVE ( )  B_SPLINE_CURVE ( 3, ( #2006, #5223, #5700, #2920 ),
 .UNSPECIFIED., .F., .F. ) 
 B_SPLINE_CURVE_WITH_KNOTS ( ( 4, 4 ),
 ( 1.027896058536187500E-015, 1.518436449235066600 ),
 .UNSPECIFIED. ) 
 CURVE ( )  GEOMETRIC_REPRESENTATION_ITEM ( )  RATIONAL_B_SPLINE_CURVE ( ( 1.000000000000000000, 0.8169162473415252400, 0.8169162473415252400, 1.000000000000000000 ) ) 
 REPRESENTATION_ITEM ( '' )  );
#3593 = DIRECTION ( 'NONE',  ( 0.05220004101858902900, -0.05232873513582508200, -0.9972646886342374500 ) ) ;
#3594 = LINE ( 'NONE', #5495, #5497 ) ;
#3595 = CARTESIAN_POINT ( 'NONE',  ( -4.242327728467071100, -4.242327728467091500, -4.053741577709407000 ) ) ;
#3596 = CARTESIAN_POINT ( 'NONE',  ( 5.410934822759931400, -1.472149057422635000, -5.410934822759935000 ) ) ;
#3597 = ORIENTED_EDGE ( 'NONE', *, *, #4020, .T. ) ;
#3598 = PLANE ( 'NONE',  #1969 ) ;
#3599 = CARTESIAN_POINT ( 'NONE',  ( -2.599999999999916200, -9.200000000000029500, -12.50000000000000000 ) ) ;
#3600 = EDGE_CURVE ( 'NONE', #3722, #5685, #3074, .T. ) ;
#3601 = EDGE_CURVE ( 'NONE', #1861, #5291, #928, .T. ) ;
#3602 = EDGE_CURVE ( 'NONE', #4404, #2554, #1705, .T. ) ;
#3603 = VECTOR ( 'NONE', #2392, 1000.000000000000000 ) ;
#3604 = DIRECTION ( 'NONE',  ( 1.000000000000000000, 4.185271238365219500E-030, 2.895173527994273600E-015 ) ) ;
#3605 = ADVANCED_FACE ( 'NONE', ( #2798, #4161 ), #5469, .F. ) ;
#3606 = VERTEX_POINT ( 'NONE', #395 ) ;
#3607 = PLANE ( 'NONE',  #959 ) ;
#3608 = ORIENTED_EDGE ( 'NONE', *, *, #355, .F. ) ;
#3609 = ORIENTED_EDGE ( 'NONE', *, *, #69, .T. ) ;
#3610 = CIRCLE ( 'NONE', #2732, 5.971233832142113200 ) ;
#3611 = ORIENTED_EDGE ( 'NONE', *, *, #904, .T. ) ;
#3612 = EDGE_CURVE ( 'NONE', #4626, #1239, #479, .T. ) ;
#3613 = CARTESIAN_POINT ( 'NONE',  ( 9.927072861725090300, 3.695766346834169700, 5.304233653165832500 ) ) ;
#3614 = ADVANCED_FACE ( 'NONE', ( #332 ), #857, .T. ) ;
#3615 = VERTEX_POINT ( 'NONE', #2240 ) ;
#3616 = DIRECTION ( 'NONE',  ( 1.000000000000000000, -0.0000000000000000000, -0.0000000000000000000 ) ) ;
#3617 = DIRECTION ( 'NONE',  ( 0.0000000000000000000, 1.000000000000000000, 0.0000000000000000000 ) ) ;
#3618 = VERTEX_POINT ( 'NONE', #5967 ) ;
#3619 = CARTESIAN_POINT ( 'NONE',  ( -4.990150538488475000, 3.999993936754470300, -10.00000000000000000 ) ) ;
#3620 = DIRECTION ( 'NONE',  ( 0.0000000000000000000, 0.0000000000000000000, 1.000000000000000000 ) ) ;
#3621 = ORIENTED_EDGE ( 'NONE', *, *, #5164, .T. ) ;
#3622 = AXIS2_PLACEMENT_3D ( 'NONE', #4907, #5845, #3051 ) ;
#3623 = DIRECTION ( 'NONE',  ( 1.000000000000000000, 0.0000000000000000000, 0.0000000000000000000 ) ) ;
#3624 = FACE_OUTER_BOUND ( 'NONE', #45, .T. ) ;
#3625 = ORIENTED_EDGE ( 'NONE', *, *, #4552, .T. ) ;
#3626 = CARTESIAN_POINT ( 'NONE',  ( -5.564876038364150900, 5.865619084853110900, 0.6865598106185963900 ) ) ;
#3627 = ORIENTED_EDGE ( 'NONE', *, *, #1516, .F. ) ;
#3628 = CARTESIAN_POINT ( 'NONE',  ( -5.377382181287151400, 8.515615011263472300, 3.922206679139217400 ) ) ;
#3629 = CIRCLE ( 'NONE', #624, 7.008253627460666400 ) ;
#3630 = MANIFOLD_SOLID_BREP ( 'Verrundung6', #4764 ) ;
#3631 = EDGE_LOOP ( 'NONE', ( #753, #1446, #4334 ) ) ;
#3632 = LINE ( 'NONE', #480, #4722 ) ;
#3633 = ORIENTED_EDGE ( 'NONE', *, *, #2898, .T. ) ;
#3634 = ORIENTED_EDGE ( 'NONE', *, *, #2191, .T. ) ;
#3635 = CARTESIAN_POINT ( 'NONE',  ( 0.0000000000000000000, 10.00000000000000500, 2.599999999999999200 ) ) ;
#3636 = VECTOR ( 'NONE', #500, 1000.000000000000000 ) ;
#3637 = DIRECTION ( 'NONE',  ( 0.0000000000000000000, 0.0000000000000000000, 1.000000000000000000 ) ) ;
#3638 = CARTESIAN_POINT ( 'NONE',  ( -2.489245774084628800, -7.110754225915332700, -12.11331652343349500 ) ) ;
#3639 = ADVANCED_FACE ( 'NONE', ( #2650 ), #2226, .F. ) ;
#3640 = FACE_OUTER_BOUND ( 'NONE', #4217, .T. ) ;
#3641 = DIRECTION ( 'NONE',  ( 0.001229495395857841200, 0.9986287778875633200, 0.05233595624294395300 ) ) ;
#3642 = DIRECTION ( 'NONE',  ( -0.0000000000000000000, -0.0000000000000000000, -1.000000000000000000 ) ) ;
#3643 = CARTESIAN_POINT ( 'NONE',  ( 8.799999999999997200, -3.636698961060973000, 5.363301038939026100 ) ) ;
#3644 = ORIENTED_EDGE ( 'NONE', *, *, #5747, .T. ) ;
#3645 = EDGE_CURVE ( 'NONE', #5608, #4252, #3433, .T. ) ;
#3646 = PLANE ( 'NONE',  #1601 ) ;
#3647 = DIRECTION ( 'NONE',  ( 0.05220004101858876500, -0.05232873513582459600, 0.9972646886342373400 ) ) ;
#3648 = ADVANCED_FACE ( 'NONE', ( #5763 ), #3436, .F. ) ;
#3649 = AXIS2_PLACEMENT_3D ( 'NONE', #938, #4157, #1404 ) ;
#3650 = VERTEX_POINT ( 'NONE', #5756 ) ;
#3651 = ORIENTED_EDGE ( 'NONE', *, *, #1337, .T. ) ;
#3652 = EDGE_CURVE ( 'NONE', #2642, #4645, #4527, .T. ) ;
#3653 = CARTESIAN_POINT ( 'NONE',  ( 1.520015985077515200, 11.49999999999999600, 9.199999999999999300 ) ) ;
#3654 = CIRCLE ( 'NONE', #4520, 0.2999999999999998800 ) ;
#3655 = CIRCLE ( 'NONE', #625, 0.2999999999999999300 ) ;
#3656 = DIRECTION ( 'NONE',  ( 0.0000000000000000000, 0.0000000000000000000, -1.000000000000000000 ) ) ;
#3657 = AXIS2_PLACEMENT_3D ( 'NONE', #2831, #71, #3286 ) ;
#3658 = DIRECTION ( 'NONE',  ( 0.0000000000000000000, 0.0000000000000000000, 1.000000000000000000 ) ) ;
#3659 = CARTESIAN_POINT ( 'NONE',  ( -3.748591083751501500, 4.511701359752725800, 4.210958313263774700 ) ) ;
#3660 = VECTOR ( 'NONE', #264, 1000.000000000000000 ) ;
#3661 = PLANE ( 'NONE',  #171 ) ;
#3662 = CARTESIAN_POINT ( 'NONE',  ( -8.560094104986102800, -6.970891157117690400, 8.536879542768768900E-016 ) ) ;
#3663 = DIRECTION ( 'NONE',  ( 0.0000000000000000000, -1.000000000000000000, 0.0000000000000000000 ) ) ;
#3664 = CARTESIAN_POINT ( 'NONE',  ( -6.999999999999987600, 9.999999999999996400, -4.000000000000024900 ) ) ;
#3665 = VECTOR ( 'NONE', #1796, 1000.000000000000100 ) ;
#3666 =( BOUNDED_CURVE ( )  B_SPLINE_CURVE ( 3, ( #4917, #1676, #2152, #5379 ),
 .UNSPECIFIED., .F., .F. ) 
 B_SPLINE_CURVE_WITH_KNOTS ( ( 4, 4 ),
 ( 2.357564018062740200, 3.925621289116845600 ),
 .UNSPECIFIED. ) 
 CURVE ( )  GEOMETRIC_REPRESENTATION_ITEM ( )  RATIONAL_B_SPLINE_CURVE ( ( 1.000000000000000000, 0.8053830134673597400, 0.8053830134673597400, 1.000000000000000000 ) ) 
 REPRESENTATION_ITEM ( '' )  );
#3667 = LINE ( 'NONE', #215, #4619 ) ;
#3668 = DIRECTION ( 'NONE',  ( 0.05233595624294414700, 0.0000000000000000000, -0.9986295347545737200 ) ) ;
#3669 = EDGE_CURVE ( 'NONE', #3802, #2181, #984, .T. ) ;
#3670 = CIRCLE ( 'NONE', #831, 0.2999999999999999300 ) ;
#3671 = ADVANCED_FACE ( 'NONE', ( #850 ), #2071, .F. ) ;
#3672 = CARTESIAN_POINT ( 'NONE',  ( -1.556599837638282100, 5.691566882961678800, 5.390823836472727700 ) ) ;
#3673 = ORIENTED_EDGE ( 'NONE', *, *, #5527, .F. ) ;
#3674 = ORIENTED_EDGE ( 'NONE', *, *, #18, .F. ) ;
#3675 = CARTESIAN_POINT ( 'NONE',  ( -10.00000000000000900, -8.499999999999994700, 8.500000000000000000 ) ) ;
#3676 = DIRECTION ( 'NONE',  ( -0.05226442768871398400, -0.9972646886342372300, 0.05226442768871403200 ) ) ;
#3677 = ORIENTED_EDGE ( 'NONE', *, *, #2767, .F. ) ;
#3678 = AXIS2_PLACEMENT_3D ( 'NONE', #1165, #4061, #793 ) ;
#3679 = VERTEX_POINT ( 'NONE', #4381 ) ;
#3680 = VECTOR ( 'NONE', #2690, 1000.000000000000000 ) ;
#3681 = CARTESIAN_POINT ( 'NONE',  ( 2.600000000000063600, -6.999999999999981300, -10.00000000000000000 ) ) ;
#3682 = EDGE_LOOP ( 'NONE', ( #5748, #3211, #1774, #3772 ) ) ;
#3683 = EDGE_CURVE ( 'NONE', #3650, #2122, #4367, .T. ) ;
#3684 = EDGE_CURVE ( 'NONE', #4737, #878, #4676, .T. ) ;
#3685 = ORIENTED_EDGE ( 'NONE', *, *, #5566, .T. ) ;
#3686 = ORIENTED_EDGE ( 'NONE', *, *, #2993, .F. ) ;
#3687 = ORIENTED_EDGE ( 'NONE', *, *, #1218, .F. ) ;
#3688 = ORIENTED_EDGE ( 'NONE', *, *, #5919, .F. ) ;
#3689 = AXIS2_PLACEMENT_3D ( 'NONE', #4270, #4745, #3793 ) ;
#3690 = EDGE_CURVE ( 'NONE', #1418, #1451, #4005, .T. ) ;
#3691 = CARTESIAN_POINT ( 'NONE',  ( 5.669673598682208200, 1.636448933278326100, 5.368930552193258900 ) ) ;
#3692 = VERTEX_POINT ( 'NONE', #3474 ) ;
#3693 = CARTESIAN_POINT ( 'NONE',  ( 12.49999999999999600, 2.081766411704364400, 7.131019448207601900 ) ) ;
#3694 = DIRECTION ( 'NONE',  ( 0.9986295347545737200, 0.0000000000000000000, 0.05233595624294414700 ) ) ;
#3695 = VECTOR ( 'NONE', #2895, 1000.000000000000000 ) ;
#3696 = LINE ( 'NONE', #2001, #1101 ) ;
#3697 = DIRECTION ( 'NONE',  ( 0.0000000000000000000, -0.0000000000000000000, -1.000000000000000000 ) ) ;
#3698 = ORIENTED_EDGE ( 'NONE', *, *, #5827, .F. ) ;
#3699 = ORIENTED_EDGE ( 'NONE', *, *, #1103, .T. ) ;
#3700 = VECTOR ( 'NONE', #3811, 1000.000000000000000 ) ;
#3701 = ADVANCED_FACE ( 'NONE', ( #5480 ), #4399, .F. ) ;
#3702 = DIRECTION ( 'NONE',  ( -0.0000000000000000000, 1.000000000000000000, -1.577021341797097600E-015 ) ) ;
#3703 = CARTESIAN_POINT ( 'NONE',  ( 5.643888191278297700, -5.343145144789359900, -1.718603881098868000 ) ) ;
#3704 = VECTOR ( 'NONE', #2552, 1000.000000000000000 ) ;
#3705 = EDGE_LOOP ( 'NONE', ( #3189, #1659, #2037, #4670 ) ) ;
#3706 = CARTESIAN_POINT ( 'NONE',  ( 3.900412481401062800, -4.076433861547791100, -4.377176908036731500 ) ) ;
#3707 = VERTEX_POINT ( 'NONE', #708 ) ;
#3708 = DIRECTION ( 'NONE',  ( 1.805304455399569900E-016, 1.000000000000000000, 0.0000000000000000000 ) ) ;
#3709 = VERTEX_POINT ( 'NONE', #269 ) ;
#3710 = EDGE_CURVE ( 'NONE', #3538, #3768, #4231, .T. ) ;
#3711 = VERTEX_POINT ( 'NONE', #3496 ) ;
#3712 = CARTESIAN_POINT ( 'NONE',  ( -7.131019448207609000, 2.081766411704360400, -12.50000000000000000 ) ) ;
#3713 = ORIENTED_EDGE ( 'NONE', *, *, #4111, .F. ) ;
#3714 = EDGE_CURVE ( 'NONE', #3061, #117, #2360, .T. ) ;
#3715 = EDGE_CURVE ( 'NONE', #2554, #2945, #1788, .T. ) ;
#3716 = DIRECTION ( 'NONE',  ( -0.0000000000000000000, 1.000000000000000000, -0.0000000000000000000 ) ) ;
#3717 = CIRCLE ( 'NONE', #783, 0.2999999999999998200 ) ;
#3718 = CARTESIAN_POINT ( 'NONE',  ( 9.999999999999998200, -8.499999999999996400, 10.00000000000000000 ) ) ;
#3719 = CARTESIAN_POINT ( 'NONE',  ( 12.49999999999999800, -9.068980551792392900, 1.520015985077532800 ) ) ;
#3720 = AXIS2_PLACEMENT_3D ( 'NONE', #788, #4011, #1268 ) ;
#3721 = DIRECTION ( 'NONE',  ( 0.0000000000000000000, 1.734723475976807100E-015, 1.000000000000000000 ) ) ;
#3722 = VERTEX_POINT ( 'NONE', #4421 ) ;
#3723 = EDGE_CURVE ( 'NONE', #4887, #3379, #3000, .T. ) ;
#3724 = CARTESIAN_POINT ( 'NONE',  ( 5.124190865514779400, -4.823447819025840700, 2.874958193506690600 ) ) ;
#3725 = ORIENTED_EDGE ( 'NONE', *, *, #2701, .F. ) ;
#3726 = LINE ( 'NONE', #1957, #1137 ) ;
#3727 = DIRECTION ( 'NONE',  ( -1.000000000000000000, -0.0000000000000000000, -0.0000000000000000000 ) ) ;
#3728 = AXIS2_PLACEMENT_3D ( 'NONE', #1849, #5549, #448 ) ;
#3729 = AXIS2_PLACEMENT_3D ( 'NONE', #5048, #432, #1373 ) ;
#3730 = VECTOR ( 'NONE', #217, 1000.000000000000000 ) ;
#3731 = VERTEX_POINT ( 'NONE', #5858 ) ;
#3732 = LINE ( 'NONE', #2487, #66 ) ;
#3733 = DIRECTION ( 'NONE',  ( -1.000000000000000000, 0.0000000000000000000, 0.0000000000000000000 ) ) ;
#3734 = CARTESIAN_POINT ( 'NONE',  ( 10.01561501126347100, -6.701229487637428800, -4.000818348063822000 ) ) ;
#3735 = FACE_OUTER_BOUND ( 'NONE', #3320, .T. ) ;
#3736 = EDGE_LOOP ( 'NONE', ( #4771, #3228, #5513, #2008 ) ) ;
#3737 = ORIENTED_EDGE ( 'NONE', *, *, #1751, .T. ) ;
#3738 = VECTOR ( 'NONE', #3258, 1000.000000000000000 ) ;
#3739 = DIRECTION ( 'NONE',  ( -1.000000000000000000, 0.0000000000000000000, 0.0000000000000000000 ) ) ;
#3740 = EDGE_CURVE ( 'NONE', #106, #1412, #4089, .T. ) ;
#3741 = DIRECTION ( 'NONE',  ( 0.05226442768871399100, -0.9972646886342372300, -0.05226442768871411600 ) ) ;
#3742 = ORIENTED_EDGE ( 'NONE', *, *, #3652, .F. ) ;
#3743 = CIRCLE ( 'NONE', #1485, 0.2999999999999999300 ) ;
#3744 = VERTEX_POINT ( 'NONE', #4902 ) ;
#3745 = DIRECTION ( 'NONE',  ( 0.0000000000000000000, 0.0000000000000000000, -1.000000000000000000 ) ) ;
#3746 = CARTESIAN_POINT ( 'NONE',  ( 3.178543449397425800, -4.945864898115049300, 4.945864898115035000 ) ) ;
#3747 = ORIENTED_EDGE ( 'NONE', *, *, #3753, .T. ) ;
#3748 = EDGE_LOOP ( 'NONE', ( #1038, #5533, #4876, #5163 ) ) ;
#3749 = PLANE ( 'NONE',  #5640 ) ;
#3750 = EDGE_LOOP ( 'NONE', ( #4543, #3444 ) ) ;
#3751 = AXIS2_PLACEMENT_3D ( 'NONE', #3510, #1680, #2154 ) ;
#3752 = DIRECTION ( 'NONE',  ( -1.000000000000000000, 1.805304455399569900E-016, 0.0000000000000000000 ) ) ;
#3753 = EDGE_CURVE ( 'NONE', #5463, #5436, #1933, .T. ) ;
#3754 = ORIENTED_EDGE ( 'NONE', *, *, #3715, .F. ) ;
#3755 =( NAMED_UNIT ( * ) PLANE_ANGLE_UNIT ( ) SI_UNIT ( $, .RADIAN. ) );
#3756 = DIRECTION ( 'NONE',  ( 0.05233595624294412600, -0.9986295347545739400, -1.968575111071085100E-016 ) ) ;
#3757 = CARTESIAN_POINT ( 'NONE',  ( -1.640160325160599200, -5.677438691391716800, 5.677438691391709600 ) ) ;
#3758 = FACE_OUTER_BOUND ( 'NONE', #586, .T. ) ;
#3759 = AXIS2_PLACEMENT_3D ( 'NONE', #2576, #761, #3941 ) ;
#3760 = VERTEX_POINT ( 'NONE', #769 ) ;
#3761 = AXIS2_PLACEMENT_3D ( 'NONE', #4681, #1917, #5143 ) ;
#3762 = ORIENTED_EDGE ( 'NONE', *, *, #5051, .T. ) ;
#3763 = CARTESIAN_POINT ( 'NONE',  ( 9.999999999999998200, -5.000000000000013300, 3.999999999999981800 ) ) ;
#3764 = VECTOR ( 'NONE', #855, 1000.000000000000000 ) ;
#3765 = CIRCLE ( 'NONE', #591, 0.3000000000000003200 ) ;
#3766 = VECTOR ( 'NONE', #5289, 1000.000000000000000 ) ;
#3767 = ORIENTED_EDGE ( 'NONE', *, *, #4145, .F. ) ;
#3768 = VERTEX_POINT ( 'NONE', #2180 ) ;
#3769 =( BOUNDED_CURVE ( )  B_SPLINE_CURVE ( 3, ( #4422, #1213, #2136, #5367 ),
 .UNSPECIFIED., .F., .F. ) 
 B_SPLINE_CURVE_WITH_KNOTS ( ( 4, 4 ),
 ( 4.764748857944516300, 6.283185307179580900 ),
 .UNSPECIFIED. ) 
 CURVE ( )  GEOMETRIC_REPRESENTATION_ITEM ( )  RATIONAL_B_SPLINE_CURVE ( ( 1.000000000000000000, 0.8169162473415255700, 0.8169162473415255700, 1.000000000000000000 ) ) 
 REPRESENTATION_ITEM ( '' )  );
#3770 = SPHERICAL_SURFACE ( 'NONE', #2740, 0.2999999999999999900 ) ;
#3771 = LINE ( 'NONE', #5123, #2566 ) ;
#3772 = ORIENTED_EDGE ( 'NONE', *, *, #4762, .F. ) ;
#3773 = CARTESIAN_POINT ( 'NONE',  ( -10.00000000000000500, 10.00000000000000500, -10.00000000000000000 ) ) ;
#3774 = CARTESIAN_POINT ( 'NONE',  ( 6.008253627460653100, 0.0000000000000000000, 10.00000000000000000 ) ) ;
#3775 = DIRECTION ( 'NONE',  ( -2.891205793294679000E-015, 0.0000000000000000000, 1.000000000000000000 ) ) ;
#3776 = CARTESIAN_POINT ( 'NONE',  ( -8.500000000000008900, -9.999999999999994700, 8.500000000000000000 ) ) ;
#3777 = AXIS2_PLACEMENT_3D ( 'NONE', #4885, #5181, #2428 ) ;
#3778 = FACE_BOUND ( 'NONE', #4150, .T. ) ;
#3779 = VECTOR ( 'NONE', #817, 1000.000000000000000 ) ;
#3780 = EDGE_CURVE ( 'NONE', #1174, #5716, #1280, .T. ) ;
#3781 = DIRECTION ( 'NONE',  ( -0.0000000000000000000, -1.000000000000000000, 1.577021341797095600E-015 ) ) ;
#3782 = EDGE_CURVE ( 'NONE', #4513, #3707, #1623, .T. ) ;
#3783 = EDGE_CURVE ( 'NONE', #3615, #184, #3926, .T. ) ;
#3784 = CARTESIAN_POINT ( 'NONE',  ( 5.282677620497339400, 1.918972025894985600, -5.282677620497342900 ) ) ;
#3785 = DIRECTION ( 'NONE',  ( 0.9999992420943060200, -0.001231182688943809100, -0.0000000000000000000 ) ) ;
#3786 = LINE ( 'NONE', #2577, #124 ) ;
#3787 = CARTESIAN_POINT ( 'NONE',  ( 9.999999999999998200, -6.999999999999989300, -2.599999999999987700 ) ) ;
#3788 = EDGE_CURVE ( 'NONE', #975, #2885, #1490, .T. ) ;
#3789 = CARTESIAN_POINT ( 'NONE',  ( -7.081354480167913600, 2.518645519832091000, -11.55233595624294400 ) ) ;
#3790 = FACE_OUTER_BOUND ( 'NONE', #604, .T. ) ;
#3791 = DIRECTION ( 'NONE',  ( -0.001229495395860438300, -0.9986287778875633200, 0.05233595624294396000 ) ) ;
#3792 = FACE_OUTER_BOUND ( 'NONE', #188, .T. ) ;
#3793 = DIRECTION ( 'NONE',  ( 0.9986295347545737200, -0.05233595624294414700, 0.0000000000000000000 ) ) ;
#3794 = DIRECTION ( 'NONE',  ( -1.971276677246371300E-016, -4.377113509970989600E-032, 1.000000000000000000 ) ) ;
#3795 = DIRECTION ( 'NONE',  ( 2.891205793294679000E-015, 0.0000000000000000000, -1.000000000000000000 ) ) ;
#3796 = AXIS2_PLACEMENT_3D ( 'NONE', #2158, #770, #1250 ) ;
#3797 = VERTEX_POINT ( 'NONE', #3552 ) ;
#3798 = CARTESIAN_POINT ( 'NONE',  ( -2.489245774084695400, 12.11331652343349000, 9.089245774084693300 ) ) ;
#3799 = CIRCLE ( 'NONE', #4662, 5.970920021408290700 ) ;
#3800 = DIRECTION ( 'NONE',  ( -0.9999992420943060200, 0.001231182688943809100, 1.357097329292375900E-020 ) ) ;
#3801 = ORIENTED_EDGE ( 'NONE', *, *, #5485, .T. ) ;
#3802 = VERTEX_POINT ( 'NONE', #3578 ) ;
#3803 = EDGE_LOOP ( 'NONE', ( #4616, #909 ) ) ;
#3804 = VECTOR ( 'NONE', #5482, 1000.000000000000000 ) ;
#3805 = ORIENTED_EDGE ( 'NONE', *, *, #5786, .T. ) ;
#3806 = CARTESIAN_POINT ( 'NONE',  ( -5.077328635492073700, -3.622522326942991800, -8.515615011263475900 ) ) ;
#3807 = CARTESIAN_POINT ( 'NONE',  ( -3.936287821487348000, 8.784299213127111400, 5.363301038939026100 ) ) ;
#3808 = ORIENTED_EDGE ( 'NONE', *, *, #4922, .T. ) ;
#3809 = ORIENTED_EDGE ( 'NONE', *, *, #5991, .F. ) ;
#3810 = ORIENTED_EDGE ( 'NONE', *, *, #4490, .T. ) ;
#3811 = DIRECTION ( 'NONE',  ( 4.336808689942017700E-016, -1.000000000000000000, -0.0000000000000000000 ) ) ;
#3812 = EDGE_CURVE ( 'NONE', #3363, #150, #5041, .T. ) ;
#3813 = DIRECTION ( 'NONE',  ( 1.000000000000000000, 0.0000000000000000000, 0.0000000000000000000 ) ) ;
#3814 = EDGE_LOOP ( 'NONE', ( #2511, #5005, #3192, #4998 ) ) ;
#3815 = CARTESIAN_POINT ( 'NONE',  ( 3.491236405186114700, 4.430777923934103400, -4.430777923934099900 ) ) ;
#3816 = CARTESIAN_POINT ( 'NONE',  ( -10.00000000000000700, 4.128514106687783000E-017, 0.0000000000000000000 ) ) ;
#3817 = CARTESIAN_POINT ( 'NONE',  ( -3.700411139573629400, 9.999999999999996400, 5.000000000000000000 ) ) ;
#3818 = VERTEX_POINT ( 'NONE', #4986 ) ;
#3819 = AXIS2_PLACEMENT_3D ( 'NONE', #1881, #5108, #2352 ) ;
#3820 = CARTESIAN_POINT ( 'NONE',  ( -7.131019448207608100, -2.518645519832091000, -11.55233595624294400 ) ) ;
#3821 = CARTESIAN_POINT ( 'NONE',  ( 9.999999999999998200, -7.000000000000013300, 3.999999999999975100 ) ) ;
#3822 = AXIS2_PLACEMENT_3D ( 'NONE', #648, #3875, #1131 ) ;
#3823 = EDGE_CURVE ( 'NONE', #3014, #3261, #1359, .T. ) ;
#3824 = VECTOR ( 'NONE', #121, 1000.000000000000000 ) ;
#3825 = VECTOR ( 'NONE', #4754, 1000.000000000000000 ) ;
#3826 = CARTESIAN_POINT ( 'NONE',  ( -0.9846590169794747800, -5.510319731216769800, -5.811062777705716400 ) ) ;
#3827 = EDGE_LOOP ( 'NONE', ( #5923, #2484, #1089, #1344 ) ) ;
#3828 = ORIENTED_EDGE ( 'NONE', *, *, #1020, .F. ) ;
#3829 = LINE ( 'NONE', #149, #178 ) ;
#3830 = AXIS2_PLACEMENT_3D ( 'NONE', #238, #3456, #688 ) ;
#3831 = CIRCLE ( 'NONE', #2734, 0.2999999999999999300 ) ;
#3832 = CARTESIAN_POINT ( 'NONE',  ( -10.00000000000000900, -8.499999999999994700, 8.500000000000000000 ) ) ;
#3833 = DIRECTION ( 'NONE',  ( 0.0000000000000000000, 0.0000000000000000000, -1.000000000000000000 ) ) ;
#3834 = VECTOR ( 'NONE', #3006, 1000.000000000000000 ) ;
#3835 = DIRECTION ( 'NONE',  ( 9.067872715333306200E-015, -1.000000000000000000, 0.0000000000000000000 ) ) ;
#3836 = DIRECTION ( 'NONE',  ( 0.9999992420943060200, -0.001231182688946409600, -0.0000000000000000000 ) ) ;
#3837 = DIRECTION ( 'NONE',  ( 1.000000000000000000, 0.0000000000000000000, -0.0000000000000000000 ) ) ;
#3838 = ORIENTED_EDGE ( 'NONE', *, *, #2383, .T. ) ;
#3839 = DIRECTION ( 'NONE',  ( 1.000000000000000000, -0.0000000000000000000, -0.0000000000000000000 ) ) ;
#3840 = CARTESIAN_POINT ( 'NONE',  ( 8.784299213127113100, -6.921388331075421600, -3.936287821487371100 ) ) ;
#3841 = DIRECTION ( 'NONE',  ( 0.05232873513582508200, 0.05220004101858901500, -0.9972646886342373400 ) ) ;
#3842 = ORIENTED_EDGE ( 'NONE', *, *, #5963, .T. ) ;
#3843 = ORIENTED_EDGE ( 'NONE', *, *, #4455, .F. ) ;
#3844 = ORIENTED_EDGE ( 'NONE', *, *, #1626, .F. ) ;
#3845 = ORIENTED_EDGE ( 'NONE', *, *, #2693, .F. ) ;
#3846 = CIRCLE ( 'NONE', #4148, 0.2999999999999999300 ) ;
#3847 = CARTESIAN_POINT ( 'NONE',  ( 11.55233595624294000, 2.518645519832091800, 7.081354480167908200 ) ) ;
#3848 =( BOUNDED_CURVE ( )  B_SPLINE_CURVE ( 3, ( #3494, #726, #3944, #1212 ),
 .UNSPECIFIED., .F., .T. ) 
 B_SPLINE_CURVE_WITH_KNOTS ( ( 4, 4 ),
 ( 2.358795192292447100, 3.925621289116846900 ),
 .UNSPECIFIED. ) 
 CURVE ( )  GEOMETRIC_REPRESENTATION_ITEM ( )  RATIONAL_B_SPLINE_CURVE ( ( 1.000000000000000000, 0.8056727168608581700, 0.8056727168608581700, 1.000000000000000000 ) ) 
 REPRESENTATION_ITEM ( '' )  );
#3849 = EDGE_CURVE ( 'NONE', #4113, #4840, #2580, .T. ) ;
#3850 = COLOUR_RGB ( '',0.8666666666666667000, 0.9098039215686274400, 1.000000000000000000 ) ;
#3851 = CARTESIAN_POINT ( 'NONE',  ( 6.499999999999995600, 3.149999999999999900, -6.500000000000000900 ) ) ;
#3852 = ORIENTED_EDGE ( 'NONE', *, *, #4542, .F. ) ;
#3853 = DIRECTION ( 'NONE',  ( 0.0000000000000000000, 0.05233595624294395300, 0.9986295347545739400 ) ) ;
#3854 = AXIS2_PLACEMENT_3D ( 'NONE', #5425, #789, #2660 ) ;
#3855 = ORIENTED_EDGE ( 'NONE', *, *, #321, .F. ) ;
#3856 = CARTESIAN_POINT ( 'NONE',  ( 9.999999999999996400, 4.000000000000000900, 6.700411139573627200 ) ) ;
#3857 = DIRECTION ( 'NONE',  ( -0.02617694830786641800, 3.205751595667433100E-018, 0.9996573249755574800 ) ) ;
#3858 = DIRECTION ( 'NONE',  ( 0.0000000000000000000, -1.000000000000000000, 0.0000000000000000000 ) ) ;
#3859 = DIRECTION ( 'NONE',  ( -0.0000000000000000000, 1.000000000000000000, 0.0000000000000000000 ) ) ;
#3860 = AXIS2_PLACEMENT_3D ( 'NONE', #1362, #3752, #345 ) ;
#3861 = FACE_OUTER_BOUND ( 'NONE', #4551, .T. ) ;
#3862 = EDGE_CURVE ( 'NONE', #2841, #2498, #3655, .T. ) ;
#3863 = DIRECTION ( 'NONE',  ( 1.000000000000000000, -0.0000000000000000000, -0.0000000000000000000 ) ) ;
#3864 = VECTOR ( 'NONE', #4817, 1000.000000000000000 ) ;
#3865 = CARTESIAN_POINT ( 'NONE',  ( 3.149999999999999900, 10.00000000000000500, -6.500000000000000900 ) ) ;
#3866 = ORIENTED_EDGE ( 'NONE', *, *, #1921, .T. ) ;
#3867 = CIRCLE ( 'NONE', #2772, 0.2999999999999999300 ) ;
#3868 = AXIS2_PLACEMENT_3D ( 'NONE', #131, #3347, #577 ) ;
#3869 = CARTESIAN_POINT ( 'NONE',  ( -3.636698961060975700, 8.799999999999995400, 5.363301038939026100 ) ) ;
#3870 = EDGE_CURVE ( 'NONE', #4253, #3282, #1211, .T. ) ;
#3871 = CARTESIAN_POINT ( 'NONE',  ( -6.636250430647526100, -3.634684160981008500, -8.500000000000000000 ) ) ;
#3872 = EDGE_LOOP ( 'NONE', ( #1535, #5019, #4278, #29 ) ) ;
#3873 = ADVANCED_FACE ( 'NONE', ( #119 ), #4609, .F. ) ;
#3874 = ORIENTED_EDGE ( 'NONE', *, *, #5020, .T. ) ;
#3875 = DIRECTION ( 'NONE',  ( -0.9986287778875633200, 0.001229495395858490900, 0.05233595624294395300 ) ) ;
#3876 = AXIS2_PLACEMENT_3D ( 'NONE', #5854, #3060, #301 ) ;
#3877 = CYLINDRICAL_SURFACE ( 'NONE', #23, 2.599999999999999200 ) ;
#3878 = CARTESIAN_POINT ( 'NONE',  ( 6.499999999999995600, -3.149999999999999900, -10.00000000000000200 ) ) ;
#3879 = DIRECTION ( 'NONE',  ( 0.001231182688944099000, 0.9999992420943060200, 0.0000000000000000000 ) ) ;
#3880 = DIRECTION ( 'NONE',  ( -0.001231182688944459600, -0.9999992420943060200, 3.701940431004003500E-023 ) ) ;
#3881 = DIRECTION ( 'NONE',  ( -1.823439550883168400E-015, -2.168404344971013300E-016, -1.000000000000000000 ) ) ;
#3882 = VECTOR ( 'NONE', #926, 1000.000000000000000 ) ;
#3883 = DIRECTION ( 'NONE',  ( 1.000000000000000000, 0.0000000000000000000, -2.891205793294679000E-015 ) ) ;
#3884 = CIRCLE ( 'NONE', #4812, 0.2999999999999999300 ) ;
#3885 = DIRECTION ( 'NONE',  ( 0.0000000000000000000, 0.0000000000000000000, -1.000000000000000000 ) ) ;
#3886 = CARTESIAN_POINT ( 'NONE',  ( -5.000000000000027500, -3.999999999999983600, -10.00000000000000000 ) ) ;
#3887 = ORIENTED_EDGE ( 'NONE', *, *, #2456, .T. ) ;
#3888 = CARTESIAN_POINT ( 'NONE',  ( 4.000000000000000900, -5.000000000000027500, -10.00000000000000000 ) ) ;
#3889 = ORIENTED_EDGE ( 'NONE', *, *, #91, .T. ) ;
#3890 = CARTESIAN_POINT ( 'NONE',  ( -5.721535625333758400, -1.439182856035754900, 5.721535625333769900 ) ) ;
#3891 = CARTESIAN_POINT ( 'NONE',  ( -7.000000000000004400, 9.999999999999996400, -2.599999999999987700 ) ) ;
#3892 = ORIENTED_EDGE ( 'NONE', *, *, #104, .T. ) ;
#3893 = ORIENTED_EDGE ( 'NONE', *, *, #243, .F. ) ;
#3894 = CARTESIAN_POINT ( 'NONE',  ( -2.599999999999936600, -6.936287821487374200, -8.784299213127116700 ) ) ;
#3895 = EDGE_CURVE ( 'NONE', #3379, #4737, #1055, .T. ) ;
#3896 = EDGE_CURVE ( 'NONE', #4056, #5769, #5839, .T. ) ;
#3897 = FACE_OUTER_BOUND ( 'NONE', #4942, .T. ) ;
#3898 = EDGE_CURVE ( 'NONE', #5557, #5460, #3503, .T. ) ;
#3899 = ORIENTED_EDGE ( 'NONE', *, *, #5240, .F. ) ;
#3900 = DIRECTION ( 'NONE',  ( -0.05226442768871439300, 0.9972646886342374500, -0.05226442768871447000 ) ) ;
#3901 = CARTESIAN_POINT ( 'NONE',  ( 9.999999999999996400, 2.600000000000000500, 9.199999999999999300 ) ) ;
#3902 = ORIENTED_EDGE ( 'NONE', *, *, #792, .T. ) ;
#3903 = VECTOR ( 'NONE', #1758, 1000.000000000000100 ) ;
#3904 = LINE ( 'NONE', #453, #1335 ) ;
#3905 = ADVANCED_FACE ( 'NONE', ( #6002 ), #3356, .F. ) ;
#3906 = CARTESIAN_POINT ( 'NONE',  ( -6.922206679139229400, 8.515615011263474100, 3.622617818712841500 ) ) ;
#3907 = SPHERICAL_SURFACE ( 'NONE', #1671, 0.2999999999999999900 ) ;
#3908 = ORIENTED_EDGE ( 'NONE', *, *, #1663, .F. ) ;
#3909 = CARTESIAN_POINT ( 'NONE',  ( 5.575896318321078100, -1.916814378774824600, 5.275153271832135900 ) ) ;
#3910 = CARTESIAN_POINT ( 'NONE',  ( -9.068980551792392900, 11.55233595624294200, 2.518645519832106100 ) ) ;
#3911 = EDGE_CURVE ( 'NONE', #4632, #1523, #2143, .T. ) ;
#3912 = ORIENTED_EDGE ( 'NONE', *, *, #3740, .F. ) ;
#3913 = CARTESIAN_POINT ( 'NONE',  ( 3.636698961060972600, 8.799999999999997200, 6.636698961060973000 ) ) ;
#3914 = FACE_OUTER_BOUND ( 'NONE', #3682, .T. ) ;
#3915 = EDGE_LOOP ( 'NONE', ( #4637, #2105, #335 ) ) ;
#3916 = DIRECTION ( 'NONE',  ( -0.9972646886342372300, 0.05226442768871395600, 0.05226442768871394900 ) ) ;
#3917 = PLANE ( 'NONE',  #3534 ) ;
#3918 = EDGE_LOOP ( 'NONE', ( #4680, #5204, #5002, #4430 ) ) ;
#3919 = CARTESIAN_POINT ( 'NONE',  ( 0.0000000000000000000, -8.586271053293955900, -5.971233832142113200 ) ) ;
#3920 = CARTESIAN_POINT ( 'NONE',  ( 9.999999999999994700, -3.149999999999999900, -10.00000000000000000 ) ) ;
#3921 = PRODUCT_DEFINITION_CONTEXT ( 'detailed design', #5169, 'design' ) ;
#3922 = CARTESIAN_POINT ( 'NONE',  ( -7.131019448207608100, -2.081766411704360400, -12.50000000000000400 ) ) ;
#3923 = DIRECTION ( 'NONE',  ( 1.000000000000000000, 0.0000000000000000000, 0.0000000000000000000 ) ) ;
#3924 = FACE_OUTER_BOUND ( 'NONE', #2587, .T. ) ;
#3925 = CARTESIAN_POINT ( 'NONE',  ( -5.153270655507391500, 2.841134986058151800, 5.153270655507400400 ) ) ;
#3926 = LINE ( 'NONE', #2665, #258 ) ;
#3927 = DIRECTION ( 'NONE',  ( 1.000000000000000000, 0.0000000000000000000, 0.0000000000000000000 ) ) ;
#3928 = EDGE_LOOP ( 'NONE', ( #837, #4806, #5389, #4953 ) ) ;
#3929 = DIRECTION ( 'NONE',  ( -0.0000000000000000000, -1.000000000000000000, -0.0000000000000000000 ) ) ;
#3930 = DIRECTION ( 'NONE',  ( -0.9972646886342373400, -0.05226442768871402500, -0.05226442768871422000 ) ) ;
#3931 = LINE ( 'NONE', #1188, #3660 ) ;
#3932 = EDGE_CURVE ( 'NONE', #5375, #1233, #4740, .T. ) ;
#3933 = ADVANCED_FACE ( 'NONE', ( #923 ), #3223, .T. ) ;
#3934 = CARTESIAN_POINT ( 'NONE',  ( -5.353898592029592500, 3.637140463113387200, -8.800000000000000700 ) ) ;
#3935 = CARTESIAN_POINT ( 'NONE',  ( 0.0000000000000000000, 7.500000000000007100, 0.0000000000000000000 ) ) ;
#3936 = CYLINDRICAL_SURFACE ( 'NONE', #3570, 1.000000000000000000 ) ;
#3937 = AXIS2_PLACEMENT_3D ( 'NONE', #5728, #3859, #1114 ) ;
#3938 = LINE ( 'NONE', #3821, #2872 ) ;
#3939 = DIRECTION ( 'NONE',  ( 0.0000000000000000000, -0.0000000000000000000, 1.000000000000000000 ) ) ;
#3940 = EDGE_CURVE ( 'NONE', #601, #358, #756, .T. ) ;
#3941 = DIRECTION ( 'NONE',  ( -0.001231182688946988200, -0.9999992420943059100, 0.0000000000000000000 ) ) ;
#3942 = ORIENTED_EDGE ( 'NONE', *, *, #2185, .T. ) ;
#3943 = CARTESIAN_POINT ( 'NONE',  ( 3.936287821487344500, 8.784299213127113100, 6.636698961060973900 ) ) ;
#3944 = CARTESIAN_POINT ( 'NONE',  ( -4.999847129108976800, -3.875834206767092100, -9.999999999999998200 ) ) ;
#3945 = CARTESIAN_POINT ( 'NONE',  ( -4.276064746282671500E-016, 5.599759547452976000, -5.599759547452976900 ) ) ;
#3946 = DIRECTION ( 'NONE',  ( 0.0000000000000000000, -0.0000000000000000000, -1.000000000000000000 ) ) ;
#3947 = AXIS2_PLACEMENT_3D ( 'NONE', #4651, #5114, #1422 ) ;
#3948 = CIRCLE ( 'NONE', #5274, 5.549999999999996300 ) ;
#3949 = ORIENTED_EDGE ( 'NONE', *, *, #730, .F. ) ;
#3950 = ORIENTED_EDGE ( 'NONE', *, *, #2727, .F. ) ;
#3951 = ORIENTED_EDGE ( 'NONE', *, *, #2871, .T. ) ;
#3952 = ORIENTED_EDGE ( 'NONE', *, *, #3221, .T. ) ;
#3953 = LINE ( 'NONE', #2643, #2753 ) ;
#3954 = ADVANCED_FACE ( 'NONE', ( #4294 ), #2000, .F. ) ;
#3955 = ORIENTED_EDGE ( 'NONE', *, *, #4024, .T. ) ;
#3956 =( BOUNDED_CURVE ( )  B_SPLINE_CURVE ( 3, ( #1068, #4288, #4757, #2004 ),
 .UNSPECIFIED., .F., .F. ) 
 B_SPLINE_CURVE_WITH_KNOTS ( ( 4, 4 ),
 ( 2.357564018062742000, 2.358795192292447500 ),
 .UNSPECIFIED. ) 
 CURVE ( )  GEOMETRIC_REPRESENTATION_ITEM ( )  RATIONAL_B_SPLINE_CURVE ( ( 1.000000000000000000, 0.9999998736841719800, 0.9999998736841719800, 1.000000000000000000 ) ) 
 REPRESENTATION_ITEM ( '' )  );
#3957 = ORIENTED_EDGE ( 'NONE', *, *, #278, .F. ) ;
#3958 = CARTESIAN_POINT ( 'NONE',  ( 7.500000000000005300, 0.0000000000000000000, 0.0000000000000000000 ) ) ;
#3959 = ORIENTED_EDGE ( 'NONE', *, *, #1516, .T. ) ;
#3960 = VERTEX_POINT ( 'NONE', #2761 ) ;
#3961 = CARTESIAN_POINT ( 'NONE',  ( 5.602592373637492100, 5.602592373637498300, 0.06706591294364186400 ) ) ;
#3962 = CARTESIAN_POINT ( 'NONE',  ( 9.999999999999996400, 4.000000000000000900, 7.000000000000000900 ) ) ;
#3963 = EDGE_LOOP ( 'NONE', ( #42, #5128, #2919, #3207 ) ) ;
#3964 = CARTESIAN_POINT ( 'NONE',  ( -8.500000000000008900, -8.499999999999994700, 8.500000000000000000 ) ) ;
#3965 = ADVANCED_FACE ( 'NONE', ( #3068 ), #4155, .T. ) ;
#3966 = DIRECTION ( 'NONE',  ( -0.05226442768871438600, -0.05226442768871468500, -0.9972646886342373400 ) ) ;
#3967 = DIRECTION ( 'NONE',  ( -0.0000000000000000000, -0.0000000000000000000, 1.000000000000000000 ) ) ;
#3968 = CARTESIAN_POINT ( 'NONE',  ( -5.299218776322763200, -3.999631379062490700, -10.00000000000000000 ) ) ;
#3969 = CARTESIAN_POINT ( 'NONE',  ( -3.347301895116273400, 4.536178358842159100, -4.536178358842161800 ) ) ;
#3970 = DIRECTION ( 'NONE',  ( 0.0000000000000000000, 0.0000000000000000000, -1.000000000000000000 ) ) ;
#3971 = ORIENTED_EDGE ( 'NONE', *, *, #5872, .T. ) ;
#3972 = EDGE_CURVE ( 'NONE', #2971, #2885, #5392, .T. ) ;
#3973 = CARTESIAN_POINT ( 'NONE',  ( -2.599999999999936100, -7.000000000000027500, -10.00000000000000000 ) ) ;
#3974 = LINE ( 'NONE', #2433, #3824 ) ;
#3975 = AXIS2_PLACEMENT_3D ( 'NONE', #1771, #5475, #4536 ) ;
#3976 = FACE_OUTER_BOUND ( 'NONE', #2752, .T. ) ;
#3977 = CARTESIAN_POINT ( 'NONE',  ( -7.131019448207606400, 12.49999999999999600, -1.520015985077503000 ) ) ;
#3978 = EDGE_CURVE ( 'NONE', #3797, #1996, #4438, .T. ) ;
#3979 = ORIENTED_EDGE ( 'NONE', *, *, #218, .F. ) ;
#3980 = EDGE_LOOP ( 'NONE', ( #56, #1163, #3564, #5796 ) ) ;
#3981 = EDGE_CURVE ( 'NONE', #5099, #5956, #602, .T. ) ;
#3982 = VECTOR ( 'NONE', #4746, 1000.000000000000200 ) ;
#3983 = CARTESIAN_POINT ( 'NONE',  ( -6.636698961060980100, 8.799999999999995400, -3.636698961060997900 ) ) ;
#3984 = FACE_OUTER_BOUND ( 'NONE', #3092, .T. ) ;
#3985 = CARTESIAN_POINT ( 'NONE',  ( 2.600000000000063600, -6.999999999999981300, -10.00000000000000000 ) ) ;
#3986 = CIRCLE ( 'NONE', #5758, 0.2999999999999998200 ) ;
#3987 = CARTESIAN_POINT ( 'NONE',  ( -1.520015985077435100, -9.068980551792416000, -12.50000000000000000 ) ) ;
#3988 = DIRECTION ( 'NONE',  ( 0.0000000000000000000, 1.000000000000000000, 0.0000000000000000000 ) ) ;
#3989 = DIRECTION ( 'NONE',  ( 1.540743955509788700E-033, -1.971276677246370500E-016, 1.000000000000000000 ) ) ;
#3990 = ADVANCED_FACE ( 'NONE', ( #2794 ), #325, .F. ) ;
#3991 = CARTESIAN_POINT ( 'NONE',  ( 11.55233595624294400, -9.118645519832092800, -2.518645519832075400 ) ) ;
#3992 = EDGE_CURVE ( 'NONE', #2260, #80, #1554, .T. ) ;
#3993 = DIRECTION ( 'NONE',  ( -0.0000000000000000000, 1.000000000000000000, -0.0000000000000000000 ) ) ;
#3994 = DIRECTION ( 'NONE',  ( -0.9972646886342372300, 0.05226442768871395600, 0.05226442768871422700 ) ) ;
#3995 = ORIENTED_EDGE ( 'NONE', *, *, #924, .F. ) ;
#3996 = ORIENTED_EDGE ( 'NONE', *, *, #1264, .F. ) ;
#3997 = CARTESIAN_POINT ( 'NONE',  ( 0.0000000000000000000, -9.999999999999994700, 0.0000000000000000000 ) ) ;
#3998 = ORIENTED_EDGE ( 'NONE', *, *, #3812, .F. ) ;
#3999 = EDGE_LOOP ( 'NONE', ( #5644, #2882, #1521, #4954 ) ) ;
#4000 = AXIS2_PLACEMENT_3D ( 'NONE', #5670, #2887, #1056 ) ;
#4001 = ADVANCED_FACE ( 'NONE', ( #2925, #4002 ), #1875, .T. ) ;
#4002 = FACE_OUTER_BOUND ( 'NONE', #1161, .T. ) ;
#4003 = CARTESIAN_POINT ( 'NONE',  ( 6.796789735267808800E-016, 7.500000000000007100, 5.549999999999998900 ) ) ;
#4004 = EDGE_LOOP ( 'NONE', ( #803, #3526, #4843, #435 ) ) ;
#4005 = CIRCLE ( 'NONE', #5098, 0.2999999999999998200 ) ;
#4006 = ORIENTED_EDGE ( 'NONE', *, *, #943, .T. ) ;
#4007 = CARTESIAN_POINT ( 'NONE',  ( -10.00000000000000900, 7.357988573335166800E-016, -6.008253627460656600 ) ) ;
#4008 = DIRECTION ( 'NONE',  ( -8.673617379884035500E-016, 1.000000000000000000, 3.469446951953614200E-015 ) ) ;
#4009 = VERTEX_POINT ( 'NONE', #1407 ) ;
#4010 = CARTESIAN_POINT ( 'NONE',  ( -9.068980551792401800, 1.520015985077517000, -12.50000000000000000 ) ) ;
#4011 = DIRECTION ( 'NONE',  ( 0.05226442768871417800, 0.05226442768871424800, -0.9972646886342374500 ) ) ;
#4012 = CARTESIAN_POINT ( 'NONE',  ( 11.55233595624294200, -2.518645519832090100, 9.068980551792396500 ) ) ;
#4013 = CYLINDRICAL_SURFACE ( 'NONE', #4084, 0.2999999999999998800 ) ;
#4014 = CARTESIAN_POINT ( 'NONE',  ( -4.629056616443468100, -4.629056616443485000, 3.624625339717633600 ) ) ;
#4015 = CARTESIAN_POINT ( 'NONE',  ( 1.520015985077515500, 12.49999999999999800, 9.068980551792396500 ) ) ;
#4016 = DIRECTION ( 'NONE',  ( 0.001231182688944459600, 0.9999992420943060200, 0.0000000000000000000 ) ) ;
#4017 = FACE_BOUND ( 'NONE', #2754, .T. ) ;
#4018 = CARTESIAN_POINT ( 'NONE',  ( -5.592085271610453200, -5.284257486151134300E-016, -5.892828318099416800 ) ) ;
#4019 = DIRECTION ( 'NONE',  ( 1.515216750768387600E-016, 2.891205793294679400E-015, -1.000000000000000000 ) ) ;
#4020 = EDGE_CURVE ( 'NONE', #1968, #4432, #3846, .T. ) ;
#4021 = VERTEX_POINT ( 'NONE', #5101 ) ;
#4022 = EDGE_CURVE ( 'NONE', #157, #2496, #1420, .T. ) ;
#4023 = FACE_OUTER_BOUND ( 'NONE', #888, .T. ) ;
#4024 = EDGE_CURVE ( 'NONE', #750, #3590, #197, .T. ) ;
#4025 = CARTESIAN_POINT ( 'NONE',  ( -5.592085271610453200, -5.284257486151134300E-016, -5.892828318099416800 ) ) ;
#4026 = ADVANCED_FACE ( 'NONE', ( #475 ), #5106, .F. ) ;
#4027 = FACE_OUTER_BOUND ( 'NONE', #413, .T. ) ;
#4028 = DIRECTION ( 'NONE',  ( 0.0000000000000000000, 1.000000000000000000, 0.0000000000000000000 ) ) ;
#4029 = EDGE_LOOP ( 'NONE', ( #1536, #3634, #919, #1764, #3912, #598, #5386, #2131, #1509, #2462, #2330, #5865, #781, #663 ) ) ;
#4030 = ORIENTED_EDGE ( 'NONE', *, *, #2278, .T. ) ;
#4031 = EDGE_CURVE ( 'NONE', #2813, #3709, #3717, .T. ) ;
#4032 = DIRECTION ( 'NONE',  ( -1.000000000000000000, 0.0000000000000000000, 0.0000000000000000000 ) ) ;
#4033 = DIRECTION ( 'NONE',  ( 0.0000000000000000000, -1.000000000000000000, 0.0000000000000000000 ) ) ;
#4034 =( BOUNDED_CURVE ( )  B_SPLINE_CURVE ( 3, ( #5793, #4856, #3922, #1187 ),
 .UNSPECIFIED., .F., .F. ) 
 B_SPLINE_CURVE_WITH_KNOTS ( ( 4, 4 ),
 ( 4.764748857944520700, 6.283185307179587100 ),
 .UNSPECIFIED. ) 
 CURVE ( )  GEOMETRIC_REPRESENTATION_ITEM ( )  RATIONAL_B_SPLINE_CURVE ( ( 1.000000000000000000, 0.8169162473415251300, 0.8169162473415251300, 1.000000000000000000 ) ) 
 REPRESENTATION_ITEM ( '' )  );
#4035 = ORIENTED_EDGE ( 'NONE', *, *, #4250, .T. ) ;
#4036 = CYLINDRICAL_SURFACE ( 'NONE', #5394, 0.2999999999999998800 ) ;
#4037 = CARTESIAN_POINT ( 'NONE',  ( 2.269587920931850900E-016, 5.892828318099410500, 5.592085271610458500 ) ) ;
#4038 = CARTESIAN_POINT ( 'NONE',  ( 8.799999999999998900, -6.636698961060964100, 3.636698961060950800 ) ) ;
#4039 = ADVANCED_FACE ( 'NONE', ( #4963 ), #3573, .T. ) ;
#4040 = CARTESIAN_POINT ( 'NONE',  ( -3.636698961060974800, -6.636698961061011200, -8.800000000000000700 ) ) ;
#4041 = CARTESIAN_POINT ( 'NONE',  ( -6.690560389310819600, 4.002087453513600400, -10.00000000000000000 ) ) ;
#4042 = CARTESIAN_POINT ( 'NONE',  ( -5.820313264298502700, -5.820313264298520500, -0.9824495208763752700 ) ) ;
#4043 = CARTESIAN_POINT ( 'NONE',  ( -9.068980551792401800, 2.600000000000000100, -12.50000000000000000 ) ) ;
#4044 = CARTESIAN_POINT ( 'NONE',  ( 9.999999999999998200, -9.200000000000001100, -2.599999999999984100 ) ) ;
#4045 = AXIS2_PLACEMENT_3D ( 'NONE', #5735, #2956, #200 ) ;
#4046 = AXIS2_PLACEMENT_3D ( 'NONE', #5064, #5519, #6016 ) ;
#4047 = LINE ( 'NONE', #4140, #3882 ) ;
#4048 = CARTESIAN_POINT ( 'NONE',  ( 8.499999999999996400, 3.636698961060974800, 6.636698961060973000 ) ) ;
#4049 = LINE ( 'NONE', #3235, #4997 ) ;
#4050 = CARTESIAN_POINT ( 'NONE',  ( -10.00000000000000900, -8.499999999999996400, -10.00000000000000000 ) ) ;
#4051 = ORIENTED_EDGE ( 'NONE', *, *, #1987, .T. ) ;
#4052 = DIRECTION ( 'NONE',  ( -9.067872715333312500E-015, 1.000000000000000000, 0.0000000000000000000 ) ) ;
#4053 = ORIENTED_EDGE ( 'NONE', *, *, #2456, .F. ) ;
#4054 = VECTOR ( 'NONE', #1687, 1000.000000000000000 ) ;
#4055 = DIRECTION ( 'NONE',  ( 9.067872715333311000E-015, -1.000000000000000000, 0.0000000000000000000 ) ) ;
#4056 = VERTEX_POINT ( 'NONE', #2407 ) ;
#4057 = DIRECTION ( 'NONE',  ( -0.0000000000000000000, 0.0000000000000000000, 1.000000000000000000 ) ) ;
#4058 = PLANE ( 'NONE',  #5435 ) ;
#4059 = ADVANCED_FACE ( 'NONE', ( #4809 ), #74, .T. ) ;
#4060 = VERTEX_POINT ( 'NONE', #5159 ) ;
#4061 = DIRECTION ( 'NONE',  ( 0.05226442768871406000, -0.05226442768871403900, 0.9972646886342373400 ) ) ;
#4062 = DIRECTION ( 'NONE',  ( 3.497543079678235300E-032, -0.0000000000000000000, 1.000000000000000000 ) ) ;
#4063 = CARTESIAN_POINT ( 'NONE',  ( 5.247321690787215300, -1.989338725945109400, -5.247321690787218000 ) ) ;
#4064 = EDGE_CURVE ( 'NONE', #1738, #3243, #2503, .T. ) ;
#4065 = SPHERICAL_SURFACE ( 'NONE', #4781, 0.2999999999999999900 ) ;
#4066 = CONICAL_SURFACE ( 'NONE', #5369, 6.008253627460656600, 0.02617993877990825200 ) ;
#4067 = FACE_OUTER_BOUND ( 'NONE', #4677, .T. ) ;
#4068 = EDGE_LOOP ( 'NONE', ( #3332, #5864, #4317 ) ) ;
#4069 = CARTESIAN_POINT ( 'NONE',  ( -7.131019448207600100, 12.49999999999999600, 1.520015985077529700 ) ) ;
#4070 = DIRECTION ( 'NONE',  ( -0.0000000000000000000, 0.0000000000000000000, 1.000000000000000000 ) ) ;
#4071 = VERTEX_POINT ( 'NONE', #1017 ) ;
#4072 = AXIS2_PLACEMENT_3D ( 'NONE', #3131, #4057, #1306 ) ;
#4073 = CYLINDRICAL_SURFACE ( 'NONE', #1493, 0.2999999999999998800 ) ;
#4074 = ADVANCED_FACE ( 'NONE', ( #1281 ), #1950, .F. ) ;
#4075 = PLANE ( 'NONE',  #5124 ) ;
#4076 = EDGE_CURVE ( 'NONE', #4820, #393, #4671, .T. ) ;
#4077 = CARTESIAN_POINT ( 'NONE',  ( 4.000000000000000900, -5.063712178512681700, -8.784299213127116700 ) ) ;
#4078 = ORIENTED_EDGE ( 'NONE', *, *, #3576, .T. ) ;
#4079 = B_SPLINE_CURVE_WITH_KNOTS ( 'NONE', 3,
 ( #4293, #1070, #3815, #4767, #2009, #5227, #2475, #5703, #2924, #173, #3385, #611 ),
 .UNSPECIFIED., .F., .F.,
 ( 4, 2, 2, 2, 2, 4 ),
 ( 0.005736624348041787300, 0.006914722469410578900, 0.008092820590779370400, 0.009270918712148162900, 0.009859967772832559100, 0.01044901683351695400 ),
 .UNSPECIFIED. ) ;
#4080 = VERTEX_POINT ( 'NONE', #112 ) ;
#4081 = ORIENTED_EDGE ( 'NONE', *, *, #2572, .F. ) ;
#4082 = DIRECTION ( 'NONE',  ( 0.05233595624294422300, -0.9986295347545737200, 0.0000000000000000000 ) ) ;
#4083 = FILL_AREA_STYLE ('',( #2720 ) ) ;
#4084 = AXIS2_PLACEMENT_3D ( 'NONE', #1880, #2350, #5580 ) ;
#4085 = DIRECTION ( 'NONE',  ( 1.198925478362479900E-016, -0.05233595624294395300, -0.9986295347545739400 ) ) ;
#4086 = CARTESIAN_POINT ( 'NONE',  ( 3.622617818712862400, 8.515615011263472300, 6.922206679139235600 ) ) ;
#4087 = CARTESIAN_POINT ( 'NONE',  ( 2.518645519832174000, -9.118645519832073300, -11.55233595624294400 ) ) ;
#4088 = CYLINDRICAL_SURFACE ( 'NONE', #2372, 0.2999999999999999300 ) ;
#4089 = LINE ( 'NONE', #2617, #411 ) ;
#4090 = VERTEX_POINT ( 'NONE', #3310 ) ;
#4091 = CARTESIAN_POINT ( 'NONE',  ( -5.404660943847657600, 5.705403990336620300, 1.467915421168121800 ) ) ;
#4092 = ADVANCED_FACE ( 'NONE', ( #2373 ), #5648, .T. ) ;
#4093 = VECTOR ( 'NONE', #194, 1000.000000000000200 ) ;
#4094 = DIRECTION ( 'NONE',  ( 0.0000000000000000000, -0.0000000000000000000, -1.000000000000000000 ) ) ;
#4095 = FACE_OUTER_BOUND ( 'NONE', #6008, .T. ) ;
#4096 = DIRECTION ( 'NONE',  ( -1.000000000000000000, -2.220446049250313100E-016, 1.577021341797097600E-015 ) ) ;
#4097 = EDGE_CURVE ( 'NONE', #5791, #2183, #2218, .T. ) ;
#4098 = SURFACE_STYLE_USAGE ( .BOTH. , #882 ) ;
#4099 = ADVANCED_FACE ( 'NONE', ( #5913 ), #3285, .F. ) ;
#4100 = DIRECTION ( 'NONE',  ( 1.000000000000000000, -0.0000000000000000000, -0.0000000000000000000 ) ) ;
#4101 = DIRECTION ( 'NONE',  ( -0.9986295347545739400, 0.0000000000000000000, 0.05233595624294395300 ) ) ;
#4102 = CARTESIAN_POINT ( 'NONE',  ( 0.0000000000000000000, -9.285468475998371200, 0.0000000000000000000 ) ) ;
#4103 = LINE ( 'NONE', #1059, #1639 ) ;
#4104 = CARTESIAN_POINT ( 'NONE',  ( 9.999999999999994700, 10.00000000000000500, 3.149999999999999900 ) ) ;
#4105 = DIRECTION ( 'NONE',  ( -0.0000000000000000000, 1.000000000000000000, -0.0000000000000000000 ) ) ;
#4106 = DIRECTION ( 'NONE',  ( -1.000000000000000000, -2.891205793294679000E-015, 0.0000000000000000000 ) ) ;
#4107 = ORIENTED_EDGE ( 'NONE', *, *, #4400, .T. ) ;
#4108 = AXIS2_PLACEMENT_3D ( 'NONE', #2564, #3929, #1638 ) ;
#4109 = EDGE_CURVE ( 'NONE', #1233, #1850, #4522, .T. ) ;
#4110 = EDGE_CURVE ( 'NONE', #4632, #3650, #5760, .T. ) ;
#4111 = EDGE_CURVE ( 'NONE', #3711, #3618, #979, .T. ) ;
#4112 = SPHERICAL_SURFACE ( 'NONE', #4335, 0.2999999999999999900 ) ;
#4113 = VERTEX_POINT ( 'NONE', #1970 ) ;
#4114 = DIRECTION ( 'NONE',  ( 0.05233599580004656700, 0.0000000000000000000, -0.9986295326814731400 ) ) ;
#4115 = EDGE_LOOP ( 'NONE', ( #728, #2425, #2058, #4792 ) ) ;
#4116 = ORIENTED_EDGE ( 'NONE', *, *, #3293, .F. ) ;
#4117 = SPHERICAL_SURFACE ( 'NONE', #4895, 0.2999999999999999900 ) ;
#4118 = VERTEX_POINT ( 'NONE', #3365 ) ;
#4119 = EDGE_CURVE ( 'NONE', #1611, #4431, #842, .T. ) ;
#4120 = EDGE_LOOP ( 'NONE', ( #678, #478, #4606, #5952 ) ) ;
#4121 = CARTESIAN_POINT ( 'NONE',  ( -9.089245774084698600, -2.489245774084692700, -12.11331652343349500 ) ) ;
#4122 = ORIENTED_EDGE ( 'NONE', *, *, #3483, .F. ) ;
#4123 = CARTESIAN_POINT ( 'NONE',  ( -5.298402444839941200, -3.700861872994493800, -10.03131579813635800 ) ) ;
#4124 = ADVANCED_FACE ( 'NONE', ( #4362 ), #5472, .F. ) ;
#4125 = EDGE_LOOP ( 'NONE', ( #2544, #4403, #5607, #1546 ) ) ;
#4126 = VERTEX_POINT ( 'NONE', #174 ) ;
#4127 = DIRECTION ( 'NONE',  ( 1.000000000000000000, 0.0000000000000000000, 0.0000000000000000000 ) ) ;
#4128 = DIRECTION ( 'NONE',  ( 0.0000000000000000000, -1.000000000000000000, 1.224646799147352500E-016 ) ) ;
#4129 = AXIS2_PLACEMENT_3D ( 'NONE', #1332, #4561, #1794 ) ;
#4130 = ORIENTED_EDGE ( 'NONE', *, *, #5170, .T. ) ;
#4131 = ADVANCED_FACE ( 'NONE', ( #1930 ), #2996, .T. ) ;
#4132 = CARTESIAN_POINT ( 'NONE',  ( 10.03131579813635500, -3.701229487637425700, 6.701229487637424300 ) ) ;
#4133 = FACE_OUTER_BOUND ( 'NONE', #2991, .T. ) ;
#4134 = LINE ( 'NONE', #5147, #4275 ) ;
#4135 = ORIENTED_EDGE ( 'NONE', *, *, #6005, .F. ) ;
#4136 = ORIENTED_EDGE ( 'NONE', *, *, #128, .T. ) ;
#4137 = CARTESIAN_POINT ( 'NONE',  ( 9.999999999999996400, -2.599999999999999600, 9.199999999999999300 ) ) ;
#4138 = CARTESIAN_POINT ( 'NONE',  ( -5.054310741893006700, 3.637140463113387200, -8.784279947502023200 ) ) ;
#4139 = LINE ( 'NONE', #4271, #3982 ) ;
#4140 = CARTESIAN_POINT ( 'NONE',  ( -3.636698961060974800, -7.000000000000031100, -8.500000000000000000 ) ) ;
#4141 = CARTESIAN_POINT ( 'NONE',  ( -0.7855455459047212500, 5.842205935909455600, 5.541462889420503600 ) ) ;
#4142 = CYLINDRICAL_SURFACE ( 'NONE', #5018, 0.2999999999999999300 ) ;
#4143 = DIRECTION ( 'NONE',  ( -0.9986295347545737200, 0.0000000000000000000, -0.05233595624294422300 ) ) ;
#4144 = CARTESIAN_POINT ( 'NONE',  ( -9.068980551792398300, 12.49999999999999600, -1.520015985077501500 ) ) ;
#4145 = EDGE_CURVE ( 'NONE', #3261, #3722, #680, .T. ) ;
#4146 = CARTESIAN_POINT ( 'NONE',  ( -3.695766346834169300, -6.695766346834205700, -9.927072861725092100 ) ) ;
#4147 = AXIS2_PLACEMENT_3D ( 'NONE', #4623, #1864, #5086 ) ;
#4148 = AXIS2_PLACEMENT_3D ( 'NONE', #5118, #2368, #5590 ) ;
#4149 = ORIENTED_EDGE ( 'NONE', *, *, #3780, .T. ) ;
#4150 = EDGE_LOOP ( 'NONE', ( #2026, #4035, #4866, #3267, #1466, #4342, #4205, #3609, #4391, #4107, #3171, #1437 ) ) ;
#4151 = EDGE_CURVE ( 'NONE', #896, #5099, #3425, .T. ) ;
#4152 = ORIENTED_EDGE ( 'NONE', *, *, #5761, .T. ) ;
#4153 = CARTESIAN_POINT ( 'NONE',  ( 4.134297480284598000, -3.833554433795663700, -4.134297480284603300 ) ) ;
#4154 = ORIENTED_EDGE ( 'NONE', *, *, #5051, .F. ) ;
#4155 = CYLINDRICAL_SURFACE ( 'NONE', #4674, 1.499999999999999600 ) ;
#4156 = CARTESIAN_POINT ( 'NONE',  ( 5.219446831006517400, 2.724811302666590300, 4.918703784517566300 ) ) ;
#4157 = DIRECTION ( 'NONE',  ( -0.001231182688942700600, -0.9999992420943060200, 0.0000000000000000000 ) ) ;
#4158 = AXIS2_PLACEMENT_3D ( 'NONE', #4909, #2145, #5890 ) ;
#4159 = ORIENTED_EDGE ( 'NONE', *, *, #4510, .T. ) ;
#4160 = ADVANCED_FACE ( 'NONE', ( #5316 ), #4788, .F. ) ;
#4161 = FACE_OUTER_BOUND ( 'NONE', #5852, .T. ) ;
#4162 = DIRECTION ( 'NONE',  ( 1.000000000000000000, 2.220446049250313100E-016, -1.577021341797095800E-015 ) ) ;
#4163 = CARTESIAN_POINT ( 'NONE',  ( 7.500000000000000900, 0.0000000000000000000, 5.550000000000001600 ) ) ;
#4164 = CARTESIAN_POINT ( 'NONE',  ( 2.518645519832154900, -7.081354480167891400, -11.55233595624294400 ) ) ;
#4165 = ORIENTED_EDGE ( 'NONE', *, *, #3710, .T. ) ;
#4166 = CARTESIAN_POINT ( 'NONE',  ( -5.063264840274841900, -3.636620795077623000, -8.784299213127116700 ) ) ;
#4167 = DIRECTION ( 'NONE',  ( 0.0000000000000000000, 0.0000000000000000000, 1.000000000000000000 ) ) ;
#4168 = FACE_OUTER_BOUND ( 'NONE', #2213, .T. ) ;
#4169 = FACE_OUTER_BOUND ( 'NONE', #3314, .T. ) ;
#4170 = DIRECTION ( 'NONE',  ( 2.891205793294679000E-015, 0.0000000000000000000, -1.000000000000000000 ) ) ;
#4171 = CARTESIAN_POINT ( 'NONE',  ( 5.819362280403862700, -5.518619233914924000, -0.9372942235177955700 ) ) ;
#4172 = ORIENTED_EDGE ( 'NONE', *, *, #545, .T. ) ;
#4173 = FACE_OUTER_BOUND ( 'NONE', #5352, .T. ) ;
#4174 = DIRECTION ( 'NONE',  ( 0.0000000000000000000, 0.0000000000000000000, -1.000000000000000000 ) ) ;
#4175 = EDGE_CURVE ( 'NONE', #5311, #3077, #4227, .T. ) ;
#4176 = ORIENTED_EDGE ( 'NONE', *, *, #406, .F. ) ;
#4177 = EDGE_LOOP ( 'NONE', ( #1549, #4739, #2334, #5834, #2030, #439, #5363 ) ) ;
#4178 = ORIENTED_EDGE ( 'NONE', *, *, #824, .F. ) ;
#4179 = CARTESIAN_POINT ( 'NONE',  ( -7.110754225915310500, 2.489245774084691800, -12.11331652343349500 ) ) ;
#4180 = ORIENTED_EDGE ( 'NONE', *, *, #6004, .F. ) ;
#4181 = AXIS2_PLACEMENT_3D ( 'NONE', #4509, #3110, #1743 ) ;
#4182 = EDGE_LOOP ( 'NONE', ( #2075, #3532, #3247, #576 ) ) ;
#4183 = CYLINDRICAL_SURFACE ( 'NONE', #4450, 1.499999999999999600 ) ;
#4184 = CARTESIAN_POINT ( 'NONE',  ( 12.49999999999999800, -6.999999999999992000, 2.600000000000012100 ) ) ;
#4185 = CARTESIAN_POINT ( 'NONE',  ( 9.999999999999998200, 6.500000000000005300, -3.149999999999999900 ) ) ;
#4186 = AXIS2_PLACEMENT_3D ( 'NONE', #4038, #1285, #4506 ) ;
#4187 = EDGE_CURVE ( 'NONE', #2122, #5100, #2912, .T. ) ;
#4188 = ORIENTED_EDGE ( 'NONE', *, *, #1132, .F. ) ;
#4189 = CARTESIAN_POINT ( 'NONE',  ( 4.732545797937134100, -4.431802751448197200, 3.478353961794715200 ) ) ;
#4190 = AXIS2_PLACEMENT_3D ( 'NONE', #4256, #1497, #4731 ) ;
#4191 = ORIENTED_EDGE ( 'NONE', *, *, #1346, .F. ) ;
#4192 = AXIS2_PLACEMENT_3D ( 'NONE', #828, #4052, #1665 ) ;
#4193 = EDGE_CURVE ( 'NONE', #5861, #5258, #3986, .T. ) ;
#4194 = CARTESIAN_POINT ( 'NONE',  ( 9.999999999999998200, -9.199999999999994000, 2.600000000000015600 ) ) ;
#4195 = EDGE_LOOP ( 'NONE', ( #4006, #5110, #300, #1668 ) ) ;
#4196 = CARTESIAN_POINT ( 'NONE',  ( -5.011580266505764500, 3.679765849761244700, -9.598623999993325400 ) ) ;
#4197 = CARTESIAN_POINT ( 'NONE',  ( 9.999999999999998200, -6.700411139573619200, 3.999999999999976000 ) ) ;
#4198 = AXIS2_PLACEMENT_3D ( 'NONE', #3983, #1241, #4453 ) ;
#4199 = CYLINDRICAL_SURFACE ( 'NONE', #3308, 0.3000000000000003200 ) ;
#4200 =( BOUNDED_CURVE ( )  B_SPLINE_CURVE ( 3, ( #2681, #2219, #814, #5925 ),
 .UNSPECIFIED., .F., .T. ) 
 B_SPLINE_CURVE_WITH_KNOTS ( ( 4, 4 ),
 ( 2.357564018062738000, 3.925621289116849200 ),
 .UNSPECIFIED. ) 
 CURVE ( )  GEOMETRIC_REPRESENTATION_ITEM ( )  RATIONAL_B_SPLINE_CURVE ( ( 1.000000000000000000, 0.8053830134673584100, 0.8053830134673584100, 1.000000000000000000 ) ) 
 REPRESENTATION_ITEM ( '' )  );
#4201 = ORIENTED_EDGE ( 'NONE', *, *, #5449, .T. ) ;
#4202 = CARTESIAN_POINT ( 'NONE',  ( 8.799999999999997200, -4.999999999999986700, -3.636698961060992100 ) ) ;
#4203 = DIRECTION ( 'NONE',  ( 0.0000000000000000000, -0.0000000000000000000, 1.000000000000000000 ) ) ;
#4204 = CARTESIAN_POINT ( 'NONE',  ( -9.200000000000002800, 9.999999999999996400, -2.599999999999984100 ) ) ;
#4205 = ORIENTED_EDGE ( 'NONE', *, *, #3669, .F. ) ;
#4206 = VECTOR ( 'NONE', #4894, 1000.000000000000100 ) ;
#4207 = FACE_OUTER_BOUND ( 'NONE', #2367, .T. ) ;
#4208 =( NAMED_UNIT ( * ) PLANE_ANGLE_UNIT ( ) SI_UNIT ( $, .RADIAN. ) );
#4209 = ORIENTED_EDGE ( 'NONE', *, *, #567, .T. ) ;
#4210 = DIRECTION ( 'NONE',  ( 0.0000000000000000000, 0.0000000000000000000, 1.000000000000000000 ) ) ;
#4211 = CARTESIAN_POINT ( 'NONE',  ( 8.515615011263472300, -5.377382181287120300, -3.922206679139256000 ) ) ;
#4212 = ORIENTED_EDGE ( 'NONE', *, *, #314, .F. ) ;
#4213 = VECTOR ( 'NONE', #394, 1000.000000000000200 ) ;
#4214 = ORIENTED_EDGE ( 'NONE', *, *, #5231, .T. ) ;
#4215 = AXIS2_PLACEMENT_3D ( 'NONE', #2810, #43, #3262 ) ;
#4216 = ORIENTED_EDGE ( 'NONE', *, *, #5343, .T. ) ;
#4217 = EDGE_LOOP ( 'NONE', ( #1062, #4693, #2499, #737 ) ) ;
#4218 = DIRECTION ( 'NONE',  ( -0.9999992420943060200, 0.001231182688944146200, 0.0000000000000000000 ) ) ;
#4219 = EDGE_CURVE ( 'NONE', #1998, #2551, #462, .T. ) ;
#4220 = VERTEX_POINT ( 'NONE', #211 ) ;
#4221 = CARTESIAN_POINT ( 'NONE',  ( 2.668418147695069000, -5.247834386324487200, 5.247834386324473900 ) ) ;
#4222 = ORIENTED_EDGE ( 'NONE', *, *, #1175, .F. ) ;
#4223 = EDGE_CURVE ( 'NONE', #558, #2315, #315, .T. ) ;
#4224 = EDGE_CURVE ( 'NONE', #2518, #5516, #5226, .T. ) ;
#4225 = B_SPLINE_CURVE_WITH_KNOTS ( 'NONE', 3,
 ( #4286, #2002, #5696, #2914, #164, #3375, #603, #3826, #1080, #4303, #1543, #4779 ),
 .UNSPECIFIED., .F., .F.,
 ( 4, 2, 2, 2, 2, 4 ),
 ( 0.006160026956038587600, 0.007334742721758047400, 0.008509458487477507300, 0.009684174253196965400, 0.01027153213605669500, 0.01085889001891642500 ),
 .UNSPECIFIED. ) ;
#4226 = DIRECTION ( 'NONE',  ( -0.05233595624294395300, 0.0000000000000000000, 0.9986295347545739400 ) ) ;
#4227 = LINE ( 'NONE', #1112, #1785 ) ;
#4228 = DIRECTION ( 'NONE',  ( -0.05226442768871403900, 0.05226442768871403900, 0.9972646886342373400 ) ) ;
#4229 = DIRECTION ( 'NONE',  ( -0.0000000000000000000, 1.971276677246370800E-016, -1.000000000000000000 ) ) ;
#4230 = LINE ( 'NONE', #3901, #3148 ) ;
#4231 = LINE ( 'NONE', #3028, #540 ) ;
#4232 = DIRECTION ( 'NONE',  ( -0.0000000000000000000, -0.0000000000000000000, -1.000000000000000000 ) ) ;
#4233 = ORIENTED_EDGE ( 'NONE', *, *, #1635, .F. ) ;
#4234 = EDGE_CURVE ( 'NONE', #4252, #2718, #1541, .T. ) ;
#4235 = CARTESIAN_POINT ( 'NONE',  ( -2.547484957609323700, -5.309058093444280100, 5.309058093444272200 ) ) ;
#4236 = ORIENTED_EDGE ( 'NONE', *, *, #2984, .T. ) ;
#4237 = CIRCLE ( 'NONE', #549, 2.600000000000001000 ) ;
#4238 = CARTESIAN_POINT ( 'NONE',  ( 3.999999999999998200, 9.999999999999998200, 5.000000000000000900 ) ) ;
#4239 = DIRECTION ( 'NONE',  ( -0.05233595624294395300, -3.464692195485113100E-015, 0.9986295347545739400 ) ) ;
#4240 = DIRECTION ( 'NONE',  ( 1.971276677246370500E-016, 4.314083075427408300E-032, -1.000000000000000000 ) ) ;
#4241 = CARTESIAN_POINT ( 'NONE',  ( -6.999999999999994700, 12.49999999999999600, 2.600000000000012100 ) ) ;
#4242 = CARTESIAN_POINT ( 'NONE',  ( 0.4198097986447094100, 5.881266609861597800, 5.580523563372643100 ) ) ;
#4243 = CARTESIAN_POINT ( 'NONE',  ( -4.000000000000001800, 9.999999999999994700, 7.000000000000000000 ) ) ;
#4244 = VECTOR ( 'NONE', #3785, 1000.000000000000100 ) ;
#4245 = ORIENTED_EDGE ( 'NONE', *, *, #206, .F. ) ;
#4246 = DIRECTION ( 'NONE',  ( 0.9972646886342374500, -0.05226442768871432400, -0.05226442768871439300 ) ) ;
#4247 = FACE_OUTER_BOUND ( 'NONE', #5802, .T. ) ;
#4248 = ORIENTED_EDGE ( 'NONE', *, *, #4328, .F. ) ;
#4249 = DIRECTION ( 'NONE',  ( 0.9972646886342374500, 0.05226442768871432400, 0.05226442768871432400 ) ) ;
#4250 = EDGE_CURVE ( 'NONE', #3731, #5721, #5121, .T. ) ;
#4251 = DIRECTION ( 'NONE',  ( 2.168404344971008900E-016, -3.577867169202164600E-015, 1.000000000000000000 ) ) ;
#4252 = VERTEX_POINT ( 'NONE', #3446 ) ;
#4253 = VERTEX_POINT ( 'NONE', #3919 ) ;
#4254 = LINE ( 'NONE', #4351, #4395 ) ;
#4255 = EDGE_LOOP ( 'NONE', ( #779, #4758, #2592, #1757, #2111, #1907 ) ) ;
#4256 = CARTESIAN_POINT ( 'NONE',  ( -7.000000000000004400, -2.600000000000000100, -10.00000000000000000 ) ) ;
#4257 = CARTESIAN_POINT ( 'NONE',  ( 12.11331652343349500, -9.089245774084687900, 2.489245774084708700 ) ) ;
#4258 = AXIS2_PLACEMENT_3D ( 'NONE', #3997, #1253, #4467 ) ;
#4259 = ORIENTED_EDGE ( 'NONE', *, *, #1340, .T. ) ;
#4260 = CARTESIAN_POINT ( 'NONE',  ( 5.518076812015251200, 0.9849788770790903800, -5.518076812015253000 ) ) ;
#4261 = CARTESIAN_POINT ( 'NONE',  ( 3.149999999999999900, 6.500000000000005300, -10.00000000000000200 ) ) ;
#4262 = EDGE_LOOP ( 'NONE', ( #2904, #5570, #1320 ) ) ;
#4263 = ORIENTED_EDGE ( 'NONE', *, *, #918, .T. ) ;
#4264 = EDGE_CURVE ( 'NONE', #654, #1966, #181, .T. ) ;
#4265 = EDGE_LOOP ( 'NONE', ( #378, #3995, #599, #645 ) ) ;
#4266 = CARTESIAN_POINT ( 'NONE',  ( 6.008253627460653100, 0.0000000000000000000, 10.00000000000000000 ) ) ;
#4267 = AXIS2_PLACEMENT_3D ( 'NONE', #2380, #50, #517 ) ;
#4268 = ORIENTED_EDGE ( 'NONE', *, *, #5391, .T. ) ;
#4269 = CARTESIAN_POINT ( 'NONE',  ( 1.520015985077515700, 12.49999999999999800, 9.199999999999999300 ) ) ;
#4270 = CARTESIAN_POINT ( 'NONE',  ( -5.304233653165820100, 9.927072861725090300, -3.695766346834188400 ) ) ;
#4271 = CARTESIAN_POINT ( 'NONE',  ( -5.077793320860752000, 8.515615011263470500, -3.622617818712882800 ) ) ;
#4272 = CARTESIAN_POINT ( 'NONE',  ( -6.999999999999990200, 10.00000000000000400, 3.876005637310944600 ) ) ;
#4273 = FACE_OUTER_BOUND ( 'NONE', #1024, .T. ) ;
#4274 = TOROIDAL_SURFACE ( 'NONE', #5248, 6.970891157117690400, 1.000000000000000000 ) ;
#4275 = VECTOR ( 'NONE', #4685, 1000.000000000000000 ) ;
#4276 = DIRECTION ( 'NONE',  ( -1.000000000000000000, 0.0000000000000000000, 0.0000000000000000000 ) ) ;
#4277 = CARTESIAN_POINT ( 'NONE',  ( -8.500000000000008900, -9.999999999999994700, 10.00000000000000000 ) ) ;
#4278 = ORIENTED_EDGE ( 'NONE', *, *, #1909, .T. ) ;
#4279 = ORIENTED_EDGE ( 'NONE', *, *, #4110, .F. ) ;
#4280 = CIRCLE ( 'NONE', #4598, 0.3000000000000003200 ) ;
#4281 = CARTESIAN_POINT ( 'NONE',  ( 6.999999999999994700, 10.00000000000000500, -11.00000000000000000 ) ) ;
#4282 = CARTESIAN_POINT ( 'NONE',  ( -5.363301038939040300, 8.799999999999997200, 3.636698961060954800 ) ) ;
#4283 = FACE_OUTER_BOUND ( 'NONE', #3814, .T. ) ;
#4284 = VERTEX_POINT ( 'NONE', #2108 ) ;
#4285 = CARTESIAN_POINT ( 'NONE',  ( 12.50000000000000000, -7.131019448207603700, -2.081766411704350600 ) ) ;
#4286 = CARTESIAN_POINT ( 'NONE',  ( -3.983977529785748000, -3.983977529785742700, -4.284720576274715100 ) ) ;
#4287 = EDGE_CURVE ( 'NONE', #80, #660, #1409, .T. ) ;
#4288 = CARTESIAN_POINT ( 'NONE',  ( -4.990519235319732500, 3.700528589222748600, -10.00000000000000200 ) ) ;
#4289 = VERTEX_POINT ( 'NONE', #2573 ) ;
#4290 = ORIENTED_EDGE ( 'NONE', *, *, #4419, .F. ) ;
#4291 = VERTEX_POINT ( 'NONE', #5811 ) ;
#4292 = VERTEX_POINT ( 'NONE', #1614 ) ;
#4293 = CARTESIAN_POINT ( 'NONE',  ( 3.989444925404550500, 3.989444925404560300, -3.989444925404555000 ) ) ;
#4294 = FACE_OUTER_BOUND ( 'NONE', #19, .T. ) ;
#4295 = CARTESIAN_POINT ( 'NONE',  ( 9.999999999999996400, -2.599999999999999200, 7.000000000000000000 ) ) ;
#4296 = CARTESIAN_POINT ( 'NONE',  ( -6.636698961060966800, 8.499999999999996400, 3.636698961060950400 ) ) ;
#4297 = EDGE_CURVE ( 'NONE', #5270, #1076, #1266, .T. ) ;
#4298 = EDGE_CURVE ( 'NONE', #3108, #4841, #4948, .T. ) ;
#4299 = DIRECTION ( 'NONE',  ( 1.000000000000000000, 0.0000000000000000000, 0.0000000000000000000 ) ) ;
#4300 = VECTOR ( 'NONE', #838, 1000.000000000000000 ) ;
#4301 = ORIENTED_EDGE ( 'NONE', *, *, #5218, .T. ) ;
#4302 = EDGE_CURVE ( 'NONE', #4489, #358, #4034, .T. ) ;
#4303 = CARTESIAN_POINT ( 'NONE',  ( -0.3942621179892379400, -5.581939429367678500, -5.882682475856625200 ) ) ;
#4304 = FACE_OUTER_BOUND ( 'NONE', #4313, .T. ) ;
#4305 = CARTESIAN_POINT ( 'NONE',  ( -7.110754225915312300, 12.11331652343349000, -2.489245774084680700 ) ) ;
#4306 = DIRECTION ( 'NONE',  ( 1.000000000000000000, 0.0000000000000000000, 0.0000000000000000000 ) ) ;
#4307 = PLANE ( 'NONE',  #2910 ) ;
#4308 = DIRECTION ( 'NONE',  ( -0.0000000000000000000, -0.0000000000000000000, 1.000000000000000000 ) ) ;
#4309 = CARTESIAN_POINT ( 'NONE',  ( -3.149999999999999900, 10.00000000000000500, -6.500000000000000900 ) ) ;
#4310 = DIRECTION ( 'NONE',  ( 0.0000000000000000000, 1.000000000000000000, 0.0000000000000000000 ) ) ;
#4311 = CARTESIAN_POINT ( 'NONE',  ( -10.00000000000000900, 0.0000000000000000000, 6.008253627460656600 ) ) ;
#4312 = LINE ( 'NONE', #4439, #2017 ) ;
#4313 = EDGE_LOOP ( 'NONE', ( #5465, #1906, #673, #5810, #5150, #3767, #4209, #4698, #2775, #2099, #1073, #4911, #3302, #4279 ) ) ;
#4314 = CARTESIAN_POINT ( 'NONE',  ( 11.55233595624294200, -2.518645519832090100, 9.118645519832091000 ) ) ;
#4315 = ORIENTED_EDGE ( 'NONE', *, *, #694, .T. ) ;
#4316 = CARTESIAN_POINT ( 'NONE',  ( 0.0000000000000000000, 7.500000000000007100, 0.0000000000000000000 ) ) ;
#4317 = ORIENTED_EDGE ( 'NONE', *, *, #5635, .F. ) ;
#4318 = ORIENTED_EDGE ( 'NONE', *, *, #3186, .F. ) ;
#4319 = EDGE_LOOP ( 'NONE', ( #3090, #89, #1594, #4863, #4628, #444 ) ) ;
#4320 = LINE ( 'NONE', #3734, #1157 ) ;
#4321 = DIRECTION ( 'NONE',  ( 1.000000000000000000, 1.734723475976807100E-016, -0.0000000000000000000 ) ) ;
#4322 = DIRECTION ( 'NONE',  ( -2.484514876724114700E-034, 1.000000000000000000, 1.668003342285391600E-016 ) ) ;
#4323 = VERTEX_POINT ( 'NONE', #700 ) ;
#4324 = VERTEX_POINT ( 'NONE', #253 ) ;
#4325 = ORIENTED_EDGE ( 'NONE', *, *, #1052, .F. ) ;
#4326 = VECTOR ( 'NONE', #3424, 1000.000000000000000 ) ;
#4327 = DIRECTION ( 'NONE',  ( -1.000000000000000000, 1.805304455399569900E-016, 0.0000000000000000000 ) ) ;
#4328 = EDGE_CURVE ( 'NONE', #150, #601, #2361, .T. ) ;
#4329 = EDGE_CURVE ( 'NONE', #1693, #2021, #1111, .T. ) ;
#4330 = DIRECTION ( 'NONE',  ( 0.9972646886342372300, -0.05226442768871385200, 0.05226442768871402500 ) ) ;
#4331 = EDGE_CURVE ( 'NONE', #1656, #763, #2962, .T. ) ;
#4332 = ORIENTED_EDGE ( 'NONE', *, *, #2524, .F. ) ;
#4333 = DIRECTION ( 'NONE',  ( 0.0000000000000000000, -1.000000000000000000, 0.0000000000000000000 ) ) ;
#4334 = ORIENTED_EDGE ( 'NONE', *, *, #1829, .F. ) ;
#4335 = AXIS2_PLACEMENT_3D ( 'NONE', #4482, #3083, #1716 ) ;
#4336 = ADVANCED_FACE ( 'NONE', ( #3411 ), #5744, .F. ) ;
#4337 = CARTESIAN_POINT ( 'NONE',  ( 5.981363564820178200, 0.0000000000000000000, 8.973109937359515300 ) ) ;
#4338 = DIRECTION ( 'NONE',  ( 0.0000000000000000000, -1.000000000000000000, 0.0000000000000000000 ) ) ;
#4339 = EDGE_CURVE ( 'NONE', #5688, #1781, #1905, .T. ) ;
#4340 = DIRECTION ( 'NONE',  ( 0.0000000000000000000, 0.0000000000000000000, -1.000000000000000000 ) ) ;
#4341 = CARTESIAN_POINT ( 'NONE',  ( -9.118645519832094600, 11.55233595624294200, -2.518645519832075400 ) ) ;
#4342 = ORIENTED_EDGE ( 'NONE', *, *, #4615, .F. ) ;
#4343 = AXIS2_PLACEMENT_3D ( 'NONE', #5564, #5131, #5604 ) ;
#4344 = LINE ( 'NONE', #718, #4206 ) ;
#4345 = LINE ( 'NONE', #913, #5156 ) ;
#4346 = VECTOR ( 'NONE', #5643, 1000.000000000000000 ) ;
#4347 = DIRECTION ( 'NONE',  ( 1.000000000000000000, 0.0000000000000000000, 0.0000000000000000000 ) ) ;
#4348 = CARTESIAN_POINT ( 'NONE',  ( -3.683201122986678100, 9.687314107979183600, 6.683201122986674600 ) ) ;
#4349 = ORIENTED_EDGE ( 'NONE', *, *, #2101, .F. ) ;
#4350 = ORIENTED_EDGE ( 'NONE', *, *, #1846, .F. ) ;
#4351 = CARTESIAN_POINT ( 'NONE',  ( 9.999999999999998200, 6.500000000000005300, 3.149999999999999900 ) ) ;
#4352 = ORIENTED_EDGE ( 'NONE', *, *, #4732, .F. ) ;
#4353 = CARTESIAN_POINT ( 'NONE',  ( 8.499999999999996400, -5.363301038939012800, -3.636698961060993000 ) ) ;
#4354 = CARTESIAN_POINT ( 'NONE',  ( 12.49999999999999800, -7.131019448207602800, -1.520015985077502100 ) ) ;
#4355 = DIRECTION ( 'NONE',  ( -1.000000000000000000, 0.0000000000000000000, 0.0000000000000000000 ) ) ;
#4356 = CARTESIAN_POINT ( 'NONE',  ( -4.990519159425967500, 3.700775160431734300, -10.00000000000000000 ) ) ;
#4357 = VERTEX_POINT ( 'NONE', #2168 ) ;
#4358 = EDGE_LOOP ( 'NONE', ( #22, #214, #1048, #5713 ) ) ;
#4359 = ORIENTED_EDGE ( 'NONE', *, *, #1843, .F. ) ;
#4360 = ORIENTED_EDGE ( 'NONE', *, *, #1145, .F. ) ;
#4361 = DIRECTION ( 'NONE',  ( 0.0000000000000000000, 0.9986295347545739400, 0.05233595624294395300 ) ) ;
#4362 = FACE_OUTER_BOUND ( 'NONE', #1747, .T. ) ;
#4363 = CARTESIAN_POINT ( 'NONE',  ( -5.539013985126298500, -2.017090372115225800, 5.539013985126311800 ) ) ;
#4364 = EDGE_CURVE ( 'NONE', #5234, #4955, #3558, .T. ) ;
#4365 = ADVANCED_FACE ( 'NONE', ( #2055 ), #780, .T. ) ;
#4366 = VECTOR ( 'NONE', #698, 1000.000000000000000 ) ;
#4367 = LINE ( 'NONE', #2096, #3149 ) ;
#4368 = CARTESIAN_POINT ( 'NONE',  ( -3.636698961060975200, -5.363301038939054500, -8.500000000000000000 ) ) ;
#4369 = EDGE_LOOP ( 'NONE', ( #2776, #4350, #11, #1883 ) ) ;
#4370 =( BOUNDED_CURVE ( )  B_SPLINE_CURVE ( 3, ( #5044, #4579, #3638, #5515 ),
 .UNSPECIFIED., .F., .T. ) 
 B_SPLINE_CURVE_WITH_KNOTS ( ( 4, 4 ),
 ( 1.632587063458569600E-015, 1.518436449235067000 ),
 .UNSPECIFIED. ) 
 CURVE ( )  GEOMETRIC_REPRESENTATION_ITEM ( )  RATIONAL_B_SPLINE_CURVE ( ( 1.000000000000000000, 0.8169162473415252400, 0.8169162473415252400, 1.000000000000000000 ) ) 
 REPRESENTATION_ITEM ( '' )  );
#4371 = AXIS2_PLACEMENT_3D ( 'NONE', #1791, #5032, #2267 ) ;
#4372 = ORIENTED_EDGE ( 'NONE', *, *, #6003, .F. ) ;
#4373 = CARTESIAN_POINT ( 'NONE',  ( -5.311168116642349400, 3.679765849761244700, -9.614344052491301100 ) ) ;
#4374 = CIRCLE ( 'NONE', #883, 0.2999999999999999300 ) ;
#4375 = EDGE_CURVE ( 'NONE', #2598, #1850, #968, .T. ) ;
#4376 = CARTESIAN_POINT ( 'NONE',  ( 12.49999999999999600, 2.600000000000000500, 7.131019448207602800 ) ) ;
#4377 = DIRECTION ( 'NONE',  ( -4.336808689942018200E-016, -1.000000000000000000, 0.0000000000000000000 ) ) ;
#4378 = CARTESIAN_POINT ( 'NONE',  ( 5.811727736971583600, -0.9811323787348991100, 5.510984690482631600 ) ) ;
#4379 = CARTESIAN_POINT ( 'NONE',  ( 3.622617818712865000, -5.077793320860791900, -8.515615011263475900 ) ) ;
#4380 = VECTOR ( 'NONE', #3916, 1000.000000000000100 ) ;
#4381 = CARTESIAN_POINT ( 'NONE',  ( 7.008253627460669900, 0.0000000000000000000, 10.00000000000000000 ) ) ;
#4382 = AXIS2_PLACEMENT_3D ( 'NONE', #3568, #809, #4032 ) ;
#4383 = AXIS2_PLACEMENT_3D ( 'NONE', #3257, #3716, #40 ) ;
#4384 = CARTESIAN_POINT ( 'NONE',  ( -10.00000000000000900, 0.0000000000000000000, 0.0000000000000000000 ) ) ;
#4385 = CIRCLE ( 'NONE', #3777, 0.3000000000000003800 ) ;
#4386 = CARTESIAN_POINT ( 'NONE',  ( -9.200000000000002800, 10.00000000000000500, -2.599999999999984100 ) ) ;
#4387 = CIRCLE ( 'NONE', #4371, 0.3000000000000003800 ) ;
#4388 = ORIENTED_EDGE ( 'NONE', *, *, #2955, .F. ) ;
#4389 = DIRECTION ( 'NONE',  ( 0.0000000000000000000, 0.0000000000000000000, -1.000000000000000000 ) ) ;
#4390 = LINE ( 'NONE', #3865, #3173 ) ;
#4391 = ORIENTED_EDGE ( 'NONE', *, *, #1603, .F. ) ;
#4392 = EDGE_LOOP ( 'NONE', ( #2525, #5063, #430, #3942 ) ) ;
#4393 = CARTESIAN_POINT ( 'NONE',  ( -3.700411139573629400, 9.999999999999996400, 7.000000000000000000 ) ) ;
#4394 = VERTEX_POINT ( 'NONE', #4415 ) ;
#4395 = VECTOR ( 'NONE', #1136, 1000.000000000000000 ) ;
#4396 = ADVANCED_FACE ( 'NONE', ( #826 ), #666, .F. ) ;
#4397 = CARTESIAN_POINT ( 'NONE',  ( -5.513289830743474300, 2.114273247605316500, 5.513289830743485000 ) ) ;
#4398 = ORIENTED_EDGE ( 'NONE', *, *, #2599, .F. ) ;
#4399 = PLANE ( 'NONE',  #331 ) ;
#4400 = EDGE_CURVE ( 'NONE', #4324, #4220, #825, .T. ) ;
#4401 =( BOUNDED_CURVE ( )  B_SPLINE_CURVE ( 3, ( #5177, #1952, #4257, #1498 ),
 .UNSPECIFIED., .F., .F. ) 
 B_SPLINE_CURVE_WITH_KNOTS ( ( 4, 4 ),
 ( 5.145769021906605200E-015, 1.518436449235070400 ),
 .UNSPECIFIED. ) 
 CURVE ( )  GEOMETRIC_REPRESENTATION_ITEM ( )  RATIONAL_B_SPLINE_CURVE ( ( 1.000000000000000000, 0.8169162473415254600, 0.8169162473415254600, 1.000000000000000000 ) ) 
 REPRESENTATION_ITEM ( '' )  );
#4402 = EDGE_LOOP ( 'NONE', ( #973, #3887, #2793, #3354 ) ) ;
#4403 = ORIENTED_EDGE ( 'NONE', *, *, #824, .T. ) ;
#4404 = VERTEX_POINT ( 'NONE', #4501 ) ;
#4405 = ORIENTED_EDGE ( 'NONE', *, *, #2039, .F. ) ;
#4406 = DIRECTION ( 'NONE',  ( 0.9999992420943060200, -0.001231182688944099000, 0.0000000000000000000 ) ) ;
#4407 = DIRECTION ( 'NONE',  ( 0.0000000000000000000, 0.0000000000000000000, 1.000000000000000000 ) ) ;
#4408 = EDGE_CURVE ( 'NONE', #2608, #1968, #3129, .T. ) ;
#4409 = EDGE_CURVE ( 'NONE', #637, #320, #2207, .T. ) ;
#4410 = LINE ( 'NONE', #5429, #5600 ) ;
#4411 = EDGE_CURVE ( 'NONE', #3497, #1966, #5605, .T. ) ;
#4412 = ORIENTED_EDGE ( 'NONE', *, *, #3331, .F. ) ;
#4413 = CARTESIAN_POINT ( 'NONE',  ( -5.063712178512667500, 8.784299213127113100, 3.636698961060956100 ) ) ;
#4414 = LINE ( 'NONE', #2770, #3202 ) ;
#4415 = CARTESIAN_POINT ( 'NONE',  ( -5.549999999999992700, 6.853416596565159700E-016, -7.500000000000000000 ) ) ;
#4416 = CARTESIAN_POINT ( 'NONE',  ( 12.49999999999999600, 2.081766411704363500, 9.068980551792396500 ) ) ;
#4417 = FACE_OUTER_BOUND ( 'NONE', #722, .T. ) ;
#4418 = DIRECTION ( 'NONE',  ( -0.9986295347545739400, 0.05233595624294390400, -1.968575111071085600E-016 ) ) ;
#4419 = EDGE_CURVE ( 'NONE', #955, #1016, #5757, .T. ) ;
#4420 = VERTEX_POINT ( 'NONE', #1765 ) ;
#4421 = CARTESIAN_POINT ( 'NONE',  ( -3.149999999999999900, 10.00000000000000500, -6.500000000000000900 ) ) ;
#4422 = CARTESIAN_POINT ( 'NONE',  ( -9.118645519832087500, 11.55233595624294200, 2.518645519832106100 ) ) ;
#4423 = PRODUCT ( '093ww202n05', '093ww202n05', '', ( #1943 ) ) ;
#4424 = CYLINDRICAL_SURFACE ( 'NONE', #4904, 1.000000000000000200 ) ;
#4425 = CARTESIAN_POINT ( 'NONE',  ( -3.149999999999999900, 6.500000000000005300, -6.500000000000000900 ) ) ;
#4426 = FACE_OUTER_BOUND ( 'NONE', #5037, .T. ) ;
#4427 = ORIENTED_EDGE ( 'NONE', *, *, #251, .T. ) ;
#4428 = ADVANCED_FACE ( 'NONE', ( #526 ), #4073, .F. ) ;
#4429 = DIRECTION ( 'NONE',  ( 0.0000000000000000000, 0.0000000000000000000, -1.000000000000000000 ) ) ;
#4430 = ORIENTED_EDGE ( 'NONE', *, *, #3187, .F. ) ;
#4431 = VERTEX_POINT ( 'NONE', #3635 ) ;
#4432 = VERTEX_POINT ( 'NONE', #881 ) ;
#4433 = ORIENTED_EDGE ( 'NONE', *, *, #1751, .F. ) ;
#4434 = CARTESIAN_POINT ( 'NONE',  ( 5.580141070740944900, 5.580141070740951100, -0.5122561966234932000 ) ) ;
#4435 = DIRECTION ( 'NONE',  ( 0.05226442768871356800, 0.05226442768871451100, 0.9972646886342373400 ) ) ;
#4436 = DIRECTION ( 'NONE',  ( 0.0000000000000000000, 0.0000000000000000000, -1.000000000000000000 ) ) ;
#4437 = CARTESIAN_POINT ( 'NONE',  ( -3.876005637310970400, 10.00000000000000900, 6.999999999999999100 ) ) ;
#4438 = LINE ( 'NONE', #2328, #1697 ) ;
#4439 = CARTESIAN_POINT ( 'NONE',  ( 9.999999999999996400, 4.000000000000000900, 7.000000000000000900 ) ) ;
#4440 = DIRECTION ( 'NONE',  ( -0.0000000000000000000, 1.000000000000000000, -0.0000000000000000000 ) ) ;
#4441 = CARTESIAN_POINT ( 'NONE',  ( -3.833554433795645100, 4.134297480284609500, -4.134297480284612200 ) ) ;
#4442 = CARTESIAN_POINT ( 'NONE',  ( 11.55233595624294400, -7.081354480167902000, 2.518645519832102900 ) ) ;
#4443 = LINE ( 'NONE', #5876, #2148 ) ;
#4444 = CARTESIAN_POINT ( 'NONE',  ( 4.000000000000000900, -5.000000000000027500, -10.00000000000000000 ) ) ;
#4445 = EDGE_CURVE ( 'NONE', #5087, #2021, #5461, .T. ) ;
#4446 = ORIENTED_EDGE ( 'NONE', *, *, #407, .T. ) ;
#4447 = DIRECTION ( 'NONE',  ( 0.0000000000000000000, 1.971276677246370800E-016, -1.000000000000000000 ) ) ;
#4448 = ADVANCED_FACE ( 'NONE', ( #1766 ), #396, .T. ) ;
#4449 = VECTOR ( 'NONE', #5070, 1000.000000000000200 ) ;
#4450 = AXIS2_PLACEMENT_3D ( 'NONE', #3206, #440, #5072 ) ;
#4451 = ORIENTED_EDGE ( 'NONE', *, *, #1228, .T. ) ;
#4452 = CIRCLE ( 'NONE', #2763, 2.599999999999999200 ) ;
#4453 = DIRECTION ( 'NONE',  ( 2.891205793294679000E-015, 0.0000000000000000000, -1.000000000000000000 ) ) ;
#4454 = AXIS2_PLACEMENT_3D ( 'NONE', #4348, #4827, #3423 ) ;
#4455 = EDGE_CURVE ( 'NONE', #1202, #1076, #1612, .T. ) ;
#4456 = CARTESIAN_POINT ( 'NONE',  ( 2.518645519832154900, -7.081354480167891400, -11.55233595624294400 ) ) ;
#4457 = ADVANCED_FACE ( 'NONE', ( #3914 ), #1475, .F. ) ;
#4458 = CARTESIAN_POINT ( 'NONE',  ( -4.999181651936216200, 10.01561501126347100, 3.701229487637408300 ) ) ;
#4459 = VECTOR ( 'NONE', #2135, 1000.000000000000000 ) ;
#4460 = CARTESIAN_POINT ( 'NONE',  ( -3.149999999999999900, 6.500000000000005300, -10.00000000000000200 ) ) ;
#4461 = AXIS2_PLACEMENT_3D ( 'NONE', #1645, #3037, #276 ) ;
#4463 = ORIENTED_EDGE ( 'NONE', *, *, #4219, .F. ) ;
#4462 = AXIS2_PLACEMENT_3D ( 'NONE', #3172, #2054, #5281 ) ;
#4464 = EDGE_LOOP ( 'NONE', ( #3950, #5597, #147, #4248 ) ) ;
#4465 = DIRECTION ( 'NONE',  ( 0.0000000000000000000, 1.000000000000000000, 0.0000000000000000000 ) ) ;
#4466 = VERTEX_POINT ( 'NONE', #1828 ) ;
#4467 = DIRECTION ( 'NONE',  ( 0.0000000000000000000, 0.0000000000000000000, 1.000000000000000000 ) ) ;
#4468 = VERTEX_POINT ( 'NONE', #5060 ) ;
#4469 = EDGE_LOOP ( 'NONE', ( #1095, #3064, #4412, #4818 ) ) ;
#4470 = CIRCLE ( 'NONE', #2605, 0.3000000000000003800 ) ;
#4471 = CARTESIAN_POINT ( 'NONE',  ( -4.424281602862595100, -3.486994822281189500, -4.725024649351559500 ) ) ;
#4472 = EDGE_LOOP ( 'NONE', ( #3278, #1655, #675, #1424 ) ) ;
#4473 = EDGE_LOOP ( 'NONE', ( #5282, #1051, #5998, #4805 ) ) ;
#4474 = ORIENTED_EDGE ( 'NONE', *, *, #1931, .T. ) ;
#4475 = VERTEX_POINT ( 'NONE', #5534 ) ;
#4476 = VECTOR ( 'NONE', #4308, 1000.000000000000000 ) ;
#4477 = CARTESIAN_POINT ( 'NONE',  ( -9.200000000000004600, 2.600000000000000100, -10.00000000000000000 ) ) ;
#4478 = DIRECTION ( 'NONE',  ( 0.0000000000000000000, 0.0000000000000000000, 1.000000000000000000 ) ) ;
#4479 =( BOUNDED_CURVE ( )  B_SPLINE_CURVE ( 3, ( #1651, #4416, #2593, #5836 ),
 .UNSPECIFIED., .F., .T. ) 
 B_SPLINE_CURVE_WITH_KNOTS ( ( 4, 4 ),
 ( 3.141592653589790000, 4.660029102824856800 ),
 .UNSPECIFIED. ) 
 CURVE ( )  GEOMETRIC_REPRESENTATION_ITEM ( )  RATIONAL_B_SPLINE_CURVE ( ( 1.000000000000000000, 0.8169162473415250100, 0.8169162473415250100, 1.000000000000000000 ) ) 
 REPRESENTATION_ITEM ( '' )  );
#4480 = ORIENTED_EDGE ( 'NONE', *, *, #1750, .T. ) ;
#4481 = CARTESIAN_POINT ( 'NONE',  ( 3.999999999999998200, 9.999999999999998200, 7.000000000000000900 ) ) ;
#4482 = CARTESIAN_POINT ( 'NONE',  ( -3.636698961060975700, 8.799999999999995400, 5.363301038939026100 ) ) ;
#4483 = DIRECTION ( 'NONE',  ( 1.000000000000000000, 2.220446049250313100E-016, -1.577021341797097600E-015 ) ) ;
#4484 = DIRECTION ( 'NONE',  ( 0.05226442768871431000, 0.9972646886342373400, -0.05226442768871439300 ) ) ;
#4485 = ADVANCED_FACE ( 'NONE', ( #5165 ), #5306, .F. ) ;
#4486 = CARTESIAN_POINT ( 'NONE',  ( 11.49999999999999600, 1.520015985077518300, 9.199999999999999300 ) ) ;
#4487 = CARTESIAN_POINT ( 'NONE',  ( -5.052011172090657500, -5.052011172090675300, 3.012213616149383500 ) ) ;
#4488 = DIRECTION ( 'NONE',  ( -0.9999992420943060200, 0.001231182688944099000, 0.0000000000000000000 ) ) ;
#4489 = VERTEX_POINT ( 'NONE', #2755 ) ;
#4490 = EDGE_CURVE ( 'NONE', #2406, #5837, #249, .T. ) ;
#4491 = CARTESIAN_POINT ( 'NONE',  ( -5.534812534250193000, 0.8352982495936260900, -5.835555580739154800 ) ) ;
#4492 = PLANE ( 'NONE',  #441 ) ;
#4493 = VECTOR ( 'NONE', #4322, 1000.000000000000000 ) ;
#4494 = ADVANCED_FACE ( 'NONE', ( #2563 ), #3770, .F. ) ;
#4495 = FACE_OUTER_BOUND ( 'NONE', #5359, .T. ) ;
#4496 = CARTESIAN_POINT ( 'NONE',  ( 8.154942802379312800E-016, -9.285468475998371200, 6.282536581423911100 ) ) ;
#4497 = ORIENTED_EDGE ( 'NONE', *, *, #3096, .F. ) ;
#4498 = EDGE_CURVE ( 'NONE', #4292, #1656, #4679, .T. ) ;
#4499 = VECTOR ( 'NONE', #676, 1000.000000000000000 ) ;
#4500 = FACE_OUTER_BOUND ( 'NONE', #1727, .T. ) ;
#4501 = CARTESIAN_POINT ( 'NONE',  ( 9.999999999999996400, 4.000000000000000900, 6.700411139573627200 ) ) ;
#4502 = CARTESIAN_POINT ( 'NONE',  ( 8.799999999999997200, -6.636698961060978300, -3.636698961060998300 ) ) ;
#4503 = AXIS2_PLACEMENT_3D ( 'NONE', #5228, #2476, #5704 ) ;
#4504 = VECTOR ( 'NONE', #1265, 1000.000000000000000 ) ;
#4505 = CARTESIAN_POINT ( 'NONE',  ( 9.999999999999996400, -3.700411139573626800, 5.000000000000000000 ) ) ;
#4506 = DIRECTION ( 'NONE',  ( 0.0000000000000000000, 1.000000000000000000, -1.445602896647339500E-015 ) ) ;
#4507 = CARTESIAN_POINT ( 'NONE',  ( -8.500000000000008900, -9.999999999999994700, 8.500000000000000000 ) ) ;
#4508 = PLANE ( 'NONE',  #4696 ) ;
#4509 = CARTESIAN_POINT ( 'NONE',  ( -5.363301038939040300, 8.799999999999997200, 3.636698961060955200 ) ) ;
#4510 = EDGE_CURVE ( 'NONE', #3606, #5656, #1341, .T. ) ;
#4511 = CARTESIAN_POINT ( 'NONE',  ( -5.678862343952907600, -5.678862343952921800, -1.595802921591460000 ) ) ;
#4512 = CARTESIAN_POINT ( 'NONE',  ( 6.853416596565161600E-016, 7.500000000000007100, 5.549999999999998900 ) ) ;
#4513 = VERTEX_POINT ( 'NONE', #4614 ) ;
#4514 = CARTESIAN_POINT ( 'NONE',  ( -6.636250430647525200, -3.634684160981009000, -8.800000000000000700 ) ) ;
#4515 = CARTESIAN_POINT ( 'NONE',  ( -7.000000000000004400, 2.600000000000000100, -10.00000000000000000 ) ) ;
#4516 = ORIENTED_EDGE ( 'NONE', *, *, #1061, .T. ) ;
#4517 = ORIENTED_EDGE ( 'NONE', *, *, #1452, .T. ) ;
#4518 = ORIENTED_EDGE ( 'NONE', *, *, #4932, .T. ) ;
#4519 = VERTEX_POINT ( 'NONE', #31 ) ;
#4520 = AXIS2_PLACEMENT_3D ( 'NONE', #2166, #5396, #2629 ) ;
#4521 = CARTESIAN_POINT ( 'NONE',  ( -7.000000000000004400, -2.600000000000000100, -12.50000000000000000 ) ) ;
#4522 = CIRCLE ( 'NONE', #4819, 6.282536581423928000 ) ;
#4523 = CARTESIAN_POINT ( 'NONE',  ( -4.000000000000000000, -6.876005637311006800, -10.00000000000000200 ) ) ;
#4524 = ADVANCED_FACE ( 'NONE', ( #2715 ), #2777, .F. ) ;
#4525 = CARTESIAN_POINT ( 'NONE',  ( -6.999551194238624600, -3.634236871030990900, -8.500000000000000000 ) ) ;
#4526 = VECTOR ( 'NONE', #3880, 1000.000000000000000 ) ;
#4527 = CIRCLE ( 'NONE', #3830, 2.599999999999996500 ) ;
#4528 = VERTEX_POINT ( 'NONE', #487 ) ;
#4529 = CARTESIAN_POINT ( 'NONE',  ( 10.00000000000000000, -6.876005637310972100, -4.000000000000024900 ) ) ;
#4530 = CARTESIAN_POINT ( 'NONE',  ( 8.515615011263472300, 3.922206679139237400, 6.622617818712862800 ) ) ;
#4531 = ORIENTED_EDGE ( 'NONE', *, *, #706, .F. ) ;
#4532 = ADVANCED_FACE ( 'NONE', ( #4877 ), #5984, .F. ) ;
#4533 = DIRECTION ( 'NONE',  ( 3.497543079678235300E-032, -0.0000000000000000000, 1.000000000000000000 ) ) ;
#4534 = DIRECTION ( 'NONE',  ( 0.05233595624294377900, 0.9986295347545739400, 1.968575111071086300E-016 ) ) ;
#4535 = VECTOR ( 'NONE', #2907, 1000.000000000000000 ) ;
#4536 = DIRECTION ( 'NONE',  ( 0.9986261671219497400, 0.0000000000000000000, 0.05240017499325590900 ) ) ;
#4537 = CARTESIAN_POINT ( 'NONE',  ( 4.892139015308123000, -2.782713626953182500, -4.892139015308127400 ) ) ;
#4538 = AXIS2_PLACEMENT_3D ( 'NONE', #1156, #2982, #4170 ) ;
#4539 = CIRCLE ( 'NONE', #5866, 5.970920021408290700 ) ;
#4540 = DIRECTION ( 'NONE',  ( 0.05233595624294412600, -0.9986295347545739400, 1.332573921340428100E-015 ) ) ;
#4541 = DIRECTION ( 'NONE',  ( -0.05233595624294414700, 0.0000000000000000000, -0.9986295347545737200 ) ) ;
#4542 = EDGE_CURVE ( 'NONE', #358, #3363, #2426, .T. ) ;
#4543 = ORIENTED_EDGE ( 'NONE', *, *, #1625, .T. ) ;
#4544 = EDGE_CURVE ( 'NONE', #5968, #2315, #2849, .T. ) ;
#4545 = VECTOR ( 'NONE', #2083, 1000.000000000000100 ) ;
#4546 = EDGE_CURVE ( 'NONE', #4774, #543, #4726, .T. ) ;
#4547 = CARTESIAN_POINT ( 'NONE',  ( -4.708857644132536700, 5.009600690621497600, -3.078937822962271500 ) ) ;
#4548 = FACE_OUTER_BOUND ( 'NONE', #3705, .T. ) ;
#4549 = FACE_OUTER_BOUND ( 'NONE', #1885, .T. ) ;
#4550 = DIRECTION ( 'NONE',  ( 0.0000000000000000000, 0.0000000000000000000, 1.000000000000000000 ) ) ;
#4551 = EDGE_LOOP ( 'NONE', ( #725, #4705, #4567, #4604 ) ) ;
#4552 = EDGE_CURVE ( 'NONE', #4431, #1611, #2289, .T. ) ;
#4553 = CARTESIAN_POINT ( 'NONE',  ( 9.999999999999998200, -6.999999999999985800, -3.700411139573651200 ) ) ;
#4554 = CARTESIAN_POINT ( 'NONE',  ( 3.557481457854005000E-015, 0.0000000000000000000, -7.500000000000009800 ) ) ;
#4555 = CIRCLE ( 'NONE', #318, 1.000000000000000000 ) ;
#4556 = CARTESIAN_POINT ( 'NONE',  ( 2.599999999999998300, 9.999999999999996400, 9.199999999999999300 ) ) ;
#4557 = DIRECTION ( 'NONE',  ( 3.497543079678235300E-032, -0.0000000000000000000, 1.000000000000000000 ) ) ;
#4558 = ADVANCED_FACE ( 'NONE', ( #1197 ), #4590, .F. ) ;
#4559 = VERTEX_POINT ( 'NONE', #5606 ) ;
#4560 = CARTESIAN_POINT ( 'NONE',  ( 4.000000000000000000, -7.000000000000027500, -10.00000000000000000 ) ) ;
#4561 = DIRECTION ( 'NONE',  ( -1.224646799147353200E-016, 1.000000000000000000, 2.141627468703963500E-048 ) ) ;
#4562 = AXIS2_PLACEMENT_3D ( 'NONE', #1252, #4465, #4945 ) ;
#4563 = EDGE_LOOP ( 'NONE', ( #4663, #650, #2932, #1463 ) ) ;
#4564 = EDGE_LOOP ( 'NONE', ( #1588, #3032, #4925, #5804, #2804, #1938, #2546, #4531, #5431, #4712 ) ) ;
#4565 = LINE ( 'NONE', #193, #5797 ) ;
#4566 = CARTESIAN_POINT ( 'NONE',  ( 3.922206679139237400, -6.622617818712836200, -8.515615011263479400 ) ) ;
#4567 = ORIENTED_EDGE ( 'NONE', *, *, #3486, .T. ) ;
#4568 = DIRECTION ( 'NONE',  ( -0.9986295347545737200, -0.05233595624294414700, 0.0000000000000000000 ) ) ;
#4569 = ADVANCED_FACE ( 'NONE', ( #5823 ), #4424, .T. ) ;
#4570 = EDGE_LOOP ( 'NONE', ( #1295, #1877, #1083, #341 ) ) ;
#4571 = CARTESIAN_POINT ( 'NONE',  ( -5.224837181132882900, 5.525580227621842000, 2.028889233799783500 ) ) ;
#4572 = ORIENTED_EDGE ( 'NONE', *, *, #4020, .F. ) ;
#4573 = ORIENTED_EDGE ( 'NONE', *, *, #4097, .F. ) ;
#4574 = ORIENTED_EDGE ( 'NONE', *, *, #1964, .T. ) ;
#4575 = CIRCLE ( 'NONE', #4129, 1.000000000000000000 ) ;
#4576 =( NAMED_UNIT ( * ) PLANE_ANGLE_UNIT ( ) SI_UNIT ( $, .RADIAN. ) );
#4577 = ORIENTED_EDGE ( 'NONE', *, *, #177, .T. ) ;
#4578 = CARTESIAN_POINT ( 'NONE',  ( 9.999999999999998200, -5.000000000000012400, 3.700411139573609500 ) ) ;
#4579 = CARTESIAN_POINT ( 'NONE',  ( -2.081766411704296400, -7.131019448207627700, -12.50000000000000200 ) ) ;
#4580 = DIRECTION ( 'NONE',  ( 0.0000000000000000000, 0.0000000000000000000, -1.000000000000000000 ) ) ;
#4581 = DIRECTION ( 'NONE',  ( 1.000000000000000000, 0.0000000000000000000, 0.0000000000000000000 ) ) ;
#4582 = EDGE_CURVE ( 'NONE', #3731, #1194, #3339, .T. ) ;
#4583 = FACE_OUTER_BOUND ( 'NONE', #4629, .T. ) ;
#4584 = VECTOR ( 'NONE', #2867, 1000.000000000000200 ) ;
#4585 = LINE ( 'NONE', #2375, #3335 ) ;
#4586 = CARTESIAN_POINT ( 'NONE',  ( -5.970920021408288000, 7.312268092182509100E-016, 8.574287104857957000 ) ) ;
#4587 = DIRECTION ( 'NONE',  ( -0.0000000000000000000, 0.0000000000000000000, 1.000000000000000000 ) ) ;
#4588 = ORIENTED_EDGE ( 'NONE', *, *, #3782, .T. ) ;
#4589 = AXIS2_PLACEMENT_3D ( 'NONE', #1592, #5847, #3053 ) ;
#4590 = SPHERICAL_SURFACE ( 'NONE', #4267, 0.2999999999999999900 ) ;
#4591 = ADVANCED_FACE ( 'NONE', ( #2128 ), #5536, .F. ) ;
#4592 = VECTOR ( 'NONE', #4440, 1000.000000000000000 ) ;
#4593 = EDGE_CURVE ( 'NONE', #1967, #4668, #3208, .T. ) ;
#4594 = DIRECTION ( 'NONE',  ( -1.000000000000000000, -2.220446049250313100E-016, -1.084202172485504400E-016 ) ) ;
#4595 = ORIENTED_EDGE ( 'NONE', *, *, #5561, .F. ) ;
#4596 = DIRECTION ( 'NONE',  ( 0.0000000000000000000, 1.000000000000000000, 0.0000000000000000000 ) ) ;
#4597 = DIRECTION ( 'NONE',  ( -0.0000000000000000000, -0.0000000000000000000, -1.000000000000000000 ) ) ;
#4598 = AXIS2_PLACEMENT_3D ( 'NONE', #1030, #4249, #1495 ) ;
#4599 = AXIS2_PLACEMENT_3D ( 'NONE', #3962, #1675, #4914 ) ;
#4600 = ADVANCED_FACE ( 'NONE', ( #5675 ), #588, .F. ) ;
#4601 = CARTESIAN_POINT ( 'NONE',  ( 4.000000000000000000, -6.876005637310934800, -9.999999999999996400 ) ) ;
#4602 = DIRECTION ( 'NONE',  ( 1.000000000000000000, -0.0000000000000000000, -0.0000000000000000000 ) ) ;
#4603 = ORIENTED_EDGE ( 'NONE', *, *, #251, .F. ) ;
#4604 = ORIENTED_EDGE ( 'NONE', *, *, #3723, .T. ) ;
#4605 = DIRECTION ( 'NONE',  ( -1.000000000000000000, -2.220446049250313100E-016, 1.577021341797097600E-015 ) ) ;
#4606 = ORIENTED_EDGE ( 'NONE', *, *, #4234, .F. ) ;
#4607 = DIRECTION ( 'NONE',  ( -0.0000000000000000000, 1.000000000000000000, 1.084202172485504400E-016 ) ) ;
#4608 = ORIENTED_EDGE ( 'NONE', *, *, #3266, .F. ) ;
#4609 = CONICAL_SURFACE ( 'NONE', #1894, 6.008253627460649500, 0.02617993877990820700 ) ;
#4610 = DIRECTION ( 'NONE',  ( 1.000000000000000000, 0.0000000000000000000, 1.224646799147353200E-016 ) ) ;
#4611 = FACE_OUTER_BOUND ( 'NONE', #4956, .T. ) ;
#4612 = ORIENTED_EDGE ( 'NONE', *, *, #2639, .F. ) ;
#4613 = VECTOR ( 'NONE', #438, 1000.000000000000000 ) ;
#4614 = CARTESIAN_POINT ( 'NONE',  ( 11.55233595624294400, -9.118645519832092800, -2.518645519832075400 ) ) ;
#4615 = EDGE_CURVE ( 'NONE', #2181, #1042, #3050, .T. ) ;
#4616 = ORIENTED_EDGE ( 'NONE', *, *, #4552, .F. ) ;
#4617 = CARTESIAN_POINT ( 'NONE',  ( 3.557481457854005000E-015, 0.0000000000000000000, -9.999999999999998200 ) ) ;
#4618 = CARTESIAN_POINT ( 'NONE',  ( -0.1977888768645009700, 5.892828318099411400, 5.592085271610459400 ) ) ;
#4619 = VECTOR ( 'NONE', #5277, 1000.000000000000100 ) ;
#4620 = CARTESIAN_POINT ( 'NONE',  ( 3.636698961060974800, -5.363301038939053600, -8.800000000000000700 ) ) ;
#4621 = CARTESIAN_POINT ( 'NONE',  ( 3.701229487637427400, -5.298770512362601400, -10.03131579813635800 ) ) ;
#4622 = CARTESIAN_POINT ( 'NONE',  ( 6.499999999999995600, 6.500000000000005300, -3.149999999999999900 ) ) ;
#4623 = CARTESIAN_POINT ( 'NONE',  ( -6.636250430647525200, -3.634684160981009000, -8.800000000000000700 ) ) ;
#4624 = AXIS2_PLACEMENT_3D ( 'NONE', #1513, #2902, #153 ) ;
#4625 = EDGE_CURVE ( 'NONE', #2554, #2893, #4280, .T. ) ;
#4626 = VERTEX_POINT ( 'NONE', #109 ) ;
#4627 = ADVANCED_FACE ( 'NONE', ( #5376 ), #460, .F. ) ;
#4628 = ORIENTED_EDGE ( 'NONE', *, *, #620, .F. ) ;
#4629 = EDGE_LOOP ( 'NONE', ( #794, #4130, #2830, #2704 ) ) ;
#4630 = CARTESIAN_POINT ( 'NONE',  ( 4.372126480391051100, -4.071383433902115100, -3.905275879158561600 ) ) ;
#4631 = ORIENTED_EDGE ( 'NONE', *, *, #1763, .T. ) ;
#4632 = VERTEX_POINT ( 'NONE', #5662 ) ;
#4633 = SPHERICAL_SURFACE ( 'NONE', #135, 0.2999999999999999900 ) ;
#4634 = ORIENTED_EDGE ( 'NONE', *, *, #4331, .F. ) ;
#4635 = EDGE_CURVE ( 'NONE', #3818, #754, #1847, .T. ) ;
#4636 = CARTESIAN_POINT ( 'NONE',  ( 4.606929764139251500, 3.638129544068919400, 4.306186717650300400 ) ) ;
#4637 = ORIENTED_EDGE ( 'NONE', *, *, #5267, .T. ) ;
#4638 = ORIENTED_EDGE ( 'NONE', *, *, #4849, .T. ) ;
#4639 = FACE_OUTER_BOUND ( 'NONE', #1279, .T. ) ;
#4640 = CARTESIAN_POINT ( 'NONE',  ( 11.55233595624294000, 2.518645519832091800, 7.081354480167908200 ) ) ;
#4641 = CARTESIAN_POINT ( 'NONE',  ( 5.549999999999998900, 0.0000000000000000000, -7.500000000000000000 ) ) ;
#4642 = ORIENTED_EDGE ( 'NONE', *, *, #1583, .F. ) ;
#4643 = DIRECTION ( 'NONE',  ( 1.834803676513931200E-015, 4.074082574665308100E-031, 1.000000000000000000 ) ) ;
#4644 = CARTESIAN_POINT ( 'NONE',  ( -3.921388331075438500, 8.784299213127111400, 6.936287821487344900 ) ) ;
#4645 = VERTEX_POINT ( 'NONE', #3344 ) ;
#4646 = CARTESIAN_POINT ( 'NONE',  ( -5.363300763591127800, -3.999552710049961500, -8.800000000000000700 ) ) ;
#4647 = CARTESIAN_POINT ( 'NONE',  ( 5.886587319598528500, -5.585844273109589000, -0.3356016194867630400 ) ) ;
#4648 = VECTOR ( 'NONE', #2077, 1000.000000000000200 ) ;
#4649 = VECTOR ( 'NONE', #163, 1000.000000000000000 ) ;
#4650 = ORIENTED_EDGE ( 'NONE', *, *, #2101, .T. ) ;
#4651 = CARTESIAN_POINT ( 'NONE',  ( 8.799999999999997200, -3.999999999999999100, 6.636698961060972100 ) ) ;
#4652 = CARTESIAN_POINT ( 'NONE',  ( 3.876005637310966400, 10.00000000000000500, 5.000000000000000000 ) ) ;
#4653 = VECTOR ( 'NONE', #1109, 1000.000000000000000 ) ;
#4654 = LINE ( 'NONE', #5153, #2205 ) ;
#4655 = CARTESIAN_POINT ( 'NONE',  ( -6.636698961060980100, 8.799999999999995400, -3.636698961060997900 ) ) ;
#4656 = EDGE_CURVE ( 'NONE', #1608, #5443, #2906, .T. ) ;
#4657 = EDGE_CURVE ( 'NONE', #957, #5769, #4139, .T. ) ;
#4658 = EDGE_CURVE ( 'NONE', #5980, #2, #1537, .T. ) ;
#4659 = DIRECTION ( 'NONE',  ( 0.0000000000000000000, -1.334402673828313200E-015, -1.000000000000000000 ) ) ;
#4660 = DIRECTION ( 'NONE',  ( -0.0000000000000000000, 0.0000000000000000000, 1.000000000000000000 ) ) ;
#4661 = CARTESIAN_POINT ( 'NONE',  ( 12.49999999999999600, -1.520015985077514300, 9.068980551792396500 ) ) ;
#4662 = AXIS2_PLACEMENT_3D ( 'NONE', #1741, #4981, #2217 ) ;
#4663 = ORIENTED_EDGE ( 'NONE', *, *, #4145, .T. ) ;
#4664 = DIRECTION ( 'NONE',  ( 0.0000000000000000000, 0.0000000000000000000, -1.000000000000000000 ) ) ;
#4665 = ORIENTED_EDGE ( 'NONE', *, *, #166, .T. ) ;
#4666 = EDGE_LOOP ( 'NONE', ( #186, #3842, #467, #3135 ) ) ;
#4667 = EDGE_CURVE ( 'NONE', #319, #4833, #1685, .T. ) ;
#4668 = VERTEX_POINT ( 'NONE', #2897 ) ;
#4669 = CARTESIAN_POINT ( 'NONE',  ( 4.284720576274695600, -3.983977529785759100, 3.983977529785743600 ) ) ;
#4670 = ORIENTED_EDGE ( 'NONE', *, *, #2321, .F. ) ;
#4671 = LINE ( 'NONE', #3324, #49 ) ;
#4672 = DIRECTION ( 'NONE',  ( -0.9972646886342372300, -0.05226442768871413700, 0.05226442768871411600 ) ) ;
#4673 = AXIS2_PLACEMENT_3D ( 'NONE', #987, #5148, #513 ) ;
#4674 = AXIS2_PLACEMENT_3D ( 'NONE', #3675, #3217, #452 ) ;
#4675 = LINE ( 'NONE', #4831, #1932 ) ;
#4676 = LINE ( 'NONE', #3010, #5619 ) ;
#4677 = EDGE_LOOP ( 'NONE', ( #1579, #5481, #5958 ) ) ;
#4678 = CARTESIAN_POINT ( 'NONE',  ( 2.600000000000000100, 0.0000000000000000000, 10.00000000000000200 ) ) ;
#4679 = B_SPLINE_CURVE_WITH_KNOTS ( 'NONE', 3,
 ( #2322, #3212, #9, #3230, #463, #3691, #937, #4156, #1402, #4636, #1870, #5095 ),
 .UNSPECIFIED., .F., .F.,
 ( 4, 2, 2, 2, 2, 4 ),
 ( 0.01085807277292937000, 0.01147793672846659000, 0.01209780068400380900, 0.01333752859507824800, 0.01457725650615268800, 0.01581698441722712700 ),
 .UNSPECIFIED. ) ;
#4680 = ORIENTED_EDGE ( 'NONE', *, *, #3870, .F. ) ;
#4681 = CARTESIAN_POINT ( 'NONE',  ( -8.500000000000008900, -8.499999999999994700, 8.500000000000000000 ) ) ;
#4682 = CARTESIAN_POINT ( 'NONE',  ( 8.799999999999997200, 3.636698961060974800, 7.000000000000000000 ) ) ;
#4683 = CIRCLE ( 'NONE', #5969, 0.2999999999999999300 ) ;
#4684 = VECTOR ( 'NONE', #2990, 1000.000000000000000 ) ;
#4685 = DIRECTION ( 'NONE',  ( 1.000000000000000000, 2.220446049250312800E-016, 3.423990449430562900E-015 ) ) ;
#4686 = ORIENTED_EDGE ( 'NONE', *, *, #1185, .T. ) ;
#4687 = VECTOR ( 'NONE', #3443, 1000.000000000000200 ) ;
#4688 = CIRCLE ( 'NONE', #2272, 0.2999999999999999300 ) ;
#4689 = VECTOR ( 'NONE', #1717, 1000.000000000000000 ) ;
#4690 = CARTESIAN_POINT ( 'NONE',  ( 3.636698961060972600, 8.799999999999997200, 7.000000000000000900 ) ) ;
#4691 = EDGE_CURVE ( 'NONE', #3127, #5100, #3829, .T. ) ;
#4692 = CARTESIAN_POINT ( 'NONE',  ( -7.131019448207608100, 1.520015985077517000, -12.50000000000000000 ) ) ;
#4693 = ORIENTED_EDGE ( 'NONE', *, *, #447, .F. ) ;
#4694 = CARTESIAN_POINT ( 'NONE',  ( -2.518645519832092700, 11.55233595624294000, 9.199999999999999300 ) ) ;
#4695 = CARTESIAN_POINT ( 'NONE',  ( 2.113742440948903400, -5.502162504210431000, 5.502162504210418500 ) ) ;
#4696 = AXIS2_PLACEMENT_3D ( 'NONE', #1768, #5946, #3156 ) ;
#4697 = CIRCLE ( 'NONE', #4770, 0.2999999999999999300 ) ;
#4698 = ORIENTED_EDGE ( 'NONE', *, *, #917, .F. ) ;
#4699 = DIRECTION ( 'NONE',  ( 3.497543079678235300E-032, -0.0000000000000000000, 1.000000000000000000 ) ) ;
#4700 = EDGE_CURVE ( 'NONE', #2498, #5799, #1405, .T. ) ;
#4701 = ORIENTED_EDGE ( 'NONE', *, *, #5483, .F. ) ;
#4702 = ORIENTED_EDGE ( 'NONE', *, *, #1593, .T. ) ;
#4703 = LINE ( 'NONE', #2494, #1015 ) ;
#4704 = DIRECTION ( 'NONE',  ( 1.000000000000000000, 0.0000000000000000000, 0.0000000000000000000 ) ) ;
#4705 = ORIENTED_EDGE ( 'NONE', *, *, #1753, .T. ) ;
#4706 = CARTESIAN_POINT ( 'NONE',  ( -3.043932025609844800, -5.032150659865726200, 5.032150659865719100 ) ) ;
#4707 = AXIS2_PLACEMENT_3D ( 'NONE', #4477, #4957, #2193 ) ;
#4708 = AXIS2_PLACEMENT_3D ( 'NONE', #5710, #2929, #179 ) ;
#4709 = EDGE_LOOP ( 'NONE', ( #1754, #1317, #2509, #5720 ) ) ;
#4710 = ORIENTED_EDGE ( 'NONE', *, *, #4109, .F. ) ;
#4711 = DIRECTION ( 'NONE',  ( -4.336808689942018200E-016, 1.000000000000000000, 0.0000000000000000000 ) ) ;
#4712 = ORIENTED_EDGE ( 'NONE', *, *, #5353, .T. ) ;
#4713 = DIRECTION ( 'NONE',  ( -1.000000000000000000, -2.220446049250313100E-016, 0.0000000000000000000 ) ) ;
#4714 = DIRECTION ( 'NONE',  ( 0.0000000000000000000, 0.0000000000000000000, 1.000000000000000000 ) ) ;
#4715 = CARTESIAN_POINT ( 'NONE',  ( 1.038651493366054400, 5.801738161431800700, 5.500995114942846900 ) ) ;
#4716 = CIRCLE ( 'NONE', #2881, 0.2999999999999999300 ) ;
#4717 = ORIENTED_EDGE ( 'NONE', *, *, #291, .T. ) ;
#4718 = DIRECTION ( 'NONE',  ( -1.734723475976807100E-016, 1.000000000000000000, -0.0000000000000000000 ) ) ;
#4719 = ORIENTED_EDGE ( 'NONE', *, *, #4022, .F. ) ;
#4720 = VECTOR ( 'NONE', #4594, 1000.000000000000000 ) ;
#4721 = LINE ( 'NONE', #4678, #900 ) ;
#4722 = VECTOR ( 'NONE', #3702, 1000.000000000000000 ) ;
#4723 = EDGE_LOOP ( 'NONE', ( #5507, #1115, #2139 ) ) ;
#4724 = ORIENTED_EDGE ( 'NONE', *, *, #3849, .F. ) ;
#4725 = EDGE_CURVE ( 'NONE', #949, #1958, #3592, .T. ) ;
#4726 = LINE ( 'NONE', #4194, #1039 ) ;
#4727 = VECTOR ( 'NONE', #5595, 1000.000000000000000 ) ;
#4728 = ORIENTED_EDGE ( 'NONE', *, *, #4224, .T. ) ;
#4729 = CARTESIAN_POINT ( 'NONE',  ( -6.876005637310961500, 10.00000000000000400, 3.999999999999976500 ) ) ;
#4730 = AXIS2_PLACEMENT_3D ( 'NONE', #4282, #1520, #4753 ) ;
#4731 = DIRECTION ( 'NONE',  ( 0.0000000000000000000, 0.05233595624294395300, -0.9986295347545739400 ) ) ;
#4732 = EDGE_CURVE ( 'NONE', #5685, #3014, #2486, .T. ) ;
#4733 = EDGE_CURVE ( 'NONE', #1967, #5940, #1262, .T. ) ;
#4734 = EDGE_CURVE ( 'NONE', #2893, #5401, #312, .T. ) ;
#4735 = CARTESIAN_POINT ( 'NONE',  ( 5.589587661465667000, 0.3947285831777951300, -5.589587661465668800 ) ) ;
#4736 = ORIENTED_EDGE ( 'NONE', *, *, #3186, .T. ) ;
#4737 = VERTEX_POINT ( 'NONE', #5245 ) ;
#4738 = ORIENTED_EDGE ( 'NONE', *, *, #1750, .F. ) ;
#4739 = ORIENTED_EDGE ( 'NONE', *, *, #1479, .T. ) ;
#4740 = CIRCLE ( 'NONE', #2817, 1.000000000000000900 ) ;
#4741 = DIRECTION ( 'NONE',  ( 1.000000000000000000, 2.220446049250313100E-016, -1.577021341797095800E-015 ) ) ;
#4742 = EDGE_CURVE ( 'NONE', #80, #2260, #4793, .T. ) ;
#4743 = DIRECTION ( 'NONE',  ( -0.6883545756937612400, -0.7253743710122808600, 0.0000000000000000000 ) ) ;
#4744 = FACE_OUTER_BOUND ( 'NONE', #4182, .T. ) ;
#4745 = DIRECTION ( 'NONE',  ( -0.05226442768871417800, -0.9972646886342373400, 0.05226442768871385900 ) ) ;
#4746 = DIRECTION ( 'NONE',  ( -0.05226442768871416400, -0.9972646886342372300, 0.05226442768871385900 ) ) ;
#4747 = AXIS2_PLACEMENT_3D ( 'NONE', #1723, #4016, #4488 ) ;
#4748 = ORIENTED_EDGE ( 'NONE', *, *, #5669, .F. ) ;
#4749 = CARTESIAN_POINT ( 'NONE',  ( -5.000000000000015100, 9.999999999999996400, 3.700411139573609900 ) ) ;
#4750 = CYLINDRICAL_SURFACE ( 'NONE', #370, 0.3000000000000003800 ) ;
#4751 = DIRECTION ( 'NONE',  ( 1.000000000000000000, 8.685520583982809500E-015, -0.0000000000000000000 ) ) ;
#4752 = CONICAL_SURFACE ( 'NONE', #5665, 5.549999999999998900, 0.02617993877990731600 ) ;
#4753 = DIRECTION ( 'NONE',  ( -2.891205793294679000E-015, 0.0000000000000000000, 1.000000000000000000 ) ) ;
#4754 = DIRECTION ( 'NONE',  ( -0.0000000000000000000, -0.0000000000000000000, -1.000000000000000000 ) ) ;
#4755 = CARTESIAN_POINT ( 'NONE',  ( 8.499999999999998200, -6.921388331075450000, 3.636698961060949900 ) ) ;
#4756 = VECTOR ( 'NONE', #3155, 1000.000000000000100 ) ;
#4757 = CARTESIAN_POINT ( 'NONE',  ( -4.990519159425967500, 3.700651874919499700, -10.00000000000000200 ) ) ;
#4758 = ORIENTED_EDGE ( 'NONE', *, *, #2935, .T. ) ;
#4759 = ORIENTED_EDGE ( 'NONE', *, *, #5043, .T. ) ;
#4760 = PLANE ( 'NONE',  #4937 ) ;
#4761 = DIRECTION ( 'NONE',  ( -2.465673422132804300E-016, -1.000000000000000000, 0.0000000000000000000 ) ) ;
#4762 = EDGE_CURVE ( 'NONE', #4252, #471, #1106, .T. ) ;
#4763 = CARTESIAN_POINT ( 'NONE',  ( -2.599999999999934800, -7.131019448207631200, -12.50000000000000000 ) ) ;
#4764 = CLOSED_SHELL ( 'NONE', ( #2232, #3057, #1361, #2695, #3933, #5849, #4800, #3574, #1176, #5944, #5503, #1141, #2335, #4900, #4396, #5878, #3067, #3873, #1413, #3130, #5985, #3492, #3585, #6013, #3541, #1267, #5973, #2082, #1238, #3605, #3167, #2051, #5571, #2594, #4001, #2717, #2280, #672, #5373, #3965, #4524, #4160, #1209, #1732, #5446, #4870, #5405, #4960, #1801, #758, #2623, #1319, #871, #1585, #5841, #286, #4983, #385, #1107, #2780, #906, #2163, #1677, #4059, #1783, #3035, #5545, #3085, #308, #2174, #860, #414, #2975, #3509, #4074, #5350, #4834, #639, #5898, #1848, #3099, #4930, #5474, #5031, #5750, #3954, #4428, #1288, #4532, #4124, #935, #5816, #337, #2208, #5046, #2307, #2115, #4485, #346, #3191, #442, #5321, #5869, #3545, #409, #1812, #3614, #24, #2568, #4950, #2658, #1616, #1226, #373, #5785, #4448, #316, #5017, #4569, #5286, #2682, #465, #1740, #5413, #234, #1770, #3701, #5079, #1298, #4591, #3671, #703, #1258, #804, #3639, #5056, #3905, #2615, #4457, #3158, #2722, #3430, #1666, #2142, #829, #2242, #2948, #4627, #1643, #4026, #5912, #2741, #4092, #4365, #1326, #203, #3197, #765, #3121, #5255, #2198, #4039, #897, #4131, #3007, #1698, #3648, #3519, #2507, #429, #4993, #1389, #790, #2747, #2268, #5512, #2539, #4919, #5380, #5936, #5487, #4336, #1872, #733, #5438, #839, #2297, #3225, #256, #2648, #4494, #1352, #4600, #3464, #3990, #1708, #4558, #4099 ) ) ;
#4765 = ORIENTED_EDGE ( 'NONE', *, *, #2065, .F. ) ;
#4766 = FACE_OUTER_BOUND ( 'NONE', #2711, .T. ) ;
#4767 = CARTESIAN_POINT ( 'NONE',  ( 2.917349657982424300, 4.816226647782158900, -4.816226647782158000 ) ) ;
#4768 = EDGE_LOOP ( 'NONE', ( #4665, #1502, #5188, #3584, #2676, #4172, #1571, #4976, #3874, #5418, #2461, #941 ) ) ;
#4769 = DIRECTION ( 'NONE',  ( 1.000000000000000000, -1.805304455399569900E-016, -0.0000000000000000000 ) ) ;
#4770 = AXIS2_PLACEMENT_3D ( 'NONE', #619, #3841, #1098 ) ;
#4771 = ORIENTED_EDGE ( 'NONE', *, *, #412, .F. ) ;
#4772 = CARTESIAN_POINT ( 'NONE',  ( -9.118645519832096400, 2.518645519832091000, -11.55233595624294400 ) ) ;
#4773 = DIRECTION ( 'NONE',  ( 0.0000000000000000000, 1.000000000000000000, 0.0000000000000000000 ) ) ;
#4774 = VERTEX_POINT ( 'NONE', #5741 ) ;
#4775 = ORIENTED_EDGE ( 'NONE', *, *, #4742, .F. ) ;
#4776 = EDGE_CURVE ( 'NONE', #3382, #2381, #2530, .T. ) ;
#4777 = ORIENTED_EDGE ( 'NONE', *, *, #3940, .T. ) ;
#4778 = CARTESIAN_POINT ( 'NONE',  ( -10.00000000000000900, 0.0000000000000000000, 6.008253627460656600 ) ) ;
#4779 = CARTESIAN_POINT ( 'NONE',  ( -3.499600903530742800E-016, -5.592085271610453200, -5.892828318099397200 ) ) ;
#4780 = ORIENTED_EDGE ( 'NONE', *, *, #1228, .F. ) ;
#4781 = AXIS2_PLACEMENT_3D ( 'NONE', #1733, #4028, #3562 ) ;
#4782 = AXIS2_PLACEMENT_3D ( 'NONE', #3888, #4361, #1598 ) ;
#4783 = CARTESIAN_POINT ( 'NONE',  ( -7.081354480167913600, 11.55233595624294200, -2.518645519832078500 ) ) ;
#4784 = CARTESIAN_POINT ( 'NONE',  ( 6.499999999999995600, 6.500000000000005300, -3.149999999999999900 ) ) ;
#4785 = CARTESIAN_POINT ( 'NONE',  ( 6.499999999999995600, -3.149999999999999900, -10.00000000000000200 ) ) ;
#4786 = VECTOR ( 'NONE', #1526, 1000.000000000000100 ) ;
#4787 = CIRCLE ( 'NONE', #1013, 1.499999999999999600 ) ;
#4788 = PLANE ( 'NONE',  #665 ) ;
#4789 = CARTESIAN_POINT ( 'NONE',  ( -2.600000000000000500, 10.00000000000000500, 6.999999999999999100 ) ) ;
#4790 = CARTESIAN_POINT ( 'NONE',  ( 8.515615011263474100, -5.077793320860775100, 3.622617818712845500 ) ) ;
#4791 = ORIENTED_EDGE ( 'NONE', *, *, #3194, .F. ) ;
#4792 = ORIENTED_EDGE ( 'NONE', *, *, #2430, .T. ) ;
#4793 = CIRCLE ( 'NONE', #749, 5.550000000000001600 ) ;
#4794 = DIRECTION ( 'NONE',  ( -0.0000000000000000000, -0.0000000000000000000, -1.000000000000000000 ) ) ;
#4795 = CARTESIAN_POINT ( 'NONE',  ( 8.799999999999997200, -3.999999999999999100, 5.363301038939026100 ) ) ;
#4796 = LINE ( 'NONE', #971, #180 ) ;
#4797 = CARTESIAN_POINT ( 'NONE',  ( -5.367628211545465400, 3.922665301262424200, -8.515615011263475900 ) ) ;
#4798 = EDGE_LOOP ( 'NONE', ( #2822, #5578, #2331, #3627 ) ) ;
#4799 = EDGE_CURVE ( 'NONE', #5119, #393, #3406, .T. ) ;
#4800 = ADVANCED_FACE ( 'NONE', ( #2202 ), #818, .F. ) ;
#4801 = ORIENTED_EDGE ( 'NONE', *, *, #2768, .T. ) ;
#4802 = CARTESIAN_POINT ( 'NONE',  ( 9.999999999999996400, 2.600000000000000500, 9.199999999999999300 ) ) ;
#4803 = ORIENTED_EDGE ( 'NONE', *, *, #1931, .F. ) ;
#4804 = DIRECTION ( 'NONE',  ( 1.000000000000000000, -0.0000000000000000000, -0.0000000000000000000 ) ) ;
#4805 = ORIENTED_EDGE ( 'NONE', *, *, #5737, .T. ) ;
#4806 = ORIENTED_EDGE ( 'NONE', *, *, #5800, .T. ) ;
#4807 = PLANE ( 'NONE',  #3822 ) ;
#4808 = CARTESIAN_POINT ( 'NONE',  ( -1.520015985077517500, 12.49999999999999600, 7.131019448207601900 ) ) ;
#4809 = FACE_OUTER_BOUND ( 'NONE', #4115, .T. ) ;
#4810 = CARTESIAN_POINT ( 'NONE',  ( -6.936286353963812000, -3.997616075953350100, -8.784299213127116700 ) ) ;
#4811 = CARTESIAN_POINT ( 'NONE',  ( -7.000000000000004400, -2.600000000000000100, -10.00000000000000000 ) ) ;
#4812 = AXIS2_PLACEMENT_3D ( 'NONE', #4620, #1857, #5081 ) ;
#4813 = EDGE_CURVE ( 'NONE', #878, #1968, #3270, .T. ) ;
#4814 = CARTESIAN_POINT ( 'NONE',  ( 8.515615011263472300, -3.922206679139236500, 5.377382181287136300 ) ) ;
#4815 = DIRECTION ( 'NONE',  ( -0.05226442768871399100, -0.9972646886342373400, 0.05226442768871403200 ) ) ;
#4816 = CONICAL_SURFACE ( 'NONE', #2785, 7.035495700303544100, 0.8115781021773536000 ) ;
#4817 = DIRECTION ( 'NONE',  ( 4.336808689942017700E-016, 1.000000000000000000, -0.0000000000000000000 ) ) ;
#4818 = ORIENTED_EDGE ( 'NONE', *, *, #2186, .F. ) ;
#4819 = AXIS2_PLACEMENT_3D ( 'NONE', #5209, #2453, #5690 ) ;
#4820 = VERTEX_POINT ( 'NONE', #1589 ) ;
#4821 = DIRECTION ( 'NONE',  ( -0.5773502691896256200, -0.5773502691896264000, 0.5773502691896255100 ) ) ;
#4822 = EDGE_CURVE ( 'NONE', #184, #1194, #1454, .T. ) ;
#4823 = LINE ( 'NONE', #2441, #3440 ) ;
#4824 = VECTOR ( 'NONE', #1144, 1000.000000000000200 ) ;
#4825 = CARTESIAN_POINT ( 'NONE',  ( -5.353898592029591600, 3.637140463113388100, -8.500000000000000000 ) ) ;
#4826 = ORIENTED_EDGE ( 'NONE', *, *, #1550, .F. ) ;
#4827 = DIRECTION ( 'NONE',  ( -0.05226442768871408800, 0.9972646886342373400, 0.05226442768871403200 ) ) ;
#4829 = FACE_OUTER_BOUND ( 'NONE', #4319, .T. ) ;
#4828 = AXIS2_PLACEMENT_3D ( 'NONE', #4934, #2607, #3522 ) ;
#4830 = DIRECTION ( 'NONE',  ( -0.0000000000000000000, -0.0000000000000000000, -1.000000000000000000 ) ) ;
#4831 = CARTESIAN_POINT ( 'NONE',  ( 2.599999999999997900, 12.49999999999999800, 9.068980551792396500 ) ) ;
#4832 = CIRCLE ( 'NONE', #5743, 6.282536581423911100 ) ;
#4833 = VERTEX_POINT ( 'NONE', #227 ) ;
#4834 = ADVANCED_FACE ( 'NONE', ( #5599 ), #3917, .T. ) ;
#4835 = CARTESIAN_POINT ( 'NONE',  ( 10.27103163466928500, -7.014204166088471300, -2.585795833911518100 ) ) ;
#4836 = CARTESIAN_POINT ( 'NONE',  ( -6.700860357183152900, -3.699135189782178000, -10.03131579813635800 ) ) ;
#4837 = CARTESIAN_POINT ( 'NONE',  ( -6.008253627460646000, 7.357988573335157900E-016, 10.00000000000000000 ) ) ;
#4838 = CIRCLE ( 'NONE', #5708, 5.549999999999996300 ) ;
#4839 = CARTESIAN_POINT ( 'NONE',  ( -5.226658290463885400, -2.728464403609557600, 5.226658290463896100 ) ) ;
#4840 = VERTEX_POINT ( 'NONE', #1155 ) ;
#4841 = VERTEX_POINT ( 'NONE', #4874 ) ;
#4842 = AXIS2_PLACEMENT_3D ( 'NONE', #5130, #496, #4664 ) ;
#4843 = ORIENTED_EDGE ( 'NONE', *, *, #4582, .T. ) ;
#4844 = FACE_BOUND ( 'NONE', #2411, .T. ) ;
#4845 = CARTESIAN_POINT ( 'NONE',  ( -6.926884182402273100, 3.639077097209998600, -8.784299213127116700 ) ) ;
#4846 = ORIENTED_EDGE ( 'NONE', *, *, #1879, .F. ) ;
#4847 = CARTESIAN_POINT ( 'NONE',  ( 8.499999999999996400, -3.999999999999999100, 7.000000000000000000 ) ) ;
#4848 = EDGE_CURVE ( 'NONE', #1283, #4668, #964, .T. ) ;
#4849 = EDGE_CURVE ( 'NONE', #5460, #5557, #2356, .T. ) ;
#4850 = EDGE_CURVE ( 'NONE', #5212, #2181, #3124, .T. ) ;
#4851 = EDGE_LOOP ( 'NONE', ( #4359, #3742, #833, #4952 ) ) ;
#4852 = CARTESIAN_POINT ( 'NONE',  ( -3.636698961060975700, 8.799999999999995400, 6.636698961060972100 ) ) ;
#4853 = CARTESIAN_POINT ( 'NONE',  ( -5.363222322259868900, -3.935840579825134400, -8.784299213127116700 ) ) ;
#4854 = EDGE_LOOP ( 'NONE', ( #2536, #1278, #797, #3536, #283, #4201 ) ) ;
#4855 = ORIENTED_EDGE ( 'NONE', *, *, #3188, .F. ) ;
#4856 = CARTESIAN_POINT ( 'NONE',  ( -7.110754225915310500, -2.489245774084691800, -12.11331652343349700 ) ) ;
#4857 = DIRECTION ( 'NONE',  ( 0.05226442768871410200, 0.9972646886342374500, 0.05226442768871447000 ) ) ;
#4858 = CARTESIAN_POINT ( 'NONE',  ( 5.882630113703301700, -0.3944475909017182100, 5.581887067214350600 ) ) ;
#4859 = DIRECTION ( 'NONE',  ( -0.05226442768871406000, -0.05226442768871403200, 0.9972646886342373400 ) ) ;
#4860 = EDGE_CURVE ( 'NONE', #3243, #5874, #4344, .T. ) ;
#4861 = VECTOR ( 'NONE', #3579, 1000.000000000000000 ) ;
#4862 = B_SPLINE_CURVE_WITH_KNOTS ( 'NONE', 3,
 ( #4018, #798, #1274, #4491, #1726, #4965, #2204, #5432, #2668, #5903, #3118, #357 ),
 .UNSPECIFIED., .F., .F.,
 ( 4, 2, 2, 2, 2, 4 ),
 ( 0.01085807277294264700, 0.01147793672848078700, 0.01209780068401892500, 0.01333752859509520400, 0.01457725650617148200, 0.01581698441724776000 ),
 .UNSPECIFIED. ) ;
#4863 = ORIENTED_EDGE ( 'NONE', *, *, #1081, .T. ) ;
#4864 = CARTESIAN_POINT ( 'NONE',  ( -8.500000000000008900, -8.499999999999994700, 8.500000000000000000 ) ) ;
#4865 = CARTESIAN_POINT ( 'NONE',  ( -4.000000000000001800, 9.999999999999994700, 7.000000000000000000 ) ) ;
#4866 = ORIENTED_EDGE ( 'NONE', *, *, #3323, .F. ) ;
#4867 = AXIS2_PLACEMENT_3D ( 'NONE', #2640, #1704, #3091 ) ;
#4868 = LINE ( 'NONE', #3628, #3479 ) ;
#4869 = VECTOR ( 'NONE', #2329, 1000.000000000000000 ) ;
#4870 = ADVANCED_FACE ( 'NONE', ( #5454 ), #2588, .F. ) ;
#4871 = FACE_OUTER_BOUND ( 'NONE', #5374, .T. ) ;
#4872 = ORIENTED_EDGE ( 'NONE', *, *, #693, .T. ) ;
#4873 = DIRECTION ( 'NONE',  ( 0.05226442768871403900, -0.05226442768871403900, 0.9972646886342373400 ) ) ;
#4874 = CARTESIAN_POINT ( 'NONE',  ( 12.49999999999999600, 1.520015985077519000, 7.131019448207602800 ) ) ;
#4875 =( BOUNDED_CURVE ( )  B_SPLINE_CURVE ( 3, ( #6012, #2306, #4121, #3213 ),
 .UNSPECIFIED., .F., .F. ) 
 B_SPLINE_CURVE_WITH_KNOTS ( ( 4, 4 ),
 ( 3.141592653589791800, 4.660029102824858600 ),
 .UNSPECIFIED. ) 
 CURVE ( )  GEOMETRIC_REPRESENTATION_ITEM ( )  RATIONAL_B_SPLINE_CURVE ( ( 1.000000000000000000, 0.8169162473415250100, 0.8169162473415250100, 1.000000000000000000 ) ) 
 REPRESENTATION_ITEM ( '' )  );
#4876 = ORIENTED_EDGE ( 'NONE', *, *, #5672, .F. ) ;
#4877 = FACE_OUTER_BOUND ( 'NONE', #2698, .T. ) ;
#4878 = DIRECTION ( 'NONE',  ( 0.0000000000000000000, 0.0000000000000000000, 1.000000000000000000 ) ) ;
#4879 = LINE ( 'NONE', #1000, #5987 ) ;
#4880 = ORIENTED_EDGE ( 'NONE', *, *, #3369, .F. ) ;
#4881 = DIRECTION ( 'NONE',  ( 3.577867169202164600E-015, -2.168404344971001000E-016, -1.000000000000000000 ) ) ;
#4882 = CARTESIAN_POINT ( 'NONE',  ( -5.850356013395635400, 0.8758740073587194500, 5.850356013395646900 ) ) ;
#4883 = DIRECTION ( 'NONE',  ( 2.970934365532688900E-015, 1.445602896647339700E-015, -1.000000000000000000 ) ) ;
#4884 = DIRECTION ( 'NONE',  ( -0.9999992420943061300, 0.001231182688944144700, -0.0000000000000000000 ) ) ;
#4885 = CARTESIAN_POINT ( 'NONE',  ( 8.799999999999997200, -5.363301038939012800, -3.636698961060993000 ) ) ;
#4886 = CARTESIAN_POINT ( 'NONE',  ( -6.866154753964088400, 4.002303642419487800, -10.00000000000000000 ) ) ;
#4887 = VERTEX_POINT ( 'NONE', #260 ) ;
#4888 = ORIENTED_EDGE ( 'NONE', *, *, #578, .T. ) ;
#4889 = EDGE_CURVE ( 'NONE', #1561, #3615, #1911, .T. ) ;
#4890 = ORIENTED_EDGE ( 'NONE', *, *, #1381, .T. ) ;
#4891 = CIRCLE ( 'NONE', #4198, 0.2999999999999999300 ) ;
#4892 = VECTOR ( 'NONE', #2221, 1000.000000000000000 ) ;
#4893 = CARTESIAN_POINT ( 'NONE',  ( -2.518645519832007500, -9.118645519832119500, -11.55233595624294400 ) ) ;
#4894 = DIRECTION ( 'NONE',  ( -0.05226442768871398400, -0.9972646886342372300, -0.05226442768871403900 ) ) ;
#4895 = AXIS2_PLACEMENT_3D ( 'NONE', #2161, #3516, #5388 ) ;
#4896 = CARTESIAN_POINT ( 'NONE',  ( 9.999999999999994700, 10.00000000000000500, 10.00000000000000000 ) ) ;
#4897 = LINE ( 'NONE', #5856, #1216 ) ;
#4898 = EDGE_CURVE ( 'NONE', #1354, #5837, #1759, .T. ) ;
#4899 = CARTESIAN_POINT ( 'NONE',  ( 4.820068522584564100, 4.820068522584570300, 2.895206100170024200 ) ) ;
#4900 = ADVANCED_FACE ( 'NONE', ( #2843 ), #389, .F. ) ;
#4901 = FACE_OUTER_BOUND ( 'NONE', #5009, .T. ) ;
#4902 = CARTESIAN_POINT ( 'NONE',  ( -10.00000000000000900, -7.035495700303543200, 0.0000000000000000000 ) ) ;
#4903 = CARTESIAN_POINT ( 'NONE',  ( 8.799999999999997200, -3.636698961060973900, 7.000000000000000000 ) ) ;
#4904 = AXIS2_PLACEMENT_3D ( 'NONE', #992, #1457, #3739 ) ;
#4905 = AXIS2_PLACEMENT_3D ( 'NONE', #2632, #1695, #4935 ) ;
#4906 = FACE_OUTER_BOUND ( 'NONE', #5486, .T. ) ;
#4907 = CARTESIAN_POINT ( 'NONE',  ( 9.999999999999996400, -3.999999999999999100, 7.000000000000000000 ) ) ;
#4908 =( BOUNDED_CURVE ( )  B_SPLINE_CURVE ( 3, ( #1892, #4652, #5116, #2365 ),
 .UNSPECIFIED., .F., .F. ) 
 B_SPLINE_CURVE_WITH_KNOTS ( ( 4, 4 ),
 ( 2.357564018062739300, 3.925621289116846000 ),
 .UNSPECIFIED. ) 
 CURVE ( )  GEOMETRIC_REPRESENTATION_ITEM ( )  RATIONAL_B_SPLINE_CURVE ( ( 1.000000000000000000, 0.8053830134673594100, 0.8053830134673594100, 1.000000000000000000 ) ) 
 REPRESENTATION_ITEM ( '' )  );
#4909 = CARTESIAN_POINT ( 'NONE',  ( 8.799999999999997200, -3.636698961060974300, 5.363301038939026100 ) ) ;
#4910 = TOROIDAL_SURFACE ( 'NONE', #2465, 6.970577346383849200, 1.000000000000000000 ) ;
#4911 = ORIENTED_EDGE ( 'NONE', *, *, #1403, .T. ) ;
#4912 = CARTESIAN_POINT ( 'NONE',  ( 5.499868691486531300, 5.499868691486535800, -1.083299352771757200 ) ) ;
#4913 = ORIENTED_EDGE ( 'NONE', *, *, #2692, .T. ) ;
#4914 = DIRECTION ( 'NONE',  ( -0.9986295347545739400, -0.05233595624294412600, 0.0000000000000000000 ) ) ;
#4915 = EDGE_LOOP ( 'NONE', ( #443, #1368, #2675 ) ) ;
#4916 = CYLINDRICAL_SURFACE ( 'NONE', #1058, 1.000000000000000000 ) ;
#4917 = CARTESIAN_POINT ( 'NONE',  ( -3.700411139573628500, -5.000000000000027500, -10.00000000000000000 ) ) ;
#4918 = PLANE ( 'NONE',  #2646 ) ;
#4919 = ADVANCED_FACE ( 'NONE', ( #519 ), #4065, .F. ) ;
#4920 = CARTESIAN_POINT ( 'NONE',  ( 9.999999999999998200, -9.200000000000001100, -2.599999999999984100 ) ) ;
#4921 = VERTEX_POINT ( 'NONE', #1282 ) ;
#4922 = EDGE_CURVE ( 'NONE', #4933, #2609, #2973, .T. ) ;
#4923 = ORIENTED_EDGE ( 'NONE', *, *, #4658, .T. ) ;
#4924 = CARTESIAN_POINT ( 'NONE',  ( 3.636698961060974800, -7.000000000000027500, -8.500000000000000000 ) ) ;
#4925 = ORIENTED_EDGE ( 'NONE', *, *, #4813, .T. ) ;
#4926 = EDGE_LOOP ( 'NONE', ( #294, #2338, #3687 ) ) ;
#4927 = CARTESIAN_POINT ( 'NONE',  ( -5.363301038939014600, 8.799999999999995400, -3.636698961060993400 ) ) ;
#4928 = AXIS2_PLACEMENT_3D ( 'NONE', #5996, #3199, #431 ) ;
#4929 = ORIENTED_EDGE ( 'NONE', *, *, #2639, .T. ) ;
#4930 = ADVANCED_FACE ( 'NONE', ( #1467 ), #5022, .F. ) ;
#4931 = CARTESIAN_POINT ( 'NONE',  ( 9.999999999999998200, 0.0000000000000000000, 0.0000000000000000000 ) ) ;
#4932 = EDGE_CURVE ( 'NONE', #3760, #5258, #5154, .T. ) ;
#4933 = VERTEX_POINT ( 'NONE', #830 ) ;
#4934 = CARTESIAN_POINT ( 'NONE',  ( 3.557481457854005800E-015, 0.0000000000000000000, 10.00000000000000000 ) ) ;
#4935 = DIRECTION ( 'NONE',  ( 0.0000000000000000000, 0.0000000000000000000, -1.000000000000000000 ) ) ;
#4936 = DIRECTION ( 'NONE',  ( 0.05226442768871439300, 0.9972646886342374500, -0.05226442768871410200 ) ) ;
#4937 = AXIS2_PLACEMENT_3D ( 'NONE', #2918, #168, #3380 ) ;
#4938 = VECTOR ( 'NONE', #563, 1000.000000000000100 ) ;
#4939 = CARTESIAN_POINT ( 'NONE',  ( -10.00000000000000700, 4.128514106687783000E-017, 0.0000000000000000000 ) ) ;
#4940 = EDGE_CURVE ( 'NONE', #3054, #2381, #244, .T. ) ;
#4941 = EDGE_LOOP ( 'NONE', ( #3957, #1397, #1004, #5096 ) ) ;
#4942 = EDGE_LOOP ( 'NONE', ( #5918, #369, #4188 ) ) ;
#4943 = CARTESIAN_POINT ( 'NONE',  ( 9.999999999999994700, 3.149999999999999900, -10.00000000000000000 ) ) ;
#4944 = DIRECTION ( 'NONE',  ( 0.0000000000000000000, 0.0000000000000000000, 1.000000000000000000 ) ) ;
#4945 = DIRECTION ( 'NONE',  ( 1.000000000000000000, 0.0000000000000000000, 0.0000000000000000000 ) ) ;
#4946 = VECTOR ( 'NONE', #5061, 1000.000000000000100 ) ;
#4947 = AXIS2_PLACEMENT_3D ( 'NONE', #1113, #3858, #3388 ) ;
#4948 = LINE ( 'NONE', #4376, #3834 ) ;
#4949 = CARTESIAN_POINT ( 'NONE',  ( -4.804241439324908200, -2.907562294565537300, -5.104984485813871800 ) ) ;
#4950 = ADVANCED_FACE ( 'NONE', ( #100 ), #2235, .T. ) ;
#4951 =( BOUNDED_CURVE ( )  B_SPLINE_CURVE ( 3, ( #1866, #5091, #2339, #5563 ),
 .UNSPECIFIED., .F., .F. ) 
 B_SPLINE_CURVE_WITH_KNOTS ( ( 4, 4 ),
 ( 5.499156671652527500, 7.067213942706644000 ),
 .UNSPECIFIED. ) 
 CURVE ( )  GEOMETRIC_REPRESENTATION_ITEM ( )  RATIONAL_B_SPLINE_CURVE ( ( 1.000000000000000000, 0.8053830134673571900, 0.8053830134673571900, 1.000000000000000000 ) ) 
 REPRESENTATION_ITEM ( '' )  );
#4952 = ORIENTED_EDGE ( 'NONE', *, *, #3612, .T. ) ;
#4953 = ORIENTED_EDGE ( 'NONE', *, *, #4329, .T. ) ;
#4954 = ORIENTED_EDGE ( 'NONE', *, *, #4733, .F. ) ;
#4955 = VERTEX_POINT ( 'NONE', #5939 ) ;
#4956 = EDGE_LOOP ( 'NONE', ( #4398, #2263, #1167, #3565, #3466, #1999 ) ) ;
#4957 = DIRECTION ( 'NONE',  ( -0.9986295347545739400, 0.0000000000000000000, -0.05233595624294395300 ) ) ;
#4958 = CARTESIAN_POINT ( 'NONE',  ( 2.599999999999998800, 9.999999999999996400, 6.999999999999999100 ) ) ;
#4959 = DIRECTION ( 'NONE',  ( -1.000000000000000000, -2.220446049250313100E-016, -1.084202172485504400E-016 ) ) ;
#4960 = ADVANCED_FACE ( 'NONE', ( #1605 ), #3607, .F. ) ;
#4961 = CARTESIAN_POINT ( 'NONE',  ( 9.999999999999994700, -3.149999999999999900, -6.500000000000000900 ) ) ;
#4962 = CARTESIAN_POINT ( 'NONE',  ( -5.000000000000016000, 9.999999999999996400, 3.999999999999981800 ) ) ;
#4963 = FACE_OUTER_BOUND ( 'NONE', #4464, .T. ) ;
#4964 = CARTESIAN_POINT ( 'NONE',  ( -5.332784377520152200, -5.332784377520170000, 2.499320622750966800 ) ) ;
#4965 = CARTESIAN_POINT ( 'NONE',  ( -5.368930552193236700, 1.636448933278385800, -5.669673598682201100 ) ) ;
#4966 = ORIENTED_EDGE ( 'NONE', *, *, #5265, .T. ) ;
#4967 = DIRECTION ( 'NONE',  ( -1.971276677246370800E-016, -4.377113509970988500E-032, 1.000000000000000000 ) ) ;
#4968 = EDGE_CURVE ( 'NONE', #5940, #1283, #1333, .T. ) ;
#4969 = EDGE_CURVE ( 'NONE', #3679, #5077, #3629, .T. ) ;
#4970 = EDGE_CURVE ( 'NONE', #5498, #2466, #2419, .T. ) ;
#4971 = ORIENTED_EDGE ( 'NONE', *, *, #2490, .T. ) ;
#4972 = VECTOR ( 'NONE', #78, 1000.000000000000000 ) ;
#4973 = AXIS2_PLACEMENT_3D ( 'NONE', #4961, #3988, #5895 ) ;
#4974 = VECTOR ( 'NONE', #2053, 1000.000000000000200 ) ;
#4975 = EDGE_CURVE ( 'NONE', #483, #5249, #4868, .T. ) ;
#4976 = ORIENTED_EDGE ( 'NONE', *, *, #3451, .T. ) ;
#4977 = LINE ( 'NONE', #2526, #2238 ) ;
#4978 = CARTESIAN_POINT ( 'NONE',  ( 9.999999999999996400, 4.000000000000000900, 5.299588860426373700 ) ) ;
#4979 = DIRECTION ( 'NONE',  ( -1.000000000000000000, 2.891205793294679000E-015, 0.0000000000000000000 ) ) ;
#4980 = DIRECTION ( 'NONE',  ( 0.0000000000000000000, 0.9986295347545739400, -0.05233595624294395300 ) ) ;
#4981 = DIRECTION ( 'NONE',  ( 3.497543079678235300E-032, -0.0000000000000000000, 1.000000000000000000 ) ) ;
#4982 = DIRECTION ( 'NONE',  ( 0.9986295347545739400, 0.0000000000000000000, -0.05233595624294395300 ) ) ;
#4983 = ADVANCED_FACE ( 'NONE', ( #1186 ), #2282, .T. ) ;
#4984 = SPHERICAL_SURFACE ( 'NONE', #360, 0.2999999999999999900 ) ;
#4985 = CARTESIAN_POINT ( 'NONE',  ( -5.475992293322098800, -5.475992293322116600, -2.178213210436475300 ) ) ;
#4986 = CARTESIAN_POINT ( 'NONE',  ( -5.299588633366298000, -3.999631151381225300, -10.00000000000000000 ) ) ;
#4987 = DIRECTION ( 'NONE',  ( -0.9986295347545739400, 0.0000000000000000000, -0.05233595624294395300 ) ) ;
#4989 = EDGE_LOOP ( 'NONE', ( #290, #531, #1085, #751 ) ) ;
#4988 = AXIS2_PLACEMENT_3D ( 'NONE', #4621, #470, #3694 ) ;
#4990 = DIRECTION ( 'NONE',  ( -0.9999992420943060200, 0.001231182688944099000, 0.0000000000000000000 ) ) ;
#4991 = CARTESIAN_POINT ( 'NONE',  ( -6.912820387185041300, 3.624978629075366900, -8.515615011263475900 ) ) ;
#4992 = VECTOR ( 'NONE', #58, 1000.000000000000200 ) ;
#4993 = ADVANCED_FACE ( 'NONE', ( #4583 ), #424, .F. ) ;
#4994 = DIRECTION ( 'NONE',  ( -1.000000000000000000, 0.0000000000000000000, 0.0000000000000000000 ) ) ;
#4995 = ORIENTED_EDGE ( 'NONE', *, *, #1021, .T. ) ;
#4996 = VECTOR ( 'NONE', #1019, 1000.000000000000000 ) ;
#4997 = VECTOR ( 'NONE', #468, 1000.000000000000000 ) ;
#4998 = ORIENTED_EDGE ( 'NONE', *, *, #669, .F. ) ;
#4999 = CARTESIAN_POINT ( 'NONE',  ( 3.636698961060974300, -6.636698961060946400, -8.800000000000000700 ) ) ;
#5000 = DIRECTION ( 'NONE',  ( -0.9972646886342372300, -0.05226442768871419900, -0.05226442768871404600 ) ) ;
#5001 = ORIENTED_EDGE ( 'NONE', *, *, #243, .T. ) ;
#5002 = ORIENTED_EDGE ( 'NONE', *, *, #1720, .F. ) ;
#5003 = PLANE ( 'NONE',  #511 ) ;
#5004 = CARTESIAN_POINT ( 'NONE',  ( 3.184081677783117200E-016, 7.499999999999996400, -2.599999999999999200 ) ) ;
#5005 = ORIENTED_EDGE ( 'NONE', *, *, #4076, .F. ) ;
#5006 = CARTESIAN_POINT ( 'NONE',  ( 11.55233595624294200, -2.518645519832090100, 7.081354480167907400 ) ) ;
#5007 = DIRECTION ( 'NONE',  ( 0.0000000000000000000, -1.000000000000000000, 0.0000000000000000000 ) ) ;
#5008 = CARTESIAN_POINT ( 'NONE',  ( 4.341333166898398800, -3.602303299430416900, -4.341333166898402300 ) ) ;
#5009 = EDGE_LOOP ( 'NONE', ( #2757, #2670, #3725, #1243 ) ) ;
#5010 = EDGE_CURVE ( 'NONE', #1814, #4420, #1033, .T. ) ;
#5011 = DIRECTION ( 'NONE',  ( 0.0000000000000000000, 1.000000000000000000, 0.0000000000000000000 ) ) ;
#5012 = CARTESIAN_POINT ( 'NONE',  ( 8.615997289791679300E-016, -9.999999999999994700, 7.035495700303526300 ) ) ;
#5013 = DIRECTION ( 'NONE',  ( 0.9972646886342373400, -0.05226442768871396300, -0.05226442768871422000 ) ) ;
#5014 = FACE_OUTER_BOUND ( 'NONE', #2164, .T. ) ;
#5015 = ORIENTED_EDGE ( 'NONE', *, *, #4700, .T. ) ;
#5016 = CARTESIAN_POINT ( 'NONE',  ( -5.214491521432416100, 5.515234567921377900, -2.081867871091449600 ) ) ;
#5017 = ADVANCED_FACE ( 'NONE', ( #3333 ), #5664, .T. ) ;
#5018 = AXIS2_PLACEMENT_3D ( 'NONE', #5406, #327, #3070 ) ;
#5019 = ORIENTED_EDGE ( 'NONE', *, *, #5951, .T. ) ;
#5020 = EDGE_CURVE ( 'NONE', #4118, #319, #899, .T. ) ;
#5021 = CARTESIAN_POINT ( 'NONE',  ( 3.921388331075436700, 8.784299213127113100, 5.063712178512655100 ) ) ;
#5022 = CYLINDRICAL_SURFACE ( 'NONE', #33, 0.3000000000000003200 ) ;
#5023 = VECTOR ( 'NONE', #4607, 1000.000000000000000 ) ;
#5024 = CIRCLE ( 'NONE', #2610, 0.2999999999999999300 ) ;
#5025 = ORIENTED_EDGE ( 'NONE', *, *, #5485, .F. ) ;
#5026 = B_SPLINE_CURVE_WITH_KNOTS ( 'NONE', 3,
 ( #5301, #2541, #5775, #2989, #236, #3454, #685, #3909, #1166, #4378, #1617, #4858, #2094, #5323 ),
 .UNSPECIFIED., .F., .F.,
 ( 4, 2, 2, 2, 2, 2, 4 ),
 ( 0.006150439726538826200, 0.007327347988136463800, 0.007915802118935281300, 0.008504256249734099700, 0.009681164511331736400, 0.01026961864213055100, 0.01085807277292937000 ),
 .UNSPECIFIED. ) ;
#5027 = ORIENTED_EDGE ( 'NONE', *, *, #4302, .T. ) ;
#5028 = DIRECTION ( 'NONE',  ( 1.000000000000000000, 0.0000000000000000000, 0.0000000000000000000 ) ) ;
#5029 = AXIS2_PLACEMENT_3D ( 'NONE', #2652, #343, #1714 ) ;
#5030 = VECTOR ( 'NONE', #1387, 1000.000000000000000 ) ;
#5031 = ADVANCED_FACE ( 'NONE', ( #5813 ), #731, .F. ) ;
#5032 = DIRECTION ( 'NONE',  ( -0.0000000000000000000, -1.000000000000000000, -5.790347055988548100E-015 ) ) ;
#5033 = CARTESIAN_POINT ( 'NONE',  ( -2.518645519832092700, 11.55233595624294000, 9.118645519832091000 ) ) ;
#5034 = FACE_OUTER_BOUND ( 'NONE', #5805, .T. ) ;
#5035 = CARTESIAN_POINT ( 'NONE',  ( -3.636698961060975700, 8.799999999999995400, 6.636698961060972100 ) ) ;
#5036 = DIRECTION ( 'NONE',  ( -0.0000000000000000000, -0.0000000000000000000, 1.000000000000000000 ) ) ;
#5037 = EDGE_LOOP ( 'NONE', ( #1284, #4612, #5623, #4463 ) ) ;
#5038 = DIRECTION ( 'NONE',  ( 3.497543079678235300E-032, -0.0000000000000000000, 1.000000000000000000 ) ) ;
#5039 = CARTESIAN_POINT ( 'NONE',  ( -4.998005595346024100, 5.298748641834984100, 2.549448583912272700 ) ) ;
#5040 = LINE ( 'NONE', #281, #118 ) ;
#5041 = LINE ( 'NONE', #4043, #2730 ) ;
#5042 = CARTESIAN_POINT ( 'NONE',  ( -8.500000000000005300, 10.00000000000000500, 8.500000000000000000 ) ) ;
#5043 = EDGE_CURVE ( 'NONE', #3537, #1518, #4414, .T. ) ;
#5044 = CARTESIAN_POINT ( 'NONE',  ( -1.520015985077452600, -7.131019448207621500, -12.50000000000000000 ) ) ;
#5045 = DIRECTION ( 'NONE',  ( -0.0000000000000000000, 0.0000000000000000000, 1.000000000000000000 ) ) ;
#5046 = ADVANCED_FACE ( 'NONE', ( #4273 ), #1836, .F. ) ;
#5047 = LINE ( 'NONE', #2114, #2862 ) ;
#5048 = CARTESIAN_POINT ( 'NONE',  ( 0.0000000000000000000, -8.560094104986090400, 0.0000000000000000000 ) ) ;
#5049 = AXIS2_PLACEMENT_3D ( 'NONE', #1501, #1974, #5195 ) ;
#5050 = CARTESIAN_POINT ( 'NONE',  ( 8.799999999999998900, -6.636698961060965000, 3.636698961060950800 ) ) ;
#5051 = EDGE_CURVE ( 'NONE', #5146, #2598, #3039, .T. ) ;
#5052 = EDGE_CURVE ( 'NONE', #2917, #436, #383, .T. ) ;
#5053 = LINE ( 'NONE', #5012, #134 ) ;
#5054 = EDGE_CURVE ( 'NONE', #2813, #3760, #2124, .T. ) ;
#5055 = UNCERTAINTY_MEASURE_WITH_UNIT (LENGTH_MEASURE( 1.000000000000000100E-005 ), #529, 'distance_accuracy_value', 'NONE');
#5056 = ADVANCED_FACE ( 'NONE', ( #4133 ), #1673, .F. ) ;
#5057 = CYLINDRICAL_SURFACE ( 'NONE', #575, 2.599999999999996500 ) ;
#5058 = VERTEX_POINT ( 'NONE', #3283 ) ;
#5059 = EDGE_CURVE ( 'NONE', #1104, #5119, #5370, .T. ) ;
#5060 = CARTESIAN_POINT ( 'NONE',  ( 3.700411139573630800, -7.000000000000027500, -10.00000000000000000 ) ) ;
#5061 = DIRECTION ( 'NONE',  ( -0.05226442768871391400, -0.9972646886342372300, 0.05226442768871411600 ) ) ;
#5062 = FACE_OUTER_BOUND ( 'NONE', #1960, .T. ) ;
#5063 = ORIENTED_EDGE ( 'NONE', *, *, #434, .T. ) ;
#5064 = CARTESIAN_POINT ( 'NONE',  ( 8.799999999999997200, -3.636698961060973900, 6.636698961060972100 ) ) ;
#5065 =( BOUNDED_CURVE ( )  B_SPLINE_CURVE ( 3, ( #2913, #4285, #1524, #3373 ),
 .UNSPECIFIED., .F., .T. ) 
 B_SPLINE_CURVE_WITH_KNOTS ( ( 4, 4 ),
 ( 0.0000000000000000000, 1.518436449235060800 ),
 .UNSPECIFIED. ) 
 CURVE ( )  GEOMETRIC_REPRESENTATION_ITEM ( )  RATIONAL_B_SPLINE_CURVE ( ( 1.000000000000000000, 0.8169162473415264600, 0.8169162473415264600, 1.000000000000000000 ) ) 
 REPRESENTATION_ITEM ( '' )  );
#5066 = AXIS2_PLACEMENT_3D ( 'NONE', #4044, #1746, #4987 ) ;
#5067 = ORIENTED_EDGE ( 'NONE', *, *, #3358, .T. ) ;
#5068 = ORIENTED_EDGE ( 'NONE', *, *, #5134, .F. ) ;
#5069 = VECTOR ( 'NONE', #3557, 1000.000000000000200 ) ;
#5070 = DIRECTION ( 'NONE',  ( 0.9972646886342372300, 0.05226442768871420600, 0.05226442768871403200 ) ) ;
#5071 = ORIENTED_EDGE ( 'NONE', *, *, #5059, .T. ) ;
#5072 = DIRECTION ( 'NONE',  ( -1.000000000000000000, 0.0000000000000000000, 0.0000000000000000000 ) ) ;
#5073 = VERTEX_POINT ( 'NONE', #64 ) ;
#5074 = ORIENTED_EDGE ( 'NONE', *, *, #2314, .F. ) ;
#5075 = ORIENTED_EDGE ( 'NONE', *, *, #2185, .F. ) ;
#5076 = ORIENTED_EDGE ( 'NONE', *, *, #2500, .T. ) ;
#5077 = VERTEX_POINT ( 'NONE', #2829 ) ;
#5078 = CARTESIAN_POINT ( 'NONE',  ( 0.8395282268765467100, -5.545029173635375800, -5.845772220124319000 ) ) ;
#5079 = ADVANCED_FACE ( 'NONE', ( #5529 ), #2771, .F. ) ;
#5080 = DIRECTION ( 'NONE',  ( 1.000000000000000000, 0.0000000000000000000, 0.0000000000000000000 ) ) ;
#5081 = DIRECTION ( 'NONE',  ( 0.0000000000000000000, 2.891205793294679000E-015, -1.000000000000000000 ) ) ;
#5082 = EDGE_CURVE ( 'NONE', #4021, #4284, #5305, .T. ) ;
#5083 = VECTOR ( 'NONE', #3336, 1000.000000000000000 ) ;
#5084 = LINE ( 'NONE', #5183, #2482 ) ;
#5085 = DIRECTION ( 'NONE',  ( 0.9986295347545739400, 9.055445510927002400E-015, -0.05233595624294395300 ) ) ;
#5086 = DIRECTION ( 'NONE',  ( -0.9986261671219497400, 0.0000000000000000000, 0.05240017499325590900 ) ) ;
#5087 = VERTEX_POINT ( 'NONE', #1928 ) ;
#5088 = ORIENTED_EDGE ( 'NONE', *, *, #655, .F. ) ;
#5089 = AXIS2_PLACEMENT_3D ( 'NONE', #4146, #457, #933 ) ;
#5090 = VECTOR ( 'NONE', #2449, 1000.000000000000000 ) ;
#5091 = CARTESIAN_POINT ( 'NONE',  ( -7.000000000000006200, 10.00000000000000200, -3.876005637310992100 ) ) ;
#5092 = EDGE_CURVE ( 'NONE', #3711, #84, #454, .T. ) ;
#5093 = DIRECTION ( 'NONE',  ( -1.000000000000000000, 1.805304455399569900E-016, 0.0000000000000000000 ) ) ;
#5094 = VECTOR ( 'NONE', #2532, 1000.000000000000000 ) ;
#5095 = CARTESIAN_POINT ( 'NONE',  ( 4.134297480284596200, 4.134297480284619300, 3.833554433795661100 ) ) ;
#5096 = ORIENTED_EDGE ( 'NONE', *, *, #2842, .F. ) ;
#5097 = CARTESIAN_POINT ( 'NONE',  ( 1.437996890172618300, -5.412750232773706000, -5.713493279262650900 ) ) ;
#5098 = AXIS2_PLACEMENT_3D ( 'NONE', #1637, #4884, #2119 ) ;
#5099 = VERTEX_POINT ( 'NONE', #85 ) ;
#5100 = VERTEX_POINT ( 'NONE', #3301 ) ;
#5101 = CARTESIAN_POINT ( 'NONE',  ( 1.158835939120385000E-015, -5.900915317458199600, 5.900915317458190800 ) ) ;
#5102 = ORIENTED_EDGE ( 'NONE', *, *, #2802, .F. ) ;
#5103 = CARTESIAN_POINT ( 'NONE',  ( 1.520015985077515500, 12.49999999999999800, 9.068980551792396500 ) ) ;
#5104 = ORIENTED_EDGE ( 'NONE', *, *, #25, .F. ) ;
#5105 = CARTESIAN_POINT ( 'NONE',  ( -7.131019448207598400, 12.49999999999999600, 2.600000000000012500 ) ) ;
#5106 = SPHERICAL_SURFACE ( 'NONE', #1715, 0.2999999999999999900 ) ;
#5107 = PLANE ( 'NONE',  #1919 ) ;
#5108 = DIRECTION ( 'NONE',  ( 2.891205793294679400E-015, -1.000000000000000000, -2.743651852917435200E-015 ) ) ;
#5109 = SURFACE_STYLE_FILL_AREA ( #4083 ) ;
#5110 = ORIENTED_EDGE ( 'NONE', *, *, #321, .T. ) ;
#5111 = CARTESIAN_POINT ( 'NONE',  ( 5.865619084853100200, -5.564876038364160700, 0.6865598106186207000 ) ) ;
#5112 = ORIENTED_EDGE ( 'NONE', *, *, #3292, .T. ) ;
#5113 = VECTOR ( 'NONE', #2389, 1000.000000000000000 ) ;
#5114 = DIRECTION ( 'NONE',  ( -0.0000000000000000000, 1.000000000000000000, 1.668003342285392000E-016 ) ) ;
#5115 = EDGE_CURVE ( 'NONE', #5715, #660, #5214, .T. ) ;
#5116 = CARTESIAN_POINT ( 'NONE',  ( 3.999999999999998200, 10.00000000000000500, 5.123994362689034100 ) ) ;
#5117 = LINE ( 'NONE', #1833, #2516 ) ;
#5118 = CARTESIAN_POINT ( 'NONE',  ( 3.636698961060974300, -6.636698961060946400, -8.800000000000000700 ) ) ;
#5119 = VERTEX_POINT ( 'NONE', #1965 ) ;
#5120 = CYLINDRICAL_SURFACE ( 'NONE', #3372, 2.600000000000001000 ) ;
#5121 =( BOUNDED_CURVE ( )  B_SPLINE_CURVE ( 3, ( #5292, #230, #5790, #3003 ),
 .UNSPECIFIED., .F., .F. ) 
 B_SPLINE_CURVE_WITH_KNOTS ( ( 4, 4 ),
 ( 5.499156671652530200, 7.067213942706642300 ),
 .UNSPECIFIED. ) 
 CURVE ( )  GEOMETRIC_REPRESENTATION_ITEM ( )  RATIONAL_B_SPLINE_CURVE ( ( 1.000000000000000000, 0.8053830134673580800, 0.8053830134673580800, 1.000000000000000000 ) ) 
 REPRESENTATION_ITEM ( '' )  );
#5122 = CARTESIAN_POINT ( 'NONE',  ( 9.999999999999998200, -9.199999999999994000, 2.600000000000015600 ) ) ;
#5123 = CARTESIAN_POINT ( 'NONE',  ( 3.184081677783117200E-016, 18.78173290805382900, -2.599999999999999200 ) ) ;
#5124 = AXIS2_PLACEMENT_3D ( 'NONE', #812, #1739, #4980 ) ;
#5125 = VECTOR ( 'NONE', #1329, 1000.000000000000200 ) ;
#5126 = EDGE_CURVE ( 'NONE', #2655, #3590, #3974, .T. ) ;
#5127 = EDGE_LOOP ( 'NONE', ( #1642, #3651, #1084, #3621, #2378, #2861, #799, #5577, #1826, #3140 ) ) ;
#5128 = ORIENTED_EDGE ( 'NONE', *, *, #464, .F. ) ;
#5129 = ORIENTED_EDGE ( 'NONE', *, *, #669, .T. ) ;
#5130 = CARTESIAN_POINT ( 'NONE',  ( 0.0000000000000000000, -9.999999999999994700, 0.0000000000000000000 ) ) ;
#5131 = DIRECTION ( 'NONE',  ( 1.000000000000000000, 2.220446049250313100E-016, 1.084202172485504400E-016 ) ) ;
#5132 = AXIS2_PLACEMENT_3D ( 'NONE', #2886, #5668, #5189 ) ;
#5133 = LINE ( 'NONE', #4185, #1730 ) ;
#5134 = EDGE_CURVE ( 'NONE', #3650, #3127, #2900, .T. ) ;
#5135 = CARTESIAN_POINT ( 'NONE',  ( 3.700411139573629000, -5.000000000000027500, -10.00000000000000000 ) ) ;
#5136 = LINE ( 'NONE', #466, #4996 ) ;
#5137 = FACE_OUTER_BOUND ( 'NONE', #3386, .T. ) ;
#5138 = VERTEX_POINT ( 'NONE', #565 ) ;
#5139 = DIRECTION ( 'NONE',  ( 0.0000000000000000000, 1.000000000000000000, 0.0000000000000000000 ) ) ;
#5140 = DIRECTION ( 'NONE',  ( 1.000000000000000000, 0.0000000000000000000, 0.0000000000000000000 ) ) ;
#5141 =( GEOMETRIC_REPRESENTATION_CONTEXT ( 3 ) GLOBAL_UNCERTAINTY_ASSIGNED_CONTEXT ( ( #1205 ) ) GLOBAL_UNIT_ASSIGNED_CONTEXT ( ( #982, #4208, #1449 ) ) REPRESENTATION_CONTEXT ( 'NONE', 'WORKASPACE' ) );
#5142 = VERTEX_POINT ( 'NONE', #3789 ) ;
#5143 = DIRECTION ( 'NONE',  ( 1.000000000000000000, 0.0000000000000000000, 0.0000000000000000000 ) ) ;
#5144 = DIRECTION ( 'NONE',  ( 0.05233595624294414700, -0.9986295347545737200, 0.0000000000000000000 ) ) ;
#5145 = ORIENTED_EDGE ( 'NONE', *, *, #1552, .T. ) ;
#5146 = VERTEX_POINT ( 'NONE', #1503 ) ;
#5147 = CARTESIAN_POINT ( 'NONE',  ( -6.999999999999987600, 8.784299213127111400, -3.936287821487371100 ) ) ;
#5148 = DIRECTION ( 'NONE',  ( 0.05226442768871399100, 0.9972646886342373400, 0.05226442768871404600 ) ) ;
#5149 = SPHERICAL_SURFACE ( 'NONE', #4562, 1.500000000000000000 ) ;
#5150 = ORIENTED_EDGE ( 'NONE', *, *, #1094, .F. ) ;
#5151 = ORIENTED_EDGE ( 'NONE', *, *, #2490, .F. ) ;
#5152 = DIRECTION ( 'NONE',  ( 0.0000000000000000000, 0.0000000000000000000, -1.000000000000000000 ) ) ;
#5153 = CARTESIAN_POINT ( 'NONE',  ( 9.999999999999996400, -2.599999999999999600, 9.199999999999999300 ) ) ;
#5154 = LINE ( 'NONE', #4525, #3903 ) ;
#5155 = AXIS2_PLACEMENT_3D ( 'NONE', #103, #3317, #546 ) ;
#5156 = VECTOR ( 'NONE', #3663, 1000.000000000000000 ) ;
#5157 = VECTOR ( 'NONE', #2450, 999.9999999999998900 ) ;
#5158 = ORIENTED_EDGE ( 'NONE', *, *, #5430, .F. ) ;
#5159 = CARTESIAN_POINT ( 'NONE',  ( 9.999999999999998200, -6.999999999999992000, 2.600000000000012100 ) ) ;
#5160 = EDGE_CURVE ( 'NONE', #1233, #3744, #170, .T. ) ;
#5161 = CARTESIAN_POINT ( 'NONE',  ( 1.511458276772865300, -5.702743268606090200, 5.702743268606079500 ) ) ;
#5162 = EDGE_CURVE ( 'NONE', #2315, #1861, #302, .T. ) ;
#5163 = ORIENTED_EDGE ( 'NONE', *, *, #1452, .F. ) ;
#5164 = EDGE_CURVE ( 'NONE', #5516, #3216, #2622, .T. ) ;
#5165 = FACE_OUTER_BOUND ( 'NONE', #3631, .T. ) ;
#5166 = CARTESIAN_POINT ( 'NONE',  ( -6.999999999999987600, 9.999999999999996400, -3.700411139573651200 ) ) ;
#5167 = PLANE ( 'NONE',  #3449 ) ;
#5168 = VERTEX_POINT ( 'NONE', #5681 ) ;
#5169 = APPLICATION_CONTEXT ( 'automotive_design' ) ;
#5170 = EDGE_CURVE ( 'NONE', #4009, #3150, #2481, .T. ) ;
#5171 = VERTEX_POINT ( 'NONE', #1064 ) ;
#5172 = CARTESIAN_POINT ( 'NONE',  ( -3.637984092017894500, -4.617404190281245500, 4.617404190281237500 ) ) ;
#5173 = DIRECTION ( 'NONE',  ( -1.000000000000000000, -2.220446049250313100E-016, -3.423990449430563300E-015 ) ) ;
#5174 = CARTESIAN_POINT ( 'NONE',  ( 8.499999999999998200, -5.363301038939039400, 3.921388331075418500 ) ) ;
#5175 = VECTOR ( 'NONE', #5812, 1000.000000000000000 ) ;
#5176 = DIRECTION ( 'NONE',  ( -0.05233595624294395300, 1.082716311089097800E-016, -0.9986295347545739400 ) ) ;
#5177 = CARTESIAN_POINT ( 'NONE',  ( 12.49999999999999800, -9.068980551792392900, 1.520015985077532800 ) ) ;
#5178 = CARTESIAN_POINT ( 'NONE',  ( 2.021133963446710700, 5.539010513356200400, 5.238267466867245800 ) ) ;
#5179 = ORIENTED_EDGE ( 'NONE', *, *, #3292, .F. ) ;
#5180 = CARTESIAN_POINT ( 'NONE',  ( -3.149999999999999900, 10.00000000000000500, -10.00000000000000000 ) ) ;
#5181 = DIRECTION ( 'NONE',  ( -0.0000000000000000000, -1.000000000000000000, -5.790347055988530700E-015 ) ) ;
#5182 = CIRCLE ( 'NONE', #1198, 0.2999999999999999300 ) ;
#5183 = CARTESIAN_POINT ( 'NONE',  ( -7.131019448207600100, 12.49999999999999600, 1.520015985077529200 ) ) ;
#5184 = LINE ( 'NONE', #4003, #5334 ) ;
#5185 = FACE_OUTER_BOUND ( 'NONE', #1629, .T. ) ;
#5186 = EDGE_CURVE ( 'NONE', #5583, #2302, #4225, .T. ) ;
#5187 = CARTESIAN_POINT ( 'NONE',  ( -3.701229487637427000, -4.999181651936228700, -10.01561501126347400 ) ) ;
#5188 = ORIENTED_EDGE ( 'NONE', *, *, #3227, .T. ) ;
#5189 = DIRECTION ( 'NONE',  ( 0.0000000000000000000, 0.0000000000000000000, -1.000000000000000000 ) ) ;
#5190 = AXIS2_PLACEMENT_3D ( 'NONE', #801, #4019, #1277 ) ;
#5191 = FACE_OUTER_BOUND ( 'NONE', #3872, .T. ) ;
#5192 = ORIENTED_EDGE ( 'NONE', *, *, #3554, .T. ) ;
#5193 = CARTESIAN_POINT ( 'NONE',  ( 5.599759547452979500, 8.989884717214857100E-016, -5.599759547452982200 ) ) ;
#5194 = ORIENTED_EDGE ( 'NONE', *, *, #2756, .T. ) ;
#5195 = DIRECTION ( 'NONE',  ( -0.0000000000000000000, 0.0000000000000000000, 1.000000000000000000 ) ) ;
#5196 = EDGE_CURVE ( 'NONE', #3031, #5968, #3152, .T. ) ;
#5197 = ORIENTED_EDGE ( 'NONE', *, *, #1129, .F. ) ;
#5198 = ORIENTED_EDGE ( 'NONE', *, *, #1441, .F. ) ;
#5199 = CIRCLE ( 'NONE', #5190, 0.2999999999999999300 ) ;
#5200 = CARTESIAN_POINT ( 'NONE',  ( 11.55233595624294000, 2.518645519832091800, 7.131019448207603700 ) ) ;
#5201 = ORIENTED_EDGE ( 'NONE', *, *, #278, .T. ) ;
#5202 = AXIS2_PLACEMENT_3D ( 'NONE', #4690, #88, #5625 ) ;
#5203 = AXIS2_PLACEMENT_3D ( 'NONE', #2150, #3527, #762 ) ;
#5204 = ORIENTED_EDGE ( 'NONE', *, *, #2276, .T. ) ;
#5205 = ORIENTED_EDGE ( 'NONE', *, *, #5160, .F. ) ;
#5206 = ORIENTED_EDGE ( 'NONE', *, *, #1635, .T. ) ;
#5207 = CARTESIAN_POINT ( 'NONE',  ( -9.118645519832096400, 2.518645519832091000, -11.55233595624294400 ) ) ;
#5208 = EDGE_LOOP ( 'NONE', ( #2837, #4349, #5102, #498 ) ) ;
#5209 = CARTESIAN_POINT ( 'NONE',  ( -9.285468475998381900, -2.167042476938383400E-016, 0.0000000000000000000 ) ) ;
#5210 = CARTESIAN_POINT ( 'NONE',  ( -5.123994362689047400, 10.00000000000000700, 3.999999999999983100 ) ) ;
#5211 = CARTESIAN_POINT ( 'NONE',  ( 3.636698961060976600, -6.936287821487318300, -8.784299213127116700 ) ) ;
#5212 = VERTEX_POINT ( 'NONE', #3847 ) ;
#5213 = CARTESIAN_POINT ( 'NONE',  ( -9.200000000000002800, 9.999999999999996400, -2.599999999999984100 ) ) ;
#5214 = LINE ( 'NONE', #3774, #1530 ) ;
#5215 = LINE ( 'NONE', #5620, #1531 ) ;
#5216 = EDGE_LOOP ( 'NONE', ( #5506, #5303, #5908, #3220, #46, #4081, #4995, #4259, #4451, #3801 ) ) ;
#5217 = EDGE_LOOP ( 'NONE', ( #2801, #5294, #65, #4719 ) ) ;
#5218 = EDGE_CURVE ( 'NONE', #4466, #3498, #3543, .T. ) ;
#5219 = VECTOR ( 'NONE', #126, 1000.000000000000000 ) ;
#5220 = VECTOR ( 'NONE', #146, 1000.000000000000200 ) ;
#5221 =( BOUNDED_CURVE ( )  B_SPLINE_CURVE ( 3, ( #1139, #1162, #2557, #5795 ),
 .UNSPECIFIED., .F., .T. ) 
 B_SPLINE_CURVE_WITH_KNOTS ( ( 4, 4 ),
 ( 5.499156671652530200, 7.067213942706639600 ),
 .UNSPECIFIED. ) 
 CURVE ( )  GEOMETRIC_REPRESENTATION_ITEM ( )  RATIONAL_B_SPLINE_CURVE ( ( 1.000000000000000000, 0.8053830134673588500, 0.8053830134673588500, 1.000000000000000000 ) ) 
 REPRESENTATION_ITEM ( '' )  );
#5222 = CARTESIAN_POINT ( 'NONE',  ( 8.799999999999997200, 3.636698961060974800, 6.636698961060973000 ) ) ;
#5223 = CARTESIAN_POINT ( 'NONE',  ( 2.081766411704359900, 12.49999999999999600, 7.131019448207603700 ) ) ;
#5224 = DIRECTION ( 'NONE',  ( 0.0000000000000000000, 1.000000000000000000, 0.0000000000000000000 ) ) ;
#5225 = AXIS2_PLACEMENT_3D ( 'NONE', #3619, #3641, #890 ) ;
#5226 = CIRCLE ( 'NONE', #1303, 0.2999999999999998800 ) ;
#5227 = CARTESIAN_POINT ( 'NONE',  ( 1.918972025894979600, 5.282677620497339400, -5.282677620497339400 ) ) ;
#5228 = CARTESIAN_POINT ( 'NONE',  ( 0.0000000000000000000, 10.00000000000000500, 0.0000000000000000000 ) ) ;
#5229 = CARTESIAN_POINT ( 'NONE',  ( 0.0000000000000000000, -8.586271053293955900, 0.0000000000000000000 ) ) ;
#5230 = AXIS2_PLACEMENT_3D ( 'NONE', #5250, #2492, #5725 ) ;
#5231 = EDGE_CURVE ( 'NONE', #161, #1996, #27, .T. ) ;
#5232 = CARTESIAN_POINT ( 'NONE',  ( 2.599999999999999200, 8.799999999999997200, 6.636698961060973000 ) ) ;
#5233 = VERTEX_POINT ( 'NONE', #5261 ) ;
#5234 = VERTEX_POINT ( 'NONE', #2040 ) ;
#5235 = ORIENTED_EDGE ( 'NONE', *, *, #2155, .T. ) ;
#5236 = ORIENTED_EDGE ( 'NONE', *, *, #3690, .F. ) ;
#5237 = AXIS2_PLACEMENT_3D ( 'NONE', #1108, #4327, #1569 ) ;
#5238 = VECTOR ( 'NONE', #16, 1000.000000000000000 ) ;
#5239 = CARTESIAN_POINT ( 'NONE',  ( 9.999999999999996400, 2.600000000000000500, 9.199999999999999300 ) ) ;
#5240 = EDGE_CURVE ( 'NONE', #2885, #2613, #2087, .T. ) ;
#5241 = CARTESIAN_POINT ( 'NONE',  ( -7.131019448207600100, 12.49999999999999600, 2.081766411704373700 ) ) ;
#5242 = VERTEX_POINT ( 'NONE', #3413 ) ;
#5243 = VECTOR ( 'NONE', #5000, 1000.000000000000200 ) ;
#5244 = CARTESIAN_POINT ( 'NONE',  ( -4.990519387107232400, 3.700405303388201200, -10.00000000000000000 ) ) ;
#5245 = CARTESIAN_POINT ( 'NONE',  ( -3.700411139573625900, -7.000000000000027500, -10.00000000000000000 ) ) ;
#5246 = ORIENTED_EDGE ( 'NONE', *, *, #2871, .F. ) ;
#5247 = DIRECTION ( 'NONE',  ( -1.000000000000000000, 0.0000000000000000000, 0.0000000000000000000 ) ) ;
#5248 = AXIS2_PLACEMENT_3D ( 'NONE', #2477, #4769, #132 ) ;
#5249 = VERTEX_POINT ( 'NONE', #2522 ) ;
#5250 = CARTESIAN_POINT ( 'NONE',  ( 0.0000000000000000000, -9.285468475998371200, 0.0000000000000000000 ) ) ;
#5251 = DIRECTION ( 'NONE',  ( 0.0000000000000000000, 0.0000000000000000000, -1.000000000000000000 ) ) ;
#5252 = DIRECTION ( 'NONE',  ( -0.9972646886342372300, -0.05226442768871401200, -0.05226442768871423400 ) ) ;
#5253 = VECTOR ( 'NONE', #4659, 1000.000000000000000 ) ;
#5254 = FACE_BOUND ( 'NONE', #3337, .T. ) ;
#5255 = ADVANCED_FACE ( 'NONE', ( #2347 ), #5284, .T. ) ;
#5256 = CARTESIAN_POINT ( 'NONE',  ( 3.636698961060972600, 8.784299213127113100, 5.063712178512655100 ) ) ;
#5257 = CARTESIAN_POINT ( 'NONE',  ( -3.636698961060974800, -5.063712178512681700, -8.784299213127116700 ) ) ;
#5258 = VERTEX_POINT ( 'NONE', #3871 ) ;
#5259 = CIRCLE ( 'NONE', #1445, 0.2999999999999999300 ) ;
#5260 = CARTESIAN_POINT ( 'NONE',  ( 9.999999999999996400, -5.299588860426356800, -4.000000000000019500 ) ) ;
#5261 = CARTESIAN_POINT ( 'NONE',  ( 8.784299213127113100, -3.936287821487346200, 6.636698961060972100 ) ) ;
#5262 = LINE ( 'NONE', #4458, #2815 ) ;
#5263 = EDGE_LOOP ( 'NONE', ( #4573, #1507, #4855, #3855 ) ) ;
#5264 = VERTEX_POINT ( 'NONE', #3891 ) ;
#5265 = EDGE_CURVE ( 'NONE', #239, #2893, #3399, .T. ) ;
#5266 =( BOUNDED_CURVE ( )  B_SPLINE_CURVE ( 3, ( #1971, #2440, #3798, #1057 ),
 .UNSPECIFIED., .F., .T. ) 
 B_SPLINE_CURVE_WITH_KNOTS ( ( 4, 4 ),
 ( 2.465504218677018300E-015, 1.518436449235071000 ),
 .UNSPECIFIED. ) 
 CURVE ( )  GEOMETRIC_REPRESENTATION_ITEM ( )  RATIONAL_B_SPLINE_CURVE ( ( 1.000000000000000000, 0.8169162473415246800, 0.8169162473415246800, 1.000000000000000000 ) ) 
 REPRESENTATION_ITEM ( '' )  );
#5267 = EDGE_CURVE ( 'NONE', #4820, #2, #960, .T. ) ;
#5268 = CARTESIAN_POINT ( 'NONE',  ( -3.636698961060975700, 8.799999999999995400, 5.363301038939026100 ) ) ;
#5269 = EDGE_CURVE ( 'NONE', #2945, #4324, #3264, .T. ) ;
#5270 = VERTEX_POINT ( 'NONE', #5308 ) ;
#5271 = CIRCLE ( 'NONE', #3819, 0.2999999999999999300 ) ;
#5272 = CARTESIAN_POINT ( 'NONE',  ( 7.499999999999996400, 6.853416596565167500E-016, -5.550000000000001600 ) ) ;
#5273 = DIRECTION ( 'NONE',  ( -1.000000000000000000, 0.0000000000000000000, 0.0000000000000000000 ) ) ;
#5274 = AXIS2_PLACEMENT_3D ( 'NONE', #1305, #4533, #1767 ) ;
#5275 = DIRECTION ( 'NONE',  ( -1.000000000000000000, 0.0000000000000000000, -2.891205793294679000E-015 ) ) ;
#5276 = FACE_OUTER_BOUND ( 'NONE', #2567, .T. ) ;
#5277 = DIRECTION ( 'NONE',  ( 0.05232873513582462400, 0.05220004101858866800, 0.9972646886342373400 ) ) ;
#5278 = CIRCLE ( 'NONE', #4186, 0.2999999999999999300 ) ;
#5279 = CARTESIAN_POINT ( 'NONE',  ( -3.936287821487347100, -5.363301038939054500, -8.784299213127116700 ) ) ;
#5280 = EDGE_CURVE ( 'NONE', #507, #2813, #808, .T. ) ;
#5281 = DIRECTION ( 'NONE',  ( 0.9986295347545737200, 0.05233595624294422300, 0.0000000000000000000 ) ) ;
#5282 = ORIENTED_EDGE ( 'NONE', *, *, #2383, .F. ) ;
#5283 = CARTESIAN_POINT ( 'NONE',  ( -5.889204070578800900, -0.4218304991226439200, 5.889204070578811600 ) ) ;
#5284 = PLANE ( 'NONE',  #846 ) ;
#5285 = EDGE_LOOP ( 'NONE', ( #44, #626, #873, #2199, #6, #4650, #2057, #4595, #4516, #3838, #5504, #1691, #4474, #1416 ) ) ;
#5286 = ADVANCED_FACE ( 'NONE', ( #2192 ), #5781, .F. ) ;
#5287 = CARTESIAN_POINT ( 'NONE',  ( -7.000000000000004400, -2.600000000000000100, -10.00000000000000000 ) ) ;
#5288 = CARTESIAN_POINT ( 'NONE',  ( -10.00000000000000700, 4.128514106687783000E-017, 0.0000000000000000000 ) ) ;
#5289 = DIRECTION ( 'NONE',  ( -1.000000000000000000, -9.007218048341113900E-015, -0.0000000000000000000 ) ) ;
#5290 = LINE ( 'NONE', #4924, #382 ) ;
#5291 = VERTEX_POINT ( 'NONE', #4386 ) ;
#5292 = CARTESIAN_POINT ( 'NONE',  ( 9.999999999999996400, -3.999999999999999100, 6.700411139573625400 ) ) ;
#5293 = CARTESIAN_POINT ( 'NONE',  ( -6.636698961060968600, 8.799999999999997200, 2.600000000000011600 ) ) ;
#5294 = ORIENTED_EDGE ( 'NONE', *, *, #1753, .F. ) ;
#5295 = VECTOR ( 'NONE', #3505, 1000.000000000000100 ) ;
#5296 = CARTESIAN_POINT ( 'NONE',  ( -3.636698961060974800, -5.363301038939054500, -8.800000000000000700 ) ) ;
#5297 = LINE ( 'NONE', #2293, #1606 ) ;
#5298 = DIRECTION ( 'NONE',  ( 0.0000000000000000000, -0.0000000000000000000, 1.000000000000000000 ) ) ;
#5299 = SPHERICAL_SURFACE ( 'NONE', #1380, 0.2999999999999999900 ) ;
#5300 = ORIENTED_EDGE ( 'NONE', *, *, #4110, .T. ) ;
#5301 = CARTESIAN_POINT ( 'NONE',  ( 4.284720576274695600, -3.983977529785759100, 3.983977529785743600 ) ) ;
#5302 = CARTESIAN_POINT ( 'NONE',  ( -10.00000000000000500, 10.00000000000000500, 8.500000000000000000 ) ) ;
#5303 = ORIENTED_EDGE ( 'NONE', *, *, #5674, .T. ) ;
#5304 = CARTESIAN_POINT ( 'NONE',  ( 9.999999999999996400, 4.000000000000000900, 7.000000000000000900 ) ) ;
#5305 = B_SPLINE_CURVE_WITH_KNOTS ( 'NONE', 3,
 ( #5622, #2398, #534, #3757, #1007, #4235, #1473, #4706, #1944, #5172, #2414, #5638 ),
 .UNSPECIFIED., .F., .F.,
 ( 4, 2, 2, 2, 2, 4 ),
 ( 0.01135002649353524800, 0.01260184198242975500, 0.01385365747132426100, 0.01447956521577151500, 0.01510547296021876900, 0.01635728844911327900 ),
 .UNSPECIFIED. ) ;
#5306 = SPHERICAL_SURFACE ( 'NONE', #1809, 0.2999999999999999900 ) ;
#5307 = CARTESIAN_POINT ( 'NONE',  ( -4.613920076091178900, -3.642239946427163800, 4.613920076091191400 ) ) ;
#5308 = CARTESIAN_POINT ( 'NONE',  ( 7.999999999999996400, 10.00000000000000500, -10.00000000000000000 ) ) ;
#5309 = EDGE_LOOP ( 'NONE', ( #4971, #717, #1915, #972 ) ) ;
#5310 = EDGE_CURVE ( 'NONE', #778, #157, #5593, .T. ) ;
#5311 = VERTEX_POINT ( 'NONE', #1172 ) ;
#5312 = DIRECTION ( 'NONE',  ( -0.0000000000000000000, -1.971276677246371500E-016, 1.000000000000000000 ) ) ;
#5313 = VERTEX_POINT ( 'NONE', #1640 ) ;
#5314 = CARTESIAN_POINT ( 'NONE',  ( 9.999999999999996400, -3.999999999999998200, 5.123994362689032300 ) ) ;
#5315 = ORIENTED_EDGE ( 'NONE', *, *, #3019, .T. ) ;
#5316 = FACE_OUTER_BOUND ( 'NONE', #5309, .T. ) ;
#5317 = DIRECTION ( 'NONE',  ( -0.9986295347545737200, -0.05233595624294422300, 0.0000000000000000000 ) ) ;
#5318 = EDGE_CURVE ( 'NONE', #1779, #3768, #1008, .T. ) ;
#5319 = DIRECTION ( 'NONE',  ( -1.000000000000000000, -0.0000000000000000000, -0.0000000000000000000 ) ) ;
#5320 = CARTESIAN_POINT ( 'NONE',  ( 3.636698961060974800, -7.000000000000027500, -8.800000000000000700 ) ) ;
#5321 = ADVANCED_FACE ( 'NONE', ( #5732 ), #4199, .F. ) ;
#5322 = LINE ( 'NONE', #2574, #5175 ) ;
#5323 = CARTESIAN_POINT ( 'NONE',  ( 5.892828318099414100, -5.731101228534104100E-016, 5.592085271610462100 ) ) ;
#5324 = VECTOR ( 'NONE', #5428, 1000.000000000000100 ) ;
#5325 = DIRECTION ( 'NONE',  ( 0.05226442768871401200, 0.05226442768871449700, 0.9972646886342372300 ) ) ;
#5326 = AXIS2_PLACEMENT_3D ( 'NONE', #4999, #2239, #5468 ) ;
#5327 = ORIENTED_EDGE ( 'NONE', *, *, #2693, .T. ) ;
#5328 = AXIS2_PLACEMENT_3D ( 'NONE', #4202, #2824, #1443 ) ;
#5329 = DIRECTION ( 'NONE',  ( 0.0000000000000000000, 0.0000000000000000000, 1.000000000000000000 ) ) ;
#5330 = DIRECTION ( 'NONE',  ( 0.0000000000000000000, -1.000000000000000000, 0.0000000000000000000 ) ) ;
#5331 = LINE ( 'NONE', #3429, #1631 ) ;
#5332 = CARTESIAN_POINT ( 'NONE',  ( 8.784299213127113100, 3.636698961060974800, 6.936287821487344900 ) ) ;
#5333 = DIRECTION ( 'NONE',  ( -0.9972646886342372300, 0.05226442768871386600, -0.05226442768871402500 ) ) ;
#5334 = VECTOR ( 'NONE', #1731, 999.9999999999998900 ) ;
#5335 = CARTESIAN_POINT ( 'NONE',  ( -10.00000000000000500, 10.00000000000000500, -10.00000000000000000 ) ) ;
#5336 = LINE ( 'NONE', #138, #3011 ) ;
#5337 = CARTESIAN_POINT ( 'NONE',  ( -3.636698961060975700, 8.499999999999994700, 5.363301038939026100 ) ) ;
#5338 = CARTESIAN_POINT ( 'NONE',  ( -7.131019448207608100, 1.520015985077516600, -12.50000000000000000 ) ) ;
#5339 = ORIENTED_EDGE ( 'NONE', *, *, #2222, .F. ) ;
#5340 = CARTESIAN_POINT ( 'NONE',  ( -5.900915317458196100, 5.410925979796852200E-016, 5.900915317458205900 ) ) ;
#5341 = CARTESIAN_POINT ( 'NONE',  ( -5.000000000000016000, 8.499999999999996400, 3.999999999999981800 ) ) ;
#5342 = CARTESIAN_POINT ( 'NONE',  ( 6.499999999999995600, 6.500000000000005300, -3.149999999999999900 ) ) ;
#5343 = EDGE_CURVE ( 'NONE', #5685, #5138, #649, .T. ) ;
#5344 = CIRCLE ( 'NONE', #3720, 0.3000000000000003200 ) ;
#5345 = ORIENTED_EDGE ( 'NONE', *, *, #4544, .F. ) ;
#5346 = CARTESIAN_POINT ( 'NONE',  ( 9.927072861725092100, -5.304233653165844100, 3.695766346834149700 ) ) ;
#5347 = ORIENTED_EDGE ( 'NONE', *, *, #104, .F. ) ;
#5348 = EDGE_LOOP ( 'NONE', ( #2745, #1806, #5517, #5736 ) ) ;
#5349 = VECTOR ( 'NONE', #1234, 1000.000000000000000 ) ;
#5350 = ADVANCED_FACE ( 'NONE', ( #5441 ), #5368, .F. ) ;
#5351 = DIRECTION ( 'NONE',  ( -1.000000000000000000, 1.805304455399569900E-016, 0.0000000000000000000 ) ) ;
#5352 = EDGE_LOOP ( 'NONE', ( #5661, #4872, #384 ) ) ;
#5353 = EDGE_CURVE ( 'NONE', #3103, #3379, #514, .T. ) ;
#5354 = EDGE_CURVE ( 'NONE', #510, #3315, #1752, .T. ) ;
#5355 = ORIENTED_EDGE ( 'NONE', *, *, #2018, .T. ) ;
#5356 = EDGE_CURVE ( 'NONE', #4323, #815, #5957, .T. ) ;
#5357 = EDGE_LOOP ( 'NONE', ( #175, #2890, #3539, #3490 ) ) ;
#5358 = DIRECTION ( 'NONE',  ( -1.000000000000000000, -1.734723475976807100E-016, 0.0000000000000000000 ) ) ;
#5359 = EDGE_LOOP ( 'NONE', ( #3313, #3244, #5192, #5071 ) ) ;
#5360 = ORIENTED_EDGE ( 'NONE', *, *, #3358, .F. ) ;
#5361 = CARTESIAN_POINT ( 'NONE',  ( 5.063791587457000500, 5.063791587457005900, 2.429772608665121200 ) ) ;
#5362 = CARTESIAN_POINT ( 'NONE',  ( 8.499999999999998200, -6.636698961060964100, 3.636698961060950800 ) ) ;
#5363 = ORIENTED_EDGE ( 'NONE', *, *, #5115, .F. ) ;
#5364 = CARTESIAN_POINT ( 'NONE',  ( 9.999999999999994700, 3.149999999999999900, -10.00000000000000000 ) ) ;
#5365 = EDGE_CURVE ( 'NONE', #1426, #4432, #5290, .T. ) ;
#5366 = CARTESIAN_POINT ( 'NONE',  ( -0.7536584691352783400, 5.562001655461857700, -5.562001655461859400 ) ) ;
#5367 = CARTESIAN_POINT ( 'NONE',  ( -9.068980551792394700, 12.49999999999999600, 1.520015985077532800 ) ) ;
#5368 = PLANE ( 'NONE',  #3622 ) ;
#5369 = AXIS2_PLACEMENT_3D ( 'NONE', #864, #5453, #3620 ) ;
#5370 = LINE ( 'NONE', #4211, #1975 ) ;
#5371 = CONICAL_SURFACE ( 'NONE', #4842, 7.035495700303526300, 0.8115781021773558200 ) ;
#5372 = DIRECTION ( 'NONE',  ( 0.0000000000000000000, 0.05233595624294422300, 0.9986295347545737200 ) ) ;
#5373 = ADVANCED_FACE ( 'NONE', ( #3897 ), #5149, .T. ) ;
#5374 = EDGE_LOOP ( 'NONE', ( #5683, #3889, #4165, #2562 ) ) ;
#5375 = VERTEX_POINT ( 'NONE', #295 ) ;
#5376 = FACE_OUTER_BOUND ( 'NONE', #5387, .T. ) ;
#5377 = LINE ( 'NONE', #4269, #2909 ) ;
#5378 = CARTESIAN_POINT ( 'NONE',  ( 5.256037858807985700, 5.256037858807991900, -1.990206605823775700 ) ) ;
#5379 = CARTESIAN_POINT ( 'NONE',  ( -4.000000000000000900, -5.299588860426400300, -10.00000000000000000 ) ) ;
#5380 = ADVANCED_FACE ( 'NONE', ( #237 ), #2702, .F. ) ;
#5381 = CARTESIAN_POINT ( 'NONE',  ( -4.000000000000001800, 9.999999999999994700, 6.700411139573626300 ) ) ;
#5382 = CARTESIAN_POINT ( 'NONE',  ( 3.184081677783117200E-016, 10.00000000000000500, -2.599999999999999200 ) ) ;
#5383 = CARTESIAN_POINT ( 'NONE',  ( -2.599999999999936100, -7.000000000000027500, -10.00000000000000000 ) ) ;
#5384 = CARTESIAN_POINT ( 'NONE',  ( 8.499999999999996400, -3.999999999999999100, 5.363301038939026100 ) ) ;
#5385 = DIRECTION ( 'NONE',  ( -4.336808689942018200E-016, -1.000000000000000000, 0.0000000000000000000 ) ) ;
#5386 = ORIENTED_EDGE ( 'NONE', *, *, #865, .F. ) ;
#5387 = EDGE_LOOP ( 'NONE', ( #1604, #5953, #4135, #1400 ) ) ;
#5388 = DIRECTION ( 'NONE',  ( 1.000000000000000000, 0.0000000000000000000, 0.0000000000000000000 ) ) ;
#5389 = ORIENTED_EDGE ( 'NONE', *, *, #5561, .T. ) ;
#5390 = ORIENTED_EDGE ( 'NONE', *, *, #5265, .F. ) ;
#5391 = EDGE_CURVE ( 'NONE', #5234, #117, #4862, .T. ) ;
#5392 = LINE ( 'NONE', #4144, #1863 ) ;
#5393 = DIRECTION ( 'NONE',  ( 0.0000000000000000000, 0.0000000000000000000, -1.000000000000000000 ) ) ;
#5394 = AXIS2_PLACEMENT_3D ( 'NONE', #2788, #476, #5558 ) ;
#5395 = EDGE_LOOP ( 'NONE', ( #252, #5573, #5609 ) ) ;
#5396 = DIRECTION ( 'NONE',  ( -0.05226442768871432400, 0.9972646886342374500, -0.05226442768871424800 ) ) ;
#5397 = CONICAL_SURFACE ( 'NONE', #5537, 5.981363564820174600, 0.7853981633974512800 ) ;
#5398 = EDGE_CURVE ( 'NONE', #4289, #5258, #1597, .T. ) ;
#5399 = CARTESIAN_POINT ( 'NONE',  ( 2.081766411704424800, -7.131019448207589500, -12.50000000000000200 ) ) ;
#5400 = CARTESIAN_POINT ( 'NONE',  ( -6.999629635569885300, -3.697949001255822500, -10.00000000000000000 ) ) ;
#5401 = VERTEX_POINT ( 'NONE', #4048 ) ;
#5402 = CARTESIAN_POINT ( 'NONE',  ( -5.299588633366298000, -3.999631151381225300, -10.00000000000000000 ) ) ;
#5403 = CARTESIAN_POINT ( 'NONE',  ( 3.936287821487346200, -6.636698961060946400, -8.784299213127116700 ) ) ;
#5404 = DIRECTION ( 'NONE',  ( 2.465673422132804300E-016, 1.000000000000000000, 0.0000000000000000000 ) ) ;
#5405 = ADVANCED_FACE ( 'NONE', ( #3758 ), #2223, .T. ) ;
#5406 = CARTESIAN_POINT ( 'NONE',  ( 8.799999999999998900, -5.363301038939039400, 3.999999999999980900 ) ) ;
#5407 = LINE ( 'NONE', #5122, #5253 ) ;
#5408 = CARTESIAN_POINT ( 'NONE',  ( 0.0000000000000000000, -9.999999999999994700, 0.0000000000000000000 ) ) ;
#5409 = AXIS2_PLACEMENT_3D ( 'NONE', #736, #3102, #339 ) ;
#5410 = AXIS2_PLACEMENT_3D ( 'NONE', #3913, #1169, #1620 ) ;
#5411 = CYLINDRICAL_SURFACE ( 'NONE', #3975, 0.2999999999999999300 ) ;
#5412 = ORIENTED_EDGE ( 'NONE', *, *, #1220, .T. ) ;
#5413 = ADVANCED_FACE ( 'NONE', ( #5014 ), #379, .F. ) ;
#5414 = CARTESIAN_POINT ( 'NONE',  ( -5.056671050834658800, -2.427504097817670700, -5.357414097323613500 ) ) ;
#5415 = CIRCLE ( 'NONE', #3255, 0.3000000000000003200 ) ;
#5416 = EDGE_LOOP ( 'NONE', ( #4913, #715, #3395 ) ) ;
#5417 = ORIENTED_EDGE ( 'NONE', *, *, #91, .F. ) ;
#5418 = ORIENTED_EDGE ( 'NONE', *, *, #4667, .T. ) ;
#5419 = ORIENTED_EDGE ( 'NONE', *, *, #2875, .F. ) ;
#5420 = DIRECTION ( 'NONE',  ( 0.05226442768871408800, -0.9972646886342372300, -0.05226442768871402500 ) ) ;
#5421 = ORIENTED_EDGE ( 'NONE', *, *, #2060, .T. ) ;
#5422 = CIRCLE ( 'NONE', #4147, 0.2999999999999999300 ) ;
#5423 = CARTESIAN_POINT ( 'NONE',  ( 12.11331652343349000, -2.489245774084690500, 7.110754225915306000 ) ) ;
#5424 = PLANE ( 'NONE',  #4973 ) ;
#5425 = CARTESIAN_POINT ( 'NONE',  ( -6.636698961060966800, 8.799999999999997200, 3.636698961060950400 ) ) ;
#5426 =( BOUNDED_CURVE ( )  B_SPLINE_CURVE ( 3, ( #2656, #2194, #5423, #5894 ),
 .UNSPECIFIED., .F., .F. ) 
 B_SPLINE_CURVE_WITH_KNOTS ( ( 4, 4 ),
 ( 3.141592653589790900, 4.660029102824857700 ),
 .UNSPECIFIED. ) 
 CURVE ( )  GEOMETRIC_REPRESENTATION_ITEM ( )  RATIONAL_B_SPLINE_CURVE ( ( 1.000000000000000000, 0.8169162473415250100, 0.8169162473415250100, 1.000000000000000000 ) ) 
 REPRESENTATION_ITEM ( '' )  );
#5427 = CARTESIAN_POINT ( 'NONE',  ( -5.565371472592717700, -5.565371472592732800, 1.945744879542639300 ) ) ;
#5428 = DIRECTION ( 'NONE',  ( -0.9972646886342372300, -0.05226442768871428200, -0.05226442768871394900 ) ) ;
#5429 = CARTESIAN_POINT ( 'NONE',  ( -5.063712130224858200, -3.999921558668724200, -8.784299213127116700 ) ) ;
#5430 = EDGE_CURVE ( 'NONE', #5932, #3760, #1462, .T. ) ;
#5431 = ORIENTED_EDGE ( 'NONE', *, *, #1851, .T. ) ;
#5432 = CARTESIAN_POINT ( 'NONE',  ( -4.918703784517564500, 2.724811302666570800, -5.219446831006527200 ) ) ;
#5433 = CIRCLE ( 'NONE', #774, 0.3000000000000003200 ) ;
#5434 = DIRECTION ( 'NONE',  ( -0.9986295347545739400, 0.0000000000000000000, -0.05233595624294395300 ) ) ;
#5435 = AXIS2_PLACEMENT_3D ( 'NONE', #843, #4534, #1769 ) ;
#5436 = VERTEX_POINT ( 'NONE', #3137 ) ;
#5437 = CARTESIAN_POINT ( 'NONE',  ( 4.000000000000000000, -5.363301038939054500, -8.500000000000000000 ) ) ;
#5438 = ADVANCED_FACE ( 'NONE', ( #2835 ), #2550, .F. ) ;
#5439 = EDGE_CURVE ( 'NONE', #2169, #3744, #94, .T. ) ;
#5440 = EDGE_LOOP ( 'NONE', ( #2889, #273, #1949, #5783 ) ) ;
#5441 = FACE_OUTER_BOUND ( 'NONE', #4004, .T. ) ;
#5442 = DIRECTION ( 'NONE',  ( 1.734723475976807100E-016, 1.000000000000000000, 0.0000000000000000000 ) ) ;
#5443 = VERTEX_POINT ( 'NONE', #2120 ) ;
#5444 = AXIS2_PLACEMENT_3D ( 'NONE', #867, #5038, #3623 ) ;
#5445 = CARTESIAN_POINT ( 'NONE',  ( 3.683201122986676300, -6.683201122986647900, -9.687314107979192500 ) ) ;
#5446 = ADVANCED_FACE ( 'NONE', ( #1322 ), #3598, .F. ) ;
#5447 = CARTESIAN_POINT ( 'NONE',  ( -9.199999999999995700, 9.999999999999996400, 2.600000000000015600 ) ) ;
#5448 = PLANE ( 'NONE',  #4072 ) ;
#5449 = EDGE_CURVE ( 'NONE', #4357, #975, #3769, .T. ) ;
#5450 = ORIENTED_EDGE ( 'NONE', *, *, #2275, .F. ) ;
#5451 = CARTESIAN_POINT ( 'NONE',  ( -5.222835354609280500, -5.222835354609297400, -2.715206264548694700 ) ) ;
#5452 = DIRECTION ( 'NONE',  ( 1.000000000000000000, 0.0000000000000000000, 0.0000000000000000000 ) ) ;
#5453 = DIRECTION ( 'NONE',  ( -1.000000000000000000, 0.0000000000000000000, 0.0000000000000000000 ) ) ;
#5454 = FACE_OUTER_BOUND ( 'NONE', #2171, .T. ) ;
#5455 = VECTOR ( 'NONE', #3163, 1000.000000000000000 ) ;
#5456 = DIRECTION ( 'NONE',  ( 0.0000000000000000000, 0.0000000000000000000, 1.000000000000000000 ) ) ;
#5457 = LINE ( 'NONE', #1529, #5157 ) ;
#5458 = ORIENTED_EDGE ( 'NONE', *, *, #5269, .F. ) ;
#5459 = CARTESIAN_POINT ( 'NONE',  ( -6.999845824475772600, -3.873543365909092100, -10.00000000000000000 ) ) ;
#5460 = VERTEX_POINT ( 'NONE', #3513 ) ;
#5461 = CIRCLE ( 'NONE', #1196, 1.499999999999999600 ) ;
#5462 = DIRECTION ( 'NONE',  ( -0.0000000000000000000, -1.000000000000000000, -0.0000000000000000000 ) ) ;
#5463 = VERTEX_POINT ( 'NONE', #293 ) ;
#5464 = ORIENTED_EDGE ( 'NONE', *, *, #5788, .T. ) ;
#5465 = ORIENTED_EDGE ( 'NONE', *, *, #3911, .T. ) ;
#5466 = ORIENTED_EDGE ( 'NONE', *, *, #1308, .F. ) ;
#5467 = EDGE_LOOP ( 'NONE', ( #2326, #1119, #176, #1577 ) ) ;
#5468 = DIRECTION ( 'NONE',  ( -0.9986295347545737200, 0.0000000000000000000, -0.05233595624294422300 ) ) ;
#5469 = PLANE ( 'NONE',  #1686 ) ;
#5470 = DIRECTION ( 'NONE',  ( 0.0000000000000000000, -0.9986295347545739400, 0.05233595624294395300 ) ) ;
#5471 = DIRECTION ( 'NONE',  ( 1.000000000000000000, 2.220446049250313100E-016, 1.668003342285392300E-016 ) ) ;
#5472 = CYLINDRICAL_SURFACE ( 'NONE', #67, 0.3000000000000003200 ) ;
#5473 = CARTESIAN_POINT ( 'NONE',  ( 4.000000000000000900, -5.000000000000027500, -10.00000000000000000 ) ) ;
#5474 = ADVANCED_FACE ( 'NONE', ( #3624 ), #3473, .F. ) ;
#5475 = DIRECTION ( 'NONE',  ( -0.05232873513582462400, -0.05220004101858879300, 0.9972646886342374500 ) ) ;
#5476 = CARTESIAN_POINT ( 'NONE',  ( 9.999999999999994700, 10.00000000000000500, 10.00000000000000000 ) ) ;
#5477 = AXIS2_PLACEMENT_3D ( 'NONE', #4646, #5586, #952 ) ;
#5478 = DIRECTION ( 'NONE',  ( -0.9999992420943061300, 0.001231182688947039800, 0.0000000000000000000 ) ) ;
#5479 = FACE_OUTER_BOUND ( 'NONE', #5884, .T. ) ;
#5480 = FACE_OUTER_BOUND ( 'NONE', #1927, .T. ) ;
#5481 = ORIENTED_EDGE ( 'NONE', *, *, #1627, .T. ) ;
#5482 = DIRECTION ( 'NONE',  ( -2.168404344971008900E-016, -1.823439550883168400E-015, -1.000000000000000000 ) ) ;
#5483 = EDGE_CURVE ( 'NONE', #239, #4519, #4716, .T. ) ;
#5484 = EDGE_CURVE ( 'NONE', #2627, #5509, #5965, .T. ) ;
#5485 = EDGE_CURVE ( 'NONE', #1016, #3711, #1179, .T. ) ;
#5486 = EDGE_LOOP ( 'NONE', ( #1390, #233, #2271, #4748 ) ) ;
#5487 = ADVANCED_FACE ( 'NONE', ( #3327 ), #895, .F. ) ;
#5488 = CARTESIAN_POINT ( 'NONE',  ( -5.481670542432072000, 5.782413588921033700, -1.137830910726344700 ) ) ;
#5489 = LINE ( 'NONE', #2033, #3005 ) ;
#5490 = EDGE_CURVE ( 'NONE', #5498, #1426, #2118, .T. ) ;
#5491 = VECTOR ( 'NONE', #4873, 1000.000000000000000 ) ;
#5492 = CARTESIAN_POINT ( 'NONE',  ( -9.200000000000001100, 11.49999999999999600, -1.520015985077501200 ) ) ;
#5493 = DIRECTION ( 'NONE',  ( -0.05233595624294400100, 0.9986295347545739400, 0.0000000000000000000 ) ) ;
#5494 = CARTESIAN_POINT ( 'NONE',  ( 9.999999999999998200, -5.299588860426385200, 3.999999999999980900 ) ) ;
#5495 = CARTESIAN_POINT ( 'NONE',  ( 8.784299213127113100, 4.000000000000000900, 5.063712178512655100 ) ) ;
#5496 = FACE_OUTER_BOUND ( 'NONE', #4563, .T. ) ;
#5497 = VECTOR ( 'NONE', #398, 1000.000000000000000 ) ;
#5498 = VERTEX_POINT ( 'NONE', #2637 ) ;
#5499 = DIRECTION ( 'NONE',  ( -1.447586763997134800E-015, -0.0000000000000000000, -1.000000000000000000 ) ) ;
#5500 = B_SPLINE_CURVE_WITH_KNOTS ( 'NONE', 3,
 ( #2384, #75, #3291, #524, #3746, #996, #4221, #1461, #4695, #1936, #5161, #2408, #5628, #2855, #92, #3311 ),
 .UNSPECIFIED., .F., .F.,
 ( 4, 2, 2, 2, 2, 2, 2, 4 ),
 ( 0.006089292401379275800, 0.007404475924418266500, 0.008062067685937762300, 0.008719659447457258100, 0.009377251208976755700, 0.01003484297049625300, 0.01069243473201575100, 0.01135002649353524800 ),
 .UNSPECIFIED. ) ;
#5501 = CIRCLE ( 'NONE', #1261, 0.3000000000000003200 ) ;
#5502 = CARTESIAN_POINT ( 'NONE',  ( -4.728894574265446200, 5.029637620754406200, 3.032194485931340100 ) ) ;
#5503 = ADVANCED_FACE ( 'NONE', ( #5659 ), #819, .F. ) ;
#5504 = ORIENTED_EDGE ( 'NONE', *, *, #865, .T. ) ;
#5505 = CARTESIAN_POINT ( 'NONE',  ( -5.000000000000027500, -3.999999999999983600, -10.00000000000000000 ) ) ;
#5506 = ORIENTED_EDGE ( 'NONE', *, *, #4111, .T. ) ;
#5507 = ORIENTED_EDGE ( 'NONE', *, *, #835, .T. ) ;
#5508 = FACE_BOUND ( 'NONE', #2371, .T. ) ;
#5509 = VERTEX_POINT ( 'NONE', #1701 ) ;
#5510 =( BOUNDED_CURVE ( )  B_SPLINE_CURVE ( 3, ( #4640, #942, #3693, #1874 ),
 .UNSPECIFIED., .F., .F. ) 
 B_SPLINE_CURVE_WITH_KNOTS ( ( 4, 4 ),
 ( 4.764748857944518100, 6.283185307179585300 ),
 .UNSPECIFIED. ) 
 CURVE ( )  GEOMETRIC_REPRESENTATION_ITEM ( )  RATIONAL_B_SPLINE_CURVE ( ( 1.000000000000000000, 0.8169162473415250100, 0.8169162473415250100, 1.000000000000000000 ) ) 
 REPRESENTATION_ITEM ( '' )  );
#5511 = DIRECTION ( 'NONE',  ( 0.0000000000000000000, 0.0000000000000000000, -1.000000000000000000 ) ) ;
#5512 = ADVANCED_FACE ( 'NONE', ( #2050 ), #1028, .F. ) ;
#5513 = ORIENTED_EDGE ( 'NONE', *, *, #835, .F. ) ;
#5514 = CARTESIAN_POINT ( 'NONE',  ( 3.557481457854005800E-015, 0.0000000000000000000, 8.548110156550091400 ) ) ;
#5515 = CARTESIAN_POINT ( 'NONE',  ( -2.518645519832026100, -7.081354480167936700, -11.55233595624294400 ) ) ;
#5516 = VERTEX_POINT ( 'NONE', #2666 ) ;
#5517 = ORIENTED_EDGE ( 'NONE', *, *, #706, .T. ) ;
#5518 = CARTESIAN_POINT ( 'NONE',  ( 6.499999999999999100, 3.149999999999999900, -10.00000000000000000 ) ) ;
#5519 = DIRECTION ( 'NONE',  ( 0.0000000000000000000, 1.000000000000000000, 0.0000000000000000000 ) ) ;
#5520 = CARTESIAN_POINT ( 'NONE',  ( 3.636698961060972600, 8.799999999999997200, 6.636698961060973000 ) ) ;
#5521 = EDGE_CURVE ( 'NONE', #3150, #4528, #4410, .T. ) ;
#5522 = ORIENTED_EDGE ( 'NONE', *, *, #5910, .T. ) ;
#5523 = DIRECTION ( 'NONE',  ( 0.05233595624294414700, 0.9986295347545737200, 0.0000000000000000000 ) ) ;
#5524 = CARTESIAN_POINT ( 'NONE',  ( 3.149999999999999900, 6.500000000000005300, -6.500000000000000900 ) ) ;
#5525 = AXIS2_PLACEMENT_3D ( 'NONE', #4927, #3075, #1706 ) ;
#5526 = EDGE_LOOP ( 'NONE', ( #2789, #1661, #5654, #1868 ) ) ;
#5527 = EDGE_CURVE ( 'NONE', #989, #5874, #3195, .T. ) ;
#5528 = CARTESIAN_POINT ( 'NONE',  ( 0.0000000000000000000, 7.499999999999996400, 0.0000000000000000000 ) ) ;
#5529 = FACE_OUTER_BOUND ( 'NONE', #2041, .T. ) ;
#5530 = LINE ( 'NONE', #4277, #3041 ) ;
#5531 = LINE ( 'NONE', #1472, #1678 ) ;
#5532 = ORIENTED_EDGE ( 'NONE', *, *, #3013, .T. ) ;
#5533 = ORIENTED_EDGE ( 'NONE', *, *, #776, .F. ) ;
#5534 = CARTESIAN_POINT ( 'NONE',  ( 2.518645519832174000, -9.118645519832073300, -11.55233595624294400 ) ) ;
#5535 = AXIS2_PLACEMENT_3D ( 'NONE', #536, #4711, #3306 ) ;
#5536 = CYLINDRICAL_SURFACE ( 'NONE', #5202, 0.3000000000000003800 ) ;
#5537 = AXIS2_PLACEMENT_3D ( 'NONE', #2653, #4478, #5892 ) ;
#5538 = CARTESIAN_POINT ( 'NONE',  ( 4.000000000000000000, -6.700411139573598800, -10.00000000000000000 ) ) ;
#5539 = CARTESIAN_POINT ( 'NONE',  ( -3.057374726958131700, 5.013666201310706500, 4.712923154821754500 ) ) ;
#5540 = VECTOR ( 'NONE', #309, 1000.000000000000000 ) ;
#5541 = DIRECTION ( 'NONE',  ( -0.0000000000000000000, -1.000000000000000000, -0.0000000000000000000 ) ) ;
#5542 = DIRECTION ( 'NONE',  ( 1.000000000000000000, -0.0000000000000000000, -0.0000000000000000000 ) ) ;
#5543 = ORIENTED_EDGE ( 'NONE', *, *, #4725, .T. ) ;
#5544 = CARTESIAN_POINT ( 'NONE',  ( 3.636698961060974800, -6.636698961060946400, -8.800000000000000700 ) ) ;
#5545 = ADVANCED_FACE ( 'NONE', ( #3125 ), #3114, .T. ) ;
#5546 = ORIENTED_EDGE ( 'NONE', *, *, #4970, .F. ) ;
#5547 = EDGE_LOOP ( 'NONE', ( #3809, #852, #1707, #1251 ) ) ;
#5548 = ORIENTED_EDGE ( 'NONE', *, *, #4109, .T. ) ;
#5549 = DIRECTION ( 'NONE',  ( -2.168404344971009100E-016, -1.823439550883168400E-015, -1.000000000000000000 ) ) ;
#5550 = ORIENTED_EDGE ( 'NONE', *, *, #355, .T. ) ;
#5551 = VECTOR ( 'NONE', #5541, 1000.000000000000000 ) ;
#5552 = EDGE_CURVE ( 'NONE', #660, #2917, #2721, .T. ) ;
#5553 = DIRECTION ( 'NONE',  ( -0.0000000000000000000, -1.000000000000000000, -0.0000000000000000000 ) ) ;
#5554 = FACE_OUTER_BOUND ( 'NONE', #3153, .T. ) ;
#5555 = CARTESIAN_POINT ( 'NONE',  ( -6.691377729218416400, 4.002906808493137600, -10.01561501126347400 ) ) ;
#5556 = CARTESIAN_POINT ( 'NONE',  ( 8.799999999999997200, -3.636698961060973900, 6.636698961060972100 ) ) ;
#5557 = VERTEX_POINT ( 'NONE', #4512 ) ;
#5558 = DIRECTION ( 'NONE',  ( 0.05233595624294422300, 0.0000000000000000000, -0.9986295347545737200 ) ) ;
#5559 = AXIS2_PLACEMENT_3D ( 'NONE', #1988, #3364, #592 ) ;
#5560 = FACE_BOUND ( 'NONE', #3803, .T. ) ;
#5561 = EDGE_CURVE ( 'NONE', #296, #1693, #1912, .T. ) ;
#5562 = VECTOR ( 'NONE', #3087, 1000.000000000000000 ) ;
#5563 = CARTESIAN_POINT ( 'NONE',  ( -6.700411139573632500, 9.999999999999996400, -4.000000000000024000 ) ) ;
#5564 = CARTESIAN_POINT ( 'NONE',  ( 3.999999999999998200, 8.799999999999997200, 5.363301038939027000 ) ) ;
#5565 = AXIS2_PLACEMENT_3D ( 'NONE', #607, #2896, #1545 ) ;
#5566 = EDGE_CURVE ( 'NONE', #48, #1998, #4575, .T. ) ;
#5567 = LINE ( 'NONE', #288, #775 ) ;
#5568 = CARTESIAN_POINT ( 'NONE',  ( -3.149999999999999900, 6.500000000000005300, -6.500000000000000900 ) ) ;
#5569 = CARTESIAN_POINT ( 'NONE',  ( 2.012993356144236100, -5.231182877635275100, -5.531925924124217400 ) ) ;
#5570 = ORIENTED_EDGE ( 'NONE', *, *, #2446, .T. ) ;
#5571 = ADVANCED_FACE ( 'NONE', ( #4207 ), #4066, .F. ) ;
#5572 = ORIENTED_EDGE ( 'NONE', *, *, #822, .F. ) ;
#5573 = ORIENTED_EDGE ( 'NONE', *, *, #2571, .T. ) ;
#5574 = CARTESIAN_POINT ( 'NONE',  ( 7.499999999999996400, 0.0000000000000000000, 0.0000000000000000000 ) ) ;
#5575 = CARTESIAN_POINT ( 'NONE',  ( -4.999999999999987600, 9.999999999999994700, -3.700411139573645900 ) ) ;
#5576 = AXIS2_PLACEMENT_3D ( 'NONE', #1092, #4310, #1556 ) ;
#5577 = ORIENTED_EDGE ( 'NONE', *, *, #3145, .T. ) ;
#5578 = ORIENTED_EDGE ( 'NONE', *, *, #970, .F. ) ;
#5579 = CYLINDRICAL_SURFACE ( 'NONE', #3520, 0.2999999999999999300 ) ;
#5580 = DIRECTION ( 'NONE',  ( 0.0000000000000000000, 0.05233595624294422300, -0.9986295347545737200 ) ) ;
#5581 = CARTESIAN_POINT ( 'NONE',  ( -2.081766411704363100, 12.49999999999999600, 7.131019448207602800 ) ) ;
#5582 = ORIENTED_EDGE ( 'NONE', *, *, #5680, .F. ) ;
#5583 = VERTEX_POINT ( 'NONE', #2270 ) ;
#5584 = ORIENTED_EDGE ( 'NONE', *, *, #5391, .F. ) ;
#5585 = LINE ( 'NONE', #4481, #3105 ) ;
#5586 = DIRECTION ( 'NONE',  ( -0.001231182688944133400, -0.9999992420943061300, 0.0000000000000000000 ) ) ;
#5587 = CARTESIAN_POINT ( 'NONE',  ( 5.705403990336588300, -5.404660943847648700, 1.467915421168119600 ) ) ;
#5588 = ORIENTED_EDGE ( 'NONE', *, *, #990, .F. ) ;
#5589 = EDGE_LOOP ( 'NONE', ( #2694, #2764, #4777, #1514 ) ) ;
#5590 = DIRECTION ( 'NONE',  ( 8.673617379884037000E-015, -1.000000000000000000, 0.0000000000000000000 ) ) ;
#5591 = EDGE_CURVE ( 'NONE', #2627, #3615, #520, .T. ) ;
#5592 = EDGE_CURVE ( 'NONE', #2551, #5077, #657, .T. ) ;
#5593 = LINE ( 'NONE', #712, #2046 ) ;
#5594 = EDGE_CURVE ( 'NONE', #2969, #3497, #1760, .T. ) ;
#5595 = DIRECTION ( 'NONE',  ( -0.0000000000000000000, -0.0000000000000000000, 1.000000000000000000 ) ) ;
#5596 = CARTESIAN_POINT ( 'NONE',  ( -6.622617818712869000, 8.515615011263470500, -3.922206679139260500 ) ) ;
#5597 = ORIENTED_EDGE ( 'NONE', *, *, #3484, .F. ) ;
#5598 = AXIS2_PLACEMENT_3D ( 'NONE', #4040, #2680, #5924 ) ;
#5599 = FACE_OUTER_BOUND ( 'NONE', #4402, .T. ) ;
#5600 = VECTOR ( 'NONE', #354, 1000.000000000000100 ) ;
#5601 = LINE ( 'NONE', #5187, #521 ) ;
#5602 = DIRECTION ( 'NONE',  ( -1.734723475976807100E-016, 1.000000000000000000, -0.0000000000000000000 ) ) ;
#5603 = EDGE_CURVE ( 'NONE', #1076, #2963, #5297, .T. ) ;
#5604 = DIRECTION ( 'NONE',  ( 0.0000000000000000000, 1.000000000000000000, 0.0000000000000000000 ) ) ;
#5605 = LINE ( 'NONE', #5941, #4213 ) ;
#5606 = CARTESIAN_POINT ( 'NONE',  ( 6.499999999999995600, 3.149999999999999900, -6.500000000000000900 ) ) ;
#5607 = ORIENTED_EDGE ( 'NONE', *, *, #2572, .T. ) ;
#5608 = VERTEX_POINT ( 'NONE', #3200 ) ;
#5609 = ORIENTED_EDGE ( 'NONE', *, *, #506, .F. ) ;
#5610 = DIRECTION ( 'NONE',  ( 1.000000000000000000, 0.0000000000000000000, 0.0000000000000000000 ) ) ;
#5611 = ORIENTED_EDGE ( 'NONE', *, *, #3782, .F. ) ;
#5612 = CARTESIAN_POINT ( 'NONE',  ( -5.362853473641110600, -3.935839796595451000, -8.784279947502023200 ) ) ;
#5613 = EDGE_LOOP ( 'NONE', ( #3608, #677, #3998, #5754, #4159, #3251 ) ) ;
#5614 = CARTESIAN_POINT ( 'NONE',  ( 4.000000000000000000, -7.000000000000027500, -10.00000000000000000 ) ) ;
#5615 = VECTOR ( 'NONE', #593, 1000.000000000000000 ) ;
#5616 = DIRECTION ( 'NONE',  ( 0.9972646886342372300, -0.05226442768871396300, -0.05226442768871420600 ) ) ;
#5617 = FILL_AREA_STYLE_COLOUR ( '', #3502 ) ;
#5618 = CIRCLE ( 'NONE', #802, 0.2999999999999998200 ) ;
#5619 = VECTOR ( 'NONE', #5325, 1000.000000000000200 ) ;
#5620 = CARTESIAN_POINT ( 'NONE',  ( -10.00000000000000900, -9.999999999999994700, 8.500000000000000000 ) ) ;
#5621 = EDGE_LOOP ( 'NONE', ( #3677, #944, #3844, #836, #4154 ) ) ;
#5622 = CARTESIAN_POINT ( 'NONE',  ( 1.158835939120385000E-015, -5.900915317458199600, 5.900915317458190800 ) ) ;
#5623 = ORIENTED_EDGE ( 'NONE', *, *, #2488, .T. ) ;
#5624 = VECTOR ( 'NONE', #5691, 1000.000000000000000 ) ;
#5625 = DIRECTION ( 'NONE',  ( 1.000000000000000000, 0.0000000000000000000, 0.0000000000000000000 ) ) ;
#5626 = EDGE_CURVE ( 'NONE', #3017, #4071, #4345, .T. ) ;
#5627 = DIRECTION ( 'NONE',  ( -0.9972646886342372300, -0.05226442768871421300, 0.05226442768871403200 ) ) ;
#5628 = CARTESIAN_POINT ( 'NONE',  ( 0.8793326070959307500, -5.837465078486339100, 5.837465078486329300 ) ) ;
#5629 = LINE ( 'NONE', #1177, #1945 ) ;
#5630 = AXIS2_PLACEMENT_3D ( 'NONE', #416, #886, #4101 ) ;
#5631 = CARTESIAN_POINT ( 'NONE',  ( 3.999999999999996400, -6.636698961060942800, -8.800000000000000700 ) ) ;
#5632 = CIRCLE ( 'NONE', #4730, 0.2999999999999999300 ) ;
#5633 = DIRECTION ( 'NONE',  ( 0.0000000000000000000, -0.0000000000000000000, 1.000000000000000000 ) ) ;
#5634 = LINE ( 'NONE', #1328, #1947 ) ;
#5635 = EDGE_CURVE ( 'NONE', #2969, #896, #2844, .T. ) ;
#5636 = ORIENTED_EDGE ( 'NONE', *, *, #183, .F. ) ;
#5637 = DIRECTION ( 'NONE',  ( -1.000000000000000000, 0.0000000000000000000, -0.0000000000000000000 ) ) ;
#5638 = CARTESIAN_POINT ( 'NONE',  ( -4.139971166885874100, -4.139971166885895400, 4.139971166885886500 ) ) ;
#5639 = VECTOR ( 'NONE', #2950, 1000.000000000000100 ) ;
#5640 = AXIS2_PLACEMENT_3D ( 'NONE', #2838, #999, #4226 ) ;
#5641 = VERTEX_POINT ( 'NONE', #433 ) ;
#5642 = DIRECTION ( 'NONE',  ( -0.0000000000000000000, -1.971276677246371300E-016, 1.000000000000000000 ) ) ;
#5643 = DIRECTION ( 'NONE',  ( 2.168404344971008900E-016, -3.577867169202164600E-015, 1.000000000000000000 ) ) ;
#5644 = ORIENTED_EDGE ( 'NONE', *, *, #1672, .F. ) ;
#5645 = ORIENTED_EDGE ( 'NONE', *, *, #4224, .F. ) ;
#5646 = VECTOR ( 'NONE', #5273, 1000.000000000000000 ) ;
#5647 = ORIENTED_EDGE ( 'NONE', *, *, #4635, .T. ) ;
#5648 = PLANE ( 'NONE',  #4190 ) ;
#5649 = CARTESIAN_POINT ( 'NONE',  ( -10.00000000000000500, 7.035495700303544100, 8.615997289791701900E-016 ) ) ;
#5650 = CARTESIAN_POINT ( 'NONE',  ( 3.051913810587303800, 5.027400441128659000, 4.726657394639703500 ) ) ;
#5651 = ORIENTED_EDGE ( 'NONE', *, *, #4408, .F. ) ;
#5652 = CARTESIAN_POINT ( 'NONE',  ( 4.215746785221496000, 3.754762545261982600, -4.215746785221503100 ) ) ;
#5653 = CARTESIAN_POINT ( 'NONE',  ( -4.990150538488475000, 3.999993936754470300, -10.00000000000000000 ) ) ;
#5654 = ORIENTED_EDGE ( 'NONE', *, *, #2137, .F. ) ;
#5655 = VERTEX_POINT ( 'NONE', #6017 ) ;
#5656 = VERTEX_POINT ( 'NONE', #1817 ) ;
#5657 = DIRECTION ( 'NONE',  ( -1.734723475976807100E-016, -1.000000000000000000, 0.0000000000000000000 ) ) ;
#5658 = CARTESIAN_POINT ( 'NONE',  ( 6.499999999999995600, 10.00000000000000500, -3.149999999999999900 ) ) ;
#5659 = FACE_OUTER_BOUND ( 'NONE', #2103, .T. ) ;
#5660 = EDGE_CURVE ( 'NONE', #184, #4220, #245, .T. ) ;
#5661 = ORIENTED_EDGE ( 'NONE', *, *, #2803, .T. ) ;
#5662 = CARTESIAN_POINT ( 'NONE',  ( 9.999999999999994700, 10.00000000000000500, -3.149999999999999900 ) ) ;
#5663 = CARTESIAN_POINT ( 'NONE',  ( -6.700411139573621000, 9.999999999999996400, 3.999999999999976000 ) ) ;
#5664 = CYLINDRICAL_SURFACE ( 'NONE', #3116, 1.000000000000000000 ) ;
#5665 = AXIS2_PLACEMENT_3D ( 'NONE', #4316, #2034, #1097 ) ;
#5666 = FACE_OUTER_BOUND ( 'NONE', #2431, .T. ) ;
#5667 = PLANE ( 'NONE',  #5559 ) ;
#5668 = DIRECTION ( 'NONE',  ( 1.000000000000000000, 0.0000000000000000000, 0.0000000000000000000 ) ) ;
#5669 = EDGE_CURVE ( 'NONE', #654, #2626, #390, .T. ) ;
#5670 = CARTESIAN_POINT ( 'NONE',  ( 8.799999999999997200, 3.636698961060974800, 6.636698961060973000 ) ) ;
#5671 = CARTESIAN_POINT ( 'NONE',  ( 3.999999999999998200, 9.999999999999998200, 6.700411139573627200 ) ) ;
#5672 = EDGE_CURVE ( 'NONE', #239, #5233, #3765, .T. ) ;
#5673 = EDGE_LOOP ( 'NONE', ( #494, #2269, #1891, #3321 ) ) ;
#5674 = EDGE_CURVE ( 'NONE', #3618, #750, #3904, .T. ) ;
#5675 = FACE_OUTER_BOUND ( 'NONE', #5357, .T. ) ;
#5676 = ORIENTED_EDGE ( 'NONE', *, *, #5880, .T. ) ;
#5677 = LINE ( 'NONE', #1227, #4592 ) ;
#5678 = ORIENTED_EDGE ( 'NONE', *, *, #6005, .T. ) ;
#5679 = DIRECTION ( 'NONE',  ( 1.540743955509788700E-033, 1.971276677246371300E-016, -1.000000000000000000 ) ) ;
#5680 = EDGE_CURVE ( 'NONE', #2791, #1339, #1468, .T. ) ;
#5681 = CARTESIAN_POINT ( 'NONE',  ( -3.700411139573628500, -5.000000000000027500, -10.00000000000000000 ) ) ;
#5682 = CARTESIAN_POINT ( 'NONE',  ( 8.799999999999998900, -5.000000000000012400, 3.636698961060956100 ) ) ;
#5683 = ORIENTED_EDGE ( 'NONE', *, *, #5907, .T. ) ;
#5684 = ORIENTED_EDGE ( 'NONE', *, *, #3260, .F. ) ;
#5685 = VERTEX_POINT ( 'NONE', #1408 ) ;
#5686 = ORIENTED_EDGE ( 'NONE', *, *, #69, .F. ) ;
#5687 = AXIS2_PLACEMENT_3D ( 'NONE', #3643, #892, #4106 ) ;
#5688 = VERTEX_POINT ( 'NONE', #4164 ) ;
#5689 = VECTOR ( 'NONE', #3642, 1000.000000000000000 ) ;
#5690 = DIRECTION ( 'NONE',  ( 2.761183247394055600E-016, 1.000000000000000000, 0.0000000000000000000 ) ) ;
#5691 = DIRECTION ( 'NONE',  ( 0.0000000000000000000, -1.000000000000000000, -1.084202172485504400E-016 ) ) ;
#5692 = DIRECTION ( 'NONE',  ( -1.586481005584207800E-015, 0.05233595624294395300, -0.9986295347545739400 ) ) ;
#5693 = LINE ( 'NONE', #4958, #760 ) ;
#5694 = ORIENTED_EDGE ( 'NONE', *, *, #2147, .F. ) ;
#5695 = CARTESIAN_POINT ( 'NONE',  ( -7.000000000000015100, 8.784299213127113100, 3.936287821487320900 ) ) ;
#5696 = CARTESIAN_POINT ( 'NONE',  ( -3.487540338470270100, -4.423930601526553400, -4.724673648015501800 ) ) ;
#5697 = FACE_OUTER_BOUND ( 'NONE', #2251, .T. ) ;
#5698 = FACE_OUTER_BOUND ( 'NONE', #3021, .T. ) ;
#5699 = DIRECTION ( 'NONE',  ( -1.000000000000000000, 0.0000000000000000000, 0.0000000000000000000 ) ) ;
#5700 = CARTESIAN_POINT ( 'NONE',  ( 2.489245774084690900, 12.11331652343349000, 7.110754225915306900 ) ) ;
#5701 = EDGE_CURVE ( 'NONE', #4840, #957, #1628, .T. ) ;
#5702 = DIRECTION ( 'NONE',  ( -0.05226442768871400500, -0.05226442768871451800, -0.9972646886342372300 ) ) ;
#5703 = CARTESIAN_POINT ( 'NONE',  ( 0.9849788770790853800, 5.518076812015248600, -5.518076812015248600 ) ) ;
#5704 = DIRECTION ( 'NONE',  ( 0.0000000000000000000, 0.0000000000000000000, 1.000000000000000000 ) ) ;
#5705 = CARTESIAN_POINT ( 'NONE',  ( 10.00000000000000200, -4.999999999999985800, -3.876005637310985500 ) ) ;
#5706 = DIRECTION ( 'NONE',  ( 0.0000000000000000000, 0.0000000000000000000, -1.000000000000000000 ) ) ;
#5707 = FACE_OUTER_BOUND ( 'NONE', #1929, .T. ) ;
#5708 = AXIS2_PLACEMENT_3D ( 'NONE', #1465, #4699, #1941 ) ;
#5709 = ORIENTED_EDGE ( 'NONE', *, *, #5162, .T. ) ;
#5710 = CARTESIAN_POINT ( 'NONE',  ( -6.627295549036004400, 3.638708248591240800, -8.800000000000000700 ) ) ;
#5711 = ORIENTED_EDGE ( 'NONE', *, *, #694, .F. ) ;
#5712 = DIRECTION ( 'NONE',  ( -1.000000000000000000, -9.340818716798192300E-015, -0.0000000000000000000 ) ) ;
#5713 = ORIENTED_EDGE ( 'NONE', *, *, #51, .F. ) ;
#5714 = EDGE_CURVE ( 'NONE', #601, #5142, #548, .T. ) ;
#5715 = VERTEX_POINT ( 'NONE', #4641 ) ;
#5716 = VERTEX_POINT ( 'NONE', #5103 ) ;
#5717 = FACE_OUTER_BOUND ( 'NONE', #4469, .T. ) ;
#5718 = ORIENTED_EDGE ( 'NONE', *, *, #3981, .F. ) ;
#5719 = CARTESIAN_POINT ( 'NONE',  ( -7.110754225915302500, 12.11331652343349000, 2.489245774084705600 ) ) ;
#5720 = ORIENTED_EDGE ( 'NONE', *, *, #5832, .F. ) ;
#5721 = VERTEX_POINT ( 'NONE', #54 ) ;
#5722 = CIRCLE ( 'NONE', #5871, 1.499999999999999600 ) ;
#5723 = CARTESIAN_POINT ( 'NONE',  ( -3.936287821487348000, 8.784299213127111400, 5.078611668924561500 ) ) ;
#5724 = VERTEX_POINT ( 'NONE', #3273 ) ;
#5725 = DIRECTION ( 'NONE',  ( 0.0000000000000000000, 0.0000000000000000000, -1.000000000000000000 ) ) ;
#5726 = CARTESIAN_POINT ( 'NONE',  ( -3.149999999999999900, 10.00000000000000500, -6.500000000000000900 ) ) ;
#5727 = CARTESIAN_POINT ( 'NONE',  ( 10.00000000000000200, -5.123994362689016300, -4.000000000000018700 ) ) ;
#5728 = CARTESIAN_POINT ( 'NONE',  ( -2.599999999999999200, 7.500000000000001800, 0.0000000000000000000 ) ) ;
#5729 = ORIENTED_EDGE ( 'NONE', *, *, #2535, .F. ) ;
#5730 = DIRECTION ( 'NONE',  ( 0.0000000000000000000, 1.000000000000000000, 1.084202172485504600E-016 ) ) ;
#5731 = DIRECTION ( 'NONE',  ( 0.0000000000000000000, -1.000000000000000000, 0.0000000000000000000 ) ) ;
#5732 = FACE_OUTER_BOUND ( 'NONE', #1301, .T. ) ;
#5733 = VECTOR ( 'NONE', #1542, 1000.000000000000000 ) ;
#5734 = PLANE ( 'NONE',  #3180 ) ;
#5735 = CARTESIAN_POINT ( 'NONE',  ( -6.636698961060966800, 8.799999999999997200, 3.636698961060950400 ) ) ;
#5736 = ORIENTED_EDGE ( 'NONE', *, *, #93, .T. ) ;
#5737 = EDGE_CURVE ( 'NONE', #5791, #5655, #2558, .T. ) ;
#5738 = VECTOR ( 'NONE', #5808, 1000.000000000000200 ) ;
#5739 = VECTOR ( 'NONE', #2402, 1000.000000000000000 ) ;
#5740 = PLANE ( 'NONE',  #484 ) ;
#5741 = CARTESIAN_POINT ( 'NONE',  ( 11.55233595624294400, -9.118645519832085700, 2.518645519832106100 ) ) ;
#5742 = DIRECTION ( 'NONE',  ( 1.000000000000000000, 0.0000000000000000000, 0.0000000000000000000 ) ) ;
#5743 = AXIS2_PLACEMENT_3D ( 'NONE', #4102, #1351, #4580 ) ;
#5744 = CYLINDRICAL_SURFACE ( 'NONE', #3759, 0.3000000000000003200 ) ;
#5745 = DIRECTION ( 'NONE',  ( -0.05232873513582463100, -0.05220004101858864700, -0.9972646886342373400 ) ) ;
#5746 = DIRECTION ( 'NONE',  ( 6.133173666733494600E-016, -0.7071067811865472400, -0.7071067811865479100 ) ) ;
#5747 = EDGE_CURVE ( 'NONE', #5956, #5242, #1189, .T. ) ;
#5748 = ORIENTED_EDGE ( 'NONE', *, *, #2247, .T. ) ;
#5749 = DIRECTION ( 'NONE',  ( -0.0000000000000000000, -1.447586763997130500E-015, 1.000000000000000000 ) ) ;
#5750 = ADVANCED_FACE ( 'NONE', ( #2420 ), #2283, .F. ) ;
#5751 = DIRECTION ( 'NONE',  ( -0.9972646886342372300, -0.05226442768871420600, 0.05226442768871401900 ) ) ;
#5752 = ORIENTED_EDGE ( 'NONE', *, *, #646, .F. ) ;
#5753 = ORIENTED_EDGE ( 'NONE', *, *, #2599, .T. ) ;
#5754 = ORIENTED_EDGE ( 'NONE', *, *, #505, .T. ) ;
#5755 = ORIENTED_EDGE ( 'NONE', *, *, #1720, .T. ) ;
#5756 = CARTESIAN_POINT ( 'NONE',  ( 6.499999999999995600, 10.00000000000000500, -3.149999999999999900 ) ) ;
#5757 =( BOUNDED_CURVE ( )  B_SPLINE_CURVE ( 3, ( #3151, #4529, #1323, #4553 ),
 .UNSPECIFIED., .F., .F. ) 
 B_SPLINE_CURVE_WITH_KNOTS ( ( 4, 4 ),
 ( 5.499156671652531100, 7.067213942706644000 ),
 .UNSPECIFIED. ) 
 CURVE ( )  GEOMETRIC_REPRESENTATION_ITEM ( )  RATIONAL_B_SPLINE_CURVE ( ( 1.000000000000000000, 0.8053830134673579700, 0.8053830134673579700, 1.000000000000000000 ) ) 
 REPRESENTATION_ITEM ( '' )  );
#5758 = AXIS2_PLACEMENT_3D ( 'NONE', #3426, #651, #3879 ) ;
#5759 = AXIS2_PLACEMENT_3D ( 'NONE', #2225, #4540, #1777 ) ;
#5760 = LINE ( 'NONE', #1989, #2066 ) ;
#5761 = EDGE_CURVE ( 'NONE', #436, #4021, #5500, .T. ) ;
#5762 = FACE_OUTER_BOUND ( 'NONE', #3827, .T. ) ;
#5763 = FACE_OUTER_BOUND ( 'NONE', #4570, .T. ) ;
#5764 = CARTESIAN_POINT ( 'NONE',  ( -6.636698961060966800, 8.799999999999997200, 3.636698961060950800 ) ) ;
#5765 = DIRECTION ( 'NONE',  ( 0.9972646886342374500, 0.05226442768871447700, -0.05226442768871417800 ) ) ;
#5766 = EDGE_LOOP ( 'NONE', ( #5862, #3176, #1120, #242 ) ) ;
#5767 = CARTESIAN_POINT ( 'NONE',  ( 8.499999999999996400, -3.999999999999999100, 6.636698961060972100 ) ) ;
#5768 = STYLED_ITEM ( 'NONE', ( #755 ), #122 ) ;
#5769 = VERTEX_POINT ( 'NONE', #2834 ) ;
#5770 = DIRECTION ( 'NONE',  ( -0.001231182688945592100, -0.9999992420943061300, 0.0000000000000000000 ) ) ;
#5771 = LINE ( 'NONE', #596, #5624 ) ;
#5772 = DIRECTION ( 'NONE',  ( 2.891205793294679000E-015, 0.0000000000000000000, -1.000000000000000000 ) ) ;
#5773 = VECTOR ( 'NONE', #4859, 1000.000000000000100 ) ;
#5774 = CARTESIAN_POINT ( 'NONE',  ( -7.000000000000004400, 2.600000000000000100, -10.00000000000000000 ) ) ;
#5775 = CARTESIAN_POINT ( 'NONE',  ( 4.725024649351823300, -3.486994822280830200, 4.424281602862874000 ) ) ;
#5776 = DIRECTION ( 'NONE',  ( 1.734723475976807100E-016, 1.000000000000000000, -0.0000000000000000000 ) ) ;
#5777 = VERTEX_POINT ( 'NONE', #5612 ) ;
#5778 = LINE ( 'NONE', #5287, #5491 ) ;
#5779 = CARTESIAN_POINT ( 'NONE',  ( -4.139971166885874100, -4.139971166885895400, 4.139971166885886500 ) ) ;
#5780 = CIRCLE ( 'NONE', #2865, 1.499999999999999600 ) ;
#5781 = PLANE ( 'NONE',  #2079 ) ;
#5782 = FACE_OUTER_BOUND ( 'NONE', #3422, .T. ) ;
#5783 = ORIENTED_EDGE ( 'NONE', *, *, #4848, .T. ) ;
#5784 = AXIS2_PLACEMENT_3D ( 'NONE', #966, #1431, #3721 ) ;
#5785 = ADVANCED_FACE ( 'NONE', ( #1034 ), #541, .F. ) ;
#5786 = EDGE_CURVE ( 'NONE', #1850, #2169, #3334, .T. ) ;
#5787 = EDGE_CURVE ( 'NONE', #2642, #4626, #4721, .T. ) ;
#5788 = EDGE_CURVE ( 'NONE', #2336, #4774, #4401, .T. ) ;
#5789 = VECTOR ( 'NONE', #5633, 1000.000000000000000 ) ;
#5790 = CARTESIAN_POINT ( 'NONE',  ( 9.999999999999996400, -3.876005637310967300, 6.999999999999998200 ) ) ;
#5791 = VERTEX_POINT ( 'NONE', #555 ) ;
#5792 = CARTESIAN_POINT ( 'NONE',  ( 19.27879200441636700, 0.0000000000000000000, 0.0000000000000000000 ) ) ;
#5793 = CARTESIAN_POINT ( 'NONE',  ( -7.081354480167913600, -2.518645519832091000, -11.55233595624294400 ) ) ;
#5794 = ORIENTED_EDGE ( 'NONE', *, *, #3612, .F. ) ;
#5795 = CARTESIAN_POINT ( 'NONE',  ( 3.700411139573626300, 9.999999999999998200, 7.000000000000000900 ) ) ;
#5796 = ORIENTED_EDGE ( 'NONE', *, *, #4691, .T. ) ;
#5797 = VECTOR ( 'NONE', #1575, 1000.000000000000000 ) ;
#5798 = CARTESIAN_POINT ( 'NONE',  ( -3.983977529785740900, 4.284720576274704500, 3.983977529785753800 ) ) ;
#5799 = VERTEX_POINT ( 'NONE', #2439 ) ;
#5800 = EDGE_CURVE ( 'NONE', #492, #296, #3203, .T. ) ;
#5801 = DIRECTION ( 'NONE',  ( -0.0000000000000000000, -0.0000000000000000000, 1.000000000000000000 ) ) ;
#5802 = EDGE_LOOP ( 'NONE', ( #3485, #5417, #689, #5466 ) ) ;
#5803 = DIRECTION ( 'NONE',  ( -0.9986295347545739400, -0.05233595624294400100, 0.0000000000000000000 ) ) ;
#5804 = ORIENTED_EDGE ( 'NONE', *, *, #875, .T. ) ;
#5805 = EDGE_LOOP ( 'NONE', ( #1790, #2189, #1456, #2436, #4710 ) ) ;
#5806 = AXIS2_PLACEMENT_3D ( 'NONE', #2182, #5456, #2686 ) ;
#5807 = CARTESIAN_POINT ( 'NONE',  ( -9.068980551792398300, 12.49999999999999600, -1.520015985077500100 ) ) ;
#5808 = DIRECTION ( 'NONE',  ( 0.05226442768871399100, 0.9972646886342372300, -0.05226442768871401900 ) ) ;
#5809 = VECTOR ( 'NONE', #3994, 1000.000000000000200 ) ;
#5810 = ORIENTED_EDGE ( 'NONE', *, *, #5603, .T. ) ;
#5811 = CARTESIAN_POINT ( 'NONE',  ( 8.784299213127113100, 3.636698961060974800, 5.063712178512655100 ) ) ;
#5812 = DIRECTION ( 'NONE',  ( -1.971276677246371300E-016, -4.314083075427408300E-032, 1.000000000000000000 ) ) ;
#5813 = FACE_OUTER_BOUND ( 'NONE', #3748, .T. ) ;
#5814 = CARTESIAN_POINT ( 'NONE',  ( 3.557481457854005800E-015, 0.0000000000000000000, 10.00000000000000000 ) ) ;
#5815 = FACE_OUTER_BOUND ( 'NONE', #4915, .T. ) ;
#5816 = ADVANCED_FACE ( 'NONE', ( #5815 ), #732, .F. ) ;
#5817 = FACE_OUTER_BOUND ( 'NONE', #1926, .T. ) ;
#5818 = DIRECTION ( 'NONE',  ( 0.05232873513582463100, 0.05220004101858866100, 0.9972646886342374500 ) ) ;
#5819 = CARTESIAN_POINT ( 'NONE',  ( 8.799999999999997200, 3.636698961060974800, 5.363301038939027000 ) ) ;
#5820 = ORIENTED_EDGE ( 'NONE', *, *, #3652, .T. ) ;
#5821 = DIRECTION ( 'NONE',  ( -4.814824860968089600E-032, 2.168404344971008900E-016, 1.000000000000000000 ) ) ;
#5822 = CARTESIAN_POINT ( 'NONE',  ( -10.00000000000000700, 4.128514106687783000E-017, 0.0000000000000000000 ) ) ;
#5823 = FACE_OUTER_BOUND ( 'NONE', #3563, .T. ) ;
#5824 = CARTESIAN_POINT ( 'NONE',  ( -6.990517871295844000, 3.702867668766090400, -10.00000000000000000 ) ) ;
#5825 = CYLINDRICAL_SURFACE ( 'NONE', #3144, 0.3000000000000003200 ) ;
#5826 = ORIENTED_EDGE ( 'NONE', *, *, #5218, .F. ) ;
#5827 = EDGE_CURVE ( 'NONE', #1590, #483, #3328, .T. ) ;
#5828 = CARTESIAN_POINT ( 'NONE',  ( 8.784299213127113100, 3.936287821487347100, 5.363301038939026100 ) ) ;
#5829 = AXIS2_PLACEMENT_3D ( 'NONE', #1011, #4239, #1480 ) ;
#5830 = ORIENTED_EDGE ( 'NONE', *, *, #3940, .F. ) ;
#5831 = ORIENTED_EDGE ( 'NONE', *, *, #1951, .F. ) ;
#5832 = EDGE_CURVE ( 'NONE', #2021, #492, #5530, .T. ) ;
#5833 = ORIENTED_EDGE ( 'NONE', *, *, #3862, .T. ) ;
#5834 = ORIENTED_EDGE ( 'NONE', *, *, #5186, .T. ) ;
#5835 = CARTESIAN_POINT ( 'NONE',  ( 5.336997587608657900, 5.336997587608662400, 1.755940969944878700 ) ) ;
#5836 = CARTESIAN_POINT ( 'NONE',  ( 11.55233595624294000, 2.518645519832091400, 9.118645519832091000 ) ) ;
#5837 = VERTEX_POINT ( 'NONE', #4295 ) ;
#5838 = DIRECTION ( 'NONE',  ( 0.0000000000000000000, 0.0000000000000000000, -1.000000000000000000 ) ) ;
#5839 = CIRCLE ( 'NONE', #2203, 0.2999999999999999300 ) ;
#5840 = DIRECTION ( 'NONE',  ( 0.001231182688944459600, 0.9999992420943060200, 0.0000000000000000000 ) ) ;
#5841 = ADVANCED_FACE ( 'NONE', ( #1838 ), #4816, .F. ) ;
#5842 = CARTESIAN_POINT ( 'NONE',  ( -1.472149057422625300, 5.410934822759927900, -5.410934822759931400 ) ) ;
#5843 = AXIS2_PLACEMENT_3D ( 'NONE', #189, #3396, #630 ) ;
#5844 = AXIS2_PLACEMENT_3D ( 'NONE', #324, #2170, #782 ) ;
#5845 = DIRECTION ( 'NONE',  ( -0.05233595624294377900, -0.9986295347545739400, 0.0000000000000000000 ) ) ;
#5846 = LINE ( 'NONE', #3985, #1060 ) ;
#5847 = DIRECTION ( 'NONE',  ( -0.0000000000000000000, 0.0000000000000000000, 1.000000000000000000 ) ) ;
#5848 = ORIENTED_EDGE ( 'NONE', *, *, #1346, .T. ) ;
#5849 = ADVANCED_FACE ( 'NONE', ( #582 ), #4274, .T. ) ;
#5850 = DIRECTION ( 'NONE',  ( 2.895173527994274000E-015, 0.0000000000000000000, 1.000000000000000000 ) ) ;
#5851 = LINE ( 'NONE', #1375, #4449 ) ;
#5852 = EDGE_LOOP ( 'NONE', ( #2025, #2848 ) ) ;
#5853 = CYLINDRICAL_SURFACE ( 'NONE', #1837, 0.3000000000000003200 ) ;
#5854 = CARTESIAN_POINT ( 'NONE',  ( 3.557481457854005000E-015, 0.0000000000000000000, -7.500000000000009800 ) ) ;
#5855 = CARTESIAN_POINT ( 'NONE',  ( 4.795179484777574600, 4.795179484777582600, -2.952010860978166600 ) ) ;
#5856 = CARTESIAN_POINT ( 'NONE',  ( 0.0000000000000000000, 7.500000000000007100, -5.549999999999998900 ) ) ;
#5857 = CARTESIAN_POINT ( 'NONE',  ( 10.01561501126347200, -5.298770512362586300, 4.000818348063779300 ) ) ;
#5858 = CARTESIAN_POINT ( 'NONE',  ( 9.999999999999996400, -3.999999999999999100, 6.700411139573625400 ) ) ;
#5859 = DIRECTION ( 'NONE',  ( -0.0000000000000000000, -1.000000000000000000, -0.0000000000000000000 ) ) ;
#5860 = EDGE_CURVE ( 'NONE', #5861, #5932, #3580, .T. ) ;
#5861 = VERTEX_POINT ( 'NONE', #2011 ) ;
#5862 = ORIENTED_EDGE ( 'NONE', *, *, #4725, .F. ) ;
#5863 = CARTESIAN_POINT ( 'NONE',  ( 12.49999999999999800, -7.131019448207596600, 1.520015985077529700 ) ) ;
#5864 = ORIENTED_EDGE ( 'NONE', *, *, #2147, .T. ) ;
#5865 = ORIENTED_EDGE ( 'NONE', *, *, #3823, .F. ) ;
#5866 = AXIS2_PLACEMENT_3D ( 'NONE', #3472, #705, #3927 ) ;
#5867 = ORIENTED_EDGE ( 'NONE', *, *, #823, .F. ) ;
#5868 = CYLINDRICAL_SURFACE ( 'NONE', #1992, 0.3000000000000003200 ) ;
#5869 = ADVANCED_FACE ( 'NONE', ( #1126 ), #5916, .F. ) ;
#5870 = ORIENTED_EDGE ( 'NONE', *, *, #2774, .F. ) ;
#5871 = AXIS2_PLACEMENT_3D ( 'NONE', #3964, #1224, #4436 ) ;
#5872 = EDGE_CURVE ( 'NONE', #522, #1104, #2288, .T. ) ;
#5873 = ORIENTED_EDGE ( 'NONE', *, *, #210, .T. ) ;
#5874 = VERTEX_POINT ( 'NONE', #4789 ) ;
#5875 = CIRCLE ( 'NONE', #5230, 6.282536581423911100 ) ;
#5876 = CARTESIAN_POINT ( 'NONE',  ( 9.999999999999998200, -6.999999999999984900, -4.000000000000024900 ) ) ;
#5877 = ORIENTED_EDGE ( 'NONE', *, *, #1625, .F. ) ;
#5878 = ADVANCED_FACE ( 'NONE', ( #983 ), #848, .F. ) ;
#5879 = CARTESIAN_POINT ( 'NONE',  ( 4.000000000000000000, -6.700411139573598800, -10.00000000000000000 ) ) ;
#5880 = EDGE_CURVE ( 'NONE', #1523, #3095, #2224, .T. ) ;
#5881 = CARTESIAN_POINT ( 'NONE',  ( -4.139971166885874100, -4.139971166885895400, 4.139971166885886500 ) ) ;
#5882 = DIRECTION ( 'NONE',  ( 0.0000000000000000000, 0.0000000000000000000, 1.000000000000000000 ) ) ;
#5883 = CARTESIAN_POINT ( 'NONE',  ( -10.00000000000000900, 0.0000000000000000000, 0.0000000000000000000 ) ) ;
#5884 = EDGE_LOOP ( 'NONE', ( #4214, #1778, #3138, #2641 ) ) ;
#5885 = DIRECTION ( 'NONE',  ( -3.453071278757774500E-015, -0.05233595624294395300, 0.9986295347545739400 ) ) ;
#5886 = DIRECTION ( 'NONE',  ( 0.0000000000000000000, 0.0000000000000000000, -1.000000000000000000 ) ) ;
#5887 = LINE ( 'NONE', #5695, #4649 ) ;
#5888 = CARTESIAN_POINT ( 'NONE',  ( -5.390823836472725000, -1.556599837638383200, -5.691566882961689400 ) ) ;
#5889 = ORIENTED_EDGE ( 'NONE', *, *, #1964, .F. ) ;
#5890 = DIRECTION ( 'NONE',  ( -0.05233595624294414700, 0.0000000000000000000, -0.9986295347545737200 ) ) ;
#5891 = LINE ( 'NONE', #1948, #3271 ) ;
#5892 = DIRECTION ( 'NONE',  ( 1.000000000000000000, 0.0000000000000000000, 0.0000000000000000000 ) ) ;
#5893 = VECTOR ( 'NONE', #3020, 1000.000000000000000 ) ;
#5894 = CARTESIAN_POINT ( 'NONE',  ( 11.55233595624294200, -2.518645519832090100, 7.081354480167907400 ) ) ;
#5895 = DIRECTION ( 'NONE',  ( 0.0000000000000000000, -0.0000000000000000000, 1.000000000000000000 ) ) ;
#5896 = PLANE ( 'NONE',  #2529 ) ;
#5897 = CARTESIAN_POINT ( 'NONE',  ( 4.134297480284596200, 4.134297480284619300, 3.833554433795661100 ) ) ;
#5898 = ADVANCED_FACE ( 'NONE', ( #5762 ), #2964, .F. ) ;
#5899 = DIRECTION ( 'NONE',  ( 0.0000000000000000000, -1.971276677246371500E-016, 1.000000000000000000 ) ) ;
#5900 = CARTESIAN_POINT ( 'NONE',  ( -5.743824117553836900, -5.743824117553853800, 1.351222138708601000 ) ) ;
#5901 = CARTESIAN_POINT ( 'NONE',  ( -2.600000000000001400, 9.999999999999996400, 9.199999999999999300 ) ) ;
#5902 = ORIENTED_EDGE ( 'NONE', *, *, #1951, .T. ) ;
#5903 = CARTESIAN_POINT ( 'NONE',  ( -4.306186717650496700, 3.638129544068637400, -4.606929764139463800 ) ) ;
#5904 = ORIENTED_EDGE ( 'NONE', *, *, #4419, .T. ) ;
#5905 = ORIENTED_EDGE ( 'NONE', *, *, #1997, .T. ) ;
#5906 = CARTESIAN_POINT ( 'NONE',  ( 11.50000000000000000, -6.999999999999998200, -1.520015985077504400 ) ) ;
#5907 = EDGE_CURVE ( 'NONE', #2847, #4289, #2069, .T. ) ;
#5908 = ORIENTED_EDGE ( 'NONE', *, *, #6003, .T. ) ;
#5909 = ORIENTED_EDGE ( 'NONE', *, *, #5910, .F. ) ;
#5910 = EDGE_CURVE ( 'NONE', #3150, #3760, #5618, .T. ) ;
#5911 = EDGE_CURVE ( 'NONE', #5716, #3692, #4675, .T. ) ;
#5912 = ADVANCED_FACE ( 'NONE', ( #5479 ), #2999, .F. ) ;
#5913 = FACE_OUTER_BOUND ( 'NONE', #1650, .T. ) ;
#5914 = DIRECTION ( 'NONE',  ( 1.000000000000000000, 0.0000000000000000000, 0.0000000000000000000 ) ) ;
#5915 = DIRECTION ( 'NONE',  ( -4.336808689942017700E-016, -1.000000000000000000, 0.0000000000000000000 ) ) ;
#5916 = SPHERICAL_SURFACE ( 'NONE', #5576, 0.2999999999999999900 ) ;
#5917 = VECTOR ( 'NONE', #664, 1000.000000000000200 ) ;
#5918 = ORIENTED_EDGE ( 'NONE', *, *, #95, .T. ) ;
#5919 = EDGE_CURVE ( 'NONE', #284, #1042, #4230, .T. ) ;
#5920 = B_SPLINE_CURVE_WITH_KNOTS ( 'NONE', 3,
 ( #5798, #2561, #254, #3471, #704, #3925, #1192, #4397, #1633, #4882, #2116, #5340 ),
 .UNSPECIFIED., .F., .F.,
 ( 4, 2, 2, 2, 2, 4 ),
 ( 0.006063071366233546700, 0.007371608719507833500, 0.008025877396144978600, 0.008680146072782123800, 0.009988683426056410600, 0.01129722077933069900 ),
 .UNSPECIFIED. ) ;
#5921 = CARTESIAN_POINT ( 'NONE',  ( 9.999999999999996400, 3.700411139573629000, 5.000000000000000900 ) ) ;
#5922 = CARTESIAN_POINT ( 'NONE',  ( -9.199999999999995700, 9.999999999999996400, 2.600000000000015600 ) ) ;
#5923 = ORIENTED_EDGE ( 'NONE', *, *, #655, .T. ) ;
#5924 = DIRECTION ( 'NONE',  ( 1.000000000000000000, 0.0000000000000000000, 0.0000000000000000000 ) ) ;
#5925 = CARTESIAN_POINT ( 'NONE',  ( -3.700411139573629400, 9.999999999999996400, 5.000000000000000000 ) ) ;
#5926 = LINE ( 'NONE', #2459, #4535 ) ;
#5927 = CARTESIAN_POINT ( 'NONE',  ( -4.925148513070735300, -4.925148513070752200, -3.209229269463227000 ) ) ;
#5928 = CARTESIAN_POINT ( 'NONE',  ( 5.599759547452979500, 8.989884717214857100E-016, -5.599759547452982200 ) ) ;
#5929 = LINE ( 'NONE', #4379, #5773 ) ;
#5930 = CARTESIAN_POINT ( 'NONE',  ( -7.000000000000016000, 9.999999999999996400, 3.999999999999975100 ) ) ;
#5931 = CARTESIAN_POINT ( 'NONE',  ( -6.700409850822374800, -3.997906483240849100, -10.00000000000000000 ) ) ;
#5932 = VERTEX_POINT ( 'NONE', #4853 ) ;
#5933 = CIRCLE ( 'NONE', #182, 0.2999999999999998800 ) ;
#5934 = CARTESIAN_POINT ( 'NONE',  ( -4.071383433902504100, 4.372126480391469400, -3.905275879158177900 ) ) ;
#5935 = CARTESIAN_POINT ( 'NONE',  ( -3.700411139573625900, -7.000000000000027500, -10.00000000000000000 ) ) ;
#5936 = ADVANCED_FACE ( 'NONE', ( #539 ), #4088, .F. ) ;
#5937 = VECTOR ( 'NONE', #2038, 1000.000000000000000 ) ;
#5938 = LINE ( 'NONE', #1269, #4689 ) ;
#5939 = CARTESIAN_POINT ( 'NONE',  ( -8.586271053293986100, 7.312652399493246800E-016, -5.971233832142132800 ) ) ;
#5940 = VERTEX_POINT ( 'NONE', #3004 ) ;
#5941 = CARTESIAN_POINT ( 'NONE',  ( 4.000818348063797100, 10.01561501126347200, 6.701229487637425200 ) ) ;
#5942 = DIRECTION ( 'NONE',  ( -1.000000000000000000, 0.0000000000000000000, 3.497543079678235300E-032 ) ) ;
#5943 = FACE_OUTER_BOUND ( 'NONE', #3284, .T. ) ;
#5944 = ADVANCED_FACE ( 'NONE', ( #2857 ), #1622, .F. ) ;
#5945 = PLANE ( 'NONE',  #1138 ) ;
#5946 = DIRECTION ( 'NONE',  ( -1.162091672733821700E-017, 0.05233595624294395300, 0.9986295347545739400 ) ) ;
#5947 = DIRECTION ( 'NONE',  ( 0.9986295347545739400, -4.330865244356391300E-016, 0.05233595624294395300 ) ) ;
#5948 = ORIENTED_EDGE ( 'NONE', *, *, #177, .F. ) ;
#5949 = CARTESIAN_POINT ( 'NONE',  ( 2.081766411704446100, -9.068980551792382300, -12.50000000000000000 ) ) ;
#5950 = CARTESIAN_POINT ( 'NONE',  ( 0.0000000000000000000, -8.586271053293955900, 0.0000000000000000000 ) ) ;
#5951 = EDGE_CURVE ( 'NONE', #1652, #106, #684, .T. ) ;
#5952 = ORIENTED_EDGE ( 'NONE', *, *, #3645, .F. ) ;
#5953 = ORIENTED_EDGE ( 'NONE', *, *, #904, .F. ) ;
#5954 = VECTOR ( 'NONE', #1557, 1000.000000000000000 ) ;
#5955 = DIRECTION ( 'NONE',  ( 0.0000000000000000000, -0.9986261671219497400, 0.05240017499325583300 ) ) ;
#5956 = VERTEX_POINT ( 'NONE', #5337 ) ;
#5957 =( BOUNDED_CURVE ( )  B_SPLINE_CURVE ( 3, ( #4442, #3515, #2621, #5863 ),
 .UNSPECIFIED., .F., .F. ) 
 B_SPLINE_CURVE_WITH_KNOTS ( ( 4, 4 ),
 ( 1.623156204354722500, 3.141592653589787800 ),
 .UNSPECIFIED. ) 
 CURVE ( )  GEOMETRIC_REPRESENTATION_ITEM ( )  RATIONAL_B_SPLINE_CURVE ( ( 1.000000000000000000, 0.8169162473415254600, 0.8169162473415254600, 1.000000000000000000 ) ) 
 REPRESENTATION_ITEM ( '' )  );
#5958 = ORIENTED_EDGE ( 'NONE', *, *, #1997, .F. ) ;
#5959 = CARTESIAN_POINT ( 'NONE',  ( -5.570473773558931400, 5.871216820047892200, -0.5369457535111462600 ) ) ;
#5960 =( BOUNDED_CURVE ( )  B_SPLINE_CURVE ( 3, ( #5402, #764, #3530, #2633 ),
 .UNSPECIFIED., .F., .F. ) 
 B_SPLINE_CURVE_WITH_KNOTS ( ( 4, 4 ),
 ( 2.357564018062737500, 2.358795192292447100 ),
 .UNSPECIFIED. ) 
 CURVE ( )  GEOMETRIC_REPRESENTATION_ITEM ( )  RATIONAL_B_SPLINE_CURVE ( ( 1.000000000000000000, 0.9999998736841719800, 0.9999998736841719800, 1.000000000000000000 ) ) 
 REPRESENTATION_ITEM ( '' )  );
#5961 = ORIENTED_EDGE ( 'NONE', *, *, #1292, .F. ) ;
#5962 = AXIS2_PLACEMENT_3D ( 'NONE', #4486, #5899, #2661 ) ;
#5963 = EDGE_CURVE ( 'NONE', #1958, #1174, #5322, .T. ) ;
#5964 = EDGE_LOOP ( 'NONE', ( #2403, #1384, #2700, #5909 ) ) ;
#5965 = LINE ( 'NONE', #5384, #2277 ) ;
#5966 = DIRECTION ( 'NONE',  ( -0.9972646886342373400, -0.05226442768871421300, 0.05226442768871403200 ) ) ;
#5967 = CARTESIAN_POINT ( 'NONE',  ( 8.784299213127114900, -6.936287821487336900, 3.636698961060951300 ) ) ;
#5968 = VERTEX_POINT ( 'NONE', #1183 ) ;
#5969 = AXIS2_PLACEMENT_3D ( 'NONE', #1519, #4751, #1993 ) ;
#5970 = CARTESIAN_POINT ( 'NONE',  ( 9.999999999999998200, -5.123994362689046500, 3.999999999999981800 ) ) ;
#5971 = CARTESIAN_POINT ( 'NONE',  ( -9.285468475998380100, 6.282536581423928000, 8.154942802379336500E-016 ) ) ;
#5972 = DIRECTION ( 'NONE',  ( -0.0000000000000000000, 1.000000000000000000, -0.0000000000000000000 ) ) ;
#5973 = ADVANCED_FACE ( 'NONE', ( #2728, #410 ), #3488, .F. ) ;
#5974 = EDGE_LOOP ( 'NONE', ( #5678, #4728, #1478 ) ) ;
#5975 = CARTESIAN_POINT ( 'NONE',  ( 0.0000000000000000000, 7.499999999999996400, 0.0000000000000000000 ) ) ;
#5976 = DIRECTION ( 'NONE',  ( -2.895173527994269700E-015, 0.0000000000000000000, 1.000000000000000000 ) ) ;
#5977 = VECTOR ( 'NONE', #2259, 1000.000000000000000 ) ;
#5978 = VECTOR ( 'NONE', #2821, 1000.000000000000000 ) ;
#5979 = LINE ( 'NONE', #5767, #2284 ) ;
#5980 = VERTEX_POINT ( 'NONE', #261 ) ;
#5981 = DIRECTION ( 'NONE',  ( -0.05226442768871432400, 0.05226442768871432400, -0.9972646886342374500 ) ) ;
#5982 = DIRECTION ( 'NONE',  ( 0.0000000000000000000, -0.9986261671219497400, -0.05240017499325590900 ) ) ;
#5983 = VERTEX_POINT ( 'NONE', #4413 ) ;
#5984 = CYLINDRICAL_SURFACE ( 'NONE', #3947, 0.2999999999999999300 ) ;
#5985 = ADVANCED_FACE ( 'NONE', ( #3778, #1787, #257, #1489 ), #3018, .F. ) ;
#5986 = CARTESIAN_POINT ( 'NONE',  ( -4.215347425987355100, 4.516090472476316900, 3.744039431274954300 ) ) ;
#5987 = VECTOR ( 'NONE', #4228, 1000.000000000000000 ) ;
#5988 = DIRECTION ( 'NONE',  ( 0.0000000000000000000, 0.0000000000000000000, 1.000000000000000000 ) ) ;
#5989 = EDGE_LOOP ( 'NONE', ( #5833, #3550, #2606 ) ) ;
#5990 = CARTESIAN_POINT ( 'NONE',  ( -3.636698961060975700, 8.799999999999995400, 7.000000000000000000 ) ) ;
#5991 = EDGE_CURVE ( 'NONE', #3960, #3537, #2578, .T. ) ;
#5992 = DIRECTION ( 'NONE',  ( -1.000000000000000000, 0.0000000000000000000, 1.748771539839117700E-032 ) ) ;
#5993 = PLANE ( 'NONE',  #1916 ) ;
#5994 = ORIENTED_EDGE ( 'NONE', *, *, #1711, .F. ) ;
#5995 = EDGE_LOOP ( 'NONE', ( #4826, #3893, #2343, #4122 ) ) ;
#5996 = CARTESIAN_POINT ( 'NONE',  ( 3.557481457854005800E-015, 0.0000000000000000000, 10.00000000000000000 ) ) ;
#5997 = DIRECTION ( 'NONE',  ( 0.0000000000000000000, -0.05233595624294414700, 0.9986295347545737200 ) ) ;
#5998 = ORIENTED_EDGE ( 'NONE', *, *, #2146, .T. ) ;
#5999 = AXIS2_PLACEMENT_3D ( 'NONE', #5213, #5692, #2908 ) ;
#6000 = VECTOR ( 'NONE', #2327, 1000.000000000000100 ) ;
#6001 = DIRECTION ( 'NONE',  ( 0.05233595624294377900, 0.9986295347545739400, -1.832289141843088500E-015 ) ) ;
#6002 = FACE_OUTER_BOUND ( 'NONE', #2651, .T. ) ;
#6003 = EDGE_CURVE ( 'NONE', #750, #4060, #5040, .T. ) ;
#6004 = EDGE_CURVE ( 'NONE', #1239, #4626, #1357, .T. ) ;
#6005 = EDGE_CURVE ( 'NONE', #3797, #2518, #4891, .T. ) ;
#6006 = FACE_OUTER_BOUND ( 'NONE', #561, .T. ) ;
#6007 = DIRECTION ( 'NONE',  ( 0.0000000000000000000, 0.0000000000000000000, 1.000000000000000000 ) ) ;
#6008 = EDGE_LOOP ( 'NONE', ( #3462, #4233, #5948, #533 ) ) ;
#6009 = EDGE_CURVE ( 'NONE', #5940, #471, #3654, .T. ) ;
#6010 = CIRCLE ( 'NONE', #68, 0.2999999999999998800 ) ;
#6011 = DIRECTION ( 'NONE',  ( 1.000000000000000000, 0.0000000000000000000, 0.0000000000000000000 ) ) ;
#6012 = CARTESIAN_POINT ( 'NONE',  ( -9.068980551792401800, -1.520015985077515700, -12.50000000000000000 ) ) ;
#6013 = ADVANCED_FACE ( 'NONE', ( #3924 ), #1054, .F. ) ;
#6014 = CARTESIAN_POINT ( 'NONE',  ( -2.593151113082081700, 5.276662788557052500, 4.975919742068100500 ) ) ;
#6015 = FACE_OUTER_BOUND ( 'NONE', #4369, .T. ) ;
#6016 = DIRECTION ( 'NONE',  ( 1.000000000000000000, 0.0000000000000000000, 0.0000000000000000000 ) ) ;
#6017 = CARTESIAN_POINT ( 'NONE',  ( 9.999999999999998200, -9.999999999999994700, -10.00000000000000000 ) ) ;
#6018 = AXIS2_PLACEMENT_3D ( 'NONE', #5520, #2744, #5997 ) ;
#6019 = DIRECTION ( 'NONE',  ( 2.168404344971008900E-016, 0.0000000000000000000, 1.000000000000000000 ) ) ;
#6020 = DIRECTION ( 'NONE',  ( -1.445602896647339500E-015, 0.0000000000000000000, 1.000000000000000000 ) ) ;
ENDSEC;
END-ISO-10303-21;
